Price,Close,High,Low,Open,Volume
Ticker,AAPL,AAPL,AAPL,AAPL,AAPL
Date,,,,,
2010-01-04,6.431896686553955,6.44662317438684,6.382908442941151,6.414465259906861,493729600
2010-01-05,6.443016529083252,6.4793821235584055,6.409054923226288,6.449628601266614,601904800
2010-01-06,6.340533256530762,6.468564238083505,6.333921182847097,6.443017991027013,552160000
2010-01-07,6.328810691833496,6.371488215581242,6.282827934174395,6.363974496388555,477131200
2010-01-08,6.3708882331848145,6.371489732130112,6.283130780993104,6.320397231992178,447610800
2010-01-11,6.314687252044678,6.401543454108958,6.264796950064792,6.395532477661553,462229600
2010-01-12,6.242854595184326,6.3044662786279275,6.203784466413538,6.2870340520605135,594459600
2010-01-13,6.3309125900268555,6.339327952939692,6.134058424067234,6.247362867115533,605892000
2010-01-14,6.294248580932617,6.325204701724592,6.2819264831274175,6.314685896466499,432894000
2010-01-15,6.189059257507324,6.359466801011032,6.187255964862835,6.339330033147573,594067600
2010-01-19,6.46285343170166,6.467361663774161,6.22843138293306,6.261189998859612,730007600
2010-01-20,6.363375186920166,6.47818163107102,6.2963540009153,6.458946907012542,612152800
2010-01-21,6.253373622894287,6.410857943534868,6.227527235262426,6.373891654424182,608154400
2010-01-22,5.943215847015381,6.236244073750303,5.925484272268936,6.214605365026937,881767600
2010-01-25,6.103103160858154,6.152090996706975,6.0165471366169285,6.086272833957545,1065699600
2010-01-26,6.189359188079834,6.422880345749358,6.088377217674999,6.189659736823896,1867110000
2010-01-27,6.2476630210876465,6.328808755947136,5.996710093281876,6.216706908749496,1722568400
2010-01-28,5.989499568939209,6.176136353810272,5.971767992962594,6.15900587541027,1173502400
2010-01-29,5.7722063064575195,6.076955866248523,5.717808195642427,6.043295214434389,1245952400
2010-02-01,5.852451324462891,5.890620210171545,5.749365518936888,5.781523430119248,749876400
2010-02-02,5.88641357421875,5.900238818086442,5.811879483178748,5.88791671938414,698342400
2010-02-03,5.987695217132568,6.016848043175157,5.843134485660221,5.865675239529576,615328000
2010-02-04,5.771905422210693,5.961847360867206,5.757479086474844,5.912558182969526,757652000
2010-02-05,5.874391078948975,5.890620711551353,5.735841314458495,5.789338189762583,850306800
2010-02-08,5.8341193199157715,5.9471232540675585,5.830512734540702,5.881304676039466,478270800
2010-02-09,5.896330833435059,5.935701514100808,5.8530526179297,5.9032430531051245,632886800
2010-02-10,5.864172458648682,5.908653269901558,5.838326070123361,5.88731390857484,370361600
2010-02-11,5.970865249633789,6.003324113722218,5.8323154845014855,5.856960081004423,550345600
2010-02-12,6.02225923538208,6.0601275817459035,5.875594630739147,5.9540358614069895,655468800
2010-02-16,6.113022804260254,6.121738317984046,6.0565208350183815,6.069143483048277,543737600
2010-02-17,6.08747673034668,6.140371710818135,6.036684387545308,6.136765125440518,436396800
2010-02-18,6.098896503448486,6.127748783887258,6.038487404927767,6.059825564905689,422825200
2010-02-19,6.061027526855469,6.107010680977252,6.044197198888892,6.066738354111991,415469600
2010-02-22,6.0234599113464355,6.085972846504262,5.986493619512739,6.081164467851108,390563600
2010-02-23,5.922477722167969,6.050809222678073,5.881904846891004,6.0108370436022485,575094800
2010-02-24,6.030673980712891,6.054115982225373,5.945920431423963,5.95764183344692,460566400
2010-02-25,6.07094669342041,6.096793086715012,5.917369873796067,5.93209636317556,665126000
2010-02-26,6.149686336517334,6.166216112895157,6.070944587525997,6.0823650362682695,507460800
2010-03-01,6.281024932861328,6.296352116233436,6.174632684086188,6.183648745116841,550093600
2010-03-02,6.276816368103027,6.33632340583361,6.243455863559168,6.3092744240106535,566546400
2010-03-03,6.291243076324463,6.307472710239651,6.249468401498559,6.27952247658583,372052800
2010-03-04,6.33271598815918,6.339027510449531,6.270203066416434,6.289739131915072,366041200
2010-03-05,6.580363750457764,6.602904503194715,6.450529512263567,6.459846522585055,899620400
2010-03-08,6.5842719078063965,6.614626129451996,6.559326761429584,6.612222140584392,429889600
2010-03-09,6.702683925628662,6.762190964068434,6.5485060515802145,6.561128695905828,920259200
2010-03-10,6.757383346557617,6.7766184669575535,6.708094955599568,6.727029125976559,596218000
2010-03-11,6.777218818664551,6.777218818664551,6.711701195587345,6.729433572354464,405700400
2010-03-12,6.810279846191406,6.844240655443198,6.78473360047212,6.833420899072645,416323600
2010-03-15,6.727329254150391,6.77721833823525,6.619434263735913,6.773612555919085,493502800
2010-03-16,6.745662689208984,6.761591372833132,6.6873578325998615,6.737548273644507,446908000
2010-03-17,6.735743522644043,6.805769364914497,6.710197685128778,6.759185519214134,450956800
2010-03-18,6.751673221588135,6.762192026634564,6.6903624800203065,6.735142638972254,342109600
2010-03-19,6.6795430183410645,6.769405087345478,6.648887447418922,6.755880794999445,559445600
2010-03-22,6.754678726196289,6.792246919000079,6.61642951015045,6.626047070232493,456419600
2010-03-23,6.8631744384765625,6.875797486859434,6.73514306962203,6.781426777825789,602431200
2010-03-24,6.893528461456299,6.918473604559785,6.837627200702303,6.841534735424527,597780400
2010-03-25,6.811781406402588,6.9416160603348,6.799759456260702,6.940112915300371,542284400
2010-03-26,6.939512729644775,6.971069145464255,6.868884975248674,6.880906925579943,640875200
2010-03-29,6.9842939376831055,7.028774360606021,6.961152882293258,7.002627817009655,540744400
2010-03-30,7.088279724121094,7.137268768885871,7.040192726868982,7.110820479003854,527310000
2010-03-31,7.062733173370361,7.111121118525049,7.046504344184736,7.077460462678314,430659600
2010-04-01,7.091885089874268,7.174834122643583,6.9951108170434475,7.135163299707479,603145200
2010-04-05,7.167623996734619,7.168225094316475,7.055822254110008,7.062134179986231,684507600
2010-04-06,7.199179172515869,7.220216779368449,7.122841406382344,7.158906448510523,447017200
2010-04-07,7.231033802032471,7.270705413645168,7.172728177714996,7.199476601137633,628502000
2010-04-08,7.21150016784668,7.259286200932017,7.154096577652403,7.226226650903175,572989200
2010-04-09,7.26680326461792,7.2698095552983455,7.226831476064805,7.255984309822719,334182800
2010-04-12,7.281829833984375,7.305271836191303,7.267403492605678,7.2791244937091415,333026400
2010-04-13,7.286036491394043,7.297157197133213,7.246364856350066,7.268906415331217,306210800
2010-04-14,7.3840131759643555,7.387619760901099,7.335325884385047,7.371691078697165,404076400
2010-04-15,7.4810872077941895,7.4843928421864625,7.378602108701667,7.386716522234145,376784800
2010-04-16,7.435402870178223,7.547805648702238,7.349748518101483,7.470565855620388,750545600
2010-04-19,7.425488471984863,7.450132667753138,7.266200839436895,7.4242862769457565,566924400
2010-04-20,7.350953578948975,7.491006083142144,7.30196533760902,7.469667523642324,738326400
2010-04-21,7.790643692016602,7.821599800702965,7.685754222877817,7.778020649123183,982391200
2010-04-22,8.008540153503418,8.016955519544897,7.699883370588023,7.761194520642462,793424800
2010-04-23,8.13957691192627,8.180149797873456,8.02446952543594,8.054222654117124,796955600
2010-04-26,8.099604606628418,8.188564641981264,8.06023311591244,8.171133614476606,479068800
2010-04-27,7.875396728515625,8.049710943338622,7.829714936033156,8.032580070524407,709343600
2010-04-28,7.8621745109558105,7.934303793983597,7.706193341373344,7.91176384446238,758402400
2010-04-29,8.073759078979492,8.11463211424853,7.8744996212752225,7.904853848900998,558840800
2010-04-30,7.846843719482422,8.131756558164513,7.8441391834563765,8.0938882386022,542463600
2010-05-03,8.004932403564453,8.050915960049336,7.90064399591228,7.929496675285811,454342000
2010-05-04,7.774416446685791,7.912966603444164,7.716412547670679,7.900945456682481,723819600
2010-05-05,7.693571090698242,7.758187866430827,7.475377519197532,7.6046110706627035,883103200
2010-05-06,7.400842189788818,7.761491771979793,5.98829511713028,7.628652467741904,1285860800
2010-05-07,7.08858060836792,7.410461530103634,6.768503781845047,7.324506986653353,1676018400
2010-05-10,7.633460521697998,7.6532967344529546,7.469364956118378,7.521058526219321,984306400
2010-05-11,7.709497928619385,7.810780011040586,7.528571660706854,7.568843573244419,848906800
2010-05-12,7.8769049644470215,7.908161243597452,7.775021708979194,7.791249742478588,654379600
2010-05-13,7.764801502227783,7.964361091905828,7.705894739465647,7.910864207589212,599712400
2010-05-14,7.628354549407959,7.70829892367494,7.498520680322861,7.668627285335938,759362800
2010-05-17,7.6403727531433105,7.699279485432429,7.444719997844427,7.6547990882018135,762834800
2010-05-18,7.584475517272949,7.770510794539022,7.5213610772345,7.723325840797343,782678400
2010-05-19,7.463657379150391,7.601305508712131,7.358768664974356,7.498520234705768,1025726800
2010-05-20,7.1456828117370605,7.328712551872411,7.0990981655807595,7.269504860607967,1282915200
2010-05-21,7.282733917236328,7.348251964244421,6.953038636356227,6.997218115377228,1223891200
2010-05-24,7.416172981262207,7.540597792457473,7.401146341912232,7.431801520821137,754238800
2010-05-25,7.369889736175537,7.416172650042684,7.127653001566121,7.193471187742645,1048006400
2010-05-26,7.336526870727539,7.577562135457542,7.325707116516221,7.515950849998627,850654000
2010-05-27,7.614226818084717,7.630456448001022,7.486797378504504,7.531577931325546,666282400
2010-05-28,7.7203192710876465,7.796055946492876,7.61422757501392,7.79575579902751,815614800
2010-06-01,7.839033603668213,7.992610402021789,7.782832191765822,7.804771849035386,876472800
2010-06-02,7.932807922363281,7.95835337724667,7.824010816329025,7.950539105178574,688548000
2010-06-03,7.9078593254089355,7.980890676273175,7.826411805749701,7.969769969589448,650106800
2010-06-04,7.6926703453063965,7.871191494454788,7.652698563823014,7.760291810317133,758304400
2010-06-07,7.54179573059082,7.788540168034131,7.530073931271575,7.762693785117823,886942000
2010-06-08,7.493411064147949,7.627753554083763,7.382811525530257,7.610922823137552,1000770400
2010-06-09,7.309176921844482,7.570649485206923,7.287839167164039,7.5577254893676775,854630000
2010-06-10,7.528875350952148,7.542999939824342,7.279124531020725,7.358467803943352,776356000
2010-06-11,7.6190338134765625,7.629552613214583,7.434500985662343,7.460347362740445,545759200
2010-06-14,7.642175674438477,7.788539247056395,7.634061262628107,7.692667042161689,602960400
2010-06-15,7.804771423339844,7.809580203030708,7.678844314051952,7.683051996281459,585074000
2010-06-16,8.031983375549316,8.047010013155102,7.833024080772517,7.847149473236704,783678000
2010-06-17,8.170830726623535,8.201786840732163,8.099601890191026,8.132661443883785,872855200
2010-06-18,8.23695182800293,8.26490326720494,8.157308403660933,8.182253552379416,784621600
2010-06-21,8.119741439819336,8.385420168460188,8.07646321357129,8.345748527943941,776490400
2010-06-22,8.230339050292969,8.294053778102116,8.159712102730948,8.179547517036305,717262000
2010-06-23,8.143786430358887,8.25468696099092,8.051519930328247,8.25228256994558,768457200
2010-06-24,8.084575653076172,8.210802900155208,8.057526269387866,8.144682987005947,714277200
2010-06-25,8.015453338623047,8.122747262225959,7.98870489461146,8.116436138202342,549942400
2010-06-28,8.063535690307617,8.107114843255518,7.94993070829961,8.022360926557756,584948000
2010-06-29,7.698980808258057,7.946026251331022,7.642779398468302,7.937911034198449,1133344800
2010-06-30,7.5595293045043945,7.753077872570086,7.513847502340647,7.715209534899262,739452000
2010-07-01,7.467862129211426,7.657804868777806,7.309777547456116,7.642777435848055,1022896000
2010-07-02,7.42158317565918,7.541499345150265,7.309179522816287,7.528274394627292,693842800
2010-07-06,7.472372531890869,7.5976977408377175,7.398138199418286,7.543600574531643,615235600
2010-07-07,7.774115562438965,7.777121852321476,7.506033313692744,7.528272315009952,654556000
2010-07-08,7.756682395935059,7.901243488635534,7.660509234924755,7.888620445255517,738144400
2010-07-09,7.802666187286377,7.811080747275,7.668623891860568,7.7206176064988945,433322400
2010-07-12,7.732641696929932,7.869688714435511,7.659610358271487,7.769908938754551,562878400
2010-07-13,7.567644119262695,7.705893333059973,7.406253053161084,7.70348974561194,1190924000
2010-07-14,7.595595836639404,7.687862318772266,7.483493934763866,7.494915592547398,812047600
2010-07-15,7.557125568389893,7.723024470016564,7.432400642778761,7.460351275985452,824866000
2010-07-16,7.5105390548706055,7.662913609700372,7.465758509620793,7.609116604910395,1039858400
2010-07-19,7.380705833435059,7.509939370220809,7.20098252132638,7.509939370220809,1024478000
2010-07-20,7.570348739624023,7.600703762204973,7.213305651342736,7.30016223403867,1074950800
2010-07-21,7.640977382659912,7.968868484104745,7.633765014329676,7.9670651913888175,1185671200
2010-07-22,7.784635543823242,7.81408851872832,7.673133964139683,7.744362813940775,645318800
2010-07-23,7.812283515930176,7.82550765800745,7.7022851053415335,7.726629147444462,533388800
2010-07-26,7.792449951171875,7.8170941465293335,7.745265000473628,7.814088658981669,420551600
2010-07-27,7.936710357666016,7.958349066060188,7.823105332896437,7.840236211114068,584771600
2010-07-28,7.8429388999938965,7.994112083222965,7.821601146659,7.924386391736486,519985200
2010-07-29,7.757284641265869,7.8937305392914405,7.696876359625694,7.83542569725934,643806800
2010-07-30,7.731441020965576,7.80507347158041,7.660813255855939,7.690567988706028,448210000
2010-08-02,7.869688510894775,7.891928314903065,7.8026681488661875,7.8273123427708695,428055600
2010-08-03,7.872089862823486,7.912061625625245,7.796654165269388,7.844440192218771,417653600
2010-08-04,7.903648376464844,7.942718098611057,7.823403887676607,7.899440695072723,420375200
2010-08-05,7.865178108215332,7.909658504214638,7.830615416027653,7.866079352864989,289097200
2010-08-06,7.816797256469727,7.858873297137635,7.742863034520581,7.807479839922502,444897600
2010-08-09,7.866684436798096,7.87870638843984,7.801166405417567,7.858569218173175,303128000
2010-08-10,7.796355247497559,7.8276123122351935,7.740453991942339,7.809579390271173,451920000
2010-08-11,7.51925802230835,7.6845566464266755,7.507837970838949,7.67584113279648,620054400
2010-08-12,7.567342281341553,7.606712954692129,7.3969347908763625,7.4140656644003835,534920400
2010-08-13,7.4864959716796875,7.570046089223771,7.486195021761534,7.563133871503642,354869200
2010-08-16,7.442619800567627,7.513848657146438,7.411963825214643,7.440816507899804,318430000
2010-08-17,7.572756767272949,7.652701159893121,7.489505935887579,7.515954235874433,422640400
2010-08-18,7.605810642242432,7.65389762691885,7.561030094203254,7.584472890467926,339696000
2010-08-19,7.509941101074219,7.618136253245107,7.473876050350589,7.598901131507998,426706000
2010-08-20,7.502724647521973,7.631356257720895,7.483489534201402,7.495211332647674,384230000
2010-08-23,7.387320041656494,7.573656281766027,7.37079106174265,7.567345158341942,414041600
2010-08-24,7.210901737213135,7.303167400982093,7.172432297084012,7.293250495345802,602565600
2010-08-25,7.299860954284668,7.332921315397664,7.128853136642654,7.154098428050143,596867600
2010-08-26,7.22142219543457,7.385818799281993,7.22142219543457,7.376802334094678,466505200
2010-08-27,7.261691570281982,7.291445490336927,7.0795630706161905,7.265599104651437,548391200
2010-08-30,7.288141250610352,7.385817601295689,7.2334421732131675,7.23584656353979,383289200
2010-08-31,7.3061723709106445,7.350051680984672,7.223523480209537,7.26860418261623,420786800
2010-09-01,7.523465156555176,7.557425963496746,7.401745714533743,7.437509814081068,697037600
2010-09-02,7.578766345977783,7.578766345977783,7.470571171232514,7.551416802818212,415427600
2010-09-03,7.777125835418701,7.777425983040672,7.648794268749974,7.666526251924959,520788800
2010-09-07,7.74827241897583,7.799965212611291,7.701387604081444,7.713108607171643,342557600
2010-09-08,7.901845932006836,7.9460253875631235,7.7870379324879275,7.807475244298944,526551200
2010-09-09,7.906353950500488,8.01004044668611,7.901846121112687,7.965560842628866,438575200
2010-09-10,7.916578769683838,7.949338203342574,7.856169635685943,7.909966692909846,387542400
2010-09-13,8.025671005249023,8.062938252198451,7.987202365688461,7.989004855871901,388780000
2010-09-14,8.05632495880127,8.089684665211768,7.9799871837465846,8.00072464558375,408150400
2010-09-15,8.12124252319336,8.126052105956779,8.0497135223389,8.05963203282999,429368800
2010-09-16,8.312084197998047,8.315089684782452,8.099601498806301,8.121842101010902,652103200
2010-09-17,8.276022911071777,8.35386304019568,8.22523137011395,8.34574782171908,634477200
2010-09-20,8.512248039245605,8.528777820019922,8.290447866331988,8.297360086646071,658677600
2010-09-21,8.528480529785156,8.636074626005229,8.499027540770054,8.531185871092237,668074400
2010-09-22,8.648091316223145,8.65500353529484,8.487601515022774,8.496617976333642,585289600
2010-09-23,8.683256149291992,8.798664470896735,8.59549831489263,8.605416023166969,786116800
2010-09-24,8.78543472290039,8.821800700095837,8.732239630160334,8.778823456622066,649488000
2010-09-27,8.750576972961426,8.857870070312867,8.746069142874413,8.835330117344405,482834800
2010-09-28,8.621341705322266,8.768907490565432,8.264899811358372,8.768907490565432,1035042400
2010-09-29,8.636670112609863,8.710002389877694,8.595496144771197,8.632462430836583,469644000
2010-09-30,8.527874946594238,8.715713474531567,8.452739374912655,8.685659406365586,673391600
2010-10-01,8.490909576416016,8.612929166032385,8.455745771843421,8.600005970281233,448142800
2010-10-04,8.374299049377441,8.50232879935375,8.34815090785268,8.463259068402614,435302000
2010-10-05,8.683858871459961,8.699185656583309,8.469872136801667,8.475282817778817,501967200
2010-10-06,8.691370010375977,8.775522056651862,8.573257158608314,8.703391960567785,670868800
2010-10-07,8.692272186279297,8.730140527409366,8.62284742922977,8.725932844780091,408399600
2010-10-08,8.838034629821777,8.85095782506573,8.715714897504975,8.767106728458026,658403200
2010-10-11,8.876805305480957,8.933307676024718,8.85396520228267,8.858172885384167,427753200
2010-10-12,8.972373008728027,9.001225676105584,8.790544705924342,8.87830329746502,558544000
2010-10-13,9.020462989807129,9.075161251530611,9.01024433337382,9.02226628211889,630092400
2010-10-14,9.08568000793457,9.090487984449492,9.028275609313999,9.067045989123026,435296400
2010-10-15,9.459257125854492,9.467071395380387,9.163824449545594,9.239861296675135,922194000
2010-10-18,9.557235717773438,9.587288999520322,9.445734094026728,9.571361113309298,1093010800
2010-10-19,9.301469802856445,9.430101452353318,9.01685697002107,9.118440035680441,1232784000
2010-10-20,9.33272647857666,9.444528206215779,9.222728845974778,9.286743723528325,721624400
2010-10-21,9.302371978759766,9.459254409209803,9.220624326110435,9.387725413774978,551460000
2010-10-22,9.240760803222656,9.317999824423197,9.205597803826313,9.288846997398855,372778000
2010-10-25,9.28193473815918,9.364883783901343,9.269912788399434,9.289448858025702,392462000
2010-10-26,9.258193969726562,9.308985511224295,9.186063062961171,9.222730015188098,392929600
2010-10-27,9.251579284667969,9.313790860042312,9.184558127497956,9.246169407997753,399002800
2010-10-28,9.173735618591309,9.256684621095816,9.043300741821456,9.255181476892691,551051200
2010-10-29,9.045709609985352,9.192975293637563,9.042403172327536,9.143385951571014,430511200
2010-11-01,9.141880989074707,9.184558102378656,9.082373950931592,9.08297504833775,423889200
2010-11-02,9.29755687713623,9.322502006614657,9.226629823821751,9.226629823821751,433930000
2010-11-03,9.400948524475098,9.403352914143483,9.27261703479141,9.357970460419324,508348400
2010-11-04,9.565345764160156,9.622749367938887,9.467969580454533,9.480592627147235,642488000
2010-11-05,9.531085014343262,9.604417313478075,9.519664962943677,9.55693221008651,361253200
2010-11-08,9.5758638381958,9.610425735799593,9.519962581067444,9.533186724213206,281758400
2010-11-09,9.499526023864746,9.656409238447521,9.45204093332763,9.648895119522086,383544000
2010-11-10,9.558135032653809,9.5803748418709,9.423491574520906,9.516359149686297,384227200
2010-11-11,9.516654968261719,9.569249772968508,9.444524101986058,9.46706484722226,361284000
2010-11-12,9.257587432861328,9.512146110429253,9.125350044713208,9.497119481051707,795846800
2010-11-15,9.227839469909668,9.333029144372647,9.204697613122448,9.270516597813357,403606000
2010-11-16,9.064043998718262,9.244669417458509,8.995820623455083,9.188167846913528,657650000
2010-11-17,9.031283378601074,9.136172079909242,8.948934628974593,9.052320987850655,479449600
2010-11-18,9.269611358642578,9.306878595209195,9.157209354071139,9.172536134094596,494491200
2010-11-19,9.21851921081543,9.268709637741523,9.173738660255003,9.255786445467923,384843200
2010-11-22,9.417778968811035,9.417778968811035,9.192673209347117,9.21701645020724,393075200
2010-11-23,9.2786283493042,9.36939326793229,9.213411277849413,9.330321931008484,519447600
2010-11-24,9.461055755615234,9.47908867640223,9.36939121714751,9.376903730342306,413725200
2010-11-26,9.467068672180176,9.548215227309345,9.405157236504843,9.429200333288787,237585600
2010-11-29,9.523270606994629,9.541602877432657,9.358272950251772,9.48209582841504,445785200
2010-11-30,9.351358413696289,9.447832534784242,9.342943050556768,9.423187542732784,501858000
2010-12-01,9.50914192199707,9.54971478646995,9.467065912988277,9.475180325376227,461750800
2010-12-02,9.561737060546875,9.5872824932023,9.463759801091074,9.543103043367825,462837200
2010-12-03,9.540399551391602,9.576764739939664,9.507339997244914,9.52747635868334,342092800
2010-12-06,9.621848106384277,9.687366124514135,9.569853577316096,9.576465649381799,448481600
2010-12-07,9.563539505004883,9.737251802306503,9.56083496853353,9.731542581992795,391454000
2010-12-08,9.64769458770752,9.647995537732378,9.530483782159143,9.60621966161499,321935600
2010-12-09,9.610126495361328,9.692474441486665,9.587885888880757,9.681355342046391,294151200
2010-12-10,9.634170532226562,9.648897020472484,9.575263776709454,9.606820995826956,262511200
2010-12-13,9.66752815246582,9.769412958176815,9.647392593324016,9.74867549910052,439815600
2010-12-14,9.626052856445312,9.693675101993174,9.587282480085939,9.669331061494617,351008000
2010-12-15,9.62816047668457,9.707502944159287,9.592996671952134,9.617339918459095,417312000
2010-12-16,9.654906272888184,9.695780095177618,9.620344374815954,9.650097493497277,322030800
2010-12-17,9.635677337646484,9.671141302921379,9.62425648021659,9.666332520845634,386929200
2010-12-20,9.683759689331055,9.715016760351228,9.564144493060548,9.665426616249386,385610400
2010-12-21,9.74356746673584,9.749277491775418,9.678951491182547,9.707502418913826,256354000
2010-12-22,9.772418975830078,9.789249705361005,9.724031832228695,9.748375879033537,265921600
2010-12-23,9.72553539276123,9.77211924590333,9.7126121975859,9.76761141585304,223157200
2010-12-27,9.757991790771484,9.780833493155814,9.663020804247022,9.702993382152957,249816000
2010-12-28,9.781739234924316,9.817503341786143,9.769417134198248,9.794962580870871,175924000
2010-12-29,9.776326179504395,9.811189029818195,9.770615352340357,9.804276007728392,163139200
2010-12-30,9.727334976196289,9.782934468238548,9.709001910431086,9.782033223585495,157494400
2010-12-31,9.694279670715332,9.721929355149742,9.656711475558348,9.70600067153281,193508000
2011-01-03,9.904959678649902,9.925697143730545,9.762803713495313,9.786846813973291,445138400
2011-01-04,9.956650733947754,9.993015924198609,9.862280043709006,9.99121263193163,309080800
2011-01-05,10.038097381591797,10.048316038540731,9.902853661518654,9.904356806454283,255519600
2011-01-06,10.029985427856445,10.07566723787885,10.005040280094132,10.059738553621012,300428800
2011-01-07,10.101813316345215,10.108725536233386,9.974984153191032,10.037797637276398,311931200
2011-01-10,10.29205322265625,10.31549521538544,10.13336754431543,10.1832570163459,448560000
2011-01-11,10.267712593078613,10.36749156248203,10.202494721699471,10.365087975147008,444108000
2011-01-12,10.351263046264648,10.351563996297289,10.278532652509877,10.316100846984403,302590400
2011-01-13,10.389130592346191,10.41798327166511,10.3341321787279,10.37350286024847,296780400
2011-01-14,10.473282814025879,10.473282814025879,10.351864329953454,10.39544269461839,308840000
2011-01-18,10.237957954406738,10.361480676079106,9.797664087680014,9.90345483518887,1880998000
2011-01-19,10.183562278747559,10.476890669602655,10.124656322055646,10.46937654872382,1135612800
2011-01-20,9.998427391052246,10.167331780920597,9.921488513825363,10.111130366795233,764789200
2011-01-21,9.819303512573242,10.064545661400748,9.8165981727048,10.031185153245536,754401200
2011-01-24,10.141786575317383,10.141786575317383,9.819304571011704,9.82381320376732,574683200
2011-01-25,10.260498046875,10.261701044275206,10.055228489815459,10.108124261426477,546868000
2011-01-26,10.334129333496094,10.386724145223896,10.263502404691996,10.30738090400867,506875600
2011-01-27,10.314895629882812,10.35937603513596,10.303475581768204,10.332026504587976,285026000
2011-01-28,10.101210594177246,10.350661217740607,10.02397238164364,10.343748998415025,592057200
2011-01-31,10.197985649108887,10.219625156989752,10.04711420405046,10.092194907068999,377246800
2011-02-01,10.36959171295166,10.388224924545254,10.247872332764368,10.257489888442619,426633200
2011-02-02,10.348257064819336,10.376206892749428,10.32511521400841,10.35216459955364,258955200
2011-02-03,10.321806907653809,10.345850801562358,10.174842217537085,10.332626659912655,393797600
2011-02-04,10.413773536682129,10.41978451035546,10.32391148659886,10.327818218219925,321840400
2011-02-07,10.57546615600586,10.616639321817683,10.448035914047521,10.455549230325596,485021600
2011-02-08,10.675247192382812,10.684864752711706,10.583582629364969,10.62956538588738,381040800
2011-02-09,10.764208793640137,10.789454891317115,10.665331053272418,10.674947811758758,482745200
2011-02-10,10.65540885925293,10.819505227300938,10.45885403651554,10.741064028679368,928550000
2011-02-11,10.724837303161621,10.753388231498999,10.625357670152955,10.661723668766625,367572800
2011-02-14,10.794859886169434,10.803875543683924,10.72062637144335,10.72303076078939,310416400
2011-02-15,10.816499710083008,10.818603952245711,10.745872772047653,10.79516115368937,284174800
2011-02-16,10.913578033447266,10.96677315811235,10.834534912656222,10.843550573003931,481157600
2011-02-17,10.768415451049805,10.82762235163916,10.714918575505425,10.736859035759068,530583200
2011-02-18,10.535795211791992,10.804479348313961,10.504538144783053,10.780736400602668,816057200
2011-02-22,10.17664909362793,10.380717301113735,10.149901456034355,10.283040954043193,872555600
2011-02-23,10.29716682434082,10.357875268332975,10.176648773800277,10.181458356657865,671854400
2011-02-24,10.30498218536377,10.37320556496178,10.169438276444751,10.33924475147573,499900800
2011-02-25,10.463663101196289,10.471777513834645,10.36268115797884,10.376505593950386,380018800
2011-02-28,10.615440368652344,10.670739737420954,10.55262687934589,10.55623346459603,403074000
2011-03-01,10.498228073120117,10.690875408773628,10.449239830457321,10.68336209125767,456136800
2011-03-02,10.582681655883789,10.649702832427826,10.470879913313546,10.517764722141967,602590800
2011-03-03,10.806281089782715,10.813193308112576,10.696883778551438,10.735053059404395,500788400
2011-03-04,10.819507598876953,10.828223111182368,10.751885335307295,10.82161103881733,453266800
2011-03-07,10.68005657196045,10.869698422155352,10.558337135229753,10.861583204515485,546123200
2011-03-08,10.692078590393066,10.741367787622032,10.586587975283962,10.666532345441466,356316800
2011-03-09,10.593196868896484,10.662021314838752,10.536996270418296,10.659917072750334,453306000
2011-03-10,10.418885231018066,10.5120537426403,10.365689303676367,10.492517671745242,507539200
2011-03-11,10.578774452209473,10.588692963883164,10.368696859863922,10.378613766470588,471080400
2011-03-14,10.625956535339355,10.7137151495638,10.558335085027045,10.614535684883688,435957200
2011-03-15,10.381619453430176,10.454049703736025,10.22143056363218,10.281538715112564,721081200
2011-03-16,9.918182373046875,10.30858679601906,9.805479393930852,10.278532721757017,1162011200
2011-03-17,10.057333946228027,10.2067030650745,9.937717950129613,10.123152116804079,659422400
2011-03-18,9.938017845153809,10.164325833955395,9.917881480480268,10.1321675194668,753214000
2011-03-21,10.19738483428955,10.210608175827712,10.075965555414998,10.097906013891164,409402000
2011-03-22,10.254486083984375,10.297163997645645,10.192574659373179,10.295360705519114,325922800
2011-03-23,10.19408130645752,10.225036628131827,10.096705103235655,10.19678584430991,372996400
2011-03-24,10.367794036865234,10.398750159705141,10.18416314760356,10.274025225812487,404712000
2011-03-25,10.565247535705566,10.58087526571789,10.429401929639939,10.460959142167262,448910000
2011-03-28,10.532187461853027,10.648798756611127,10.532187461853027,10.613634958703837,309355200
2011-03-29,10.54781723022461,10.54781723022461,10.400552357307436,10.448638551615073,352900800
2011-03-30,10.477788925170898,10.545411981118868,10.44202483382171,10.53819800981607,329406000
2011-03-31,10.474183082580566,10.512952660692248,10.400550658151436,10.40956631652786,274019200
2011-04-01,10.35546875,10.56675007813786,10.317600415263104,10.552324542663445,418661600
2011-04-04,10.25418758392334,10.356672696579396,10.170336492901722,10.347957184500926,460084800
2011-04-05,10.185064315795898,10.286046296752083,10.098207726019885,10.12796165352428,482731200
2011-04-06,10.15951919555664,10.335636784804276,10.132470605304547,10.255092111665455,402539200
2011-04-07,10.160722732543945,10.231348897475991,10.099110624751537,10.161323027659726,373447200
2011-04-08,10.069955825805664,10.222931524135621,10.036596119232346,10.216019304333946,377535200
2011-04-11,9.941926956176758,10.088289804444077,9.918484952854564,10.039902652567834,398946800
2011-04-12,9.990013122558594,10.029984904877374,9.923893196173507,9.932608709173326,425639200
2011-04-13,10.102112770080566,10.10241291751529,9.993616695227283,10.068752265497631,346220000
2011-04-14,9.990616798400879,10.098210886087093,9.97979784163194,10.062145824278677,301800800
2011-04-15,9.841544151306152,10.027279271719602,9.821708735743583,10.017060613912587,453605600
2011-04-18,9.973480224609375,9.984901075135877,9.622147223169383,9.800669137154314,609898800
2011-04-19,10.154109954833984,10.157715737946715,9.96927605186443,10.011051934333418,419378400
2011-04-20,10.290853500366211,10.391234368390828,10.263504769789437,10.323913058068529,700666400
2011-04-21,10.54000473022461,10.673145038201215,10.474486697657388,10.66923750258013,753810400
2011-04-25,10.609428405761719,10.631669012734202,10.527980900243612,10.529183897748457,266546000
2011-04-26,10.53159236907959,10.66893958639891,10.49943404239647,10.6277655964691,338800000
2011-04-27,10.52347183227539,10.589591745394694,10.431807285350754,10.586285308345435,356213200
2011-04-28,10.421290397644043,10.51145181633924,10.384323301090921,10.404459666929325,360959200
2011-04-29,10.522871971130371,10.637678371998918,10.418883719111623,10.42219015629717,1006345200
2011-05-02,10.407163619995117,10.533090735652928,10.38372162034968,10.51115107847022,442713600
2011-05-03,10.464866638183594,10.515658168865643,10.387326672265838,10.458555516230591,313348000
2011-05-04,10.5060453414917,10.573967773620737,10.425198908098338,10.466673845091647,389250400
2011-05-05,10.421290397644043,10.547517667870778,10.400251984250644,10.470878937166377,335969200
2011-05-06,10.418584823608398,10.518965700517327,10.405060530854406,10.50964909034755,280134400
2011-05-09,10.446834564208984,10.494921557851212,10.414676251783249,10.454648028554196,204747200
2011-05-10,10.502432823181152,10.509645991198457,10.418581751312889,10.485602097807444,282091600
2011-05-11,10.435713768005371,10.51896456059981,10.375906578372987,10.489511588235459,336000000
2011-05-12,10.415875434875488,10.432406011297575,10.28664353268846,10.402351949911484,322000000
2011-05-13,10.23344898223877,10.406260072274176,10.228941152967092,10.388528902623392,326116000
2011-05-16,10.01706314086914,10.255093002867039,9.99602472242979,10.194383743294974,449775200
2011-05-17,10.10241413116455,10.10241413116455,9.939820875602164,9.977990163992109,452334400
2011-05-18,10.214517593383789,10.249981547397324,10.09820802272813,10.112333414323338,334776400
2011-05-19,10.234350204467773,10.290851750925896,10.178448952833108,10.28093404580787,261170000
2011-05-20,10.074766159057617,10.246977003434457,10.068755183288769,10.205201123107702,337968400
2011-05-23,10.05012035369873,10.097606255936986,9.900451081705732,9.916980862479797,383600000
2011-05-24,9.983702659606934,10.095204262464453,9.958156411867595,10.08318230999099,321927200
2011-05-25,10.1216459274292,10.175142786841313,10.003533111887977,10.020964131786434,294224000
2011-05-26,10.06814956665039,10.124952058370143,10.051018694665059,10.097302384777402,222560800
2011-05-27,10.140584945678711,10.147197019421071,10.047417223273312,10.062143713523623,203599200
2011-05-31,10.453749656677246,10.453749656677246,10.248479234271054,10.251485524891567,417754400
2011-06-01,10.38401985168457,10.58297826954488,10.358174269374683,10.485002606600055,554682800
2011-06-02,10.401752471923828,10.458254826714144,10.347655309340125,10.41377442029055,338783200
2011-06-03,10.321806907653809,10.378609403212995,10.278829651092039,10.313993444666705,313250000
2011-06-06,10.15951919555664,10.430307653220135,10.152606974222637,10.389734767841995,461941200
2011-06-07,9.979190826416016,10.164925919908866,9.974983144399461,10.163423577598168,529785200
2011-06-08,9.985204696655273,10.06214358506251,9.937419443370283,9.971380254267633,333723600
2011-06-09,9.962662696838379,10.028180717307272,9.940422090005193,10.015557670185734,275088800
2011-06-10,9.794659614562988,9.967771677634433,9.782937812334866,9.934411168472389,433955200
2011-06-13,9.81569766998291,9.86709030350266,9.769714914075776,9.833729792824899,329473200
2011-06-14,9.991214752197266,10.015558801700985,9.897144991973493,9.917882456177887,334569200
2011-06-15,9.820210456848145,9.926902501586333,9.764008216919601,9.910372714266316,399196000
2011-06-16,9.772418975830078,9.878209725281554,9.567149401767901,9.824713654339247,510591200
2011-06-17,9.625152587890625,9.895340670081785,9.598104005686231,9.887526403379786,615020000
2011-06-20,9.476686477661133,9.548215474918308,9.33182519065122,9.537996817443462,640645600
2011-06-21,9.77662467956543,9.791651311072087,9.473077734759201,9.517558136983963,493382400
2011-06-22,9.695779800415039,9.88482132307326,9.688866778984135,9.772417713294553,390583200
2011-06-23,9.954846382141113,9.968670818849956,9.560836292874889,9.585479679500828,559759200
2011-06-24,9.808183670043945,10.01255199488118,9.77031533192332,9.95905592505575,439807200
2011-06-27,9.979190826416016,10.035092084959794,9.835231603106585,9.8454502594325,339813600
2011-06-28,10.07596492767334,10.119243139404961,10.02126666748842,10.027577789135416,294299600
2011-06-29,10.039299964904785,10.109325810656221,9.974382243617088,10.099408104116886,352545200
2011-06-30,10.088286399841309,10.102112442187773,10.003233928986988,10.059134380556696,322954800
2011-07-01,10.316399574279785,10.323611941135793,10.044108047566178,10.096702870563329,435313200
2011-07-05,10.501835823059082,10.513857774444862,10.293560731767986,10.308587368466743,355054000
2011-07-06,10.571860313415527,10.64218791737429,10.42008680824078,10.48740812220925,444626000
2011-07-07,10.735357284545898,10.759400385393805,10.639183276087289,10.659320446435956,399663600
2011-07-08,10.810789108276367,10.819505421360912,10.585082263525738,10.619344010897562,489633200
2011-07-11,10.639181137084961,10.81259494649131,10.6037171892609,10.709508737802727,442674400
2011-07-12,10.631670951843262,10.74978382046755,10.477492227496361,10.625058075760611,451609200
2011-07-13,10.760000228881836,10.819507273309839,10.710710236371094,10.7693160358613,391638800
2011-07-14,10.752487182617188,10.867895500709366,10.709509913047476,10.849862574819925,430533600
2011-07-15,10.96737289428711,10.969777284090291,10.794561791116633,10.854669931129555,484467200
2011-07-18,11.234256744384766,11.259802187245425,10.978194797941928,10.982702628438874,572653200
2011-07-19,11.325922966003418,11.380020146154669,11.219831243548002,11.36048487498149,819145600
2011-07-20,11.62796401977539,11.909572163137991,11.600915436382754,11.905064333416995,941340400
2011-07-21,11.639686584472656,11.722935779967614,11.537802563807379,11.629467926897561,526534400
2011-07-22,11.820310592651367,11.872905414356513,11.653509666020778,11.670640541632931,516728800
2011-07-25,11.976595878601074,12.0216765930166,11.709714164999015,11.731653023346928,589806000
2011-07-26,12.124157905578613,12.156917312812247,12.012056048659693,12.021672804585236,476582400
2011-07-27,11.798972129821777,12.10101677147395,11.785747986159938,12.039405487758506,659324400
2011-07-28,11.77582836151123,11.931208412828093,11.664928710914555,11.76981819063178,594034000
2011-07-29,11.735557556152344,11.875910999361322,11.54080680102036,11.650204127372263,632584400
2011-08-01,11.924001693725586,12.006649808419933,11.792363721253317,11.954957017659307,612836000
2011-08-02,11.688369750976562,11.958556964828924,11.671539829327644,11.951043649942786,639539600
2011-08-03,11.798367500305176,11.827820463474097,11.487908389980007,11.750580669463394,732508000
2011-08-04,11.341546058654785,11.760801440801488,11.340944961287313,11.703398648540915,871407600
2011-08-05,11.228843688964844,11.525780207266438,10.8967457792099,11.433813903804074,1204590800
2011-08-08,10.615440368652344,11.053028946068016,10.609729540739572,10.870299306061428,1143833600
2011-08-09,11.240562438964844,11.258595357310584,10.669231915306723,10.858573545271591,1082583600
2011-08-10,10.930411338806152,11.259804859168726,10.894647228794415,11.154615167321976,878656800
2011-08-11,11.231249809265137,11.283844635930432,10.961362653525107,11.135676913257702,741969200
2011-08-12,11.33012866973877,11.409771280750167,11.247178818630454,11.36258633013181,528976000
2011-08-15,11.523080825805664,11.569965647941844,11.363192033861138,11.40947575824514,460544000
2011-08-16,11.435019493103027,11.521876901459361,11.302180119938885,11.466276571526208,498750000
2011-08-17,11.433815002441406,11.55643568212904,11.360482712615124,11.490016414809363,442061200
2011-08-18,11.001333236694336,11.19969217703386,10.86067964921958,11.145293261276942,851435200
2011-08-19,10.70019245147705,11.029887623457686,10.699291206453381,10.884725379573881,775888400
2011-08-22,10.712512969970703,10.96617127372824,10.671940096686244,10.955050569853274,535315200
2011-08-23,11.228243827819824,11.229446022748999,10.729344167679223,10.82852284173609,656835200
2011-08-24,11.305784225463867,11.389334368617554,11.138081236602336,11.22433671971617,626267600
2011-08-25,11.231853485107422,11.283847226217214,10.969780536590118,10.972184927106193,871346000
2011-08-26,11.528185844421387,11.534797114458472,11.144092563161434,11.155212465763265,641477200
2011-08-29,11.720231056213379,11.76621461330387,11.6610249593026,11.666434034223014,405269200
2011-08-30,11.720831871032715,11.776432184166742,11.607226854843189,11.668537192774037,417922400
2011-08-31,11.565750122070312,11.783642693034055,11.476489172725284,11.738261047314042,522586400
2011-09-01,11.451546669006348,11.641188510939063,11.442230059287525,11.595506707302672,343725200
2011-09-02,11.241771697998047,11.360485676176475,11.175051463257098,11.26250836332722,438939200
2011-09-06,11.412775993347168,11.430507163597472,11.01425642561905,11.0410048597841,509698000
2011-09-07,11.538702011108398,11.588892437616863,11.480696516270235,11.58769024287894,350576800
2011-09-08,11.545016288757324,11.67935877858476,11.490017068259746,11.492721605892921,416158400
2011-09-09,11.344855308532715,11.600916430303542,11.270921116534009,11.538704843677097,564813200
2011-09-12,11.41878890991211,11.447038888646079,11.177152518986615,11.210212883008825,467832400
2011-09-13,11.559442520141602,11.60722776725375,11.428104716690454,11.484907229250298,440560400
2011-09-14,11.700096130371094,11.787553820296758,11.593704268295195,11.631572612595665,534724400
2011-09-15,11.81009292602539,11.83113133799057,11.718127418463395,11.764110172244393,417818800
2011-09-16,12.036698341369629,12.036698341369629,11.872302630363475,11.887630211495186,698513200
2011-09-19,12.371204376220703,12.41929137320347,11.877415224206613,11.931511591062156,823860800
2011-09-20,12.425901412963867,12.708711718604755,12.357979012325053,12.479998573503376,775754000
2011-09-21,12.3865327835083,12.670544528323703,12.382325101043872,12.611938726369191,605976000
2011-09-22,12.076375007629395,12.316809232430133,11.922498034695794,12.052632856229483,968480800
2011-09-23,12.150908470153809,12.224240761198738,12.01716708324317,12.03009027842239,546277200
2011-09-26,12.116948127746582,12.141292178141626,11.760205145427891,12.01746848593151,812876400
2011-09-27,11.99943733215332,12.299677969539015,11.96337227745511,12.284050233938796,632497600
2011-09-28,11.931812286376953,12.13407635870295,11.916784047826384,12.027383569313589,429637600
2011-09-29,11.738261222839355,12.08809185731499,11.607224407349513,12.079376346954074,651086800
2011-09-30,11.4602632522583,11.687774256877942,11.456055569484525,11.634577525933334,547640800
2011-10-03,11.258299827575684,11.499936251767755,11.215323354763688,11.431713679317662,669099200
2011-10-04,11.195183753967285,11.47468766189148,10.646395397811919,11.257396139345255,1233677200
2011-10-05,11.367993354797363,11.415177487709999,10.828520151109888,11.055730121067601,786469600
2011-10-06,11.341546058654785,11.564247416837352,11.17414405321324,11.220126798025046,812582400
2011-10-07,11.11403751373291,11.352667585073103,11.07466683432304,11.293761639688364,535458000
2011-10-10,11.685369491577148,11.685369491577148,11.366795006997428,11.39324329968565,442514800
2011-10-11,12.030389785766602,12.117247167411527,11.76621426610245,11.798371777328759,605687600
2011-10-12,12.087494850158691,12.299676670053273,12.02588355436412,12.24227385969131,622286000
2011-10-13,12.275032043457031,12.275032043457031,12.107329052011062,12.17134392907624,426185200
2011-10-14,12.682867050170898,12.682867050170898,12.480601360560312,12.527486963766346,573367200
2011-10-17,12.622457504272461,12.82412128663115,12.500737275884092,12.67505232782135,686044800
2011-10-18,12.690079689025879,12.767319512673934,12.502241137375476,12.675653349269036,881602400
2011-10-19,11.98019790649414,12.274728392262626,11.955552914552799,12.062245690404884,1104059600
2011-10-20,11.880720138549805,12.032193497936676,11.847661381221236,12.021674692986672,549270400
2011-10-21,11.807387351989746,11.99582779831324,11.743672624939384,11.96457153226086,621244400
2011-10-24,12.195084571838379,12.217023421073703,11.883423223336688,11.906865217197165,502138000
2011-10-25,11.954648971557617,12.21852505496336,11.94292877860967,12.172842465044427,430427200
2011-10-26,12.03970718383789,12.098312983989226,11.815802787803301,12.0745692324038,456304800
2011-10-27,12.162628173828125,12.292162675447663,12.078476933570144,12.248883656549236,494664800
2011-10-28,12.170439720153809,12.212515732142439,12.097107448482156,12.1118339322982,322842800
2011-10-31,12.165335655212402,12.302082548186235,12.053232960915993,12.094407744599193,385501200
2011-11-01,11.91678524017334,12.006647310214609,11.817907510152937,11.94383462771088,531790000
2011-11-02,11.943833351135254,12.034897606445101,11.87470794846093,12.024378802571459,327350800
2011-11-03,12.113943099975586,12.123860809021805,11.882225193676666,11.99372598863099,441386400
2011-11-04,12.028890609741211,12.125063823797555,11.996432139965524,12.082687644305269,302229200
2011-11-07,12.013557434082031,12.02167265019404,11.905363112943132,12.018968113178863,270275600
2011-11-08,12.208915710449219,12.262112453278958,12.06856301510986,12.08809828822879,400442000
2011-11-09,11.879820823669434,12.048425087878305,11.848264403692486,11.930612366710584,558684000
2011-11-10,11.577472686767578,11.937822167072692,11.485206238205283,11.932412290238428,744752400
2011-11-11,11.559442520141602,11.682063205642155,11.428405666720971,11.619249717806124,653786000
2011-11-14,11.398350715637207,11.578375799903604,11.366493351658626,11.526381269032882,432905200
2011-11-15,11.6859712600708,11.706106824340571,11.404062927359169,11.444635808476049,430810800
2011-11-16,11.563950538635254,11.75539569036545,11.550425442776888,11.698593176880655,349210400
2011-11-17,11.34274959564209,11.558237810914944,11.285345994055419,11.540204887756845,479900400
2011-11-18,11.268513679504395,11.420287149986722,11.266710387442433,11.388129645348206,371938000
2011-11-21,11.09029483795166,11.170539337835983,10.997126342166416,11.132069102645563,447980400
2011-11-22,11.31570053100586,11.358377644793904,11.148298512891675,11.15070290254358,409021200
2011-11-23,11.029585838317871,11.29556545483983,11.026279400903462,11.255592873593015,428271200
2011-11-25,10.926800727844238,11.154611058716908,10.91928660795598,11.072563257702695,254760800
2011-11-28,11.303980827331543,11.322013753066345,11.129967507924457,11.190676752831472,346413200
2011-11-29,11.216218948364258,11.385424229041744,11.126056759830478,11.29556218789518,375855200
2011-11-30,11.486714363098145,11.48911875401267,11.369502713616068,11.45936562024594,405938400
2011-12-01,11.658921241760254,11.691078755383407,11.443132046587774,11.49692907100041,387181200
2011-12-02,11.712118148803711,11.830231012880578,11.678457487292068,11.716024881756496,379055600
2011-12-05,11.81159496307373,11.913779927767253,11.732853602211472,11.826021302333993,357210000
2011-12-06,11.749682426452637,11.860282745338056,11.70249828588238,11.796567222116394,283598000
2011-12-07,11.693778991699219,11.749379284410663,11.623752364757886,11.719024274068467,304746400
2011-12-08,11.74096965789795,11.886432055637906,11.72804646177093,11.764712609982519,376356400
2011-12-09,11.829931259155273,11.842554309448726,11.752091122012871,11.806790204084276,296993200
2011-12-12,11.776434898376465,11.83834634805691,11.704605739250805,11.771626117425201,301067200
2011-12-13,11.685369491577148,11.883427526557698,11.633976853903635,11.811296621759643,338928800
2011-12-14,11.426301956176758,11.642392113484199,11.35086621928146,11.621954796593494,406887600
2011-12-15,11.388733863830566,11.532994058189738,11.36979969325759,11.520671960322682,256200000
2011-12-16,11.451245307922363,11.545315054291484,11.407666945773942,11.431409894230896,421478400
2011-12-19,11.48701000213623,11.566353260563343,11.43501547391646,11.494824268995462,235530400
2011-12-20,11.899957656860352,11.904466290271456,11.638786760300075,11.653813398247653,337215200
2011-12-21,11.9149808883667,11.940527126893604,11.781539671633194,11.922193254716326,262948000
2011-12-22,11.978095054626465,11.995526880217863,11.904462625271883,11.931510404743682,202358800
2011-12-23,12.121752738952637,12.129567004699506,12.00634445244462,12.012355426096057,269399200
2011-12-27,12.217926979064941,12.29486584347049,12.11243638858287,12.114841580787141,265076000
2011-12-28,12.101011276245117,12.269614617435435,12.061940762974507,12.228741615199132,228662000
2011-12-29,12.175552368164062,12.191481854083202,12.037003800498471,12.123859585302275,215978000
2011-12-30,12.171948432922363,12.210417878407188,12.126566766013509,12.12716706110525,179662000
2012-01-03,12.359179496765137,12.397348774838381,12.292159152761124,12.304181099009885,302220800
2012-01-04,12.425603866577148,12.462871915314048,12.300578784174284,12.322217493810639,260022000
2012-01-05,12.56354808807373,12.579175816062381,12.402457214366237,12.4709815071979,271269600
2012-01-06,12.694889068603516,12.7054078739064,12.599316970800052,12.615846751285558,318292800
2012-01-09,12.674749374389648,12.855675667205,12.66332852454199,12.78805422049264,394024400
2012-01-10,12.720135688781738,12.8030855498883,12.66784100177104,12.800380209507201,258196400
2012-01-11,12.699398040771484,12.708414504356261,12.602022641656335,12.703304773724817,215084800
2012-01-12,12.664533615112305,12.709915272399833,12.585190350463,12.691282052499893,212587200
2012-01-13,12.617047309875488,12.636282429188546,12.582485408659862,12.61374247754358,226021600
2012-01-17,12.76401138305664,12.802781764746593,12.711716710904279,12.748983947802152,242897200
2012-01-18,12.896549224853516,12.907368174589191,12.812097053754593,12.831932463714312,276791200
2012-01-19,12.855677604675293,12.964473033171958,12.818410365246976,12.927807693727948,261738400
2012-01-20,12.63177490234375,12.848165198353652,12.61524512150411,12.847865050854791,413974400
2012-01-23,12.845460891723633,12.876717963904996,12.691884081156044,12.703003984415389,306062400
2012-01-24,12.635079383850098,12.776033924212681,12.609232996546071,12.776033924212681,547638000
2012-01-25,13.424002647399902,13.658124096804542,13.335943872934052,13.657823949331288,958314000
2012-01-26,13.362992286682129,13.488016540723931,13.31821173149281,13.475094149647775,323985200
2012-01-27,13.442635536193848,13.478700579412061,13.33714574623721,13.354275819169247,299709200
2012-01-30,13.614850044250488,13.64159848744056,13.385837465624475,13.395454225142826,379341200
2012-01-31,13.719135284423828,13.772030261429467,13.616650162991965,13.692386845892528,391683600
2012-02-01,13.710416793823242,13.794568823776473,13.691183282313782,13.77713780191277,270046000
2012-02-02,13.678264617919922,13.73987511838054,13.644002855699462,13.701706622849642,186796400
2012-02-03,13.815305709838867,13.824923267728126,13.691482862147465,13.743777530637109,286599600
2012-02-06,13.944239616394043,13.97459463685763,13.770828215649237,13.776237290255956,249412800
2012-02-07,14.090303421020508,14.117953903257327,13.962572221368442,13.982709386872774,316223600
2012-02-08,14.326231002807617,14.329535835400904,14.116451978874968,14.140495879917914,407890000
2012-02-09,14.821823120117188,14.929417161291065,14.442839586091878,14.448850560883718,884214800
2012-02-10,14.829336166381836,14.95556342457067,14.682971741741607,14.75540358539314,631302000
2012-02-13,15.105237007141113,15.142203304293423,14.939637433692493,15.012969732954128,517216000
2012-02-14,15.311403274536133,15.314407958985495,15.087199563366735,15.167143109504217,460398400
2012-02-15,14.957066535949707,15.817215296463218,14.933622933467023,15.455664418684261,1506120000
2012-02-16,15.093515396118164,15.174060867327215,14.625270811001087,14.77163526387427,944552000
2012-02-17,15.09080696105957,15.260613373328635,15.036107897561473,15.120560079991,535805200
2012-02-21,15.473396301269531,15.473396301269531,15.150914367750799,15.233864203871786,605595200
2012-02-22,15.418993949890137,15.49262635862818,15.299678148944961,15.420196144421903,483302400
2012-02-23,15.519680976867676,15.562959996865363,15.312608104595695,15.480310294419846,568027600
2012-02-24,15.700603485107422,15.715329969000777,15.587300245378177,15.618255555281964,415072000
2012-02-27,15.801284790039062,15.883632713100166,15.51637108816491,15.66754264621163,547582000
2012-02-28,16.091310501098633,16.091310501098633,15.8039923549531,15.86740692888632,600387200
2012-02-29,16.30259132385254,16.457973010874536,16.10002709763711,16.276144640688496,952011200
2012-03-01,16.363595962524414,16.476000346849695,16.192287257250506,16.474796547271737,683270000
2012-03-02,16.38494110107422,16.43362758839389,16.30499594034438,16.356690322604777,431712400
2012-03-05,16.0236873626709,16.454061834144078,15.808497719334751,16.392151214069624,809124400
2012-03-06,15.936530113220215,16.039615507804722,15.514569371476268,15.738172787668752,810238800
2012-03-07,15.949453353881836,16.162537154292213,15.727352290421637,16.133084185804446,798520800
2012-03-08,16.2890625,16.319115756599402,15.9924270343597,16.069666022507345,516457200
2012-03-09,16.38463592529297,16.461874919912123,16.322723707607818,16.3557832556767,418919200
2012-03-12,16.58991050720215,16.58991050720215,16.439637752640863,16.499145596520204,407282400
2012-03-13,17.073780059814453,17.076184449308343,16.70261005576065,16.756408671953047,690855200
2012-03-14,17.719356536865234,17.87383465679314,17.293187030063173,17.372832086263482,1418844000
2012-03-15,17.598526000976562,18.03280882095732,17.387846588374078,18.020786873506918,1159718000
2012-03-16,17.598831176757812,17.707927572175173,17.37132097272024,17.5732849323932,825487600
2012-03-19,18.065568923950195,18.085704482907182,17.70341616962382,17.983521135766587,901236000
2012-03-20,18.211633682250977,18.239882853024042,17.776448786225803,18.017783378219935,816662000
2012-03-21,18.107648849487305,18.322536810456,18.074891039227374,18.11486202011341,644042000
2012-03-22,18.01266860961914,18.16774848153521,17.89816159606731,17.965783026674377,623870800
2012-03-23,17.913795471191406,18.086606558802686,17.864205337232328,18.047235883120326,430488800
2012-03-26,18.242286682128906,18.24739721377536,17.890053239809042,18.026196583020116,595742000
2012-03-27,18.467687606811523,18.52178474788945,18.214631312024945,18.2182378951012,607129600
2012-03-28,18.56206703186035,18.67717439222514,18.342370313396273,18.5849071313931,655460400
2012-03-29,18.328842163085938,18.530205767002858,18.249800668726298,18.416600773007914,608238400
2012-03-30,18.018985748291016,18.3498814503196,17.970597807405884,18.29608443520543,731038000
2012-04-02,18.592424392700195,18.596631273122266,18.04393450130295,18.08751367350428,598351600
2012-04-03,18.913698196411133,19.000556373008,18.709029739780387,18.852988159053655,834559600
2012-04-04,18.76312828063965,18.809712130671432,18.543431569727595,18.764330475577243,572980800
2012-04-05,19.04473304748535,19.074186014457382,18.735775436614556,18.843369452309545,641298000
2012-04-09,19.12137794494629,19.229874052147515,18.79288654303351,18.81783088888259,597536800
2012-04-10,18.887250900268555,19.35489344597345,18.813918621912446,19.232572932901295,889725200
2012-04-11,18.819934844970703,19.140612775966705,18.733978694600424,19.120477211079674,696614800
2012-04-12,18.716848373413086,18.974113327025595,18.648625000670503,18.7838695509743,614336800
2012-04-13,18.189697265625,18.77485331291326,18.138004479480944,18.757120533266008,859644800
2012-04-16,17.43533706665039,18.341469524524268,17.37883550383064,18.334858254219892,1050786800
2012-04-17,18.32403564453125,18.333051303554186,17.188288922030207,17.399570257231407,1025528000
2012-04-18,18.283166885375977,18.64111286852321,18.11396072626481,18.444858120972075,954531200
2012-04-19,17.655033111572266,18.17467031710875,17.56727447260025,18.039125625765035,834719200
2012-04-20,17.220441818237305,17.870814625343947,17.143502971967177,17.773438471687616,1030985200
2012-04-23,17.181974411010742,17.331345102282125,16.728758225977803,17.149216610424492,966529200
2012-04-24,16.838760375976562,17.061461786261773,16.68007384397087,16.908786229337114,1076149200
2012-04-25,18.333057403564453,18.573491643197848,18.212841086281315,18.502563727088713,905777600
2012-04-26,18.263927459716797,18.47400659951273,18.096525435312497,18.46138275083263,536068400
2012-04-27,18.122676849365234,18.21825056481892,18.047542057290293,18.184890851963274,406722400
2012-04-30,17.55103874206543,17.98442108598255,17.521585775642535,17.966388166213548,506144800
2012-05-01,17.495439529418945,17.93513139605078,17.468390951860066,17.578689504035992,610999200
2012-05-02,17.61114501953125,17.6538221226349,17.397159209283586,17.438634117862254,427389200
2012-05-03,17.486129760742188,17.774049892475066,17.440447948357168,17.747001303096184,390549600
2012-05-04,16.988128662109375,17.38213883021172,16.985724272194894,17.34367019664669,529992400
2012-05-07,17.115257263183594,17.21413578800006,16.867309779958507,16.87542499685144,460118400
2012-05-08,17.07618522644043,17.175964184844943,16.792173526081648,17.118260439431918,497252000
2012-05-09,17.106243133544922,17.250504943825618,16.855892819694837,16.94154721622383,480704000
2012-05-10,17.14651107788086,17.307601969884097,17.084000158826637,17.268531441675346,333200000
2012-05-11,17.032007217407227,17.265228213531106,16.961079323153744,16.980614589072708,399546000
2012-05-14,16.77684783935547,17.05605080541252,16.75821461946621,16.907583736195836,352626400
2012-05-15,16.625076293945312,16.927121000540637,16.582399169121135,16.873925872069357,476336000
2012-05-16,16.411983489990234,16.736869727362198,16.26051019532405,16.651515524168893,560896000
2012-05-17,15.932326316833496,16.45466801721703,15.932326316833494,16.388849043395606,717220000
2012-05-18,15.94013500213623,16.331740684985085,15.693691516166847,16.047729017014806,732292400
2012-05-21,16.868812561035156,16.87662763067109,16.050437215938658,16.063963112800852,631106000
2012-05-22,16.73927879333496,17.247494213557967,16.607340720879392,17.117358630796776,694870400
2012-05-23,17.14771270751953,17.21503400228827,16.626873516508578,16.755203380386824,584897600
2012-05-24,16.990230560302734,17.32623678169067,16.86730814921855,17.30730181246002,496230000
2012-05-25,16.899166107177734,17.00615984233234,16.784358908135747,16.968291507596327,328507200
2012-05-29,17.199108123779297,17.2511026540034,16.989932623135168,17.15793495315175,380508800
2012-05-30,17.406484603881836,17.431128800417106,17.02750103260932,17.106844302592904,529429600
2012-05-31,17.363204956054688,17.476508216063714,17.174765315947027,17.453666512543595,491674400
2012-06-01,16.8601016998291,17.210534398373515,16.845977109201236,17.105644867357576,520987600
2012-06-04,16.959274291992188,17.055748421357237,16.4847203192096,16.8754240109527,556995600
2012-06-05,16.915386199951172,17.024784268281504,16.78014336363682,16.86850223070429,388214400
2012-06-06,17.174774169921875,17.2466025446805,16.99565024431826,17.06387363751875,401455600
2012-06-07,17.18258285522461,17.350885369032863,17.145916703938234,17.34998492642773,379766800
2012-06-08,17.4410457611084,17.44886083130431,17.100832594366583,17.17897366592497,347516400
2012-06-11,17.16604995727539,17.686887670129934,17.14981952314867,17.663445671472815,591264800
2012-06-12,17.316022872924805,17.329847314922787,17.03171093644846,17.264931985517652,435380400
2012-06-13,17.19580841064453,17.385750453736645,17.142311522076433,17.266736328611056,293580000
2012-06-14,17.1768741607666,17.236081880810843,17.048544220387686,17.16815864569828,345573200
2012-06-15,17.25501251220703,17.269739001718293,17.117363573351867,17.16094274683636,335255200
2012-06-18,17.60513687133789,17.668551438904615,17.142002993018007,17.159735766372865,440412000
2012-06-19,17.654130935668945,17.731970253426642,17.52459723266253,17.53361289267253,361404400
2012-06-20,17.603931427001953,17.709421175535798,17.455462827890827,17.67816412149158,358943200
2012-06-21,17.36139678955078,17.67846800183164,17.354483769103215,17.59491788193902,326351200
2012-06-22,17.494539260864258,17.49724379788186,17.293777545634782,17.402573766800433,284471600
2012-06-25,17.15402603149414,17.42541548731466,17.142004083550848,17.350279115202323,304382400
2012-06-26,17.191892623901367,17.26582518866549,17.050637157472824,17.170853414598078,276536400
2012-06-27,17.266128540039062,17.333449849129575,17.188589376868723,17.281155173701542,202997200
2012-06-28,17.102333068847656,17.251101878075314,16.99894751812348,17.181076031851095,282836400
2012-06-29,17.551651000976562,17.551651000976562,17.258621900781936,17.37132490698995,421500800
2012-07-02,17.80771827697754,17.836269222751373,17.539635040189644,17.573596669469413,400092000
2012-07-03,18.0147762298584,18.032509003939257,17.852184604078438,17.878631283887483,241712800
2012-07-05,18.33125114440918,18.463489387246792,18.0219932952445,18.049342028308903,484383200
2012-07-06,18.209230422973633,18.28616929822517,18.0799984726059,18.245596420607388,418930400
2012-07-09,18.44996452331543,18.45026467079619,18.15603507111083,18.19179916825718,379405600
2012-07-10,18.27926254272461,18.629693648181775,18.192104185168386,18.572590173415144,511957600
2012-07-11,18.1656551361084,18.262729586054324,17.94896467578268,18.216445875097964,469322000
2012-07-12,17.99945640563965,18.136803599450662,17.81251905979132,18.039729143365186,428041600
2012-07-13,18.181880950927734,18.24860036339004,18.03251183903506,18.12117251324582,311427200
2012-07-16,18.24019432067871,18.381748422711098,18.183390986238784,18.186397277434203,301260400
2012-07-17,18.241086959838867,18.378133961990695,18.12718020211249,18.356794602232327,293624800
2012-07-18,18.22064781188965,18.283160332444883,18.139500470587084,18.230565517091865,252700000
2012-07-19,18.462888717651367,18.493844035168713,18.212836972307077,18.37152350251915,436861600
2012-07-20,18.161746978759766,18.466496203997668,18.14371405284032,18.424119229353675,397471200
2012-07-23,18.147619247436523,18.209831632785733,17.66314591426302,17.86420780475681,487975600
2012-07-24,18.06016731262207,18.32344166047293,17.987735447773808,18.25431623393405,565132400
2012-07-25,17.28024673461914,17.455462145645093,17.130877699355807,17.26491996059211,877312800
2012-07-26,17.277545928955078,17.44344396840322,17.141701149412963,17.424208854820982,406632800
2012-07-27,17.586509704589844,17.60664687430654,17.178675037950683,17.281460314079954,403936400
2012-07-30,17.883134841918945,18.015673165986303,17.666442908032007,17.759612173513545,379142400
2012-07-31,18.355899810791016,18.384152203340474,18.11426497177512,18.12959175830249,462327600
2012-08-01,18.237186431884766,18.52540675029396,18.122679330237876,18.510680258408367,384501600
2012-08-02,18.266637802124023,18.35379455037947,18.040029614633035,18.117870553476596,332158400
2012-08-03,18.50436019897461,18.572883696304594,18.379935446959706,18.442147822967158,344920800
2012-08-06,18.710235595703125,18.779961305540624,18.491140758009745,18.552149349684047,302103200
2012-08-07,18.660938262939453,18.783859040050906,18.57468201074289,18.716837899992854,290446800
2012-08-08,18.6293888092041,18.750206999991992,18.54643895866117,18.615262616583585,244706000
2012-08-09,18.735633850097656,18.765817767475532,18.647196987128233,18.648705780007575,221642400
2012-08-10,18.764909744262695,18.76671997312342,18.674361226191888,18.674662662342335,194938800
2012-08-13,19.015430450439453,19.015430450439453,18.8116934653336,18.815920019241297,278832400
2012-08-14,19.066442489624023,19.275311984532348,19.021771901602417,19.071876401006126,340169200
2012-08-15,19.040483474731445,19.136164474418937,18.94752023647855,19.054670318376672,257342400
2012-08-16,19.206789016723633,19.219465452275376,19.030518215546852,19.05194919350469,254534000
2012-08-17,19.562049865722656,19.564464578976526,19.281346703771526,19.317264354454288,442761200
2012-08-20,20.076370239257812,20.076370239257812,19.616075651925797,19.61939628526463,613384800
2012-08-21,19.801998138427734,20.37004711761519,19.629047996755187,20.24750288626308,812719600
2012-08-22,20.188655853271484,20.192579359787043,19.562052196845116,19.752508294555273,565322800
2012-08-23,20.00030517578125,20.219736137829138,19.955632992810692,20.105341949661543,420128800
2012-08-24,20.018123626708984,20.20707096250276,19.786618972696782,19.90614408873702,437340400
2012-08-27,20.394197463989258,20.550847516408638,20.329604705700547,20.524285676896735,427008400
2012-08-28,20.36764144897461,20.40687973531377,20.242983886018962,20.373073748085734,267416800
2012-08-29,20.32749366760254,20.45426287349931,20.30123487325265,20.381220224734637,202806800
2012-08-30,20.037734985351562,20.269542597466174,20.00694820058207,20.242076446061002,302699600
2012-08-31,20.0790958404541,20.180510609495002,19.837930700799824,20.139763517721853,338321200
2012-09-04,20.37277603149414,20.377906895359907,20.056758017850274,20.094788954446276,367892000
2012-09-05,20.22970199584961,20.414422709497142,20.210685727468196,20.39088006308614,336375200
2012-09-06,20.412006378173828,20.472977072268517,20.246904818284328,20.31843867223526,391196400
2012-09-07,20.537872314453125,20.59944588391338,20.39691626419179,20.46573236068448,329666400
2012-09-10,20.003631591796875,20.62389535186049,19.984313885467945,20.538176253942144,487998000
2012-09-11,19.938735961914062,20.225777327163982,19.81528576864007,20.07516402923549,503983200
2012-09-12,20.216421127319336,20.21974176104762,19.80019580906022,20.127682832784384,712233200
2012-09-13,20.614540100097656,20.690601958851094,20.366735380810002,20.445211952919365,598360000
2012-09-14,20.86506462097168,21.037108947799073,20.76274233357336,20.825223455583636,600474000
2012-09-17,21.121610641479492,21.12221351361162,20.96556347671274,21.108631159105446,398031200
2012-09-18,21.185911178588867,21.19858761942127,21.020205079315023,21.12463902796825,373503200
2012-09-19,21.191646575927734,21.248692171764834,21.115283270618438,21.136109773153553,326874800
2012-09-20,21.089017868041992,21.130067990960665,20.93568680929122,21.102901662461946,336568400
2012-09-21,21.130977630615234,21.281289529918617,21.108943770890864,21.201002716597113,571589200
2012-09-24,20.850265502929688,20.980959822435192,20.615138881400412,20.73164635976568,639766400
2012-09-25,20.32961654663086,20.910342389448665,20.313316420548453,20.773912655359414,518789600
2012-09-26,20.0772762298584,20.303951366933067,19.95714667655304,20.184727733988368,576503200
2012-09-27,20.564435958862305,20.590091885722252,19.931494120129873,20.05041633702435,594090000
2012-09-28,20.135229110717773,20.55809567732252,20.12466433767331,20.486863251195743,535110800
2012-10-01,19.902517318725586,20.426498835962054,19.815287813239706,20.257773560271616,543594800
2012-10-02,19.96047019958496,20.112593928334242,19.638716874941302,19.97556135319568,627992400
2012-10-03,20.266529083251953,20.27890569981537,20.00031415417563,20.067623088953173,424281200
2012-10-04,20.126171112060547,20.351036013244684,20.08844323773823,20.260485890955348,370725600
2012-10-05,19.697275161743164,20.102031490252152,19.65773543199041,20.077885964060034,594006000
2012-10-08,19.262025833129883,19.54544670989622,19.199847783037132,19.52492165061042,637994000
2012-10-09,19.192007064819336,19.3320572325375,18.820753707075436,19.276520430571686,838597200
2012-10-10,19.3447265625,19.467572253304006,19.226710297218553,19.30941179135572,510356000
2012-10-11,18.95808219909668,19.53458287406058,18.95808219909668,19.513454939973922,546081200
2012-10-12,19.006681442260742,19.177819835818735,18.873573981933234,19.002153451270008,460014800
2012-10-15,19.159101486206055,19.170269130631883,18.829802663814235,19.08636027339428,432502000
2012-10-16,19.61275863647461,19.62815283755988,19.045615313036258,19.177517019026254,549771600
2012-10-17,19.456405639648438,19.70330439070606,19.43799385685854,19.584986683056048,389037600
2012-10-18,19.09511375427246,19.379438959053836,19.01542983643388,19.30488751536002,476624400
2012-10-19,18.40693473815918,19.06885135415111,18.400293472057935,19.047120551163044,744086000
2012-10-22,19.137067794799805,19.177814867284752,18.43470387478185,18.484808363034464,546730800
2012-10-23,18.513179779052734,19.133143611795862,18.46307690453194,19.04561107552959,707145600
2012-10-24,18.61792755126953,18.911308915254075,18.431093449674346,18.757073459416706,558527200
2012-10-25,18.397876739501953,18.773960958605983,18.27744577415779,18.713593145939324,656325600
2012-10-26,18.230667114257812,18.532499815620863,17.838285892052305,18.394561339386183,1018432800
2012-10-31,17.968666076660156,18.1690823120023,17.73867042895482,17.955385162302644,510003200
2012-11-01,18.00550079345703,18.20048324244578,17.9339669298759,18.056208158683877,361298000
2012-11-02,17.40968132019043,18.017873008549284,17.347806318977458,17.985878869586795,599373600
2012-11-05,17.64571762084961,17.740794137717568,17.433830555088154,17.61251611839243,529135600
2012-11-06,17.592288970947266,17.8304347876684,17.508984601274594,17.81504220216937,374917200
2012-11-07,16.919172286987305,17.42068256304715,16.8509486623629,17.399458119099652,793648800
2012-11-08,16.305156707763672,17.047417378080365,16.230567589184403,16.998902550399524,1056146000
2012-11-09,16.58745574951172,16.82456643741749,16.18297204928614,16.386123957766998,929913600
2012-11-12,16.459196090698242,16.813043596252264,16.332453470422344,16.80243056768044,515802000
2012-11-13,16.461318969726562,16.691152409859406,16.26301856357976,16.34033789325498,532949200
2012-11-14,16.27878189086914,16.599276166029664,16.25755745832588,16.540149920096045,477170400
2012-11-15,15.937370300292969,16.358226929151492,15.84640819063849,16.298495041254732,789910800
2012-11-16,15.999822616577148,16.070167490420282,15.334881304309807,15.924626260446914,1266893600
2012-11-19,17.153547286987305,17.207214810207745,16.36974753849929,16.394913399894765,823317600
2012-11-20,17.007396697998047,17.3421426114836,16.815465128039705,17.34092974050256,642754000
2012-11-21,17.031352996826172,17.203273022338383,16.876714360360246,17.108672315059135,373002000
2012-11-23,17.328502655029297,17.343664357251747,17.058646054370662,17.19721296891485,272826400
2012-11-26,17.875185012817383,17.889435030560673,17.395505125775298,17.461908589138826,630579600
2012-11-27,17.73116111755371,17.902172681934967,17.589258455814488,17.875792334085535,533330000
2012-11-28,17.67538070678711,17.762098599485803,17.351550458355817,17.503458986778,520864400
2012-11-29,17.870033264160156,18.018303114031774,17.745415210617022,17.896110802711018,514698800
2012-11-30,17.746318817138672,17.840921118730677,17.66748383569869,17.792103474628483,391319600
2012-12-03,17.773910522460938,18.02860853006454,17.75298890619107,18.000106876197208,364280000
2012-12-04,17.46039390563965,17.640804015296627,17.347600140318836,17.640804015296627,557068400
2012-12-05,16.336700439453125,17.260280124710334,16.33609319410909,17.249971527749963,1044638000
2012-12-06,16.592905044555664,16.776952099929257,15.725417497979189,16.038028846923183,1177212400
2012-12-07,16.16872215270996,16.834269541436434,16.070178376150732,16.779691948056232,787040800
2012-12-10,16.064720153808594,16.328209563683842,15.814873522014166,15.918571589995134,630484400
2012-12-11,16.415523529052734,16.663247062968928,16.293632474218942,16.366403084041533,592345600
2012-12-12,16.34305763244629,16.615947046183546,16.260281236321052,16.608972635249796,487144000
2012-12-13,16.060775756835938,16.30182945619386,15.942826056057816,16.105044746249195,625259600
2012-12-14,15.457389831542969,15.71026787180668,15.329738749571,15.607782658982579,1009579200
2012-12-17,15.731484413146973,15.766960481895119,15.197834175421544,15.43130615442642,757607200
2012-12-18,16.188426971435547,16.21874712957553,15.774543210532087,15.918568819658683,625685200
2012-12-19,15.958284378051758,16.18235779357945,15.933724150457838,16.114741464482616,449369200
2012-12-20,15.819417953491211,16.076237311978215,15.73300292000597,16.070172957056407,481689600
2012-12-21,15.746651649475098,15.756960246020363,15.47103190518041,15.538648266685923,596268400
2012-12-24,15.772119522094727,15.895829151601413,15.727850530898149,15.77757825240871,175753200
2012-12-26,15.554723739624023,15.750598476383967,15.497720387440895,15.736649641780662,302436400
2012-12-27,15.617176055908203,15.6532577529391,15.301836079559186,15.571086958839116,455120400
2012-12-28,15.451315879821777,15.59958730455957,15.406744094339407,15.472541927563935,354278400
2012-12-31,16.13597297668457,16.233911117202517,15.4334338918905,15.479824193796192,659492400
2013-01-02,16.64718246459961,16.828199818869685,16.42280780565291,16.792420933834016,560518000
2013-01-03,16.437061309814453,16.66659193368554,16.403708159721873,16.612317159123567,352965200
2013-01-04,15.979215621948242,16.331850309441414,15.94373953634482,16.28151695318748,594333600
2013-01-07,15.885208129882812,16.048940792447873,15.621414458879386,15.827597589728557,484156400
2013-01-08,15.927958488464355,16.127471624776565,15.804856188811812,16.04621092574388,458707200
2013-01-09,15.679031372070312,15.918870542913462,15.645373796562923,15.842764101187614,407604400
2013-01-10,15.873381614685059,16.031352715125546,15.631115215184254,16.02619842096332,601146000
2013-01-11,15.776055335998535,15.928266560591446,15.737243473587576,15.797279763594515,350506800
2013-01-14,15.213603019714355,15.387948774695708,15.11536208698528,15.241800246615052,734207600
2013-01-15,14.733617782592773,15.129914008704482,14.656601295811019,15.108992392060166,876772400
2013-01-16,15.345195770263672,15.446772505054243,14.933133766131276,14.998019937586735,690804800
2013-01-17,15.241796493530273,15.486488707011008,15.222089368572888,15.473147129153663,453678400
2013-01-18,15.160544395446777,15.227856322195217,15.051387600070877,15.115668158293692,472922800
2013-01-22,15.30517578125,15.399473689823544,15.0583621424376,15.29880861183556,461546400
2013-01-23,15.585341453552246,15.615055988236866,15.305174684153906,15.427671436485648,861509600
2013-01-24,13.659645080566406,14.121434687468081,13.652063423901152,13.94769459628304,1460852400
2013-01-25,13.337639808654785,13.833389188833904,13.189672755746301,13.695732351144606,1208026400
2013-01-28,13.63933277130127,13.741817948185417,13.215747668997409,13.275480354966756,785517600
2013-01-29,13.895242691040039,13.953763318121796,13.70876820828659,13.90221710485451,571158000
2013-01-30,13.851581573486328,14.026534598064814,13.780933851266893,13.856735871181032,417155200
2013-01-31,13.810949325561523,13.925866020690917,13.795486434574423,13.856128366145889,319334400
2013-02-01,13.754253387451172,13.931935002267494,13.594462030919038,13.920716346457136,539484400
2013-02-04,13.411622047424316,13.824594949822734,13.401919078418219,13.763042954680754,477117200
2013-02-05,13.882205963134766,13.939816533792817,13.408590298943695,13.46407794023354,573347600
2013-02-06,13.867347717285156,14.144784284829138,13.722714865267541,13.840664553547612,593706400
2013-02-07,14.279680252075195,14.333965135699229,13.849660385899599,14.128106380823848,704580800
2013-02-08,14.485840797424316,14.602647159519975,14.28058963194696,14.455953092697895,633158400
2013-02-11,14.636807441711426,14.789602872684187,14.433084000850098,14.532200449416006,517490400
2013-02-12,14.269920349121094,14.711528818356955,14.265040589543357,14.623999352499974,609053200
2013-02-13,14.24277400970459,14.444974524339944,14.127187580061493,14.248873707856006,475207600
2013-02-14,14.229970932006836,14.383984704871553,14.151591816557264,14.166840253422707,355275200
2013-02-15,14.03386402130127,14.33884240036316,14.026544383843037,14.29888897204753,391745200
2013-02-19,14.028680801391602,14.112245864344574,13.84142574043231,14.062534538449208,435783600
2013-02-20,13.688937187194824,13.958537384411278,13.687411040783152,13.958537384411278,476302400
2013-02-21,13.603846549987793,13.698695646317633,13.505033870941348,13.602016640317727,447182400
2013-02-22,13.748713493347168,13.772806085842472,13.620317663662124,13.701137463953721,330654800
2013-02-25,13.504426002502441,13.880158532396646,13.497410940909091,13.84142666225737,372579200
2013-02-26,13.69259262084961,13.770971696727912,13.347662468442648,13.535528262653845,501499600
2013-02-27,13.558403968811035,13.798421808555174,13.438853137105411,13.676124890987756,587350400
2013-02-28,13.461729049682617,13.659049036340424,13.461729049682617,13.54254803264108,322515200
2013-03-01,13.128388404846191,13.363526532206558,13.11344454793665,13.358035988158377,552448400
2013-03-04,12.810600280761719,13.05915691153983,12.77857726763811,13.046957513325303,582755600
2013-03-05,13.148818016052246,13.272334053585707,12.831946432932956,12.854209924049067,638433600
2013-03-06,12.981689453125,13.274163851947353,12.944176719209475,13.251594970306972,460250000
2013-03-07,13.131741523742676,13.175353964577543,12.84140236521405,12.94631474529643,468473600
2013-03-08,13.166507720947266,13.279654276584754,13.071659446234943,13.107952244731983,391482000
2013-03-11,13.354070663452148,13.388838948942324,12.965833359792072,13.106428576228236,474236000
2013-03-12,13.066169738769531,13.384872060277198,13.039941849836838,13.284839448923117,465911600
2013-03-13,13.063730239868164,13.251291493417089,12.972542595792387,13.066780903558262,405549200
2013-03-14,13.19029712677002,13.255561459763841,13.127775622245416,13.200360408062815,303875600
2013-03-15,13.53065299987793,13.548036735059663,13.335161309145464,13.355900286009422,643960800
2013-03-18,13.898458480834961,13.951523426432571,13.45563004394042,13.463254261569102,606197200
2013-03-19,13.860947608947754,14.058573013084503,13.678264434650298,14.013739808532906,526775200
2013-03-20,13.787445068359375,13.956708882811682,13.711505843892713,13.950304605387975,308660800
2013-03-21,13.807270050048828,13.96738351650434,13.727061842289208,13.730721662430051,383255600
2013-03-22,14.087235450744629,14.093028942285196,13.818855253362425,13.863686812163131,395105200
2013-03-25,14.138169288635254,14.332441040995935,14.083273625286681,14.172021397199126,501135600
2013-03-26,14.063752174377441,14.207091007271064,14.045148502434813,14.194891611118877,294294000
2013-03-27,13.787445068359375,13.931394722150632,13.74627331741419,13.921026047155891,331237200
2013-03-28,13.500154495239258,13.779514180919097,13.468436876349664,13.71851882262211,442839600
2013-04-01,13.080810546875,13.531873119936046,13.045128528364133,13.476976641885171,389732000
2013-04-02,13.107645034790039,13.362301301279986,13.004257196607442,13.040855382140087,529519200
2013-04-03,13.17474365234375,13.33607703261371,13.12350699308212,13.155834584690634,363216000
2013-04-04,13.044517517089844,13.266541676335473,12.969188269736064,13.228725170966548,358447600
2013-04-05,12.906668663024902,12.960039809295225,12.799315586187033,12.946315078947116,383695200
2013-04-08,12.998464584350586,13.037806417354822,12.885013451935917,12.956987449722694,300829200
2013-04-09,13.021949768066406,13.068305853259332,12.892943980226704,13.003041514912804,306614000
2013-04-10,13.287582397460938,13.329364919873095,12.992363541292331,13.056104161233023,375928000
2013-04-11,13.24610710144043,13.357728321382305,13.150648045838794,13.227502614674693,328364400
2013-04-12,13.107956886291504,13.240621709518035,13.086303356370198,13.240621709518035,238613200
2013-04-15,12.804502487182617,13.049704727131532,12.795352937160112,13.022561469254354,317520000
2013-04-16,12.999382019042969,13.010665241282855,12.826459207007558,12.856956889408242,305771200
2013-04-17,12.284510612487793,12.82737236038646,12.141476351925277,12.817307450992645,945056000
2013-04-18,11.95666217803955,12.37570174212244,11.886211873580551,12.351303759608832,666299200
2013-04-19,11.910306930541992,12.18692222084227,11.744702923986805,11.832232398412925,609274400
2013-04-22,12.15855598449707,12.266214449460952,11.932873638243214,11.974654540128332,429920400
2013-04-23,12.386069297790527,12.454688867394507,12.162824412958226,12.32080334066731,664238400
2013-04-24,12.365635871887207,12.664209203475894,11.970384351059268,12.002102784559026,969651200
2013-04-25,12.454692840576172,12.624260434715547,12.412605723457382,12.541611532721845,384837600
2013-04-26,12.723679542541504,12.77156095427035,12.450724142096616,12.498300976089489,764097600
2013-04-29,13.11771297454834,13.224455263883838,12.809074720259833,12.822798635816792,640326400
2013-04-30,13.503813743591309,13.579143802394109,13.177182608622372,13.269591009729533,691538400
2013-05-01,13.39737606048584,13.569383485056441,13.247937520203257,13.555049600873804,506909200
2013-05-02,13.587379455566406,13.68100617217539,13.438244662691462,13.473316710996476,421828400
2013-05-03,13.72339916229248,13.822517234503517,13.698085004403993,13.763960124452886,361300800
2013-05-06,14.050639152526855,14.096079867593946,13.855452070114934,13.898148328216255,496641600
2013-05-07,13.988121032714844,14.204350089931891,13.836851740248338,14.180562075886266,483753200
2013-05-08,14.146093368530273,14.192755644079904,13.901196638204913,13.999703895883773,472598000
2013-05-09,14.022687911987305,14.213946731086423,13.986155696999678,14.116015408340445,398487600
2013-05-10,13.906026840209961,14.112943216142794,13.829584975360254,14.059525397022421,334852000
2013-05-13,13.960366249084473,14.05737778239488,13.86090032562085,13.861206919447605,316948800
2013-05-14,13.62635612487793,13.974490158983107,13.573858896633936,13.933045884851666,447118000
2013-05-15,13.165553092956543,13.538554843243464,12.96631299740496,13.48206779553162,741613600
2013-05-16,13.341461181640625,13.441849343328824,12.860090851002338,12.99332717933281,603204000
2013-05-17,13.300935745239258,13.510614738278537,13.231861970506912,13.478687177104781,427904400
2013-05-20,13.597803115844727,13.685911124007324,13.203925995608136,13.259492432933433,451578400
2013-05-21,13.49741268157959,13.676084697220205,13.329792796732018,13.451056362629512,456022000
2013-05-22,13.549296379089355,13.764194844267909,13.45320628202716,13.632185728531836,443038400
2013-05-23,13.5735502243042,13.696963246259827,13.3786073932287,13.383519452184489,353021200
2013-05-24,13.665955543518066,13.681612320706545,13.518904475459715,13.533947245311989,276166800
2013-05-28,13.552059173583984,13.84892475131705,13.533947186898335,13.811779357060685,386145200
2013-05-29,13.65981388092041,13.738098577524333,13.48943055390934,13.507850771852397,330576400
2013-05-30,13.863349914550781,13.95299331713665,13.646302900055847,13.68130048714338,353519600
2013-05-31,13.806559562683105,14.03281591788291,13.799498069046543,13.891595882384504,384302800
2013-06-03,13.83695125579834,13.887298211854002,13.5839860016852,13.837257849545324,372352400
2013-06-04,13.79366397857666,13.950846556921235,13.734720921582127,13.91369952784485,292728800
2013-06-05,13.664728164672852,13.836953541529331,13.62174846890814,13.681305543752254,290589600
2013-06-06,13.46057415008545,13.722749535528667,13.325189225922971,13.675779205527228,416934000
2013-06-07,13.563420295715332,13.607320595513121,13.285894687076187,13.400405018670787,404535600
2013-06-10,13.473773956298828,13.786602874016388,13.40961224570749,13.653059981129632,450153200
2013-06-11,13.434176445007324,13.592587107748964,13.302782113428881,13.377076204357937,286112400
2013-06-12,13.26809024810791,13.54622988419276,13.246907400996493,13.492505462045168,265227200
2013-06-13,13.383825302124023,13.420050915140058,13.162480986232788,13.27760531218678,285832400
2013-06-14,13.202391624450684,13.393957828468794,13.154806462309494,13.366634909899949,271866000
2013-06-17,13.262253761291504,13.375842654331073,13.211906801411317,13.245062376381261,259414400
2013-06-18,13.255192756652832,13.351282848846873,13.207301827206544,13.24874608994339,195025600
2013-06-19,12.985960006713867,13.251818657943032,12.985960006713867,13.243836561587338,310940000
2013-06-20,12.79684829711914,13.077442273015642,12.745579913985347,12.872369560249947,357310800
2013-06-21,12.694311141967773,12.893859434996727,12.528533253717919,12.847502289230174,481118400
2013-06-24,12.357842445373535,12.54572458547621,12.220000671938317,12.507042944285383,480746000
2013-06-25,12.36060619354248,12.519015986350707,12.243947259771202,12.454854269580553,314162800
2013-06-26,12.220612525939941,12.426914015588123,12.14662589191592,12.399591106521159,367724000
2013-06-27,12.088912963867188,12.322537419127286,12.081545695843893,12.256841095617018,337246000
2013-06-28,12.173341751098633,12.288157877954529,11.9381817901821,12.014624496564304,578516400
2013-07-01,12.562919616699219,12.65655453003714,12.31732235707404,12.362451498074083,391053600
2013-07-02,12.847502708435059,12.94390022750176,12.570592758136641,12.585635529053413,469865200
2013-07-03,12.918417930603027,12.985343907960178,12.815574574853834,12.92025995254229,240928800
2013-07-05,12.814656257629395,12.994863758703369,12.75110853475753,12.905835136051758,274024800
2013-07-08,12.741893768310547,12.924557244258025,12.606815446446458,12.89723515008528,298138400
2013-07-09,12.966002464294434,13.001306653445996,12.598527712652436,12.697380426000095,352584400
2013-07-10,12.916269302368164,13.041217748967041,12.8401348500953,12.881579116664776,281405600
2013-07-11,13.117657661437988,13.147130009919433,12.929776358485014,12.984421365088947,326292400
2013-07-12,13.093711853027344,13.194406581710705,12.998543189538632,13.128709446157448,279563200
2013-07-15,13.122262001037598,13.245674998127368,13.04121550390529,13.047662989870451,241917200
2013-07-16,13.206997871398926,13.222653830886275,13.021878324039337,13.094022146150765,216538000
2013-07-17,13.210371971130371,13.269009262003385,13.146210253756314,13.191645976982372,198990400
2013-07-18,13.254886627197266,13.350361895671623,13.219582436170557,13.304619580269698,218878800
2013-07-19,13.045827865600586,13.323045315589685,13.027407638488807,13.296029802262195,268721600
2013-07-22,13.08757209777832,13.193178886971962,13.061784612680984,13.184276191605047,207796400
2013-07-23,12.8628511428833,13.107526886521459,12.854255041285516,13.07805535795556,369395600
2013-07-24,13.523510932922363,13.648765167215883,13.362337674531998,13.475005166631277,591936800
2013-07-25,13.461803436279297,13.550832865935,13.379221493932802,13.529343427623033,229493600
2013-07-26,13.53824520111084,13.539779809555784,13.334092271995877,13.363563804156206,200152400
2013-07-29,13.747001647949219,13.814540809377236,13.5139912131148,13.532410611790896,248057600
2013-07-30,13.916770935058594,14.03435045996124,13.791208495748206,13.813619351578847,309422400
2013-07-31,13.892518043518066,14.040183113931045,13.797349368925362,13.968040123553964,322957600
2013-08-01,14.019922256469727,14.02360630051092,13.914929460604123,13.991372964574168,206250800
2013-08-02,14.199823379516602,14.209340903892416,14.019310126497269,14.060754395432989,274783600
2013-08-05,14.411956787109375,14.449410413666609,14.18784985485225,14.265826324781424,318855600
2013-08-06,14.283020973205566,14.486866518650812,14.188465469775865,14.368058951711399,334857600
2013-08-07,14.274731636047363,14.336745566638461,14.17618549306649,14.238506017487445,298858000
2013-08-08,14.246301651000977,14.341790093680551,14.151739062835707,14.334373355378784,255777200
2013-08-09,14.043582916259766,14.229306719610596,14.018862101842988,14.173063937414899,266865200
2013-08-12,14.442532539367676,14.482395447247754,14.110949524681656,14.118057645251314,364434000
2013-08-13,15.128872871398926,15.286165807566656,14.463851909879098,14.553161382753533,881941200
2013-08-14,15.404826164245605,15.582514256582147,15.247224652369264,15.385667088363387,756372400
2013-08-15,15.386600494384766,15.525353266914665,15.113732474490998,15.340556966054821,490294000
2013-08-16,15.523188591003418,15.54203905679403,15.415957793920661,15.455820703280358,362306000
2013-08-19,15.690363883972168,15.875777330148159,15.574788891887781,15.585295109217629,510518400
2013-08-20,15.484245300292969,15.777818659272834,15.476519946166771,15.751242846947651,358688400
2013-08-21,15.5241117477417,15.672132917694713,15.488264185777718,15.562121286878591,335879600
2013-08-22,15.542648315429688,15.623922134536631,15.395553034123942,15.605071678421625,244207600
2013-08-23,15.48270320892334,15.554705304093607,15.431096316194491,15.55223305832105,222731600
2013-08-26,15.542962074279785,15.766386734713985,15.466632728184145,15.474358083191143,330965600
2013-08-27,15.098583221435547,15.52874565882978,15.027817261524145,15.38937406554267,424188800
2013-08-28,15.169970512390137,15.321393088338843,15.018549586805742,15.018549586805742,307608000
2013-08-29,15.19469165802002,15.343023088807753,15.177077321243528,15.193146917157769,239657600
2013-08-30,15.056253433227539,15.233322704966463,15.034003217258032,15.203966018891284,272297200
2013-09-03,15.098283767700195,15.469729778539902,15.060274210294914,15.237962413481794,331928800
2013-09-04,15.410701751708984,15.520406436382835,15.33622739970754,15.4375878410689,345032800
2013-09-05,15.305013656616211,15.472197216481723,15.254642886034919,15.458908482668264,236367600
2013-09-06,15.3961763381958,15.432022251721989,15.140614118980457,15.402975839288246,359525600
2013-09-09,15.641851425170898,15.695930570355824,15.558724213750628,15.605695238869894,340687200
2013-09-10,15.285545349121094,15.68140502905911,15.126707688149557,15.642776602427842,743195600
2013-09-11,14.453347206115723,14.638141813969545,14.363729115917474,14.43171422894511,898696400
2013-09-12,14.6072416305542,14.690986080797575,14.400812377634745,14.47776062650843,404051200
2013-09-13,14.366511344909668,14.580664306256006,14.360332379833253,14.503717706971077,298835600
2013-09-16,13.909772872924805,14.26484052173593,13.820156435647188,14.245991709924958,543706800
2013-09-17,14.070462226867676,14.20612379882479,13.828806026390888,13.84302061160599,399380800
2013-09-18,14.359710693359375,14.411317584456508,14.23548282276281,14.313356911771745,456862000
2013-09-19,14.595189094543457,14.704274893594086,14.500936772479529,14.545745821619045,404541200
2013-09-20,14.44407844543457,14.788329686973315,14.400505514296094,14.771334230384268,699302800
2013-09-23,15.16193675994873,15.355694484041784,14.913481010680716,15.33066340816366,762106800
2013-09-24,15.11434555053711,15.311192739690718,15.07479127191674,15.292961166447542,364344400
2013-09-25,14.880415916442871,15.13103364223644,14.877326434415915,15.117437940880633,316957200
2013-09-26,15.025348663330078,15.097659381540355,14.95365518142268,15.018550812176178,237221600
2013-09-27,14.918107986450195,14.977440199291857,14.855376025104906,14.949936894042871,228040400
2013-09-30,14.732704162597656,14.884433716352554,14.660391795135975,14.748154874305166,260156400
2013-10-01,15.07911205291748,15.115576838103568,14.783066517898222,14.785230144663506,353883600
2013-10-02,15.128555297851562,15.197776501067143,14.949013885062305,15.007109986809793,289184000
2013-10-03,14.93851089477539,15.214778561786593,14.8560025867636,15.157916913504033,322753200
2013-10-04,14.92677116394043,14.975286928928368,14.789873429282148,14.952419478519385,258868400
2013-10-07,15.0726318359375,15.224052792778997,14.998466098831233,15.035858410756658,312292400
2013-10-08,14.862183570861816,15.16193592796066,14.849822342666437,15.140302953436622,290917200
2013-10-09,15.036776542663574,15.07385856698961,14.779978284300698,14.976516809065437,301725200
2013-10-10,15.131035804748535,15.215707758833215,15.050689456192671,15.182952973281736,278602800
2013-10-11,15.228995323181152,15.26082425176311,14.992592169760778,15.049143557647811,267738800
2013-10-14,15.328810691833496,15.376400604934435,15.122074471677598,15.1369079485451,261898000
2013-10-15,15.410392761230469,15.512989323183014,15.312742341802323,15.374236574902632,320073600
2013-10-16,15.485478401184082,15.529359922392928,15.427382297171377,15.475589421715753,251101200
2013-10-17,15.590249061584473,15.598901925375099,15.441300317958376,15.450570418265823,253593200
2013-10-18,15.725905418395996,15.737339143390336,15.627636116856877,15.636288977732358,290542000
2013-10-21,16.11126708984375,16.20211969956632,15.80718728346076,15.814912643426451,398106800
2013-10-22,16.065210342407227,16.33035288957041,15.69932626911113,16.267312281215098,534063600
2013-10-23,16.22251319885254,16.244454803186077,16.038334101295693,16.038334101295693,313723200
2013-10-24,16.43728256225586,16.45458828826665,16.144946831644088,16.22374680301898,384764800
2013-10-25,16.253408432006836,16.478067576786014,16.227141233373903,16.419043946985298,337792000
2013-10-28,16.37455177307129,16.409163227692403,16.168432738072497,16.348593182105454,550440800
2013-10-29,15.966633796691895,16.664100906775715,15.900503694279152,16.57201222236023,635807200
2013-10-30,16.220651626586914,16.301615197886413,15.977140375715686,16.057178092648943,354163600
2013-10-31,16.15266990661621,16.300692776237007,16.108479738628716,16.223746167622988,275696400
2013-11-01,16.070171356201172,16.21757542879744,15.940690256290598,16.193471836157055,274890000
2013-11-04,16.27781867980957,16.27998230718459,16.032454093443068,16.103220056992665,244627600
2013-11-05,16.23764991760254,16.343954851152795,16.161939442595664,16.21076547863007,265213200
2013-11-06,16.191652297973633,16.31411884076806,16.107106808430252,16.29204913305607,223375600
2013-11-07,15.929620742797852,16.262206794678193,15.926202802059148,16.149999070427235,262620400
2013-11-08,16.18045425415039,16.198171431603647,15.9327241897602,15.994579100868902,279316800
2013-11-11,16.13352394104004,16.214960232150105,15.989299801364046,16.162741605026103,227452400
2013-11-12,16.163358688354492,16.284892244205878,16.069799446944632,16.090624142806785,204276800
2013-11-13,16.182636260986328,16.232990711631185,16.068561036870985,16.100887883704836,197220800
2013-11-14,16.416688919067383,16.45150078483321,16.221177406685154,16.250395071524423,282419200
2013-11-15,16.318157196044922,16.445595424284775,16.30261627260111,16.367578726996555,317920400
2013-11-18,16.120468139648438,16.386537957604347,16.107103477741916,16.318155907849377,244944000
2013-11-19,16.149051666259766,16.26809848521663,16.099940599692957,16.132888257263282,208938800
2013-11-20,16.00762939453125,16.176099408801704,15.986804702656123,16.139109643233475,193916800
2013-11-21,16.198488235473633,16.200664496018483,15.966300657342861,16.0884551079256,262026800
2013-11-22,16.15683937072754,16.23019479910715,16.117364555455598,16.14813598736039,223725600
2013-11-25,16.27930450439453,16.345510304258724,16.194138178841477,16.194759019027753,229311600
2013-11-26,16.579557418823242,16.664725371933717,16.287380842458397,16.2911092021568,401382800
2013-11-27,16.969961166381836,16.971204506524444,16.57956066160457,16.670012411979,363448400
2013-11-29,17.284210205078125,17.3544564373726,17.027466260142862,17.079374469227826,318127600
2013-12-02,17.13376235961914,17.5409453245503,17.12101854259456,17.344192210488103,472544800
2013-12-03,17.602802276611328,17.604668116392617,17.33424750809114,17.35351844583221,450968000
2013-12-04,17.56178092956543,17.692017927754264,17.431854351467617,17.577321854122427,377809600
2013-12-05,17.651918411254883,17.87695800913462,17.60560606345937,17.79956215610698,447580000
2013-12-06,17.406986236572266,17.61617450219753,17.39300073352194,17.586334335689205,344352400
2013-12-09,17.60622215270996,17.70413226277065,17.434334150159117,17.434334150159117,320493600
2013-12-10,17.578874588012695,17.65129874501992,17.44366423626151,17.517642153633602,278269600
2013-12-11,17.448625564575195,17.747332468726892,17.396719048181655,17.62393310484744,359718800
2013-12-12,17.423152923583984,17.572350464070706,17.407301577157632,17.47288654374667,262290000
2013-12-13,17.233224868774414,17.495874966912027,17.20960307613682,17.494942047202798,332822000
2013-12-16,17.328651428222656,17.488418107461722,17.25125725827967,17.25156767823933,282592800
2013-12-17,17.25063705444336,17.388954894879895,17.20059303428542,17.276124694523798,229902400
2013-12-18,17.11946678161621,17.14060356119842,16.747406008970373,17.086208682273593,565863200
2013-12-19,16.92333221435547,17.095530628046,16.90064167782226,17.07998971042043,320308800
2013-12-20,17.065074920654297,17.14557995330037,16.93452752014736,16.95348804312576,436413600
2013-12-23,17.71999168395996,17.73957304906964,17.492154964506895,17.65502756700784,501306400
2013-12-24,17.6447696685791,17.775627484810126,17.593792722256147,17.713772557137915,167554800
2013-12-26,17.527587890625,17.70165220171485,17.51142446773803,17.65813529394224,204008000
2013-12-27,17.409162521362305,17.543439950836596,17.390824497337054,17.525101926811345,225884400
2013-12-30,17.236032485961914,17.409163897651748,17.167650425545876,17.32741717324558,253629600
2013-12-31,17.43807029724121,17.446151179260376,17.219868222719175,17.225153664039848,223084400
2014-01-02,17.19282341003418,17.314046576309632,17.158321968248117,17.27208509413738,234684800
2014-01-03,16.81516456604004,17.210536656113828,16.798068229063727,17.18442818073142,392467600
2014-01-06,16.906858444213867,16.996065170939666,16.585772991992247,16.70544237418512,412610800
2014-01-07,16.785947799682617,16.96995711687796,16.720052447849163,16.918981843195432,317209200
2014-01-08,16.89225196838379,16.957524824552113,16.74398741708728,16.747715776868414,258529600
2014-01-09,16.676538467407227,16.99793440373875,16.640171185559247,16.996068563643938,279148800
2014-01-10,16.56525421142578,16.809564608650714,16.508372675354373,16.779414041334277,304976000
2014-01-13,16.651987075805664,16.862417028575017,16.4701522902071,16.471085210441046,378492800
2014-01-14,16.983327865600586,16.993895427047647,16.71197426844296,16.729381030826545,332561600
2014-01-15,17.324302673339844,17.41257815259254,17.147130874839704,17.204945354350272,391638800
2014-01-16,17.22764015197754,17.308455611266968,17.147755952910387,17.247844016799895,229278000
2014-01-17,16.80552864074707,17.159872185941982,16.78159476444884,17.141534168778257,426739600
2014-01-21,17.066625595092773,17.097707431332154,16.797758747623227,16.81547592547961,328526800
2014-01-22,17.142465591430664,17.322122367952755,17.027459159262843,17.12381549594409,379985200
2014-01-23,17.28762435913086,17.297571078693082,16.934213694685297,17.093668307667325,403239200
2014-01-24,16.97338104248047,17.270220621348397,16.932350817108006,17.219866174755026,429354800
2014-01-27,17.1110782623291,17.244734854372865,16.963436166932357,17.097713599124965,554878800
2014-01-28,15.743436813354492,16.007639151307806,15.605738123150006,15.813683048763144,1065523200
2014-01-29,15.564704895019531,15.770473498560632,15.49849912031516,15.66417042706354,502810000
2014-01-30,15.53455924987793,15.743437099492068,15.438825367138543,15.620348070255094,678501600
2014-01-31,15.560042381286621,15.588949619765627,15.340909112816625,15.391573970150823,464797200
2014-02-03,15.588947296142578,15.78166163727745,15.519634010121141,15.622517469372406,401464000
2014-02-04,15.81460952758789,15.835435885859566,15.627180603142115,15.72322653517152,376681200
2014-02-05,15.932726860046387,16.016339402040813,15.735661615345752,15.745297915575607,328344800
2014-02-06,16.025596618652344,16.05655390322464,15.87863217879532,15.948988277420598,257765200
2014-02-07,16.249794006347656,16.35141799806634,16.17787651678465,16.302951428159982,370280400
2014-02-10,16.540903091430664,16.634710085643857,16.197258617293638,16.217895688438414,345559200
2014-02-11,16.758848190307617,16.81481777106169,16.55684937102208,16.591558994365357,282256800
2014-02-12,16.757596969604492,16.871416487606744,16.67379789637947,16.78980503092832,308100800
2014-02-13,17.023698806762695,17.03683118771472,16.703817452680365,16.718200616100994,307398000
2014-02-14,17.00993537902832,17.0721622127994,16.923010188402603,16.962407323961397,272924400
2014-02-18,17.072479248046875,17.23507597434532,17.06059597851675,17.072791526209063,260251600
2014-02-19,16.80294418334961,17.100623807440662,16.708512587667503,17.03370776318485,313768000
2014-02-20,16.608444213867188,16.791367357705784,16.541215921435686,16.66597852652908,305858000
2014-02-21,16.423961639404297,16.71538728374595,16.403636841152693,16.659728297160957,278784800
2014-02-24,16.495880126953125,16.569988577482757,16.33547268804028,16.35829905268694,288909600
2014-02-25,16.32420539855957,16.559033418768653,16.29106051589546,16.553093457682586,231952000
2014-02-26,16.17694091796875,16.416147689151728,16.122220425671575,16.37268424148881,276217200
2014-02-27,16.499635696411133,16.534343663887554,16.136290836734457,16.17037424782923,301882000
2014-02-28,16.454912185668945,16.658472362969945,16.32608331015878,16.543714367415298,371968800
2014-03-03,16.5024471282959,16.592814077753967,16.3476657141624,16.366739730067895,238781200
2014-03-04,16.611263275146484,16.65504066696377,16.50276080496009,16.603760249343125,259140000
2014-03-05,16.64628028869629,16.72101160605472,16.545280874042867,16.60125379744614,200062800
2014-03-06,16.59593963623047,16.711322232122438,16.51307738468678,16.65972787251555,185488800
2014-03-07,16.586246490478516,16.634400778373802,16.44897604314599,16.60657128719004,220729600
2014-03-10,16.601261138916016,16.676618715695064,16.520586482748932,16.521212709121578,178584000
2014-03-11,16.76291275024414,16.845774991053453,16.653471802769754,16.742901903174047,279224400
2014-03-12,16.779172897338867,16.8023115351277,16.63502399333107,16.713509330905936,199326400
2014-03-13,16.59281349182129,16.874545146676073,16.546222262179253,16.80512922431908,257742800
2014-03-14,16.40644645690918,16.600312665970144,16.353601332475677,16.534647442934144,237199200
2014-03-17,16.470550537109375,16.571548287838528,16.442721047759154,16.50056931302054,199544800
2014-03-18,16.616260528564453,16.634083757159043,16.42239430032465,16.444282153523314,209647200
2014-03-19,16.61188507080078,16.767603291033854,16.54121670639808,16.643154628044524,224756000
2014-03-20,16.53183937072754,16.655977445813168,16.489626714015344,16.56904889746467,208398400
2014-03-21,16.662227630615234,16.68974484207982,16.4577305629171,16.632835080609887,374046400
2014-03-24,16.85984992980957,16.900811803900016,16.730708725152372,16.835772784363932,355700800
2014-03-25,17.041210174560547,17.064975044369035,16.87235786053161,16.932083148192394,282293200
2014-03-26,16.878299713134766,17.166599266329765,16.849533382406044,17.08905241273348,299768000
2014-03-27,16.805761337280273,16.932088753938483,16.73259303460367,16.88580978162132,222031600
2014-03-28,16.7869930267334,16.852032049211964,16.705381552998578,16.832645754710367,200564000
2014-03-31,16.783235549926758,16.91049970008221,16.757905961170078,16.861094644480524,168669200
2014-04-01,16.936769485473633,16.943649623704502,16.78417737115714,16.81513298338666,200760000
2014-04-02,16.96491050720215,16.9939907795014,16.893305304726013,16.959595099672086,180420800
2014-04-03,16.847347259521484,16.963354448560416,16.811388504388542,16.92864647630002,162344000
2014-04-04,16.62940216064453,16.885181414213,16.590629561394348,16.879241448000027,275251200
2014-04-07,16.368305206298828,16.60063350085774,16.318901794477497,16.510578816254952,289850400
2014-04-08,16.367366790771484,16.45116755377011,16.219151559813312,16.422087276243147,243888400
2014-04-09,16.582490921020508,16.5878063277547,16.322959465730715,16.342345754382055,206169600
2014-04-10,16.368610382080078,16.64252496725975,16.35891640385108,16.5937444680268,239652000
2014-04-11,16.247610092163086,16.348295602459046,16.17037550686814,16.22853440204797,271717600
2014-04-14,16.31232452392578,16.327332236219405,16.172552574302532,16.319202989146373,205674000
2014-04-15,16.196008682250977,16.31107730975395,15.988696115961693,16.268240104971984,266490000
2014-04-16,16.228845596313477,16.2938846208117,16.076565738944012,16.19882681426659,214765600
2014-04-17,16.41426658630371,16.502445912311362,16.23478348313016,16.259799131633958,284334400
2014-04-21,16.609073638916016,16.639403026424333,16.383623855821618,16.426775016113158,182548800
2014-04-22,16.62564468383789,16.6297093090419,16.4630463161863,16.51964213080794,202563200
2014-04-23,16.408321380615234,16.60781693886318,16.398939680455044,16.543090221488843,394940000
2014-04-24,17.753515243530273,17.823245123131343,17.53338250909948,17.767273852545344,759911600
2014-04-25,17.883907318115234,17.88546870899773,17.634382025661196,17.65220359089971,390275200
2014-04-28,18.576507568359375,18.62841420089354,17.902975467637415,17.91079410977379,669485600
2014-04-29,18.521472930908203,18.63560473155628,18.433295281195413,18.565562590732778,337377600
2014-04-30,18.451431274414062,18.743483112524768,18.4423635197314,18.53116739791087,456640800
2014-05-01,18.494903564453125,18.598715201440978,18.334806699046137,18.511162071614933,244048000
2014-05-02,18.52928924560547,18.57994676334374,18.439548538641994,18.52178622179805,191514400
2014-05-05,18.791324615478516,18.792577067860385,18.44861857513225,18.452997148659268,287067200
2014-05-06,18.586515426635742,18.899202691226048,18.586515426635742,18.817591223321468,374564400
2014-05-07,18.521472930908203,18.676566600575182,18.377636302256203,18.612778371426664,282864400
2014-05-08,18.488460540771484,18.69032819546097,18.438465500214676,18.49663519673785,230297200
2014-05-09,18.411422729492188,18.43374685994674,18.2476004885847,18.379978518362247,291597600
2014-05-12,18.640647888183594,18.66674532721783,18.46990873923527,18.472739978036618,213208800
2014-05-13,18.66988754272461,18.694413189027944,18.573672449907363,18.614547407570456,159737200
2014-05-14,18.67335319519043,18.784349204933243,18.606379098295328,18.628075192668486,166404000
2014-05-15,18.51456069946289,18.759190841657766,18.490035048696082,18.69944934547975,230846000
2014-05-16,18.78779411315918,18.788422157515726,18.407012834900573,18.50857466025869,276256400
2014-05-19,19.010421752929688,19.09657637550028,18.782140970415917,18.798491960767148,317755200
2014-05-20,19.014198303222656,19.067336931852825,18.88905283615039,19.007909459706667,234836000
2014-05-21,19.064502716064453,19.076764698477987,18.930868602330317,18.986522754774764,196859600
2014-05-22,19.094688415527344,19.17581364142071,18.995014043593443,19.073622053307673,200760000
2014-05-23,19.310392379760742,19.329258907478913,19.06953558664843,19.094061233050194,232209600
2014-05-27,19.671993255615234,19.67922416512043,19.357557844279913,19.365418477673742,348866000
2014-05-28,19.62105369567871,19.804054809016414,19.613821107195403,19.684254461909912,315481600
2014-05-29,19.978557586669922,20.025409023423297,19.73927268958264,19.741788225505815,376474000
2014-05-30,19.903724670410156,20.254947588584457,19.774805961851545,20.06031259730538,564020800
2014-06-02,19.766956329345703,19.961277406540642,19.57357899854617,19.93392219518627,369350800
2014-06-03,20.04648208618164,20.084215137657168,19.754372516211927,19.76097538040426,292709200
2014-06-04,20.275394439697266,20.3719269204891,20.0015216237484,20.043342009964626,335482000
2014-06-05,20.35494041442871,20.418456871153325,20.20589907559262,20.3187808368417,303805600
2014-06-06,20.298974990844727,20.47789046356144,20.264388875473863,20.435126333922945,349938400
2014-06-09,20.623790740966797,20.66340961768145,20.194587642611467,20.403686243499642,301660000
2014-06-10,20.744840621948242,20.920924821479147,20.595169556125985,20.850491477519462,251108000
2014-06-11,20.659000396728516,20.857094704839334,20.57315980975773,20.718427849530055,182724000
2014-06-12,20.31344223022461,20.716233823111896,20.227601619184874,20.698625062061726,218996000
2014-06-13,20.091136932373047,20.346458938608432,20.003094803351743,20.293632653637285,218100000
2014-06-16,20.293628692626953,20.414686806310517,20.128550362656785,20.141757770953657,142244000
2014-06-17,20.26721954345703,20.40368323704997,20.205590561929405,20.31784263002738,118904000
2014-06-18,20.289226531982422,20.313438153751683,20.106539451092022,20.30903512474079,134056000
2014-06-19,20.21879768371582,20.315644192359667,20.1043424136342,20.313442677363962,142112000
2014-06-20,20.00969696044922,20.370668135020455,20.007495445688832,20.216594007804506,403592000
2014-06-23,19.992090225219727,20.16597296509466,19.941465456187217,20.099940949706845,174776000
2014-06-24,19.871030807495117,20.19238312449497,19.85122221171569,19.974480174602263,156144000
2014-06-25,19.88864517211914,19.963479905169727,19.73237115963326,19.85562915725271,147476000
2014-06-26,20.007495880126953,20.040511885194682,19.765381308403235,19.890840784249583,130516000
2014-06-27,20.24520492553711,20.24960627498185,19.978877104386076,19.989882996893066,256116000
2014-06-30,20.454307556152344,20.630391796040197,20.269418936343722,20.271620451139857,197929200
2014-07-01,20.584163665771484,20.705221762867726,20.498323080289925,20.584163665771484,152892000
2014-07-02,20.575363159179688,20.703022454224964,20.489520885289323,20.661203753806497,113860000
2014-07-03,20.696422576904297,20.71182982228496,20.51373546791654,20.617184835156927,91567200
2014-07-07,21.123424530029297,21.127825880193875,20.71182860019772,20.720632979790572,225872000
2014-07-08,20.98696517944336,21.306117733904642,20.672215655672126,21.189460930316887,260888000
2014-07-09,20.995765686035156,21.119023654377926,20.85710047164954,21.006771581464562,145744000
2014-07-10,20.918724060058594,21.030977783281177,20.584164404761648,20.63699067408018,158744000
2014-07-11,20.95834732055664,21.10581690834152,20.87910957921412,20.989161811160532,136072000
2014-07-14,21.229074478149414,21.325920977835604,21.05299191784988,21.0992136529009,171240000
2014-07-15,20.980361938476562,21.317121571899207,20.916531428722756,21.306117353898717,181911600
2014-07-16,20.861495971679688,21.372138142087117,20.852691593658115,21.343525172964554,213585200
2014-07-17,20.489519119262695,20.97154832389981,20.375065562713086,20.916522220329853,229192000
2014-07-18,20.784465789794922,20.852697640167566,20.47411767178277,20.60618170113664,199952000
2014-07-21,20.676616668701172,20.90992689458149,20.628193411420952,20.907725379451293,156316000
2014-07-22,20.848291397094727,20.88570874630787,20.716229077995486,20.83948701858631,220788000
2014-07-23,21.39194679260254,21.543817684000295,20.947334972128868,21.00236107114944,371672000
2014-07-24,21.356733322143555,21.42056381059056,21.22246948080047,21.358934836714443,182916000
2014-07-25,21.497602462768555,21.5350198183936,21.270895134934268,21.317116870576463,173876000
2014-07-28,21.79474449157715,21.84316774501699,21.47119232218743,21.530619791877495,221272000
2014-07-29,21.653879165649414,21.887191067422844,21.625266186426334,21.862979439132545,172572000
2014-07-30,21.603252410888672,21.724308852553776,21.497601534508643,21.667082903808982,132040000
2014-07-31,21.041988372802734,21.449181333090245,20.982560900890828,21.385352510366474,227372000
2014-08-01,21.15864372253418,21.26649613019223,20.868105866977896,20.887916144017446,194044000
2014-08-04,21.039779663085938,21.257684237198365,20.94733621427281,21.2114625127918,159832000
2014-08-05,20.936344146728516,21.059602149982386,20.769064228552296,20.98916876537098,223732000
2014-08-06,20.9011173248291,21.0155725734907,20.846091215081998,20.854895594153167,154232000
2014-08-07,20.898910522460938,21.22407207455454,20.81485370872445,20.998449532013733,186844000
2014-08-08,20.956418991088867,20.974115338243607,20.63346824978939,20.850244283393547,167460000
2014-08-11,21.232921600341797,21.252830416089427,20.978542052652728,21.073657824828054,146340000
2014-08-12,21.228496551513672,21.42978703183734,21.148864670528113,21.243980434615494,135180000
2014-08-13,21.50941276550293,21.50941276550293,21.24397436315695,21.26830641359389,127664000
2014-08-14,21.56692886352539,21.58241274494839,21.4120900492954,21.52932539258618,112464000
2014-08-15,21.67310333251953,21.71955497266625,21.425359564120686,21.655406987430396,195804000
2014-08-18,21.934120178222656,21.980571821889747,21.67310497503388,21.78591538638976,190288000
2014-08-19,22.237157821655273,22.27033804293212,21.969506961890037,21.98941576970261,277596000
2014-08-20,22.24601173400879,22.36103461815319,22.1088675715604,22.217256434876838,210796000
2014-08-21,22.24822235107422,22.32785422102663,22.1442584271021,22.246009885904304,133912000
2014-08-22,22.411909103393555,22.445089330135502,22.161954545488225,22.184074134110713,176736000
2014-08-25,22.4605770111084,22.59993196186276,22.4030647208661,22.515876835829186,161080000
2014-08-26,22.31679344177246,22.45172512680494,22.310157733921102,22.43402878079035,132608000
2014-08-27,22.591075897216797,22.688404094769812,22.27476094278564,22.34554462620161,209476000
2014-08-28,22.61762237548828,22.734857703112795,22.464994359274183,22.47163006648066,273840000
2014-08-29,22.67292594909668,22.761405997640857,22.60656549078441,22.752557824024784,178380000
2014-09-02,22.84988784790039,22.947214390118287,22.721591851776015,22.796798802017875,214256000
2014-09-03,21.885454177856445,22.827761761005046,21.805822313419053,22.80564217368718,501684000
2014-09-04,21.704076766967773,22.13983798730351,21.63108059010311,21.865551317177346,342872000
2014-09-05,21.8920841217041,21.984987376550066,21.746091846132536,21.854480664402054,233828000
2014-09-08,21.75715446472168,21.96729303950473,21.688583249551304,21.965082262484817,185426800
2014-09-09,21.67531967163086,22.801225024482868,21.266101290236954,21.91642779439149,759385200
2014-09-10,22.341121673583984,22.36545372328728,21.624436658765894,21.679736464888627,403478400
2014-09-11,22.436243057250977,22.438455522585528,22.03587290014305,22.21062053400772,249412400
2014-09-12,22.48712158203125,22.604356940668357,22.358825583379925,22.387580884753476,250504400
2014-09-15,22.480484008789062,22.794588293987132,22.438457289822104,22.741499247476163,245266000
2014-09-16,22.310157775878906,22.39863781850182,21.87439495824464,22.075687097402174,267632400
2014-09-17,22.46942138671875,22.518085494264177,22.250432902764334,22.40084846807909,243706000
2014-09-18,22.515872955322266,22.639744001310874,22.46499638279613,22.546840716819418,149197600
2014-09-19,22.332284927368164,22.639751871702465,22.23053343455984,22.62648045148047,283609600
2014-09-22,22.354398727416992,22.593294355172564,22.24822401793668,22.518087409925393,211153600
2014-09-23,22.703889846801758,22.770250293813806,22.23937178056621,22.25264319492211,253608800
2014-09-24,22.50702667236328,22.75034554210876,22.385366393682258,22.597719186946694,240687200
2014-09-25,21.648767471313477,22.276972422912124,21.615587252012748,22.23273325558852,400368000
2014-09-26,22.285825729370117,22.285825729370117,21.766007799260457,21.794763095885465,249482000
2014-09-29,22.144258499145508,22.217254661442112,21.816882845207576,21.821307775561802,199065200
2014-09-30,22.285825729370117,22.460573349513894,22.23716162153053,22.299097145102206,221056400
2014-10-01,21.938541412353516,22.27255274827308,21.832365031109777,22.2504314734524,205965200
2014-10-02,22.09780502319336,22.168588714441604,21.686374290432838,21.95844841807415,191031200
2014-10-03,22.035869598388672,22.16637634409071,21.90757363007335,21.996053666415516,173878400
2014-10-06,22.035869598388672,22.263704552828727,21.991628736409428,22.108864067325857,148204800
2014-10-07,21.843429565429688,22.14647319580346,21.839006322246235,21.993845147916552,168376800
2014-10-08,22.296884536743164,22.36545576255045,21.7460972024568,21.845637875123444,229618800
2014-10-09,22.34554672241211,22.646377827054653,22.25485591059785,22.46057127351347,309506000
2014-10-10,22.281402587890625,22.568960618296444,22.186286836940162,22.272554414823553,265326400
2014-10-13,22.077898025512695,22.51366084611878,22.077898025512695,22.414121852249448,214333600
2014-10-14,21.843429565429688,22.234951560405566,21.80361362631209,22.206196260671543,254754400
2014-10-15,21.575777053833008,21.93190801445873,21.053746640280394,21.67089280768242,403734400
2014-10-16,21.292638778686523,21.615589458439196,21.104619766944957,21.135587524755746,288618000
2014-10-17,21.604530334472656,21.89872574189165,21.414298844533786,21.566926867014505,272718800
2014-10-20,22.06683349609375,22.111072662714463,21.726186512742974,21.74830609605333,310069200
2014-10-21,22.666292190551758,22.78795079110063,22.400852022085964,22.78795079110063,378495600
2014-10-22,22.78131675720215,23.02906059512874,22.695049160202593,22.748136522752283,273052400
2014-10-23,23.188316345214844,23.236980447217046,22.92287624909817,23.022416917998015,284298800
2014-10-24,23.274587631225586,23.334310692015187,23.121959593761645,23.26573945784629,188215600
2014-10-27,23.250253677368164,23.33209800872961,23.159561173350102,23.19274139890833,136750800
2014-10-28,23.610807418823242,23.610807418823242,23.30334059703112,23.314401234552527,192243600
2014-10-29,23.743528366088867,23.750165761656557,23.52675403080546,23.590902020361376,210751600
2014-10-30,23.663896560668945,23.745739203278195,23.42500096510478,23.65947163059386,162619200
2014-10-31,23.889522552490234,23.898370726319964,23.714774916490434,23.89173501785182,178557200
2014-11-03,24.19919776916504,24.39827742742393,23.89173095326043,23.938182592251454,209130400
2014-11-04,24.022239685058594,24.219106894617397,23.827584940667993,24.190351597896562,166297600
2014-11-05,24.07975196838379,24.17708018439648,23.918275763418777,24.132839319110506,149743600
2014-11-06,24.14862823486328,24.16862338119863,23.94868694111885,24.126412723884435,139874000
2014-11-07,24.217491149902344,24.286359721451895,24.1152984745618,24.159729482993576,134766000
2014-11-10,24.1774959564209,24.28857514207576,24.14194980344309,24.21970489441472,108782000
2014-11-11,24.370779037475586,24.38188763692399,24.081974096094473,24.148620607981975,109769200
2014-11-12,24.715118408203125,24.755106982189034,24.297461287076636,24.299681650401418,187769600
2014-11-13,25.06391143798828,25.203870624378602,24.792877909955543,24.83731060836574,238091600
2014-11-14,25.366046905517578,25.36826896416269,24.706236167451003,25.137224018160428,176254400
2014-11-17,25.323837280273438,26.05473866985269,25.170549126303122,25.38604136535521,186986800
2014-11-18,25.652629852294922,25.70150496983271,25.301619185372655,25.31272778297089,176896000
2014-11-19,25.474905014038086,25.712614450036654,25.281628277952546,25.6459679425684,167476800
2014-11-20,25.839244842529297,25.96143264939731,25.514893758311,25.52822441583655,173582000
2014-11-21,25.874792098999023,26.119166028154957,25.77704184936294,26.105837064998862,228717200
2014-11-24,26.35465431213379,26.385756357177357,25.908117081893543,25.95921257235041,189803200
2014-11-25,26.125829696655273,26.603470635783534,26.092505594867866,26.452402843290276,275361600
2014-11-26,26.43685531616211,26.459070821978717,26.176930338745453,26.201367903624057,163073200
2014-11-28,26.42129898071289,26.52571370148673,26.225800195922673,26.49683202429067,99257600
2014-12-01,25.56376838684082,26.492390616282297,24.719565743736144,26.394640372677667,335256000
2014-12-02,25.466018676757812,25.714836713448708,25.048361463856086,25.21498027625424,237395600
2014-12-03,25.754825592041016,25.848131721271486,25.572655756190667,25.714837008808782,172253600
2014-12-04,25.657072067260742,26.03696271196417,25.612641067094522,25.719276145467056,168178000
2014-12-05,25.548221588134766,25.788153119398906,25.46824441104672,25.76815797765967,153275600
2014-12-08,24.97060775756836,25.470464222797972,24.797324454144917,25.348276408879233,230659600
2014-12-09,25.352724075317383,25.392712665930443,24.293027271538527,24.479641259377658,240832000
2014-12-10,24.870630264282227,25.514889913072874,24.779546208744577,25.417141377243926,178261200
2014-12-11,24.79732322692871,25.28162864595812,24.73511744614499,24.939504478851635,165606800
2014-12-12,24.3774471282959,24.852866069148813,24.344123022268285,24.539621845397473,224112400
2014-12-15,24.044206619262695,24.792879412298987,23.626547703569145,24.59293649467274,268872400
2014-12-16,23.715410232543945,24.47297122309571,23.60655308638596,23.630990647044673,243162800
2014-12-17,24.306352615356445,24.401879105162966,23.730961448215787,23.797609649638282,213647200
2014-12-18,25.02614402770996,25.02614402770996,24.584049287550634,24.852860747392942,236024800
2014-12-19,24.832866668701172,25.157217742212282,24.80620874439849,24.939503450714348,353719200
2014-12-22,25.090574264526367,25.212760387172455,24.875080310757774,24.917290955909994,180670000
2014-12-23,25.001707077026367,25.177212420192507,24.983933997859996,25.154996918701602,104113600
2014-12-24,24.88396453857422,25.039474751099554,24.88396453857422,25.010594767326047,57918400
2014-12-26,25.323837280273438,25.441580969168825,24.883964567232773,24.903958011037258,134884000
2014-12-29,25.306066513061523,25.49712119550557,25.2594117531769,25.27940689240377,110395600
2014-12-30,24.997268676757812,25.308290853565016,24.906184591333524,25.246086757190476,119526000
2014-12-31,24.5218448638916,25.132780495832957,24.484078340701245,25.06391193061123,165613600
2015-01-02,24.288583755493164,24.75733822078495,23.848709278537115,24.746229620306494,212818400
2015-01-05,23.60433006286621,24.137510563273064,23.41771781993756,24.05753340346533,257142000
2015-01-06,23.606555938720703,23.866480902659614,23.244436602442416,23.66876002975555,263188400
2015-01-07,23.93756675720215,24.037537355708736,23.70429976744142,23.815378963530524,160423600
2015-01-08,24.85730743408203,24.915069102408545,24.148621476140704,24.26636687175016,237458000
2015-01-09,24.88396453857422,25.1594404985909,24.48407871360307,25.03058821110751,214798000
2015-01-12,24.27081298828125,25.021708011060305,24.170842354175225,25.01504352811119,198603200
2015-01-13,24.486297607421875,25.059466650818983,24.19527066376859,24.755109051433546,268367600
2015-01-14,24.393001556396484,24.54628975362334,24.104194857093386,24.224160638576148,195826400
2015-01-15,23.730972290039062,24.4507653975523,23.695427809326468,24.437436429151944,240056000
2015-01-16,23.546571731567383,23.899804519790266,23.371066366906675,23.777616704224478,314053200
2015-01-20,24.153064727783203,24.208604335161315,23.659872743076072,23.957564225054288,199599600
2015-01-21,24.337448120117188,24.672906011016735,24.053084006040198,24.20415175307678,194303600
2015-01-22,24.97060775756836,24.986158779800352,24.37522310007527,24.495188855122496,215185600
2015-01-23,25.099454879760742,25.27051608905417,24.77732420715968,24.94838711138706,185859200
2015-01-26,25.12611961364746,25.40603972695871,25.059473097577246,25.268300881851875,222460000
2015-01-27,24.246366500854492,24.98837640334662,24.2219289424083,24.97504574741797,382274800
2015-01-28,25.617082595825195,26.24134880447562,25.617082595825195,26.13248997647666,585908400
2015-01-29,26.414634704589844,26.47906084545902,25.672624750212208,25.84146561266473,337745600
2015-01-30,26.028079986572266,26.659009053947294,25.959209727294347,26.30355593888149,334982000
2015-02-02,26.35465431213379,26.474620069416556,25.788151324610777,26.225803709068003,250956400
2015-02-03,26.359094619750977,26.456843163643637,26.128049679300354,26.325770520611485,207662800
2015-02-04,26.56125831604004,26.772309817405812,26.283560310243587,26.325770949503564,280598800
2015-02-05,26.750844955444336,26.8155253737393,26.59695010841068,26.76868647989312,168984800
2015-02-06,26.525577545166016,26.819983953766112,26.418519895846156,26.768685106844938,174826400
2015-02-09,26.7017765045166,26.728539641570595,26.414060869820496,26.44082570849816,155559200
2015-02-10,27.214752197265625,27.24374786000545,26.799908323654723,26.802137450309015,248034000
2015-02-11,27.852636337280273,27.861557949851104,27.32181315149291,27.382031909316506,294247200
2015-02-12,28.20503044128418,28.43252729217205,28.006529254667925,28.115816023320768,297898000
2015-02-13,28.34331703186035,28.387923396573573,28.024376589451972,28.387923396573573,217088800
2015-02-17,28.510589599609375,28.744777236769618,28.307626753854027,28.434756747894973,252609600
2015-02-18,28.70909309387207,28.72247466222771,28.4258374184376,28.465983825128166,179566800
2015-02-19,28.648866653442383,28.778227459292257,28.622103522317094,28.655557436223706,149449600
2015-02-20,28.883054733276367,28.883054733276367,28.559654414981676,28.686782693154175,195793600
2015-02-23,29.663684844970703,29.663684844970703,28.918748012259847,28.999040829173126,283896400
2015-02-24,29.478565216064453,29.797507356812893,29.255529991547135,29.650303291852076,276912400
2015-02-25,28.724702835083008,29.351434625982066,28.58196043861869,29.342511311876507,298846800
2015-02-26,29.08824920654297,29.18861436185984,28.238485673214807,28.724700756115052,365150000
2015-02-27,28.651103973388672,29.121708392752836,28.602035955957554,28.994576692159352,248059200
2015-03-02,28.791614532470703,29.05702697772314,28.615418213446564,28.827300982962022,192386800
2015-03-03,28.851835250854492,28.887521701665655,28.568579577817705,28.762622527073855,151265200
2015-03-04,28.668941497802734,28.8964383419141,28.619876887550163,28.79384406150389,126665200
2015-03-05,28.193876266479492,28.715777740280956,28.048903067660213,28.67786217029503,226068400
2015-03-06,28.236255645751953,28.854062393731382,28.160424495428032,28.637717980030118,291368400
2015-03-09,28.3566951751709,28.898672480540206,27.892781551054448,28.539583970998255,354114000
2015-03-10,27.770109176635742,28.374534276251815,27.61175441193544,28.19387633513038,275426400
2015-03-11,27.263826370239258,27.828105236740377,27.234832402571282,27.82364528080061,275756000
2015-03-12,27.756731033325195,27.85709789818275,27.127771813054192,27.279435822987377,193450800
2015-03-13,27.56492042541504,27.96861530732183,27.33965609143995,27.74558010024849,207309200
2015-03-16,27.868244171142578,27.868244171142578,27.404332304778652,27.62959660422218,143497200
2015-03-17,28.334392547607422,28.396842132527716,28.024373749879125,28.080132550932753,204092400
2015-03-18,28.65333366394043,28.80722850316116,28.184960063870278,28.32547163340424,261083600
2015-03-19,28.43698501586914,28.827296574910484,28.414681838534307,28.715778986612957,183238000
2015-03-20,28.08013916015625,28.637725600308126,27.915093546645313,28.604271673100747,274780400
2015-03-23,28.372312545776367,28.51505496259027,28.2184176863642,28.352240191048086,150838800
2015-03-24,28.256330490112305,28.557425973040104,28.227334824603673,28.376769704257562,131369200
2015-03-25,27.518081665039062,28.285323278086906,27.518081665039062,28.22287369593157,206620800
2015-03-26,27.709897994995117,27.85264041377287,27.344120334174143,27.37980678968051,190291600
2015-03-27,27.489089965820312,27.812490343592277,27.41325881028015,27.783496378525207,158184800
2015-03-30,28.184955596923828,28.191646379895,27.65636162109748,27.667514060465003,188398800
2015-03-31,27.752267837524414,28.211719769136778,27.73665544280817,28.122505355776788,168362400
2015-04-01,27.712125778198242,27.906167030034535,27.455634937713125,27.839255784125836,162485600
2015-04-02,27.950767517089844,28.00429548158997,27.698738386846077,27.886087113408173,128880400
2015-04-06,28.40353012084961,28.439216566790897,27.72996461913009,27.761189408517016,148776000
2015-04-07,28.104660034179688,28.57526264031402,28.09796925186649,28.468206720056518,140049200
2015-04-08,28.013227462768555,28.191656345985603,27.87271586583129,28.068986276070888,149316800
2015-04-09,28.227336883544922,28.231798540851795,27.803571327071094,28.06898208162467,129936000
2015-04-10,28.34777069091797,28.372304696547733,27.937386781517116,28.091279896730754,160752000
2015-04-13,28.29201889038086,28.675641464002826,28.23849091105807,28.631031694923568,145460400
2015-04-14,28.169347763061523,28.390152144972614,28.082364167107954,28.325471729741363,102098400
2015-04-15,28.276405334472656,28.354467322293967,28.10466896126578,28.193883390900293,115881600
2015-04-16,28.140357971191406,28.347780828295047,28.126976400289227,28.164891985594714,113476000
2015-04-17,27.82364273071289,28.133661539638638,27.758962314959685,28.002071581178537,207828000
2015-04-20,28.459293365478516,28.575270929671763,27.91731771978738,28.006532146964158,188217200
2015-04-21,28.305397033691406,28.5931109339447,28.25186736244214,28.570809456692718,129740400
2015-04-22,28.68678855895996,28.74254736328277,28.173808580164312,28.32324176735976,150618000
2015-04-23,28.920970916748047,29.08824729905585,28.579727369099857,28.615413814104734,183083600
2015-04-24,29.05702781677246,29.135091504070484,28.82284015812573,29.10386670980074,178103600
2015-04-27,29.585607528686523,29.692666837426813,29.251054846176327,29.509776404096556,387816800
2015-04-28,29.119478225708008,30.007157462025948,28.898675532596673,29.98931763900977,475696000
2015-04-29,28.691247940063477,29.349201098226022,28.615416788979697,29.030262396360513,253544400
2015-04-30,27.91285514831543,28.691247506698144,27.785725154530155,28.691247506698144,332781600
2015-05-01,28.76038932800293,29.023572642555443,27.94631218188357,28.12473932691889,234050400
2015-05-04,28.704622268676758,29.121700300951307,28.606486261082747,28.883051064007123,203953200
2015-05-05,28.057832717895508,28.648874718271387,28.05337106036978,28.581963468375665,197085600
2015-05-06,27.881637573242188,28.269718438667415,27.513629063893326,28.227341195896496,288564000
2015-05-07,28.054086685180664,28.23773942450763,27.776366574993446,27.944341703965602,175763600
2015-05-08,28.58264923095703,28.58264923095703,28.244458818255232,28.372119850916896,222201600
2015-05-11,28.29149055480957,28.569208952019615,28.136952891723745,28.531135000130202,168143200
2015-05-12,28.19070053100586,28.416905759089452,27.95553471752493,28.130228540690876,192640000
2015-05-13,28.222057342529297,28.48633823858761,28.190702126787727,28.25341255827087,138776800
2015-05-14,28.880525588989258,28.880525588989258,28.47962641777774,28.53561813214859,180814000
2015-05-15,28.8402099609375,29.001466353639586,28.714789081605353,28.907400694140478,152832000
2015-05-18,29.158241271972656,29.276943414923643,28.748381575241645,28.75286186859711,203531600
2015-05-19,29.131370544433594,29.312783150651594,29.035063019457528,29.270228901299124,178532800
2015-05-20,29.129119873046875,29.335168907717343,28.96786351244182,29.11568241257345,145819600
2015-05-21,29.427005767822266,29.480759044817898,29.07761801100838,29.131371288004015,158921600
2015-05-22,29.684560775756836,29.78086828529664,29.42923873802828,29.474034835932816,182384000
2015-05-26,29.030576705932617,29.767429421751487,28.91859330136727,29.69800025771494,282790400
2015-05-27,29.572574615478516,29.621847584620834,29.12688287295774,29.191831740938717,183332800
2015-05-28,29.51434326171875,29.55241720585741,29.362047485164112,29.532261014983177,122933200
2015-05-29,29.17840003967285,29.440440835950447,29.093291545724245,29.39116785708155,203538000
2015-06-01,29.23662567138672,29.426998825554183,29.12688412242206,29.17839553147613,128451200
2015-06-02,29.106735229492188,29.263511351232445,28.963396572834935,29.08433717604509,134670400
2015-06-03,29.14256477355957,29.32621922681494,29.093291794269735,29.263508783621116,123934000
2015-06-04,28.97235107421875,29.245590897273896,28.871566677919382,29.02162405329183,153800400
2015-06-05,28.813325881958008,29.046253255036365,28.74837701718272,29.003699018562706,142507200
2015-06-08,28.62295913696289,28.938753160748476,28.405711056837685,28.869320578651514,210699200
2015-06-09,28.53785514831543,28.685674087079356,28.134715850173816,28.37659874556621,224301600
2015-06-10,28.86484718322754,28.967870014957672,28.63415990468766,28.649837515002858,156349200
2015-06-11,28.799896240234375,29.156002709304314,28.775259750190756,28.932035860712467,141563600
2015-06-12,28.48186492919922,28.741667304738165,28.468427464509798,28.7103120813085,147544800
2015-06-15,28.425872802734375,28.497542127925186,28.15487311345877,28.24222005013721,175955600
2015-06-16,28.578170776367188,28.634162490940295,28.302692497557157,28.450509735489767,125976400
2015-06-17,28.5109806060791,28.640880080067706,28.385558008504255,28.605046272711647,131672400
2015-06-18,28.640878677368164,28.737184486222425,28.493061452575215,28.495301599403838,141628800
2015-06-19,28.354202270507812,28.627442095144573,28.30940958494469,28.602805605465427,218867600
2015-06-22,28.58041000366211,28.681194403157793,28.461707845984066,28.553533366388574,136157200
2015-06-23,28.45050621032715,28.580407382136904,28.416910843999617,28.551292309309744,121075600
2015-06-24,28.692392349243164,29.07089686012433,28.47066565345941,28.490821849107295,221123600
2015-06-25,28.555770874023438,28.93651380218456,28.555770874023438,28.860365900044858,127752400
2015-06-26,28.387798309326172,28.66551672558404,28.334046743634982,28.593847401751965,176267200
2015-06-29,27.890588760375977,28.325084952600964,27.879391444237662,28.098877978339047,196645600
2015-06-30,28.092153549194336,28.246691175648472,27.964492551737294,28.12350876199214,177482800
2015-07-01,28.354202270507812,28.430351886442832,28.217582358189432,28.421393007583923,120955200
2015-07-02,28.31836700439453,28.37435871282857,28.168307927155485,28.316126857612392,108844000
2015-07-06,28.219823837280273,28.271336965967965,27.96226161130483,27.98241951687184,112241600
2015-07-07,28.150392532348633,28.253417073210287,27.72037490296042,28.195185216642784,187787200
2015-07-08,27.451616287231445,27.9152275908007,27.444897555238352,27.879393783927053,243046400
2015-07-09,26.891695022583008,27.78532212315735,26.701323574312646,27.7382892977304,314380000
2015-07-10,27.61063003540039,27.73829105786891,27.147018773937745,27.31051530875665,245418000
2015-07-13,28.143672943115234,28.166069284579958,27.843556499547745,28.002572745297982,165762000
2015-07-14,28.132478713989258,28.3026940138555,28.00481766627248,28.228784536563783,127072400
2015-07-15,28.40347671508789,28.47738618793802,28.125758291061004,28.157113514318965,134596800
2015-07-16,28.781972885131836,28.795413764102385,28.522172279828073,28.609519197094357,144889600
2015-07-17,29.030576705932617,29.030576705932617,28.737180732765378,28.909636132685453,184658800
2015-07-20,29.579301834106445,29.78087062063352,29.272464943218825,29.33293694616204,235600800
2015-07-21,29.283666610717773,29.769674281274277,29.18736250239939,29.75399837833402,307025600
2015-07-22,28.045124053955078,28.107834486983236,27.32171051013763,27.32171051013763,461802400
2015-07-23,28.031692504882812,28.463946896391388,28.00929445230741,28.264616531337147,203998000
2015-07-24,27.883869171142578,28.161587550306,27.749489420497778,28.06752189572776,168649200
2015-07-27,27.496402740478516,27.684535737298766,27.35082569034184,27.56807204671217,177822000
2015-07-28,27.63302230834961,27.751726143987213,27.44713116877398,27.63302230834961,134472400
2015-07-29,27.54568099975586,27.659904565881615,27.384424602573944,27.58151651412134,148046800
2015-07-30,27.40682601928711,27.451618709013637,27.259007067472716,27.395626992489685,134513200
2015-07-31,27.167177200317383,27.467291932744207,27.079830273194275,27.458333054483976,171540000
2015-08-03,26.526634216308594,27.45161669011406,26.320583416018234,27.211972229365205,279904000
2015-08-04,25.67556381225586,26.36090194030295,25.3642499757422,26.29819148528318,496554400
2015-08-05,25.845779418945312,26.30267207908399,25.106687999276208,25.297059513817715,397250400
2015-08-06,25.90201759338379,26.210241653937203,25.67478840803341,26.091002202592456,211612000
2015-08-07,25.989755630493164,26.15399220777394,25.760276196044007,25.77827505424626,154681600
2015-08-10,26.934680938720703,26.995424952764882,26.216992189331023,26.216992189331023,219806400
2015-08-11,25.533052444458008,26.588212199107108,25.497056434491412,26.504968744081115,388331200
2015-08-12,25.926761627197266,25.96725820036305,24.664620432740126,25.317064459759752,404870000
2015-08-13,25.906513214111328,26.187738929165803,25.7692749278475,26.10674578591287,194143200
2015-08-14,26.088748931884766,26.167491794854577,25.650037469291767,25.719780902712788,171718000
2015-08-17,26.35873031616211,26.46897033957356,25.9852616623067,26.106751403327163,163538800
2015-08-18,26.210243225097656,26.42172556519588,26.10000319772274,26.194494649758383,138242800
2015-08-19,25.875015258789062,26.21473467605146,25.800771260394434,26.120243250712203,193146000
2015-08-20,25.34406852722168,25.726534914871216,25.114587321459155,25.665790899502316,274006400
2015-08-21,23.793947219848633,25.175327878474295,23.76919921810895,24.84460614292186,513102000
2015-08-24,23.200000762939453,24.477890676668554,20.698215800437183,21.343910759095902,648825200
2015-08-25,23.339479446411133,24.997586552309954,23.285484600411742,24.997586552309954,414406400
2015-08-26,24.678125381469727,24.723120820021826,23.634215415574214,24.09317438149669,387098400
2015-08-27,25.404809951782227,25.476803677990713,24.75236584250581,25.24957449879677,338464400
2015-08-28,25.488056182861328,25.492555040287638,25.094340074117845,25.236077255337733,212657600
2015-08-31,25.368812561035156,25.76702746189481,25.19782682695612,25.20457597022168,224917200
2015-09-01,24.234914779663086,25.170833348119288,24.15392161206535,24.781617802714777,307383600
2015-09-02,25.274320602416992,25.274320602416992,24.552133058895926,24.799613100120496,247555200
2015-09-03,24.83110809326172,25.373310417294256,24.756864087336414,25.308065840856774,212935600
2015-09-04,24.583629608154297,24.849106786987825,24.41264558660887,24.516136457480822,199985200
2015-09-08,25.2675724029541,25.323817556885682,24.819861458269166,25.141583807416442,219374400
2015-09-09,24.781618118286133,25.65229210634995,24.69612437558536,25.593798375146992,340043200
2015-09-10,25.326065063476562,25.485801077131274,24.72536729738088,24.808609017523573,251571200
2015-09-11,25.695037841796875,25.695037841796875,25.143835978544878,25.150585122887932,199662000
2015-09-14,25.94251251220703,26.297982273193004,25.84127192849879,26.228238836259138,233453600
2015-09-15,26.16073989868164,26.21698504009314,25.742275909262855,26.081997043998644,173364800
2015-09-16,26.18999481201172,26.219241674699525,25.971763335861283,26.153997088888968,148694000
2015-09-17,25.62978744506836,26.207987471147636,25.584792015332592,26.021254892925143,256450400
2015-09-18,25.5240478515625,25.715282730750296,25.168579815483454,25.245072393985996,297141200
2015-09-21,25.920021057128906,25.95601878583344,25.57130207175115,25.573550642445547,200888000
2015-09-22,25.512800216674805,25.688284808894235,25.31481619142971,25.508299643483372,201384800
2015-09-23,25.71977996826172,25.809772544014326,25.490300530734906,25.564542818000113,143026800
2015-09-24,25.872772216796875,25.985262530782947,25.28107378315788,25.47905611784562,200878000
2015-09-25,25.80752182006836,26.25298411843559,25.652284672438544,26.196738974101958,224607600
2015-09-28,25.296817779541016,25.776025812453643,25.296817779541016,25.61403951499989,208436000
2015-09-29,24.53638458251953,25.53754931895009,24.266408539249394,25.384562436706126,293461600
2015-09-30,24.81535530090332,25.094330701723234,24.46213590678335,24.786106730925216,265892000
2015-10-01,24.65337562561035,24.662375055975247,24.14266868031388,24.5386350340402,255716400
2015-10-02,24.83336067199707,24.975099563728357,24.196666810262887,24.30015769138034,232079200
2015-10-05,24.923351287841797,25.056090738102707,24.538634657097756,24.720868398906564,208258800
2015-10-06,25.042587280273438,25.13932899628363,24.696116988433808,24.88960042045419,192787200
2015-10-07,24.923351287841797,25.14608160743765,24.615128955791427,25.13933246388411,187062400
2015-10-08,24.6353759765625,24.790613141574273,24.345150793328475,24.790613141574273,247918400
2015-10-09,25.224828720092773,25.260824728140047,24.63312856778453,24.74786916908805,211064400
2015-10-12,25.107830047607422,25.366558033817498,25.071834050720135,25.36205917788113,121868800
2015-10-13,25.15058708190918,25.29907341842019,24.900858422968433,24.932355576666712,132197200
2015-10-14,24.79511070251465,25.089834727151104,24.64887297522261,25.038090152495354,177849600
2015-10-15,25.166330337524414,25.220325201523774,24.85810629411592,24.957098308502896,150694000
2015-10-16,24.981849670410156,25.19783087190773,24.86710906707938,25.148334858060494,156930400
2015-10-19,25.137083053588867,25.141581910318937,24.772613865686104,24.927851028092682,119036800
2015-10-20,25.596040725708008,25.686033304145568,24.932348678104145,25.049337828547003,195871200
2015-10-21,25.593793869018555,26.003258497677987,25.580293865646503,25.64778873310942,167180800
2015-10-22,25.98526382446289,25.98526382446289,25.670290586327706,25.722036888582526,166616400
2015-10-23,26.79068946838379,26.824436900679824,26.171992836664035,26.25523455766646,237467600
2015-10-26,25.935762405395508,26.576956750149606,25.854769254851234,26.565708750414164,265335200
2015-10-27,25.771533966064453,26.219244975861283,25.64554363573778,25.962767173950244,279537600
2015-10-28,26.83344078063965,26.84019164182287,26.111253115984322,26.306986895111248,342205600
2015-10-29,27.116912841796875,27.15291056355686,26.608456178965124,26.705197910612767,204909200
2015-10-30,26.885183334350586,27.27215026450883,26.87393361708041,27.220403968118237,197461200
2015-11-02,27.26314353942871,27.30364010771382,26.9099241391229,27.177651547033655,128813200
2015-11-03,27.57587432861328,27.782856085589344,27.155159954277803,27.17540910249606,182076000
2015-11-04,27.447635650634766,27.85710031053478,27.36214363292937,27.70186313340554,179544400
2015-11-05,27.321107864379883,27.721029121248858,27.15391003307318,27.531235544138145,158210800
2015-11-06,27.35273551940918,27.522193243292147,27.25332149359075,27.364033390526618,132169200
2015-11-09,27.242023468017578,27.52219308724792,27.12453353860263,27.330141346032065,135485600
2015-11-10,26.383440017700195,26.677167460749807,26.223020228402216,26.412813796293136,236511600
2015-11-11,26.234317779541016,26.53030341438656,26.030968146366746,26.29306361219431,180872000
2015-11-12,26.14620018005371,26.39473785719451,26.130384193066934,26.268209961300276,130102400
2015-11-13,25.382511138916016,26.11230995375228,25.366695150919607,26.028710175020755,183249600
2015-11-16,25.798240661621094,25.811796726182088,25.079739935069295,25.16559788364374,152426800
2015-11-17,25.68753433227539,25.994817836718326,25.603934560512165,25.965444058735248,110467600
2015-11-18,26.500930786132812,26.54611882638717,26.096491447747365,26.155237279128617,186698800
2015-11-19,26.83758544921875,27.056751057183078,26.381180052076427,26.58000983593225,173183200
2015-11-20,26.955076217651367,27.09516016744901,26.853400548093948,26.932480475207637,137148400
2015-11-23,26.60486602783203,27.052235234166435,26.51222829958286,26.94829963336525,129930000
2015-11-24,26.860172271728516,26.966366030541426,26.462512810565045,26.509960755687526,171212800
2015-11-25,26.668127059936523,26.939260457207514,26.643273122091355,26.934740619155768,85553200
2015-11-27,26.6184139251709,26.7539814589285,26.570965977880856,26.72686760741442,52185600
2015-11-30,26.72913360595703,26.979931187118545,26.60486391301639,26.65908990456631,156721200
2015-12-01,26.51222801208496,26.844365465277804,26.403776021540345,26.830809397413056,139409600
2015-12-02,26.272722244262695,26.686199457184305,26.227534212563103,26.512221915133768,133546400
2015-12-03,26.028709411621094,26.387960733879236,25.80728558616557,26.33373473716959,166278000
2015-12-04,26.894071578979492,26.94377945630228,26.008372911196087,26.04904283593171,231108000
2015-12-07,26.724611282348633,27.081602618129118,26.61841750440518,26.8827728517287,128336800
2015-12-08,26.713321685791016,26.796919743026645,26.40377822777912,26.55290015819158,137238000
2015-12-09,26.123605728149414,26.59130901997083,26.001595948916012,26.580011147818134,185445600
2015-12-10,26.247875213623047,26.421852801434646,26.098753290740753,26.218503157673915,116850800
2015-12-11,25.572303771972656,26.07163905887433,25.497741949687065,26.026451015932764,187544800
2015-12-14,25.414138793945312,25.45932682781177,24.806349912707372,25.346355019332627,257274800
2015-12-15,24.96451759338379,25.486448684625586,24.932885614982894,25.292136975126656,213292400
2015-12-16,25.156564712524414,25.303428427153868,24.582669368769743,25.095560686596016,224954000
2015-12-17,24.623336791992188,25.362171680693674,24.623336791992188,25.3102038889281,179091200
2015-12-18,23.95680046081543,24.745343169422195,23.90709259128606,24.60751915456293,385813200
2015-12-21,24.250537872314453,24.25957582722337,23.85287647539028,24.239239997724894,190362400
2015-12-22,24.227941513061523,24.33865343335697,24.051703995035123,24.26635152486414,131157600
2015-12-23,24.53973960876465,24.593965601311073,24.221158239451306,24.236974225769565,130629600
2015-12-24,24.40869903564453,24.627864713029393,24.39062312489215,24.627864713029393,54281600
2015-12-28,24.135299682617188,24.331871271022415,23.990695890162716,24.309275527853192,106816800
2015-12-29,24.569110870361328,24.725012533197194,24.14433744878128,24.166931467962943,123724800
2015-12-30,24.24827003479004,24.560071620173023,24.216638064844506,24.532959488112894,100855200
2015-12-31,23.782827377319336,24.182746850682086,23.683411626823528,24.178228736483696,163649200
2016-01-04,23.803165435791016,23.807685274554252,23.04625448140937,23.184080258860124,270597600
2016-01-05,23.206668853759766,23.916131678081758,23.13888680248448,23.893537660989995,223164000
2016-01-06,22.752521514892578,23.12984866492469,22.564989623106968,22.720889546455822,273829600
2016-01-07,21.792264938354492,22.623737661641886,21.787746823710957,22.296120049866783,324377600
2016-01-08,21.907493591308594,22.393272728006615,21.862305556002614,22.26674485009943,283192000
2016-01-11,22.262222290039062,22.381972120388554,21.993348858551297,22.36163802413125,198957600
2016-01-12,22.585325241088867,22.75026485087717,22.332267752752042,22.718632880311702,196616800
2016-01-13,22.004648208618164,22.86323462272275,21.984314110992557,22.66666305994375,249758400
2016-01-14,22.48590850830078,22.702815902427748,21.6318418927481,22.13343700951727,252680400
2016-01-15,21.945905685424805,22.07695341364094,21.545986191028987,21.73577802597935,319335600
2016-01-19,21.83971405029297,22.28934143141066,21.577618588696247,22.235115438043948,212350800
2016-01-20,21.869089126586914,22.185410625266556,21.107658299799702,21.487243753452574,289337600
2016-01-21,21.758365631103516,22.11535514766945,21.451082249994492,21.93008149645483,208646000
2016-01-22,22.91520118713379,22.92423913865743,22.226074190632893,22.284818289817064,263202000
2016-01-25,22.46783447265625,22.94005581834511,22.415866680773057,22.93779589944244,207178000
2016-01-26,22.59210777282715,22.793197507383223,22.158296326850905,22.578551703832094,300308000
2016-01-27,21.107662200927734,21.832941345311827,21.08958628936216,21.699635376096772,533478800
2016-01-28,21.259042739868164,21.356198603633533,20.874939124319692,21.191260661496273,222715200
2016-01-29,21.99335289001465,21.99335289001465,21.317781895230507,21.41719764754597,257666000
2016-02-01,21.787738800048828,21.851002724640203,21.555017195810848,21.796776749820832,163774000
2016-02-02,21.347158432006836,21.69963000116032,21.301968664286274,21.55954430694665,149428800
2016-02-03,21.76966667175293,21.880378558966903,21.256775430983197,21.4646431403111,183857200
2016-02-04,21.944589614868164,22.11042423534878,21.624281283757696,21.776484545584424,185886800
2016-02-05,21.358488082885742,22.017280363702135,21.283523421375094,21.92641216407802,185672400
2016-02-08,21.58338737487793,21.740133243517647,21.135862919353222,21.156307354458367,216085600
2016-02-09,21.57884979248047,21.794662052129024,21.338050459796044,21.41983169224874,177324800
2016-02-10,21.415285110473633,21.887798463910986,21.376666680582236,21.790115431548138,169374400
2016-02-11,21.285799026489258,21.517513078323827,21.033640534698964,21.306245199612153,200298800
2016-02-12,21.351680755615234,21.467537794076474,21.129055408324458,21.397115737936975,161405600
2016-02-16,21.953678131103516,22.001383556780834,21.492523949722276,21.58566261894929,196231600
2016-02-17,22.289886474609375,22.310330910999106,21.84236199096535,21.96048944527315,179452800
2016-02-18,21.867355346679688,22.46481102115485,21.828735181286046,22.45345184312721,156084000
2016-02-19,21.817373275756836,21.98093570017723,21.762853045338996,21.80828628182605,141496800
2016-02-22,22.008197784423828,22.01274214855817,21.79011510148698,21.8787111372686,137123200
2016-02-23,21.510698318481445,21.92187489928458,21.47889470080425,21.89915827711047,127770400
2016-02-24,21.831008911132812,21.894616152995386,21.19947739097247,21.34941023236341,145022800
2016-02-25,21.98093605041504,21.98093605041504,21.637909390021406,21.81964580519911,110330800
2016-02-26,22.015016555786133,22.267173329381734,21.940050138496137,22.0808942438888,115964400
2016-02-29,21.96504020690918,22.314881774539025,21.955953210366765,22.00365864233892,140865200
2016-03-01,22.837366104125977,22.891886338341294,22.13086830859153,22.183118094041166,201628400
2016-03-02,22.88734245300293,22.919146065649038,22.635184000475302,22.832822221776308,132678400
2016-03-03,23.05771827697754,23.105423693018857,22.819189463604157,22.84872262579649,147822800
2016-03-04,23.40074920654297,23.568854284344514,23.028191070243807,23.255360750092912,184220400
2016-03-07,23.14177703857422,23.359859733883138,22.93505178791128,23.259904515262182,143315600
2016-03-08,22.95094871520996,23.11678331690598,22.807832464308035,22.89415630455838,126247600
2016-03-09,22.97140121459961,23.075899071015332,22.778305578638744,23.01456228003541,108806800
2016-03-10,22.982751846313477,23.225823289496766,22.751039578289895,23.037273807279913,134054400
2016-03-11,23.23037338256836,23.2349160138526,23.057723929924467,23.225829018116897,109632800
2016-03-14,23.289430618286133,23.37802837197383,23.12132557078069,23.150858733065522,100304400
2016-03-15,23.757402420043945,23.89370386345121,23.59156781290107,23.61655661306187,160270800
2016-03-16,24.07316780090332,24.150404649062708,23.75967257841274,23.764216941932037,153214000
2016-03-17,24.034549713134766,24.18675296299051,23.843726305492055,23.970940755142603,137682800
2016-03-18,24.061805725097656,24.193564520606497,23.89597287313537,24.157216549500614,176820800
2016-03-21,24.059539794921875,24.45481452251042,23.884618184167916,24.064082425579844,142010800
2016-03-22,24.243547439575195,24.373034082040988,23.90052075287327,23.90960774764577,129777600
2016-03-23,24.10951805114746,24.323058109714424,24.05726999415798,24.189028827451093,102814000
2016-03-24,24.005020141601562,24.136778974552172,23.827828065024534,23.959586897975147,104532000
2016-03-28,23.89596939086914,24.1231389776764,23.8664362353577,24.079976201569774,77645600
2016-03-29,24.461633682250977,24.486622488228114,23.82555782074309,23.82783000305936,124760400
2016-03-30,24.888704299926758,25.084070321885175,24.67062166142668,24.681980836280882,182404400
2016-03-31,24.75921630859375,24.96594149396297,24.734227511831172,24.925050893184807,103553600
2016-04-01,24.98638916015625,24.988661341928605,24.579755281248477,24.71151409337506,103496000
2016-04-04,25.243091583251953,25.486163034141835,25.049995998415604,25.084071791808306,149424800
2016-04-05,24.945499420166016,25.154496821306928,24.856903392803854,24.877349563131162,106314800
2016-04-06,25.206741333007812,25.211285696072327,24.80692230849855,25.04090847765361,105616400
2016-04-07,24.656999588012695,25.084078002532596,24.561588729423242,24.9773079656108,127207600
2016-04-08,24.68425750732422,24.936414249914318,24.572943119641355,24.74104992559084,94326800
2016-04-11,24.766036987304688,25.12723766861337,24.722875927989268,24.754679543555184,117630000
2016-04-12,25.088621139526367,25.102250766324442,24.68425936828961,24.838733093780334,108929200
2016-04-13,25.452089309692383,25.520239168850683,25.17039941220403,25.17039941220403,133029200
2016-04-14,25.46571922302246,25.5315986341711,25.290799342720003,25.356678753868643,101895600
2016-04-15,24.9545841217041,25.511150768772367,24.927324874661373,25.467987983399016,187756000
2016-04-18,24.416200637817383,24.750138648058254,24.293528789228628,24.736509020381938,243286000
2016-04-19,24.28670883178711,24.534322925691086,24.132233395891266,24.507061942944663,129539600
2016-04-20,24.336687088012695,24.55476977187876,24.093615600802558,24.22537443058636,122444000
2016-04-21,24.07316780090332,24.291250454324192,23.970940419721533,24.291250454324192,126210000
2016-04-22,24.00728416442871,24.189020543502313,23.76648493534776,23.855080943525337,134732400
2016-04-25,23.87098503112793,24.000471650330436,23.741498411925424,23.852811044848032,112126400
2016-04-26,23.70515251159668,23.920964717910977,23.605199044653066,23.605199044653066,224064800
2016-04-27,22.221742630004883,22.42392354841962,21.73559955278658,21.808293796113595,458408400
2016-04-28,21.542505264282227,22.235371880053826,21.410746408882762,22.174036817391286,328970800
2016-04-29,21.29488754272461,21.517514614977394,21.015469777705654,21.351679968658072,274126000
2016-05-02,21.272174835205078,21.37213007786333,20.99048483600264,21.347141267198765,192640400
2016-05-03,21.622005462646484,21.749219900891493,21.281251017490153,21.399378462550985,227325200
2016-05-04,21.397111892700195,21.785571822613008,21.31305849038558,21.626552012815118,164102000
2016-05-05,21.31026268005371,21.499961923403585,21.182273669465598,21.48396329708007,143562000
2016-05-06,21.191410064697266,21.35825258631172,20.99256855566463,21.339969692568616,174799600
2016-05-09,21.20741844177246,21.43139925069594,21.16170682709026,21.25541432939892,131745600
2016-05-10,21.35140037536621,21.38568364124858,21.051996790346816,21.33083146206839,134747200
2016-05-11,21.143415451049805,21.38568080875072,21.131987116029567,21.36511189817722,114876400
2016-05-12,20.647457122802734,21.20512645898511,20.448617321968666,21.19141385029843,305258800
2016-05-13,20.688594818115234,20.9514308376849,20.56974815158694,20.56974815158694,177571200
2016-05-16,21.456533432006836,21.573095833014207,20.94686173110111,21.115990292755455,245039200
2016-05-17,21.367399215698242,21.643947874157206,21.25769485623188,21.609666351648563,187667600
2016-05-18,21.61194610595703,21.76050573274192,21.45881619169954,21.52052640675309,168249600
2016-05-19,21.529672622680664,21.630236410616472,21.385684989361213,21.630236410616472,121768400
2016-05-20,21.762794494628906,21.810790365883367,21.60280651339482,21.63023347284846,128104000
2016-05-23,22.03934669494629,22.213047312142947,21.86564607774963,21.911357684232694,152074400
2016-05-24,22.37531852722168,22.418742371665218,22.133051383686695,22.21990256001259,140560800
2016-05-25,22.76842498779297,22.795850201096112,22.423309856069583,22.55129883473508,152675200
2016-05-26,22.948986053466797,23.022122875155866,22.54444664621836,22.782141752637685,225324800
2016-05-27,22.935274124145508,22.96270108907186,22.68386638200573,22.727291973875897,145364800
2016-05-31,22.823286056518555,22.946704795658686,22.58559090081012,22.76386183166151,169228800
2016-06-01,22.503311157226562,22.750148629099247,22.473599917429176,22.631300182470316,116693200
2016-06-02,22.33417510986328,22.36160032400692,22.085051704504227,22.306748152000537,160766400
2016-06-03,22.3798885345459,22.45988166143073,22.272468445420813,22.3501772999085,114019600
2016-06-06,22.542160034179688,23.28724258424666,22.2953243573292,22.395886394668537,93170000
2016-06-07,22.63358497619629,22.825570247409534,22.617586348905153,22.68386687445975,89638000
2016-06-08,22.61301040649414,22.75471200029832,22.553586201246397,22.631293301884927,83392400
2016-06-09,22.775283813476562,22.85299091806693,22.503305459971784,22.512447779991692,106405600
2016-06-10,22.587873458862305,22.706720146659556,22.507880328256512,22.519306921931932,126851600
2016-06-13,22.24732208251953,22.65414740995887,22.19246991511382,22.5558696655092,152082000
2016-06-14,22.27475357055664,22.50787838097542,22.112481307161257,22.24275632108258,127727600
2016-06-15,22.20161247253418,22.491875421605652,22.17647153226125,22.357028401621847,117780800
2016-06-16,22.295324325561523,22.34103418394888,21.957065444849373,22.04391487327308,125307200
2016-06-17,21.787940979003906,22.089630634838617,21.7810846733267,22.08277432916141,244032800
2016-06-20,21.735368728637695,22.071341589586,21.719370104007744,21.941066576536585,137647600
2016-06-21,21.920499801635742,22.021061847524123,21.639379091468093,21.698803307483594,142185600
2016-06-22,21.838220596313477,22.14448050934829,21.792508990377293,21.998206857791445,116876400
2016-06-23,21.963924407958984,22.00734999928715,21.769654870717485,21.92735686556648,128960800
2016-06-24,21.346834182739258,21.634811230197403,21.175419564157924,21.234843786840962,301245600
2016-06-27,21.035993576049805,21.266832322662165,20.91257489203089,21.25540398862156,181958400
2016-06-28,21.3902530670166,21.406253435006544,21.05885224553003,21.232552840268287,161779600
2016-06-29,21.57537841796875,21.60966167678017,21.39939183647232,21.477100672692803,146124000
2016-06-30,21.849651336669922,21.88850490129977,21.552533688434877,21.584530946802964,143345600
2016-07-01,21.91592788696289,22.048488929664007,21.787938876751877,21.824506418075245,104106000
2016-07-05,21.71023178100586,21.803939273748636,21.589099065973194,21.801653257317938,110820800
2016-07-06,21.833646774291992,21.863359751644992,21.56852645647027,21.621092619339024,123796400
2016-07-07,21.92735481262207,22.0553438145922,21.854217990964944,21.872500888589695,100558400
2016-07-08,22.096479415893555,22.144475283009392,21.952491814546036,22.05305383643296,115648400
2016-07-11,22.16504669189453,22.318176617488568,22.107908503802506,22.112478791613455,95179600
2016-07-12,22.26561164855957,22.329606148652697,22.1970468600538,22.208473452945086,96670000
2016-07-13,22.13990592956543,22.32274708671437,22.13304788221459,22.263324626093507,103568800
2016-07-14,22.578723907470703,22.62443375497398,22.24275112279302,22.258749743791057,155676000
2016-07-15,22.57644271850586,22.69529113737275,22.51244822083259,22.608439967342495,120548000
2016-07-18,22.816423416137695,22.88498820081162,22.53530274218878,22.558157670413422,145975600
2016-07-19,22.825563430786133,22.855274660105405,22.70442901036355,22.754710893610838,95119600
2016-07-20,22.84613800048828,22.960414402097598,22.79585610478506,22.855280321863365,105104000
2016-07-21,22.724998474121094,23.083826197743193,22.656431956244163,22.816419916717336,130808000
2016-07-22,22.54901695251465,22.69529058469701,22.469022088651812,22.686148264720707,113254800
2016-07-25,22.24732208251953,22.590151180313416,22.151330353629795,22.455305905499593,161531600
2016-07-26,22.094194412231445,22.391313691284648,22.03705622346884,22.128477674232837,224959200
2016-07-27,23.52950668334961,23.849480906140784,23.48379682740197,23.831196266274034,369379200
2016-07-28,23.84719467163086,23.872335615287376,23.499795235943257,23.502081251835452,159479200
2016-07-29,23.817485809326172,23.895194663918566,23.696353110777437,23.81291552080633,110934800
2016-08-01,24.238021850585938,24.2608767787427,23.86319544891345,23.86319544891345,152671600
2016-08-02,23.879196166992188,24.24259426459351,23.76949006101252,24.23802397604908,135266400
2016-08-03,24.17859649658203,24.190023088259284,23.945471706760777,23.954614026334077,120810400
2016-08-04,24.32796287536621,24.35783506081068,24.19238533460814,24.261323304914335,109634800
2016-08-05,24.697927474975586,24.736991508436272,24.399198594376884,24.419878934503544,162213600
2016-08-08,24.902442932128906,24.902442932128906,24.624396125952565,24.707119245238747,112148800
2016-08-09,25.003551483154297,25.033425427216407,24.81971978406271,24.870274071091757,105260800
2016-08-10,24.817413330078125,25.02422545846181,24.7622640135642,24.980564633257153,96034000
2016-08-11,24.801334381103516,25.03112530402557,24.782950686510006,24.936910184108033,109938000
2016-08-12,24.858781814575195,24.91852794470686,24.766865095872383,24.766865095872383,74641600
2016-08-15,25.15750503540039,25.17129192648691,24.83579746911508,24.8495843602016,103472800
2016-08-16,25.1345272064209,25.329850867701843,25.09546317543086,25.191974929582262,135177600
2016-08-17,25.097759246826172,25.132228228158244,24.895542158032793,25.07018371112747,101424000
2016-08-18,25.065587997436523,25.185078475951002,25.051799353371845,25.100056977850468,87938800
2016-08-19,25.12993049621582,25.205761906528043,24.90013961878383,24.99435296688501,101472400
2016-08-22,24.934614181518555,25.070189988026623,24.782951326951235,25.01504065598653,103280800
2016-08-23,25.012739181518555,25.120741185314976,24.939206163447757,24.952993056471833,85030800
2016-08-24,24.82431411743164,24.98976386907131,24.74388764181949,24.948401431161393,94700400
2016-08-25,24.718608856201172,24.789843479413918,24.51409508045152,24.677246421040255,100344800
2016-08-26,24.57383918762207,24.80592673227092,24.429069799888666,24.681841190164317,111065200
2016-08-29,24.5462646484375,24.688735642107595,24.424475748071117,24.50030716824224,99881200
2016-08-30,24.357837677001953,24.472733137742527,24.242942216261376,24.311880193971962,99455600
2016-08-31,24.380809783935547,24.48881176814835,24.275106199198476,24.27970299814994,118649600
2016-09-01,24.525585174560547,24.541670468513583,24.270517118187037,24.390007622814498,106806000
2016-09-02,24.755369186401367,24.817411944870916,24.546258670161464,24.74847398820247,107210000
2016-09-06,24.748477935791016,24.886353871120267,24.704818859224407,24.794437165289214,107521600
2016-09-07,24.90013885498047,24.992055553766804,24.60370842180627,24.77834997418379,169457200
2016-09-08,24.247539520263672,24.649673670286408,24.18319833676656,24.64507862282194,212008000
2016-09-09,23.69833755493164,24.29349696460865,23.69833755493164,24.045322343897798,186228000
2016-09-12,24.229156494140625,24.29349767476154,23.56046403876107,23.588039581812467,181171200
2016-09-13,24.80592918395996,24.998954468960306,24.642777840671368,24.70482237102225,248704800
2016-09-14,25.68372917175293,25.973266208477725,24.955292409728614,24.985166349975966,443554800
2016-09-15,26.556926727294922,26.59369410240921,26.07896136979884,26.163984609876923,359934400
2016-09-16,26.407567977905273,26.685614737264252,26.20535263105292,26.453527206620794,319547600
2016-09-19,26.09964942932129,26.6971053863327,26.02381801566827,26.469612898538983,188092000
2016-09-20,26.097354888916016,26.22374059702802,25.85377707309899,25.977864381109246,138057200
2016-09-21,26.092750549316406,26.19385732663267,25.837682576995082,26.161686749327725,144012800
2016-09-22,26.338638305664062,26.412171336705185,26.19616729101187,26.27659376978095,124296000
2016-09-23,25.89972686767578,26.377692263347612,25.633170389466734,26.29266901647861,209924800
2016-09-26,25.93879508972168,26.0559889347685,25.633174537747966,25.653854876374567,119477600
2016-09-27,25.9870548248291,26.00773691969188,25.814711631356985,25.966374483131947,98429600
2016-09-28,26.184667587280273,26.343223840430866,26.065177112424184,26.124923226434788,118564400
2016-09-29,25.777942657470703,26.150204538311595,25.69062274855684,26.003138505843307,143548000
2016-09-30,25.977863311767578,26.05139633350615,25.690624671669156,25.842285761995047,145516400
2016-10-03,25.8560733795166,25.977864038986763,25.800924049960216,25.899734215046767,86807200
2016-10-04,25.96637535095215,26.26740091126433,25.881352074858057,25.98016224587769,118947200
2016-10-05,25.977863311767578,26.11803590838885,25.89513844316599,26.05828978036203,85812400
2016-10-06,26.170883178710938,26.274288373428085,25.996241619052924,26.12722235050511,115117200
2016-10-07,26.209945678710938,26.324841111990455,26.083561754002574,26.267393395350695,97433600
2016-10-10,26.6672306060791,26.8280835104431,26.361608334622336,26.430544542278977,144944000
2016-10-11,26.724681854248047,27.273881954369937,26.701701362160282,27.04638770549195,256164000
2016-10-12,26.96366310119629,27.11073088867246,26.828087313039518,26.96596150106017,150347200
2016-10-13,26.880939483642578,26.986643084235844,26.591402467047303,26.83727865287989,140769600
2016-10-14,27.030305862426758,27.15439317224152,26.915410399987046,27.087753593646614,142608800
2016-10-17,27.011920928955078,27.078558747003438,26.83498095462335,26.961366650574586,94499600
2016-10-18,26.9935359954834,27.163580762357235,26.9889391959335,27.156687316197736,98214000
2016-10-19,26.913110733032227,27.06017676819917,26.15020501816667,26.9429829187749,80138400
2016-10-20,26.89932632446289,26.972859353630234,26.731579923471312,26.85336883867044,96503200
2016-10-21,26.793617248535156,26.864853616122776,26.720084234341584,26.841873124740438,92770800
2016-10-24,27.03489875793457,27.05557909666727,26.885534327703144,26.908513066239045,94154800
2016-10-25,27.172775268554688,27.19805240905775,26.956771250861454,27.103837293879884,192516000
2016-10-26,26.561532974243164,26.586810117002983,26.037609930068133,26.267400861946,264536800
2016-10-27,26.306461334228516,26.623572124968046,26.21913967574326,26.515570128314383,138248000
2016-10-28,26.131816864013672,26.474204754321825,26.06977235007846,26.166285843626,151446800
2016-10-31,26.09046173095703,26.249018029588473,26.01233190512211,26.1157388728596,105677600
2016-11-01,25.6193904876709,26.143313531508372,25.398791403590153,26.072078903685146,175303200
2016-11-02,25.642366409301758,25.81700798909054,25.559643295891792,25.598707329228674,113326800
2016-11-03,25.36751365661621,25.743995281827615,25.30284213936926,25.63313032716619,107730400
2016-11-04,25.13884925842285,25.464518779814153,24.97024164016342,25.067248907833218,123348000
2016-11-07,25.501468658447266,25.52456536951609,25.28204549787818,25.425247925970652,130240000
2016-11-08,25.6516056060791,25.804047115273853,25.337485310314104,25.47837757953958,97016800
2016-11-09,25.610031127929688,25.711658801990904,24.95638537223282,25.379060423002652,236705600
2016-11-10,24.896331787109375,25.65853403437982,24.44362942979422,25.65853403437982,228538000
2016-11-11,25.044153213500977,25.145780885970574,24.609928929418658,24.74158215867854,136575600
2016-11-14,24.415916442871094,24.900954639052753,24.03943477523093,24.877857917742556,204702000
2016-11-15,24.739273071289062,24.87092630647208,24.519851600039594,24.61454867551041,129058000
2016-11-16,25.40446662902832,25.459900865416085,24.62147610225863,24.64457281967024,235362000
2016-11-17,25.395225524902344,25.487614149203825,25.13653949145793,25.362889770721793,110528000
2016-11-18,25.420637130737305,25.531503852787235,25.328250251556923,25.342107931000626,113715600
2016-11-21,25.806358337402344,25.866409453553572,25.409088432196707,25.43449535140172,117058400
2016-11-22,25.82252311706543,25.96572381303169,25.73013449124323,25.857167309853093,103862000
2016-11-23,25.690872192382812,25.755543707584117,25.482998206259598,25.720897749535812,109705600
2016-11-25,25.820213317871094,25.838691395755834,25.626197024414314,25.66777181857173,45903600
2016-11-28,25.76940155029297,25.977275537742,25.727826752803164,25.73706579248608,108776000
2016-11-29,25.74399185180664,25.875645069280345,25.422942746701178,25.586931718490078,114115200
2016-11-30,25.52688217163086,25.914913036099914,25.46913949395491,25.77633096211097,144649200
2016-12-01,25.288976669311523,25.623885178304963,25.18273037885486,25.492231974677544,148347600
2016-12-02,25.383678436279297,25.427561667814384,25.141158514051124,25.21506906218895,106112000
2016-12-05,25.20121192932129,25.413704539535598,25.002576996505066,25.406775700836555,137298000
2016-12-06,25.395225524902344,25.489924349407133,25.21968907711262,25.291289423917206,104782000
2016-12-07,25.64468002319336,25.681636186054266,25.21276588329922,25.23586260400387,119994800
2016-12-08,25.89643096923828,25.968031309767174,25.545354580097435,25.60540744495479,108273200
2016-12-09,26.319108963012695,26.49233697750071,25.94031717897222,25.94031717897222,137610400
2016-12-12,26.168981552124023,26.561631045318602,25.981894083009774,26.166671351669947,105497600
2016-12-13,26.605510711669922,26.774118305531143,26.272912399597196,26.293698913018602,174935200
2016-12-14,26.605510711669922,26.83878980795278,26.557007084853694,26.570864760467966,136127200
2016-12-15,26.751018524169922,26.961202645101483,26.614746697147893,26.64939088221039,186098000
2016-12-16,26.78566551208496,26.90807966983807,26.711754977469905,26.901150832556368,177404400
2016-12-19,26.940420150756836,27.11133796167019,26.73485638518317,26.746405624125426,111117600
2016-12-20,27.01202392578125,27.13905852160009,26.949662609212613,26.963520287968606,85700000
2016-12-21,27.037429809570312,27.115960764569234,26.972758294963324,26.97737869581617,95132800
2016-12-22,26.859582901000977,26.91039673692217,26.709451593642886,26.873440579100723,104343600
2016-12-23,26.912702560424805,26.912702560424805,26.697899759915202,26.697899759915202,56998000
2016-12-27,27.08362579345703,27.20835018760531,26.905777360958567,26.912706200272364,73187600
2016-12-28,26.968137741088867,27.259159536152907,26.83879295889392,27.14367419336564,83623600
2016-12-29,26.96120834350586,27.048976567824628,26.884987595926525,26.896535072665955,60158000
2016-12-30,26.751018524169922,27.06975736190744,26.660940118675274,26.9427245716241,122345200
2017-01-03,26.82724380493164,26.868818596222855,26.506194713025288,26.746404422467158,115127600
2017-01-04,26.797222137451172,26.91039905892002,26.734860818454795,26.757957538002834,84472400
2017-01-05,26.933490753173828,26.991233422353574,26.748713506932074,26.774120422344474,88774400
2017-01-06,27.233753204345703,27.291495873242546,26.901154867606653,26.972755213145483,127007600
2017-01-09,27.483205795288086,27.584833477149566,27.240687593800608,27.242996032267083,134247600
2017-01-10,27.51091957092285,27.573280883102825,27.323833872216372,27.43238861844325,97848400
2017-01-11,27.658737182617188,27.700311972877294,27.393120564964633,27.42545631714846,110354400
2017-01-12,27.543254852294922,27.554804091690794,27.303045122626244,27.462415463023376,108344800
2017-01-13,27.494749069213867,27.628712482200143,27.44162503917918,27.510916945804183,104447600
2017-01-17,27.716482162475586,27.771914633393926,27.305354625678834,27.333069980054766,137759200
2017-01-18,27.714174270629883,27.831969823038612,27.649502755477368,27.716484471075795,94852000
2017-01-19,27.665668487548828,27.737268836316627,27.57097142261398,27.577900261247446,102389200
2017-01-20,27.716482162475586,27.82041826571828,27.654120852963267,27.82041826571828,130391600
2017-01-23,27.73496437072754,27.903572008846705,27.6633622495376,27.71648629028067,88200800
2017-01-24,27.70954704284668,27.739572590670083,27.60099056370395,27.612539800186994,92844000
2017-01-25,28.150711059570312,28.201524900531346,27.78115825553566,27.81349401575327,129510400
2017-01-26,28.16457176208496,28.28005712865127,28.08604079649311,28.102208677325716,105350400
2017-01-27,28.16687774658203,28.259266384218975,28.086038349462218,28.210762745947086,82251600
2017-01-30,28.09296989440918,28.09296989440918,27.8689297614342,27.931291084599017,121510000
2017-01-31,28.028291702270508,28.03753074094258,27.859684092462917,27.98209827107659,196804000
2017-02-01,29.73747444152832,30.1393646852649,29.33558595995814,29.340204598110404,447940000
2017-02-02,29.686662673950195,29.885297609462313,29.51343465545706,29.559629851021814,134841600
2017-02-03,29.813697814941406,29.83910473243412,29.60120519788106,29.635849392492428,98029200
2017-02-06,30.093172073364258,30.141677472877852,29.77212292937744,29.82524872987645,107383600
2017-02-07,30.37957763671875,30.50892067226624,30.130128843448567,30.1509153618044,152735200
2017-02-08,30.497364044189453,30.538940595163197,30.3079699378253,30.337997251065637,92016400
2017-02-09,30.71774673461914,30.72470561483007,30.41618228022925,30.53912721677371,113399600
2017-02-10,30.64815330505371,30.838372129703465,30.63191709834235,30.72702651066723,80262000
2017-02-13,30.91956901550293,31.042517522181928,30.794305600997014,30.870856841934014,92141600
2017-02-14,31.320865631103516,31.33710183320097,30.910274131844204,30.961308263486035,132904800
2017-02-15,31.434541702270508,31.610842784405573,31.22808665051794,31.436863688896764,142492400
2017-02-16,31.397418975830078,31.525000774047548,31.2791109627455,31.47164819263228,90338400
2017-02-17,31.48324966430664,31.508766733624174,31.339428113396668,31.339428113396668,88792800
2017-02-21,31.710582733154297,31.72218204511534,31.543562551831812,31.60155557202398,98028800
2017-02-22,31.805700302124023,31.808018749266292,31.573728161794804,31.647957406100897,83347600
2017-02-23,31.671154022216797,31.891526833594693,31.61780142442533,31.86833174480497,83152800
2017-02-24,31.701305389404297,31.701305389404297,31.38118278544861,31.5273263289263,87106400
2017-02-27,31.763933181762695,31.8822412003406,31.61315275526133,31.812648872873506,81029600
2017-02-28,31.777860641479492,31.882247383116965,31.71058674735715,31.798737281884286,93931600
2017-03-01,32.42737579345703,32.510885884582436,31.919359907025008,31.986630253392075,145658400
2017-03-02,32.23484420776367,32.54104553569124,32.18844695659932,32.47609363159711,104844000
2017-03-03,32.42506408691406,32.43666340135066,32.14901668554653,32.19309195663732,84432400
2017-03-06,32.3229866027832,32.422736431070135,32.1513295404858,32.32994548154592,87000000
2017-03-07,32.36473846435547,32.47144361547035,32.195396334731704,32.25802977362833,69785200
2017-03-08,32.244117736816406,32.429696100778216,32.20236446322176,32.232518425391376,74828800
2017-03-09,32.16988754272461,32.19540461405092,31.791775445305962,32.18380884131337,88623600
2017-03-10,32.27659606933594,32.32763021168569,32.16061002574344,32.30211314051081,78451200
2017-03-13,32.29051971435547,32.34387231304179,32.202372712094096,32.20933159280911,69686800
2017-03-14,32.241798400878906,32.39489727278173,32.20700046756384,32.31370917427215,61236400
2017-03-15,32.582786560058594,32.65005687825788,32.25106478101717,32.33921526796455,102767200
2017-03-16,32.63616180419922,32.71271303717306,32.536411940767586,32.64312068541374,76928000
2017-03-17,32.47377395629883,32.708064491516325,32.45057533159433,32.708064491516325,175540000
2017-03-20,32.81476974487305,32.82404707000738,32.529441557510076,32.56887638365337,86168000
2017-03-21,32.438968658447266,33.125607442303654,32.41345159290771,32.96554617115669,158119600
2017-03-22,32.80549240112305,32.84724921774126,32.4204178838818,32.441298061997486,103440800
2017-03-23,32.68951416015625,32.842616624949166,32.61760336173916,32.768383839735385,81385200
2017-03-24,32.624542236328125,32.879712854502955,32.55727191314304,32.824038299734305,89582400
2017-03-27,32.68021774291992,32.759087376430394,32.15595873751183,32.33457817543657,94300400
2017-03-28,33.35758590698242,33.413256940988724,32.61991284988148,32.68718673545649,133499200
2017-03-29,33.43181228637695,33.51764435585213,33.21607996874023,33.329744013236365,116760000
2017-03-30,33.38774871826172,33.51997453829253,33.28800239615902,33.44806374056938,84829200
2017-03-31,33.32512283325195,33.466625998712935,33.17433879879533,33.339040597130996,78646800
2017-04-03,33.33439254760742,33.431820412118384,33.18361208721004,33.336714534133094,79942800
2017-04-04,33.582603454589844,33.610438975195414,33.21144666165252,33.23000485526074,79565600
2017-04-05,33.40862274169922,33.74266313112356,33.359907043402615,33.455016453649634,110871600
2017-04-06,33.32512283325195,33.524619041285234,33.27640712006088,33.47126289359634,84596000
2017-04-07,33.2508659362793,33.445721568564416,33.234629736728124,33.341334875526805,66688800
2017-04-10,33.21144104003906,33.376142768174915,33.14880758966482,33.311190871347144,75733600
2017-04-11,32.854209899902344,33.25320219803737,32.490012001180624,33.15809278682316,121517600
2017-04-12,32.89365005493164,32.97483817990413,32.710390082732765,32.84725633500251,81400000
2017-04-13,32.71965408325195,33.02817729417477,32.71965408325195,32.91915016175798,71291600
2017-04-17,32.90059280395508,32.91219211315342,32.67789810202854,32.81940117917894,66328400
2017-04-18,32.75444793701172,32.949303580859954,32.73357130508771,32.80316361777981,58790000
2017-04-19,32.633827209472656,32.94003202306737,32.580474627569096,32.91219650896337,69313600
2017-04-20,33.0421028137207,33.15344841823946,32.745178841928706,32.75909660004193,93278400
2017-04-21,33.00266647338867,33.097772329341446,32.90523863144814,33.04210129943988,69283600
2017-04-24,33.32046127319336,33.39237203405244,33.21375258508454,33.28798533152757,68537200
2017-04-25,33.52693176269531,33.61276031836712,33.37382930694521,33.38311017435578,75486000
2017-04-26,33.329750061035156,33.543167510661405,33.26016126182376,33.51301000459421,80164800
2017-04-27,33.35525894165039,33.4410910056191,33.243913350646075,33.385416440310685,56985200
2017-04-28,33.32278823852539,33.47357221593292,33.23464125410369,33.424856521173425,83441600
2017-05-01,34.00246810913086,34.14628966689208,33.626674470019,33.65915041982356,134411600
2017-05-02,34.21818923950195,34.35273342737641,34.06276842065006,34.22514811649443,181408800
2017-05-03,34.11382293701172,34.213572799550626,33.46662221255458,33.77282360209553,182788000
2017-05-04,33.990875244140625,34.13237838218773,33.82385503072064,33.988556797148085,93487600
2017-05-05,34.554561614990234,34.559198507937445,34.04422022176234,34.04422022176234,109310800
2017-05-08,35.49405288696289,35.65411421646194,34.570804838373185,34.570804838373185,195009600
2017-05-09,35.72138214111328,35.927837152275686,35.596115234791384,35.693543084367825,156521600
2017-05-10,35.55204391479492,35.70978678846555,35.28527740706328,35.637876001491634,103222800
2017-05-11,35.859500885009766,35.88745484583374,35.47749659315983,35.51010658560229,109020400
2017-05-12,36.36030960083008,36.43484521975323,36.02721844644447,36.034206049649036,130108000
2017-05-15,36.26713180541992,36.48841417672337,36.11572901300784,36.33933940039255,104038800
2017-05-16,36.21356964111328,36.35099726896718,36.03887241967132,36.32304685088817,80194000
2017-05-17,34.9976692199707,36.00392670656544,34.87188881125802,35.777984730757545,203070800
2017-05-18,35.531070709228516,35.71741505333955,35.20264275680562,35.23525275045835,134272800
2017-05-19,35.652198791503906,35.86649356564632,35.55204078418409,35.72673795862637,107843200
2017-05-22,35.86882019042969,36.00624776236227,35.61725586741163,35.87114820624761,91865600
2017-05-23,35.82456970214844,36.0807901046628,35.710432929742886,36.0807901046628,79675600
2017-05-24,35.71742248535156,35.91075447160041,35.56136008652445,35.833887280376885,76712000
2017-05-25,35.84088134765625,35.95269013008622,35.64522130973999,35.80827134133687,76942400
2017-05-26,35.78030776977539,35.92705452137962,35.71042819500086,35.87115015071543,87710400
2017-05-30,35.794281005859375,35.971306171895286,35.715085817439835,35.736048622452785,80507600
2017-05-31,35.58232498168945,35.91075657592012,35.49381414915557,35.864171366024856,97804800
2017-06-01,35.680145263671875,35.71508682723733,35.456534895432924,35.67781724778993,65616400
2017-06-02,36.20890808105469,36.20890808105469,35.61260883302248,35.77333083667038,111082800
2017-06-05,35.854835510253906,35.97595984300813,35.74536191733267,35.95033745635285,101326800
2017-06-06,35.97597122192383,36.29275557793908,35.81990883719749,35.84785924812664,106499600
2017-06-07,36.19026565551758,36.33235283343117,35.98295848323935,36.10874243967336,84278400
2017-06-08,36.10175704956055,36.229865475770374,35.9643258955195,36.16231746111834,85003200
2017-06-09,34.70185089111328,36.148345274235325,34.012381263922904,36.148345274235325,259530800
2017-06-12,33.872615814208984,34.028678191176844,33.19478994908927,33.947154978611955,289229200
2017-06-13,34.1451530456543,34.34547266632012,33.80973381530929,34.277924638592545,136661600
2017-06-14,33.81205368041992,34.357107963918786,33.50458497430909,34.357107963918786,126124800
2017-06-15,33.60940170288086,33.653658884077664,33.12491138825977,33.383463319368175,128661600
2017-06-16,33.138885498046875,33.65831735899295,33.122578724787296,33.49060781168992,201444400
2017-06-19,34.08692169189453,34.180095677770304,33.462671980535525,33.462671980535525,130165600
2017-06-20,33.77710723876953,34.21035627304254,33.76080402113325,34.21035627304254,99600400
2017-06-21,33.97743606567383,34.0240248241865,33.68394607984964,33.895912846723185,85063200
2017-06-22,33.921531677246094,34.17076444882419,33.80273533143621,33.95414167224387,76425200
2017-06-23,34.07294464111328,34.27792384473783,33.800417411325526,33.805076998923525,141757600
2017-06-26,33.96580123901367,34.53880615340156,33.8633116304632,34.280254115185315,102769600
2017-06-27,33.47896957397461,34.044990335988786,33.45334717644765,33.77711917016634,99047600
2017-06-28,33.96812438964844,34.03334439406923,33.346202776920634,33.655999575031245,88329600
2017-06-29,33.467323303222656,33.80507406742153,33.14122328412042,33.707244061690865,125997600
2017-06-30,33.5465202331543,33.76547461438173,33.49061585255683,33.646678249890044,92096400
2017-07-03,33.425392150878906,33.844666073372174,33.332221747757316,33.74683608382759,57111200
2017-07-05,33.56281280517578,33.72586275406296,33.24370050848071,33.46964242130377,86278400
2017-07-06,33.24603271484375,33.42538945833917,33.17149710919521,33.31358427275497,96515200
2017-07-07,33.58378982543945,33.716561410596704,33.285640205766555,33.285640205766555,76806800
2017-07-10,33.78876876831055,33.99607597971886,33.3951171574487,33.567486348932384,84362400
2017-07-11,33.898250579833984,33.97278977144217,33.63038291271865,33.711906155037795,79127200
2017-07-12,33.94715881347656,34.04964484477358,33.73286402294453,33.97743724249058,99538000
2017-07-13,34.42000961303711,34.587719217296886,33.87728319289419,33.89125840087854,100797600
2017-07-14,34.7158088684082,34.783360409398846,34.317501439561674,34.4665761677407,80528400
2017-07-17,34.836936950683594,35.149061641103934,34.60633901046096,34.66457138796724,95174000
2017-07-18,34.95806884765625,34.96971603651963,34.629637314513324,34.753089697174474,71475200
2017-07-19,35.177032470703125,35.270202897710455,34.92779606941137,35.05124848459687,83692000
2017-07-20,35.01863098144531,35.344734514592794,34.98369296735457,35.2888301378244,68974800
2017-07-21,35.0023307800293,35.041928384156826,34.67855878936442,34.93711077861648,105010400
2017-07-24,35.42625427246094,35.50778103634165,34.916137991215166,35.074531932811816,85972800
2017-07-25,35.57765579223633,35.83387612902324,35.358701477050644,35.358701477050644,75415600
2017-07-26,35.74537658691406,35.854850224762295,35.65220261801073,35.71975418974358,63124000
2017-07-27,35.06987762451172,35.868827946423565,34.310528459625985,35.812923566701464,129905200
2017-07-28,34.822975158691406,34.993012771307086,34.750767551452846,34.9138175604147,68854800
2017-07-31,34.64360809326172,35.01629676393556,34.50385250742596,34.91613521757515,79383600
2017-08-01,34.951087951660156,34.99068555801528,34.56908354151363,34.72980553768801,141474400
2017-08-02,36.602542877197266,37.210489037442684,36.374272953714744,37.10101188394936,279747200
2017-08-03,36.23685836791992,36.618862756994176,36.10874638135342,36.5815931692251,108389200
2017-08-04,36.42784881591797,36.66310636015684,36.26479885683051,36.35331321500193,82239600
2017-08-07,36.99153518676758,37.017157575225106,36.49306617386658,36.5839085412665,87481200
2017-08-08,37.287376403808594,37.69500326512967,36.86577433306095,36.94264153913125,144823600
2017-08-09,37.515628814697266,37.564545578918434,37.06141695073997,37.09635495788188,104526000
2017-08-10,36.32069778442383,37.41508737748859,36.15934464919948,37.391701520605345,163217200
2017-08-11,36.8257942199707,37.080687183177005,36.49607651485307,36.620013691083315,105028400
2017-08-14,37.37999725341797,37.46418130917244,37.12276720300728,37.256060111359915,88490800
2017-08-15,37.78923034667969,37.929534748789344,37.44781618867103,37.56941619170999,117862000
2017-08-16,37.637237548828125,38.00203406825438,37.450161404250885,37.868744679162795,110686400
2017-08-17,36.91466522216797,37.58112297451588,36.909987336585466,37.536691981935185,111762400
2017-08-18,36.830474853515625,37.29816342308408,36.64807659683838,36.91465893876517,109712400
2017-08-21,36.76265335083008,36.92166571615837,36.271579035448326,36.8304666082366,105474000
2017-08-22,37.363651275634766,37.41509731990418,36.95208648966125,37.001191806711844,86418400
2017-08-23,37.41040802001953,37.52499300514816,37.15318144533209,37.197612430753,77596400
2017-08-24,37.2443733215332,37.58812464179636,37.07600518229493,37.51562992970158,79275600
2017-08-25,37.38234329223633,37.54603355948766,37.24437603613736,37.33323442797082,101920400
2017-08-28,37.758827209472656,37.8827643629836,37.39870510561922,37.44781396275549,103864000
2017-08-29,38.095577239990234,38.1446825467046,37.41508944435755,37.438475302532666,118067600
2017-08-30,38.1984748840332,38.32474925934495,38.025428785542324,38.30370412482324,109078400
2017-08-31,38.350467681884766,38.47206772484486,38.228867638924676,38.26628358570948,107140400
2017-09-01,38.36214828491211,38.570269515780986,38.26393413229555,38.537531464908795,66364400
2017-09-05,37.9014778137207,38.40891942605376,37.54603354201166,38.29199729690291,117874000
2017-09-06,37.86172866821289,38.11428092170984,37.53668525798803,38.04880480800848,86606800
2017-09-07,37.70972442626953,37.93889437224509,37.49926601762614,37.90381559201768,87714000
2017-09-08,37.09471893310547,37.68400394413304,37.07133307805082,37.61619067356338,114446000
2017-09-11,37.76585006713867,37.89446513084861,37.389360645104375,37.53200579427713,126323200
2017-09-12,37.616180419921875,38.3410989108472,37.12744686885405,38.025407794564984,286856000
2017-09-13,37.3332405090332,37.40573523822023,36.92635371675804,37.38468653971778,179629600
2017-09-14,37.01287078857422,37.274775229286895,36.968439806343234,37.17890179035626,95042800
2017-09-15,37.38703155517578,37.64192101123761,36.94740308550495,37.05731020292266,196458400
2017-09-18,37.10407257080078,37.53200804396978,36.94739732677399,37.44080891481446,113077600
2017-09-19,37.11810302734375,37.36130308630419,37.050289753472114,37.30050128747374,83242400
2017-09-20,36.49608612060547,37.00820220357445,35.97227353937508,36.92401810245138,211805600
2017-09-21,35.86936950683594,36.4329350079312,35.7197093289704,36.4329350079312,150046800
2017-09-22,35.518611907958984,35.60747388708851,35.20759854918663,35.436764972636425,186581600
2017-09-25,35.20526123046875,35.50458165880734,34.880217785561335,35.07430898909324,177549200
2017-09-26,35.810909271240234,35.99330750572114,35.47183581320164,35.492880939907856,146640000
2017-09-27,36.0657958984375,36.18038085982717,35.90444280299202,35.9652445886265,102016800
2017-09-28,35.84364700317383,36.077491257405484,35.70801690753785,35.98629214098234,88022000
2017-09-29,36.040096282958984,36.04243701049808,35.5443473174549,35.82730059965324,105199200
2017-10-02,35.96759033203125,36.11725053764211,35.71270090763132,36.07281955082032,74795200
2017-10-03,36.124267578125,36.266912748248025,35.99097817847156,36.014360468283606,64921200
2017-10-04,35.890419006347656,35.979280974345166,35.651900410428865,35.92549778916903,80655200
2017-10-05,36.337074279785156,36.34876721120337,36.0237236995945,36.05412103946382,85135200
2017-10-06,36.31602096557617,36.36045195405027,36.14297489682992,36.23885191741288,69630400
2017-10-09,36.442291259765625,36.65041252350244,36.360447903749865,36.43527621691229,65051600
2017-10-10,36.45631408691406,36.94738839795628,36.26924155716444,36.4937300201359,62468000
2017-10-11,36.608333587646484,36.70888494509386,36.421257394615665,36.47270343690368,67622400
2017-10-12,36.47970199584961,36.80006746771351,36.41656305099716,36.5615489083687,64500400
2017-10-13,36.71121597290039,36.77902924626432,36.575585857991875,36.65041417452515,65576800
2017-10-16,37.38703155517578,37.41509173215691,36.865556145068375,36.924017225899874,96486000
2017-10-17,37.524993896484375,37.61853018619602,37.23502568928912,37.36364076377817,75989200
2017-10-18,37.358970642089844,37.58112562063542,37.32155825933928,37.51330876354841,65496800
2017-10-19,36.47502517700195,36.73225527970482,36.250536694806804,36.655086248893966,170336800
2017-10-20,36.538169860839844,36.8889362915039,36.47035658757761,36.622353946926445,95896400
2017-10-23,36.519466400146484,36.874910759543646,36.362791136614184,36.68783459311455,87937200
2017-10-24,36.7369384765625,36.81176679205558,36.526476479865714,36.54752160908121,71028800
2017-10-25,36.57558822631836,36.84217058855723,36.30900586407949,36.69251037761928,84828400
2017-10-26,36.809425354003906,36.90763951377101,36.66210233026315,36.76733153228646,68002000
2017-10-27,38.12830352783203,38.25691857172135,37.11107967037454,37.24904691373768,177816800
2017-10-30,38.986515045166016,39.30220622127214,38.28498226997927,38.32473536572489,178803200
2017-10-31,39.52903747558594,39.671682636165784,39.03796660421485,39.26245512593285,144187200
2017-11-01,39.026268005371094,39.739493704636594,38.72694764111873,39.72312289387926,134551200
2017-11-02,39.31155776977539,39.402756886310264,38.649778101307376,38.95845422999782,165573600
2017-11-03,40.3381462097168,40.74971093867359,40.01543989822107,40.68891269849694,237594400
2017-11-06,40.74736404418945,40.920410088520335,40.15573832659195,40.30773567480745,140105200
2017-11-07,40.8783073425293,40.98119936977299,40.59535783578876,40.667848972752374,97446000
2017-11-08,41.21271896362305,41.21271896362305,40.76607551325696,40.84324455715639,97638000
2017-11-09,41.1285285949707,41.1799746163797,40.48779405353684,40.94846752003919,117930400
2017-11-10,40.99241638183594,41.159044258138955,40.89854384203651,41.095678324220025,100582000
2017-11-13,40.82813262939453,40.95251534079716,40.69436051656109,40.7178304391307,67928400
2017-11-14,40.21091079711914,40.71313635100176,40.173360352845734,40.60987441975361,99130000
2017-11-15,39.6805305480957,39.97154116625543,39.51625180437974,39.88940000389343,116632400
2017-11-16,40.15459060668945,40.33529541389406,39.96684195746964,40.173362248704564,94550000
2017-11-17,39.931640625,40.22265123623856,39.81195259621237,40.14051007583014,87598000
2017-11-20,39.89173889160156,40.02785656534343,39.793171661859,39.96449063872055,65049600
2017-11-21,40.63334655761719,40.76476953873058,40.07949000791954,40.07949000791954,100525200
2017-11-22,41.06047439575195,41.069860216729566,40.61222534765896,40.68497709851023,102355600
2017-11-24,41.06282043457031,41.18720315476792,40.987719541843184,41.09333061986667,56106800
2017-11-27,40.85629653930664,41.08863589742661,40.680282850702696,41.08159563636307,82867200
2017-11-28,40.61691665649414,41.03934660435194,40.33294635678257,40.90557807579892,105715200
2017-11-29,39.7744026184082,40.581719384764284,39.22993541987075,40.5136623278251,166665600
2017-11-30,40.33060073852539,40.398657782601546,39.53032438514195,39.99734503550957,166108800
2017-12-01,40.142852783203125,40.288356274998044,39.54440557316444,39.88469796130177,159037200
2017-12-04,39.84950637817383,40.51131609418123,39.80961036524149,40.47846034347176,130169600
2017-12-05,39.81195831298828,40.253167204122676,39.52094765996221,39.67584060017004,109400800
2017-12-06,39.66409683227539,39.94337245857376,39.06565315421621,39.309723894094375,114240000
2017-12-07,39.736854553222656,39.99970053211976,39.640632871302145,39.668793917324585,102693200
2017-12-08,39.74857711791992,40.13111461957262,39.619503298276676,40.01142661951891,93420800
2017-12-11,40.52304458618164,40.57467555490873,39.61246595336683,39.708687629722554,141095200
2017-12-12,40.29539489746094,40.45732804452476,40.239072815704645,40.40100238176123,77636800
2017-12-13,40.429176330566406,40.72722363130494,40.36581039296496,40.48315286503753,95273600
2017-12-14,40.41744613647461,40.631010320289505,40.2836739836427,40.459687712521436,81906000
2017-12-15,40.82813262939453,40.87506889352634,40.47375971704085,40.748340622269716,160677200
2017-12-18,41.40311813354492,41.58617210666833,41.03701018729811,41.041704888944594,117684400
2017-12-19,40.9619026184082,41.16138622432413,40.856295125102875,41.07689951347836,109745600
2017-12-20,40.917320251464844,41.16843127225666,40.65916538802657,41.03935384053752,93902400
2017-12-21,41.07221603393555,41.3092501496558,40.85865542904056,40.87508151510548,83799600
2017-12-22,41.07221603393555,41.16843773277232,40.95252798629055,40.994769562750484,65397600
2017-12-26,40.030208587646484,40.241423583583014,39.821335570743265,40.08418511665112,132742000
2017-12-27,40.03725814819336,40.079499724788995,39.82838866378392,39.91991566074966,85992800
2017-12-28,40.1498908996582,40.33059926533912,40.009078535048396,40.131115678976414,65920800
2017-12-29,39.71573257446289,40.034904245593765,39.71338701415603,40.01847816142949,103999600
2018-01-02,40.426822662353516,40.436212064432425,39.72276790875693,39.9339864834405,102223600
2018-01-03,40.41978454589844,40.964255303118776,40.35642219303837,40.490190741195256,118071600
2018-01-04,40.6075325012207,40.71079444172855,40.3845825374921,40.49253559819918,89738400
2018-01-05,41.069854736328125,41.156686997562645,40.612219928324755,40.703746889925426,94640000
2018-01-08,40.917320251464844,41.213021983305815,40.8187494265099,40.917320251464844,82271200
2018-01-09,40.912628173828125,41.083947186365236,40.696718447382196,40.96425914982696,86336000
2018-01-10,40.903228759765625,40.905577900559486,40.6004868209635,40.638037263592274,95839600
2018-01-11,41.13557815551758,41.184863571147595,40.95017861883131,40.97364496545803,74670800
2018-01-12,41.560359954833984,41.623725898618915,41.22241302932559,41.3467957753796,101672400
2018-01-16,41.34913635253906,42.100127375338886,41.33740139041563,41.750445557703614,118263600
2018-01-17,42.03207778930664,42.06727910092083,41.08629768651695,41.339754292155696,137547200
2018-01-18,42.06962203979492,42.266760115574634,41.83259153401056,42.0954375270394,124773600
2018-01-19,41.881874084472656,42.14472005952902,41.6354541923534,41.917075391486335,129700400
2018-01-22,41.539222717285156,41.722276632609585,41.44535020004437,41.60962889571924,108434400
2018-01-23,41.54862594604492,42.11187202851836,41.4969985466348,41.60964633072609,130756400
2018-01-24,40.886802673339844,41.60963257930642,40.64742307787513,41.59789761836071,204420400
2018-01-25,40.15692901611328,41.058118074688274,40.02081135919201,40.954856156954406,166116000
2018-01-26,40.25080108642578,40.36579796280791,39.910508738405824,40.36579796280791,156572000
2018-01-29,39.41769027709961,39.93399650983338,39.20882079099787,39.93399650983338,202561600
2018-01-30,39.185340881347656,39.279213415752686,38.6526051170296,38.84739402787731,184192800
2018-01-31,39.293296813964844,39.53033088935035,39.07504154404407,39.16187382377497,129915600
2018-02-01,39.37543869018555,39.57257317905928,39.13605905026289,39.23228073447791,188923200
2018-02-02,37.666927337646484,39.145442958690175,37.573054807837266,38.95769431806428,346375200
2018-02-05,36.72584915161133,38.460170790615834,36.6108522368327,37.33837701496789,290954000
2018-02-06,38.26068115234375,38.422614315581534,36.14147667042232,36.336265578302005,272975200
2018-02-07,37.44163513183594,38.34751917686184,37.33133650049833,38.27476741574191,206434400
2018-02-08,36.41135787963867,37.784265866830054,36.383196839821686,37.617638025563025,217562000
2018-02-09,36.856719970703125,37.20546868760478,35.40281108119353,37.01224435906996,282690400
2018-02-12,38.341278076171875,38.61933366859488,37.115937864737404,37.34922453638688,243278000
2018-02-13,38.725364685058594,38.82197866638515,38.09148779648319,38.162181041249156,130196800
2018-02-14,39.43935775756836,39.4794164227937,38.38132862243266,38.41902856901624,162579600
2018-02-15,40.76366424560547,40.787226261286364,39.82345244667649,40.009607831667644,204588800
2018-02-16,40.63170623779297,41.19489348609223,40.47618541158448,40.615213184598545,160704400
2018-02-20,40.49504089355469,41.06293484455439,40.39371305953362,40.54216852992367,135722000
2018-02-21,40.31123352050781,41.02993793912658,40.29709199603148,40.72596168162499,149886400
2018-02-22,40.64820861816406,40.98988849322406,40.46205318685,40.48326008492217,123967600
2018-02-23,41.35512924194336,41.39047406800954,40.89326980623365,40.92390438589629,135249600
2018-02-26,42.17280960083008,42.27177871683173,41.522439583272835,41.55542928860672,152648800
2018-02-27,42.036128997802734,42.52861936141671,41.98193240547774,42.203436211859255,155712400
2018-02-28,41.972511291503906,42.5616157216928,41.956018237174824,42.241142767845716,151128400
2018-03-01,41.2373046875,42.36367192217282,40.685903876338685,42.071474868825504,195208000
2018-03-02,41.5224494934082,41.54365639569681,40.63643388907647,40.7189099698998,153816000
2018-03-05,41.66618347167969,41.88297348928554,41.12420662986085,41.28680004196734,113605600
2018-03-06,41.630828857421875,42.00314326566764,41.50358389046572,41.92302593108013,95154000
2018-03-07,41.244388580322266,41.43761660383059,41.0653020867071,41.22318167889591,126814000
2018-03-08,41.6944580078125,41.736871803215045,41.25380902051406,41.35041941968929,95096400
2018-03-09,42.41080856323242,42.41552240582564,41.80049718711683,41.934814733960636,128740800
2018-03-12,42.82081985473633,42.97869939855477,42.46500210036413,42.48385027656255,128828400
2018-03-13,42.40845489501953,43.240270158651725,42.23643738835223,43.02583525840665,126774000
2018-03-14,42.04791259765625,42.53804784759199,41.899457151085095,42.49092021878439,117473600
2018-03-15,42.09739685058594,42.47206996264461,41.96072780085272,42.062052026621785,90975200
2018-03-16,41.948944091796875,42.208147851708596,41.8546852372409,42.097395944860104,157618800
2018-03-19,41.30801010131836,41.819352398649464,40.92155767590823,41.784007565316614,133787200
2018-03-20,41.293861389160156,41.66146194230275,41.22316814533864,41.293861389160156,78597600
2018-03-21,40.358360290527344,41.25850983357466,40.356001572027665,41.24672702789867,148219600
2018-03-22,39.788116455078125,40.690621318863954,39.72920600939137,40.0591030669939,165963200
2018-03-23,38.86675262451172,40.04024758721578,38.86675262451172,39.679715980628345,164115200
2018-03-26,40.711830139160156,40.78959235574448,39.22021728418757,39.604314524877644,150164800
2018-03-27,39.66794204711914,41.27266222278732,39.3333311032073,40.92626846907116,163690400
2018-03-28,39.22962951660156,40.06380315467739,38.92565330328693,39.41107463379318,166674000
2018-03-29,39.535972595214844,40.47147063196925,39.328606704264416,39.54304156007836,153594000
2018-04-02,39.27677917480469,39.80933202096433,38.75601273507877,39.26735508351037,150347200
2018-04-03,39.679718017578125,39.76454919969513,38.85261668864338,39.5029866878017,121112000
2018-04-04,40.4384765625,40.53273181423707,38.82668802678752,38.85260876035632,138422000
2018-04-05,40.718894958496094,41.05586093377513,40.54923261151675,40.66705348605198,107732800
2018-04-06,39.6773681640625,40.64349740445966,39.634950769566224,40.28767957433702,140021200
2018-04-09,40.07088088989258,40.787230238252334,40.02375325832814,40.030822223282414,116070800
2018-04-10,40.824928283691406,41.001659574962794,40.419624234727095,40.766017853267606,113634400
2018-04-11,40.634063720703125,40.98281250200534,40.45968753224815,40.58457737140923,89726400
2018-04-12,41.03465270996094,41.237304751420794,40.775445356137524,40.86263524548229,91557200
2018-04-13,41.17367935180664,41.43524182149382,40.96631707000955,41.18546215767873,100497200
2018-04-16,41.4305419921875,41.517728305467955,41.197255321453866,41.24438296118362,86313600
2018-04-17,42.00078582763672,42.16573432963981,41.569561003795144,41.588412774825166,106421600
2018-04-18,41.906532287597656,42.13746381529928,41.68031819776145,41.899463322015784,83018000
2018-04-19,40.718894958496094,41.329206225642714,40.68590525745054,40.94510902406339,139235200
2018-04-20,39.05055236816406,40.34658203533058,38.98221424490033,40.200485296171784,261964400
2018-04-23,38.937442779541016,39.33331918058596,38.666452618618635,39.31211228673161,146062000
2018-04-24,38.39547348022461,39.19429899705882,37.99016931755155,39.0387745541616,134768000
2018-04-25,38.56277847290039,38.97986545854472,38.27058494708206,38.32006771069586,113528400
2018-04-26,38.697086334228516,39.05290406264706,38.49678941955392,38.67352072228766,111852000
2018-04-27,38.24937438964844,38.72301305983123,37.8511392172482,38.64525084312514,142623200
2018-04-30,38.94215774536133,39.413441286929526,38.136263320752676,38.204601447820586,169709600
2018-05-01,39.84703063964844,39.870592662769035,38.944522095571145,39.21315360928436,214277600
2018-05-02,41.60726547241211,41.8853210111797,40.9545368189417,41.291502795137106,266157600
2018-05-03,41.68266677856445,41.826408382181036,41.10534524114318,41.44466991824513,136272800
2018-05-04,43.318023681640625,43.416992785962016,41.984290502990305,42.00314227461454,224805200
2018-05-07,43.63142395019531,44.222883402962815,43.53480997715137,43.63613419599686,169805600
2018-05-08,43.841156005859375,43.88121467892142,43.28032739177404,43.59137628229113,113611200
2018-05-09,44.149837493896484,44.159261581630574,43.6455643033423,43.958968255714005,92844800
2018-05-10,44.78135299682617,44.8591151995632,44.218169403313304,44.23937989177429,111957200
2018-05-11,44.611045837402344,44.95877526691211,44.34137848487162,44.82394339538335,104848800
2018-05-14,44.506961822509766,44.833402569927514,44.43836378619095,44.710395336057,83115200
2018-05-15,44.10246658325195,44.2514945221475,43.78548984575124,44.182892870174804,94780800
2018-05-16,44.51405334472656,44.580290778639664,43.998375195944654,44.014935456791115,76732400
2018-05-17,44.23256301879883,44.68673937854527,44.08353510360272,44.47147763647819,69176000
2018-05-18,44.07170104980469,44.426526622457686,44.02912371363307,44.27986654079228,73190800
2018-05-21,44.38395690917969,44.7718994575301,44.21364031629678,44.471479410434824,73603200
2018-05-22,44.27277374267578,44.67964071954757,44.182883435619345,44.56136551951444,60962800
2018-05-23,44.55663299560547,44.589749906860305,43.94160051861835,44.081167996274026,80233600
2018-05-24,44.506961822509766,44.67018219621864,44.04805702169215,44.65362554309607,92936000
2018-05-25,44.60869598388672,44.86180315478751,44.38870213081095,44.52590186090108,69844000
2018-05-29,44.447818756103516,44.64888804007304,44.204172132642654,44.37685652361795,90056400
2018-05-30,44.35319900512695,44.47147420247396,44.18288243218946,44.405240380717444,74762000
2018-05-31,44.20417785644531,44.525886586769595,44.031497052583006,44.28697195102932,109931200
2018-06-01,45.0013427734375,45.0060711819214,44.412331064700744,44.46910445175667,93770000
2018-06-04,45.377471923828125,45.753586262007424,45.263928721815624,45.33252676213249,105064800
2018-06-05,45.72756576538086,45.87659370017553,45.50284356541038,45.67079596886733,86264000
2018-06-06,45.88604736328125,45.909703847988986,45.39875409787338,45.80325688574977,83734400
2018-06-07,45.76304244995117,45.938087437716206,45.49810354474371,45.92389499108366,85388800
2018-06-08,45.34671401977539,45.41767986646132,44.89017344949806,45.22134258806852,106627200
2018-06-11,45.23553466796875,45.41058327377536,44.99425584445907,45.2639231720962,73234000
2018-06-12,45.483917236328125,45.5619793128146,45.21661409043262,45.273387494097285,67644400
2018-06-13,45.110164642333984,45.62584643794907,45.04866283217583,45.517031655929124,86553600
2018-06-14,45.13382339477539,45.31596823906581,44.996623710326915,45.31123621974741,86440400
2018-06-15,44.670188903808594,44.982437249872724,44.53298920109621,44.95168453441905,246876800
2018-06-18,44.64653396606445,44.76007717327769,44.28224424577315,44.44310043134259,73939600
2018-06-19,43.92504119873047,44.076433299478275,43.39516704137694,43.794937766180226,134314000
2018-06-20,44.11664962768555,44.28223418589493,43.934504808918895,44.08116851145234,82514800
2018-06-21,43.870643615722656,44.55427420282024,43.74763638348965,44.294067290302934,102847600
2018-06-22,43.74291229248047,44.03386835868544,43.69087090054479,44.02677213337364,108801600
2018-06-25,43.09238052368164,43.74289404199558,42.75174741293988,43.383336468493475,126652400
2018-06-26,43.62697982788086,44.123737012475885,43.179899805534106,43.28635035185585,98276800
2018-06-27,43.56312942504883,44.30116563482723,43.53237671315032,43.81623651618253,101141200
2018-06-28,43.880096435546875,44.048048797133816,43.47796150277597,43.54892734019965,69460800
2018-06-29,43.787845611572266,44.27987088708251,43.26743544249482,44.06697335691033,90950800
2018-07-02,44.27751159667969,44.30590010518459,43.388083202116974,43.48270554801094,70925200
2018-07-03,43.50634765625,44.459645447093266,43.416457352273774,44.42179651810617,55819200
2018-07-05,43.8564453125,44.095363540706394,43.591510003847155,43.8233283989184,66416800
2018-07-06,44.464378356933594,44.5731895181121,43.80913274741524,43.861174123447604,69940800
2018-07-09,45.081790924072266,45.10544380639452,44.77900659834599,44.826315972464364,79026400
2018-07-10,45.02737808227539,45.24736826080671,44.98716133079551,45.11253638578148,63756400
2018-07-11,44.44308090209961,44.89252512320031,44.37921129696319,44.58974096403253,75326000
2018-07-12,45.18822479248047,45.278115103826856,44.78135779619121,44.83339917544724,72164400
2018-07-13,45.259193420410156,45.379832838208394,45.15747486034756,45.200055813935386,50055600
2018-07-16,45.159847259521484,45.57144273231037,45.043936239652766,45.30414317834849,60172400
2018-07-17,45.28757095336914,45.386921682956974,44.755332581630604,44.88543601661674,62138000
2018-07-18,45.039207458496094,45.37038027787357,44.928028450284025,45.36564825788247,65573600
2018-07-19,45.3892936706543,45.547782011675714,44.87124769700974,44.87124769700974,81147200
2018-07-20,45.28521728515625,45.51939991314476,44.98479721255897,45.36564356932456,82704800
2018-07-23,45.32542419433594,45.40821828160653,44.840495132049895,45.1054304361593,63957600
2018-07-24,45.654239654541016,45.81036382740535,45.42951743513101,45.52413617715407,74791600
2018-07-25,46.08475112915039,46.09184735246474,45.519392202307905,45.66842011085451,66839600
2018-07-26,45.94044876098633,46.35441190682038,45.79851709576863,46.03506746481666,76304000
2018-07-27,45.176395416259766,46.17227421124157,44.968233513932546,46.12496485205233,96096000
2018-07-30,44.923282623291016,45.464981394364806,44.72458117438404,45.39401555990595,84118000
2018-07-31,45.01317596435547,45.45079566697148,44.78845379658217,45.015543778519834,157492000
2018-08-01,47.6649055480957,47.72640735261857,46.67375879565938,47.10428225573744,271742800
2018-08-02,49.058189392089844,49.292375597431416,47.392876093634904,47.4472816772898,249616000
2018-08-03,49.20011901855469,49.37753181863814,48.60637520421288,48.97302904627989,133789600
2018-08-06,49.45560073852539,49.49817808389991,48.982499872729456,49.20249004277745,101701600
2018-08-07,48.9919548034668,49.55731013026369,48.9091607174553,49.51473278966766,102349600
2018-08-08,49.02507781982422,49.15754548635724,48.3792961407391,48.74121801875727,90102000
2018-08-09,49.4106559753418,49.62354992286945,49.01324936795748,49.564412314170305,93970400
2018-08-10,49.26347351074219,49.63616186752561,49.05932655590925,49.22311934343157,98444800
2018-08-13,49.58155822753906,50.075309050111564,49.303824068991645,49.686006004523996,103563600
2018-08-14,49.790470123291016,49.98274740215204,49.43677251189209,49.88779682216442,82992000
2018-08-15,49.906768798828125,50.02545879001644,49.45337216317732,49.66464020260727,115230400
2018-08-16,50.63790512084961,50.75421900677927,50.19875065654081,50.265216769109614,114001600
2018-08-17,51.64914321899414,51.73697266396668,50.599924005213595,50.666390118511444,141708000
2018-08-20,51.145904541015625,52.028954949320145,51.06282007892816,51.77258769595775,121150800
2018-08-21,51.046199798583984,51.55656903377476,50.80644727346733,51.46399096742954,104639200
2018-08-22,51.04856872558594,51.35953593996039,50.76133733746825,50.82305845442465,76072400
2018-08-23,51.15302276611328,51.52333502466654,50.941754689265245,50.95362079278084,75532800
2018-08-24,51.312068939208984,51.48772784593229,51.06281917946899,51.41651673354817,73905600
2018-08-27,51.73461151123047,51.92451628606232,51.35242946490432,51.54707923306105,82100400
2018-08-28,52.15239334106445,52.351791702590354,51.967237202200124,51.98860053619249,91107200
2018-08-29,52.93099594116211,53.05206206974539,52.08355115173743,52.25921004869096,109019200
2018-08-30,53.417633056640625,54.18436961391813,52.793322357936674,52.99509685191441,195175200
2018-08-31,54.03481674194336,54.329165657459775,53.64788613858732,53.768948648472445,173360400
2018-09-04,54.20811080932617,54.40276057560212,53.79744431848956,54.21998053678828,109560400
2018-09-05,53.854400634765625,54.519065373926225,53.43424063338607,54.35764870897098,133332000
2018-09-06,52.95949172973633,53.96835696368413,52.532206906226115,53.70248883898211,137160000
2018-09-07,52.53219985961914,53.49833467055365,52.39214651523999,52.66275959680805,150479200
2018-09-10,51.82719039916992,52.66276924818167,51.38566333020641,52.4491250148644,158066000
2018-09-11,53.13751220703125,53.244332478098336,51.40701005164594,51.75121031269819,142996000
2018-09-12,52.47760009765625,53.41050179030378,52.185620079934594,53.3962595693674,197114800
2018-09-13,53.74522399902344,54.20574192705473,52.833685374416724,53.05919572270444,166825600
2018-09-14,53.1351432800293,53.84728334636249,52.82180353435116,53.588539991573036,127997200
2018-09-17,51.720367431640625,52.92388242440264,51.57556545351566,52.73397765638318,148780400
2018-09-18,51.80582046508789,52.66276254166142,51.53995236118201,51.69899655096694,126286800
2018-09-19,51.83667755126953,52.133402597695046,51.10792272075707,51.86753811518,108495200
2018-09-20,52.2307243347168,52.76482936769001,52.02182876273851,52.28057573153219,106435200
2018-09-21,51.66814041137695,52.54644583555684,51.58030733346659,52.40876497760596,384986800
2018-09-24,52.4111328125,52.522701711224435,51.423634686068496,51.46873746922922,110773600
2018-09-25,52.743473052978516,52.89302364119019,52.152395433880415,52.16426516061868,98217600
2018-09-26,52.32331085205078,53.11378686326382,52.16663914774575,52.46099171745834,95938800
2018-09-27,53.39863204956055,53.752329565278224,53.06392536912954,53.13039510369861,120724800
2018-09-28,53.58616256713867,53.609898393887846,53.17786867688684,53.360648669167745,91717600
2018-10-01,53.94698715209961,54.45972891318769,53.730974066254866,54.11077996095819,94403200
2018-10-02,54.426483154296875,54.597397034784954,53.79742763731377,53.944602070238616,99152800
2018-10-03,55.08878707885742,55.421117682731534,54.54518476421743,54.60927838858312,114619200
2018-10-04,54.12026596069336,55.155242876065586,53.821164851058356,54.78255454806998,128168000
2018-10-05,53.24197006225586,54.21997833574172,52.36129210115528,54.11315803718363,134322000
2018-10-08,53.11853790283203,53.36303907883118,52.27108933624933,52.74822558276078,118655600
2018-10-09,53.854400634765625,53.94935481014939,52.75770616953607,53.08766423196535,107564000
2018-10-10,51.35953140258789,53.730958650650294,51.285944190069834,53.519690618333854,167962400
2018-10-11,50.9061393737793,52.10490907696955,50.40052244578554,50.92275771210795,212497600
2018-10-12,52.72446823120117,52.90725183252346,51.47347470511898,52.323295479917036,161351600
2018-10-15,51.5969123840332,52.65800118000994,51.57554905523312,52.498957028724234,123164000
2018-10-16,52.73397445678711,52.93337644328166,51.454496185595865,51.96961043793188,116736000
2018-10-17,52.5060920715332,52.850292408019996,52.06693754496358,52.769584063048576,91541600
2018-10-18,51.278839111328125,52.161893181865885,50.561950350379284,51.71561753142815,130325200
2018-10-19,52.059810638427734,52.52270094439236,51.613535050045634,51.763085618946356,132314800
2018-10-22,52.37790298461914,53.02120446965428,51.971985155404845,52.17375601076135,115168400
2018-10-23,52.87165451049805,52.995093143663425,50.96549310735206,51.23373370765416,155071200
2018-10-24,51.05807113647461,53.227724523287165,50.92751139208829,52.840797527182865,163702000
2018-10-25,52.17612838745117,52.55118924843808,51.4521186121958,51.68000502193236,119423200
2018-10-26,51.34529495239258,52.26870301160713,50.48360438948475,51.250340778692184,189033600
2018-10-29,50.38154983520508,52.15003071913569,48.92166015972467,52.03134067830636,183742000
2018-10-30,50.6331672668457,51.07943931434312,49.676525919645115,50.12279796714253,146640000
2018-10-31,51.95298767089844,52.33042100686133,51.4212551595005,51.482976278527076,153435600
2018-11-01,52.75058364868164,52.783816703644504,51.46635698523949,51.99808948677657,233292800
2018-11-02,49.251609802246094,50.71624421787681,48.76497999466128,49.74298822483916,365314800
2018-11-05,47.85343551635742,48.51810027114174,47.04159631393305,48.496736939477515,264654800
2018-11-06,48.370933532714844,48.59644385452974,47.877182596814855,47.93177899381314,127531600
2018-11-07,49.83794403076172,49.86405598285383,48.45639393296454,48.893172384203126,133697600
2018-11-08,49.66405487060547,50.052331967795496,49.24957107756587,50.01898294776499,101450400
2018-11-09,48.70643615722656,49.07327522518657,48.177613605851754,48.963701476930716,137463200
2018-11-12,46.25289535522461,47.60592010205465,46.16237505731582,47.40344163613324,204542000
2018-11-13,45.7907829284668,46.969913349271664,45.604980735359135,45.647860121721884,187531600
2018-11-14,44.497314453125,46.32675258754113,44.29007074517611,46.18859132716536,243204000
2018-11-15,45.59545135498047,45.72884742077253,44.52112960091977,44.87606127472165,185915200
2018-11-16,46.1004524230957,46.44347295974592,45.130946523451215,45.3786815583818,147713200
2018-11-19,44.27338409423828,45.426311115536286,44.066144086399774,45.25956607274845,167701200
2018-11-20,42.15810775756836,43.22766443054001,41.807941233880754,42.48921717934712,271300800
2018-11-21,42.11045837402344,42.9418065585456,42.055671488755785,42.813172055153956,124496800
2018-11-23,41.04090118408203,42.06758187961476,40.99564466604918,41.67215527959916,94496000
2018-11-26,41.59592819213867,41.674537359769296,40.55733995839056,41.50541151846663,179994000
2018-11-27,41.50541305541992,41.63166315620087,40.705033069179756,40.85510181769542,165549600
2018-11-28,43.10140609741211,43.18477681325932,41.66977203052576,42.09854765484089,184250000
2018-11-29,42.77029800415039,43.544474925068734,42.32961122602735,43.511125910789204,167080000
2018-11-30,42.539241790771484,42.95610634654788,42.1700181715583,42.946575978372955,158126000
2018-12-03,44.025657653808594,44.05424148532072,43.16572558637516,43.93990252450219,163210000
2018-12-04,42.08902359008789,43.44681012414803,41.98897654386978,43.10378960296019,165377200
2018-12-06,41.619754791259766,41.63404670780796,40.59545836632005,40.91465661846375,172393600
2018-12-07,40.135711669921875,41.56496125249905,40.09045151824379,41.32675298873619,169126400
2018-12-10,40.40013122558594,40.51685097237606,38.906564089522284,39.30437153494596,248104000
2018-12-11,40.169063568115234,40.92179897327455,39.780782907152584,40.89083436840354,189126800
2018-12-12,40.2810173034668,40.952762691303604,40.261960206928016,40.59068512660581,142510800
2018-12-13,40.721702575683594,41.107602440425985,40.3882124553084,40.6121288081759,127594400
2018-12-14,39.41870880126953,40.27626014246563,39.37106786781869,40.257203042131245,162814800
2018-12-17,39.05186080932617,40.10236005671313,38.76362722957384,39.411553955755636,177151600
2018-12-18,39.55925369262695,39.907035771348404,39.15906186292742,39.39488938586305,135366000
2018-12-19,38.32533264160156,39.88797848357411,37.896556981360284,39.54257718093563,196189200
2018-12-20,37.35821533203125,38.61595510788309,36.993756853504344,38.20861723700372,259092000
2018-12-21,35.90513610839844,37.675025670788216,35.643109158770635,37.36535415325516,382978400
2018-12-24,34.97612762451172,36.10047117163717,34.91895631990907,35.29056071290011,148676800
2018-12-26,37.439186096191406,37.45347800805549,34.94991088458696,35.3262803143403,234330000
2018-12-27,37.19622039794922,37.34391199894363,35.7479172958147,37.12237641483691,212468400
2018-12-28,37.215293884277344,37.760793105473006,36.81510555385155,37.51781954213084,169165600
2018-12-31,37.57497787475586,37.9608741506893,37.27483309590084,37.76316082907262,140014000
2019-01-02,37.61784362792969,37.83937917416223,36.738854668728976,36.89607297447218,148158800
2019-01-03,33.87083053588867,34.71170533997153,33.825570388313054,34.297221690076654,365248800
2019-01-04,35.316749572753906,35.385831992384595,34.25434294148728,34.42823392525828,234428400
2019-01-07,35.23814010620117,35.452529684249065,34.75457771221755,35.4215614526405,219111200
2019-01-08,35.9099006652832,36.16478528700009,35.378697182298566,35.62643221113831,164101200
2019-01-09,36.51971435546875,36.81032877594301,35.64310954502001,36.038532565619036,180396400
2019-01-10,36.636436462402344,36.67693143634063,35.93610349421872,36.32676495224882,143122800
2019-01-11,36.2767448425293,36.61261945893478,36.09094263659661,36.417290519136344,108092800
2019-01-14,35.73124313354492,36.03376867647788,35.54544096003209,35.93372163187635,129756800
2019-01-15,36.46254348754883,36.53876824774425,35.74315345783549,35.79555957068169,114843600
2019-01-16,36.90798568725586,37.13190201684626,36.44586111508322,36.46491821066211,122278800
2019-01-17,37.12714767456055,37.55592336335541,36.50780460910458,36.73172100407359,119284800
2019-01-18,37.3558235168457,37.60832370736827,37.15572580295646,37.51780339953194,135004000
2019-01-22,36.51732635498047,37.3343789279958,36.355342850894715,37.25815417619096,121576000
2019-01-23,36.6650276184082,36.95564208685742,36.13620480760854,36.719814519412964,92522400
2019-01-24,36.37439727783203,36.79840765141538,36.145719404431865,36.71027176633087,101766000
2019-01-25,37.57973098754883,37.66787050882143,36.76029768744328,37.03661648601908,134142000
2019-01-28,37.231956481933594,37.23910243985736,36.6030867412518,37.11046792768946,104768400
2019-01-29,36.846065521240234,37.667887229596545,36.7102886529711,37.22005437226278,166348800
2019-01-30,39.36390686035156,39.57829279630373,38.16810062362104,38.887490438441105,244439200
2019-01-31,39.64739227294922,40.257204973829765,39.199559480528016,39.56878309333675,162958400
2019-02-01,39.66644287109375,40.25243319065065,39.52589722677174,39.771255093393634,130672400
2019-02-04,40.79317092895508,40.89083720323202,39.847483697513894,39.87845193930174,125982000
2019-02-05,41.49110794067383,41.70549752948587,41.055190076437896,41.176674965759645,144406400
2019-02-06,41.50541305541992,41.82223051192853,41.17430368331649,41.60307569024123,112958400
2019-02-07,40.719322204589844,41.43394701369877,40.57639578886016,41.06710424288514,126966800
2019-02-08,40.76716995239258,40.826977430058655,40.29110111604144,40.42746391729229,95280000
2019-02-11,40.53271484375,40.958547367756964,40.489655219617426,40.92026971273372,83973600
2019-02-12,40.88200378417969,40.90831922326165,40.59731957511824,40.69301374012498,89134000
2019-02-13,40.7121467590332,41.26237631491163,40.64994829285385,41.00161657355029,89960800
2019-02-14,40.860469818115234,40.97051353375331,40.52076378013357,40.599710089365466,87342800
2019-02-15,40.769561767578125,41.07577576743532,40.609278162212156,40.968123035515944,98507200
2019-02-19,40.89156723022461,41.01357682194491,40.54707922219934,40.59971009502795,75891200
2019-02-20,41.15472412109375,41.46333277165954,40.90592660274059,40.953771858151704,104457600
2019-02-21,40.922672271728516,41.23606290385882,40.74085883448169,41.09970373851349,68998800
2019-02-22,41.37959671020508,41.38677331528308,40.99922203963624,41.04706729027582,75652800
2019-02-25,41.6810417175293,42.073378770005355,41.61405760981583,41.66429751578098,87493600
2019-02-26,41.70494842529297,41.937001717652244,41.427440868399195,41.55662705711392,68280800
2019-02-27,41.834136962890625,41.86523802210766,41.3221850553775,41.43701805078238,111341600
2019-02-28,41.42264938354492,41.84369627931718,41.367627537068515,41.70255153601081,112861600
2019-03-01,41.85806655883789,41.9011261996357,41.36046780202603,41.69299730172728,103544800
2019-03-04,42.0685920715332,42.523127558569534,41.6188385556819,42.03031439989486,109744800
2019-03-05,41.992027282714844,42.10446563638617,41.75518834938098,42.09011242534028,78949600
2019-03-06,41.750396728515625,41.98244998774128,41.611642969880634,41.78627974783588,83241600
2019-03-07,41.26715850830078,41.7312651068863,41.15232917629115,41.59490230920846,99185600
2019-03-08,41.3652458190918,41.40352348189286,40.54947092614344,40.74564121022977,95997600
2019-03-11,42.79823303222656,42.85086390887419,41.9489697007088,41.982461744906466,128044000
2019-03-12,43.279083251953125,43.70012657317597,42.91066715181928,43.06138316099755,129870400
2019-03-13,43.47047805786133,43.85085282185103,43.281484343433554,43.59966063135158,124130000
2019-03-14,43.953712463378906,44.04223001659465,43.67381389321422,43.99438111199851,94318000
2019-03-15,44.52546691894531,44.81493669824588,43.956102250709826,44.22164758035105,156171600
2019-03-18,44.98001480102539,45.06852871161591,44.446529401109466,44.44892403676384,104879200
2019-03-19,44.623558044433594,45.21206527171253,44.47762764277541,45.058958264264525,126585600
2019-03-20,45.01350402832031,45.33168026989481,44.19294347892103,44.551788370121876,124140800
2019-03-21,46.671363830566406,46.96801024304123,45.40823015544598,45.458470044388214,204136800
2019-03-22,45.70487594604492,47.29336243407434,45.64028284695774,46.731170674231585,169630800
2019-03-25,45.15226364135742,45.92736636997964,44.64031167663604,45.81492799755564,175381200
2019-03-26,44.68574905395508,46.14266184225436,44.15705304708854,45.85080108764559,199202000
2019-03-27,45.08766174316406,45.396266723051546,44.628340750814054,45.154645826401016,119393600
2019-03-28,45.1474723815918,45.34842464537016,44.86278818272628,45.202494243025605,83121600
2019-03-29,45.44171905517578,45.47282011048234,45.10440401800944,45.41301263511349,94256000
2019-04-01,45.750328063964844,45.855586155213935,45.066130393873266,45.84601856523079,111448000
2019-04-02,46.415401458740234,46.5206632333561,45.704888130442924,45.71445572342629,91062800
2019-04-03,46.73356628417969,47.008679231753774,46.20725754043274,46.23118199255174,93087200
2019-04-04,46.81490707397461,46.97758167937359,46.20487000301009,46.59959793991464,76457200
2019-04-05,47.12828826904297,47.15221271815539,46.872310534902006,46.996711099641466,74106400
2019-04-08,47.869911193847656,47.90100860298469,46.97040430689956,46.98954313963878,103526800
2019-04-09,47.72636795043945,48.527789624287095,47.66177485141358,47.922538232533284,143072800
2019-04-10,47.99430847167969,48.0230185461718,47.41058684524809,47.53020181294771,86781200
2019-04-11,47.594791412353516,48.08521347387526,47.47278546841466,48.04933044635173,83603200
2019-04-12,47.57565689086914,47.87947993607481,46.939308026197594,47.654603208931675,111042800
2019-04-15,47.661773681640625,47.810098707258135,47.3699129010381,47.506275701150514,70146400
2019-04-16,47.66655731201172,48.17372352909881,47.50148809786507,47.71679719689231,102785600
2019-04-17,48.59477233886719,48.654579815816376,47.513452133525476,47.73593419560427,115627200
2019-04-18,48.769412994384766,48.83878806695745,48.448845768750054,48.59238153452908,96783200
2019-04-22,48.92969512939453,49.02778027244778,48.405781021781074,48.523004996431936,77758000
2019-04-23,49.63542556762695,49.70001867175577,48.77898196787563,48.90577354056907,93292000
2019-04-24,49.558868408203125,49.87464998724384,49.53255297241984,49.606713659529454,70162400
2019-04-25,49.10911178588867,49.702400894113886,49.070834127200996,49.47991884741385,74172800
2019-04-26,48.87467575073242,49.04213597276273,48.353152601713404,49.01821151946166,74596400
2019-04-29,48.94883346557617,49.27418629872509,48.76941102781814,48.89859357684603,88818800
2019-04-30,48.00626754760742,48.65936420628047,47.63306945693711,48.57802690966953,186139600
2019-05-01,50.36267852783203,51.508588118959366,50.054069919017955,50.20957154101496,259309200
2019-05-02,50.034942626953125,50.872247452699426,49.79093070599436,50.20001187665775,127985200
2019-05-03,50.65693283081055,50.67846264636448,50.29330234990099,50.45119496468051,83569600
2019-05-06,49.8746452331543,49.96076813747586,48.68328143200459,48.87227143435446,129772400
2019-05-07,48.530174255371094,49.6210619387823,48.04453788446969,49.25264952478611,155054800
2019-05-08,48.53976058959961,49.12348231412722,48.26464757780065,48.30053061399713,105358000
2019-05-09,48.01822280883789,48.24788145423534,47.04695005980313,47.941667493466504,139634400
2019-05-10,47.353004455566406,47.75406012156591,46.29394061405998,47.4106420537473,164834800
2019-05-13,44.60087966918945,45.50384683187494,43.911646920796755,45.07878186043574,229722400
2019-05-14,45.306915283203125,45.55667085828681,44.52642407249515,44.76657521425145,146118800
2019-05-15,45.84965896606445,46.0489848683274,44.672919749406795,44.732957539326385,106178800
2019-05-16,45.64794921875,46.221910549350596,45.35016035491553,45.60712394671432,132125600
2019-05-17,45.38857650756836,45.84486231886198,44.85063650384428,44.89146176785127,131516400
2019-05-20,43.96928405761719,44.27187692674311,43.29445974538659,44.07255098317471,154449200
2019-05-21,44.812217712402344,45.14842794409167,44.35592821006204,44.480807866582374,113459200
2019-05-22,43.89483642578125,44.59848135341637,43.83960267533602,44.34632185833325,118994400
2019-05-23,43.145565032958984,43.35689559500795,42.70128385170774,43.17918605404062,146118800
2019-05-24,42.97985076904297,43.74112945994152,42.895796402418675,43.275235651736224,94858800
2019-05-28,42.8021354675293,43.36889228876683,42.72528901035946,42.96784033583409,111792800
2019-05-29,42.5980110168457,43.07110906280727,42.266601266123324,42.3674643066876,113924800
2019-05-30,42.8189582824707,43.04229713219423,42.4275106667513,42.73490389947276,84873600
2019-05-31,42.04327392578125,42.744515016451864,42.02406138932795,42.32184654331252,108174400
2019-06-03,41.61820602416992,42.727703457706276,40.890548140562736,42.17055454799359,161584400
2019-06-04,43.1407585144043,43.186387825636224,41.911185625871745,42.13212427525392,123872000
2019-06-05,43.83720016479492,44.42557355953624,43.50098993729986,44.255064588467334,119093600
2019-06-06,44.48080825805664,44.540846061702176,43.74354227036945,43.96688480542754,90105200
2019-06-07,45.664756774902344,46.08982549531718,44.61289683655015,44.79060640874679,122737600
2019-06-10,46.248313903808594,46.9183340723606,46.01776716255535,46.06339647229206,104883600
2019-06-11,46.783851623535156,47.069632119136514,46.49327074262788,46.79585991563247,107731600
2019-06-12,46.63496398925781,47.06243284929081,46.44284228865029,46.57732637975056,73012800
2019-06-13,46.6253547668457,47.25935379850286,46.49327453624691,46.75743866186106,86698400
2019-06-14,46.286739349365234,46.49086565193816,45.70076988896076,46.000958861346966,75046000
2019-06-17,46.56290054321289,46.81986400071428,46.149840323367016,46.32514961505494,58676400
2019-06-18,47.65800476074219,48.09988208792506,46.87991722035853,47.081643348278995,106204000
2019-06-19,47.51871109008789,48.001417289602486,47.38422702047334,47.95338412381209,84496800
2019-06-20,47.90055847167969,48.17673087730708,47.5571403608846,48.11909327191323,86056000
2019-06-21,47.737239837646484,48.23435442014344,47.585943457857795,47.742043886132805,191202400
2019-06-24,47.68922424316406,48.06866356701845,47.59076137478577,47.679616143391534,72881600
2019-06-25,46.96636199951172,47.852516661791036,46.89911630648535,47.65319076826102,84281200
2019-06-26,47.98221969604492,48.2680002651653,47.393849876076786,47.494712959692706,104270000
2019-06-27,47.967796325683594,48.40727340936007,47.92697106624909,48.09987653850626,83598800
2019-06-28,47.53071212768555,47.91015136014235,47.32178181316405,47.713225670820314,124442400
2019-07-01,48.40247344970703,49.10851854004472,48.18633517839463,48.79151720788642,109012000
2019-07-02,48.68585205078125,48.7819147300247,48.35684607736168,48.368854370319184,67740800
2019-07-03,49.08930206298828,49.09650630501188,48.67624175302726,48.81793006537936,45448000
2019-07-05,49.04607391357422,49.25020388004415,48.72667240803768,48.83474336935479,69062000
2019-07-08,48.0350341796875,48.36644027578619,47.64839068055923,48.22475197636059,101354400
2019-07-09,48.32802200317383,48.3928601796655,47.74445276383692,47.838111572074205,82312000
2019-07-10,48.80592727661133,48.926002876430864,48.40487521294406,48.47452111291263,71588400
2019-07-11,48.45050048828125,49.0844994559007,48.44089605343959,48.825135742181445,80767200
2019-07-12,48.8227424621582,48.99084757881,48.55857466140774,48.61861246481315,70380800
2019-07-15,49.28143310546875,49.43993012454427,48.9908485190662,49.01246124924694,67789600
2019-07-16,49.11091613769531,49.497559682715426,48.870764958537876,49.13252886435959,67467200
2019-07-17,48.83473587036133,49.25259650946776,48.81552333939778,49.00284093577285,56430000
2019-07-18,49.38949203491211,49.44232558710556,48.91879411475666,48.99084020087647,74162400
2019-07-19,48.6522331237793,49.59122524146757,48.59699937109666,49.42071626872984,83717200
2019-07-22,49.76412582397461,49.76652601648886,48.89717995224468,48.90678438671772,89111600
2019-07-23,50.153167724609375,50.16998006484622,49.780932691130964,50.06191277497595,73420800
2019-07-24,50.11234664916992,50.22761819035757,49.75211987659433,49.872195467452855,59966400
2019-07-25,49.71609878540039,50.24923470325559,49.646452890460836,50.165180323684744,55638400
2019-07-26,49.88901138305664,50.36690992368305,49.74491919793739,49.826569726110606,70475600
2019-07-29,50.354896545410156,50.58544328543427,50.05711143404849,50.06191548357835,86693600
2019-07-30,50.13877487182617,50.47018475086588,49.78575226095789,50.13397082105858,135742800
2019-07-31,51.161808013916016,53.162267870594626,50.74394728765502,51.973520210453195,277125600
2019-08-01,50.05470657348633,52.36015926983902,49.64885417454468,51.368333765734086,216071600
2019-08-02,48.99564743041992,49.57440902069414,48.42168622562673,49.3582744127231,163448400
2019-08-05,46.430824279785156,47.70602634991593,46.248310717827536,47.5475293696651,209572000
2019-08-06,47.30978012084961,47.566743629664266,46.59893105085319,47.14407522853601,143299200
2019-08-07,47.799686431884766,47.92456606414611,46.54610071758241,46.927940191771704,133457600
2019-08-08,48.85395812988281,48.87797471627512,47.883748868949,48.07827075971028,108038000
2019-08-09,48.451385498046875,48.87806552036093,48.04157434056095,48.526114642802234,98478800
2019-08-12,48.32843780517578,48.70690948783331,48.00782272066505,48.12112292640716,89927600
2019-08-13,50.37506866455078,51.139239954660816,48.328437056271014,48.45861348049926,188874000
2019-08-14,48.87565231323242,49.76517772068569,48.83708124858087,48.974489287024824,146189600
2019-08-15,48.63217544555664,49.451790272489184,48.133171992478985,49.046805161300554,108909600
2019-08-16,49.779632568359375,49.9387354245026,49.13840252027078,49.24447109103293,110481600
2019-08-19,50.707733154296875,51.281462059755455,50.63059103148695,50.772817682286515,97654400
2019-08-20,50.71015167236328,51.43093334007396,50.70051074443123,50.835505805517215,107537200
2019-08-21,51.2597770690918,51.503250044120115,51.00907247845251,51.34415082233921,86141600
2019-08-22,51.21638488769531,51.69368988653307,50.80416442619492,51.39236032291388,89014800
2019-08-23,48.849124908447266,51.11753413497635,48.45378077463354,50.48594503853439,187272000
2019-08-26,49.77722930908203,49.945973111112984,49.43250641218972,49.62535804808467,104174400
2019-08-27,49.215553283691406,50.27382250881443,49.0636820144767,50.10748800983436,103493200
2019-08-28,49.545806884765625,49.59160956235751,49.01305832980717,49.20108766430298,63755200
2019-08-29,50.38470458984375,50.459437399917036,49.81820730448779,50.26176347102308,83962000
2019-08-30,50.31962585449219,50.73184262161653,49.94838578668579,50.66193578404583,84573600
2019-09-03,49.586788177490234,49.89534933100552,49.23001503342677,49.762763598243694,80092000
2019-09-04,50.428104400634766,50.49801123909702,49.9773165623172,50.23525274929369,76752400
2019-09-05,51.41405487060547,51.580389377293194,50.98737118105949,51.10549369351554,95654800
2019-09-06,51.40922927856445,51.68886397689248,51.22843155300844,51.59967160935337,77449200
2019-09-09,51.628597259521484,52.175812730232884,50.88130221260114,51.79010945042045,109237600
2019-09-10,52.23847961425781,52.25776514300497,51.035574645154355,51.55385989625707,127111600
2019-09-11,53.8994140625,53.92834419825071,52.48678109824821,52.56874552481314,177158400
2019-09-12,53.77888488769531,54.581627225262366,53.723441282159314,54.191105317709415,128906800
2019-09-13,52.73267364501953,53.224441874485464,52.31563455881338,53.03400320870536,159053200
2019-09-16,53.00989532470703,53.06534261277984,52.445807264794794,52.48678764401857,84632400
2019-09-17,53.20274353027344,53.23167366775572,52.82186254541924,53.024358794438605,73274800
2019-09-18,53.701744079589844,53.72102961074216,52.899001777277235,53.28952366767944,101360000
2019-09-19,53.265419006347656,53.94039419856998,53.12318867524324,53.51853286426157,88242400
2019-09-20,52.48678207397461,53.65111982484979,52.42410685563765,53.36666651277552,221652400
2019-09-23,52.72542953491211,52.995419582923894,52.46748972392058,52.78087313155627,76662000
2019-09-24,52.47473907470703,53.63425844272767,52.35662022794522,53.282303858313426,124763200
2019-09-25,53.28228759765625,53.395587784739725,52.34455033403297,52.684450895283376,87613600
2019-09-26,53.00748825073242,53.260605830357584,52.751961358700385,53.034005400566286,75334000
2019-09-27,52.74954605102539,53.2654220796107,52.37830599554469,53.164172116596596,101408000
2019-09-30,53.99102020263672,54.138069160522186,53.22443596499704,53.25095311079078,103909600
2019-10-01,54.14048385620117,55.015546076070336,54.046469180554524,54.25619705571964,139223200
2019-10-02,52.783294677734375,53.89700748465291,52.53499575177782,53.771653365611186,138449200
2019-10-03,53.231666564941406,53.265415322218274,51.86001407572685,52.65552102272994,114426000
2019-10-04,54.72386169433594,54.83957490284311,53.97174423073752,54.39360564777836,138478800
2019-10-07,54.73590850830078,55.42775996537264,54.44181057861508,54.54546985465471,122306000
2019-10-08,54.09467315673828,54.97696686101353,54.07780061660475,54.43698672331933,111820000
2019-10-09,54.728668212890625,54.911875222677374,54.39358995970285,54.728668212890625,74770400
2019-10-10,55.46632766723633,55.550701405913,54.793761783186426,54.94562936312992,113013600
2019-10-11,56.941650390625,57.286369668771954,56.00149988248491,56.15578048220446,166795600
2019-10-14,56.859676361083984,57.40448251068551,56.570400745177686,56.62584434929446,96427600
2019-10-15,56.72710418701172,57.288779297182636,56.621035584430885,56.985040399342694,87360000
2019-10-16,56.49808120727539,56.707809064497546,56.21603720446529,56.2570175797448,73903200
2019-10-17,56.71744155883789,56.92716570654091,56.29317096166324,56.6716388878824,67585200
2019-10-18,56.989864349365234,57.27190840801048,56.47880685655781,56.55112669480167,97433600
2019-10-21,57.978214263916016,58.09392745858567,57.20922434833199,57.257436340274744,87247200
2019-10-22,57.84563064575195,58.38561082629201,57.76366621548646,58.13490626794685,82293600
2019-10-23,58.62185287475586,58.6363197826314,58.149370210984436,58.36150738642255,75828800
2019-10-24,58.718284606933594,59.012382555695986,58.29160091432924,58.94247203697049,69275200
2019-10-25,59.44147491455078,59.47763299050586,58.54954015037821,58.61703767772061,73477200
2019-10-28,60.03689193725586,60.08510392289033,59.475213292684366,59.643957081574385,96572800
2019-10-29,58.64836883544922,60.20564150136103,58.474806406183916,60.01761216451279,142839600
2019-10-30,58.64113235473633,59.13290417825413,58.146954897662944,59.00272776918345,124522000
2019-10-31,59.966983795166016,60.06582076053263,57.194752211017715,59.6005697472304,139162000
2019-11-01,61.668907165527344,61.69542063687785,60.06342230976246,60.15502399914114,151125200
2019-11-04,62.07387161254883,62.1582453365614,61.56281800197202,62.03288756716788,103272000
2019-11-05,61.98469543457031,62.24022230651498,61.78943447311597,61.96540622347344,79897600
2019-11-06,62.01121139526367,62.071477308175155,61.56042354375438,61.89791118472293,75864400
2019-11-07,62.72690200805664,62.94934965773805,62.40774087629165,62.56006811548702,94940400
2019-11-08,62.8985710144043,62.97110427509854,62.10308848788708,62.54797637059694,69986400
2019-11-11,63.396663665771484,63.46194361198176,62.448853744820155,62.45368683680249,81821200
2019-11-12,63.338626861572266,63.53931454082559,63.08717327183791,63.23949313957916,87388800
2019-11-13,63.945499420166016,64.02045290680651,63.12342392301058,63.13793057340782,102734400
2019-11-14,63.50303268432617,64.04463398318573,63.372465450221,63.77141309906895,89182800
2019-11-15,64.2574234008789,64.26225649264472,63.59250803416043,63.75450146412467,100206400
2019-11-18,64.58141326904297,64.66119986099258,63.88748464115896,64.26708523515212,86703200
2019-11-19,64.38555908203125,64.79901340749508,64.16795193066947,64.77483319539606,76167200
2019-11-20,63.63602066040039,64.3347823464585,62.96143180915073,64.20422247493808,106234400
2019-11-21,63.35072326660156,63.83429809890106,63.150035579088104,63.756924354829216,121395200
2019-11-22,63.295101165771484,63.63360202803236,63.06782043423232,63.490948356749755,65325200
2019-11-25,64.40491485595703,64.42184174651622,63.47403179916698,63.51997199996103,84020400
2019-11-26,63.90198516845703,64.59591372981953,63.46918371629935,64.54272021403051,105207600
2019-11-27,64.76033782958984,64.7941916081811,64.14861598858063,64.21389593173599,65235600
2019-11-29,64.61769104003906,64.79903161358453,64.29127653190383,64.46053068538635,46617600
2019-12-02,63.87055206298828,64.85946151337887,63.69888509763705,64.62250723621042,94487200
2019-12-03,62.73173904418945,62.75107878804116,61.96769003365425,62.456097887636844,114430400
2019-12-04,63.285430908203125,63.66503889226872,63.029136857770936,63.123437484376666,67181600
2019-12-05,64.21387481689453,64.28883567644561,63.52478684054282,63.78108081589941,74424400
2019-12-06,65.45426177978516,65.52438218840273,64.6297659007449,64.67329323847352,106075600
2019-12-09,64.53788757324219,65.47601636379221,64.05189260190541,65.28258942071827,128042400
2019-12-10,64.91508483886719,65.2995259255182,64.28159564264737,64.94409814672522,90420400
2019-12-11,65.46875762939453,65.54855158642515,64.91990300522136,64.99485649287783,78756800
2019-12-12,65.63558959960938,65.90155715077746,64.63459384364013,64.74581395457803,137310400
2019-12-13,66.52780151367188,66.56406814785298,65.50745839237051,65.63560541898762,133587600
2019-12-16,67.6666030883789,67.89147092794869,66.97026173028081,66.97509482084416,128186000
2019-12-17,67.79959869384766,68.12842598196593,67.41031718322796,67.59649818434546,114158400
2019-12-18,67.63761138916016,68.15987310860368,67.48770436741339,67.65211804424749,116028400
2019-12-19,67.70528411865234,67.98575830122206,67.44657728865374,67.5795573659543,98369200
2019-12-20,67.56507110595703,68.34120658769552,67.35229701505612,68.23966001261653,275978000
2019-12-23,68.66761016845703,68.72805700839405,67.78992087196913,67.82860773498058,98572000
2019-12-24,68.7328872680664,68.88280162309742,68.40648024886319,68.83444120163395,48478800
2019-12-26,70.09657287597656,70.11349976170649,68.83686282423325,68.86587612619056,93121200
2019-12-27,70.06997680664062,71.07823338522084,69.66377579633756,70.38913790563515,146266000
2019-12-30,70.48584747314453,70.76874192675591,68.96259007950816,69.98776610931984,144114400
2019-12-31,71.0008544921875,71.00810781760235,70.00227154707781,70.10140524692373,100805600
2020-01-02,72.620849609375,72.68129646149221,71.37322569622376,71.6270995236096,135480400
2020-01-03,71.91481018066406,72.67643886208242,71.6899497146884,71.84711001739942,146322800
2020-01-06,72.48784637451172,72.52653323692198,70.78324846628296,71.03470938256737,118387200
2020-01-07,72.14693450927734,72.75381577050801,71.9269071243437,72.49752175701711,108872000
2020-01-08,73.30750274658203,73.60973691556963,71.84952541053639,71.84952541053639,132079200
2020-01-09,74.8646240234375,75.05805096656148,74.03529512111521,74.28674867142341,170108400
2020-01-10,75.03387451171875,75.59966347515947,74.53096000715122,75.09916182683553,140644800
2020-01-13,76.63692474365234,76.66352519200935,75.23214067732687,75.35062150930146,121532000
2020-01-14,75.60208129882812,76.78442520845898,75.47877474428456,76.5740713542954,161954400
2020-01-15,75.278076171875,76.28391248020361,74.84527472915032,75.40139008732662,121923600
2020-01-16,76.2210464477539,76.33227394816954,75.45941772509225,75.82209877195635,108829200
2020-01-17,77.06491088867188,77.0673237454314,76.16304111059354,76.47010849300082,137816400
2020-01-21,76.54263305664062,77.13500771347044,76.4048124784183,76.69254005241989,110843200
2020-01-22,76.81585693359375,77.3695447452734,76.72155630946642,77.02862363912672,101832400
2020-01-23,77.18578338623047,77.26556997023165,76.3201804851689,76.86904252755714,104472000
2020-01-24,76.96334838867188,78.17711850688946,76.77233427243553,77.43241654524255,146537600
2020-01-27,74.70020294189453,75.38203764467593,73.71612668009978,74.96858335214901,161940000
2020-01-28,76.81343078613281,76.98509775416542,75.48360024038988,75.58273394834251,162234000
2020-01-29,78.42131042480469,79.26998640843951,77.70562191467835,78.44791087101221,216229200
2020-01-30,78.30766296386719,78.36085647268922,77.06971298993307,77.50251438540494,126743200
2020-01-31,74.83560180664062,78.01993693561123,74.54062095731271,77.59680909150437,199588400
2020-02-03,74.63008117675781,75.79791078115785,73.07297011838175,73.57588453843302,173788400
2020-02-04,77.09391021728516,77.2849243200521,75.83177975550196,76.23798079684781,136616400
2020-02-05,77.7225570678711,78.52287271376575,77.11808861152979,78.22305134186004,118826800
2020-02-06,78.63168334960938,78.63410358497025,77.43484006982592,77.99336840947814,105425600
2020-02-07,77.56285858154297,78.37961468469555,77.07086561575886,78.12998293153962,117684000
2020-02-10,77.9312515258789,77.9312515258789,76.06507446922856,76.1450504217699,109348800
2020-02-11,77.4610595703125,78.500791189116,77.24293596960018,78.42808578763751,94323200
2020-02-12,79.30059814453125,79.30544270651585,77.91186562118695,77.91186562118695,113730400
2020-02-13,78.73587799072266,79.06306707389666,78.36749164748854,78.57107415792922,94747600
2020-02-14,78.7552719116211,79.00490364230242,78.24631193166864,78.70437073623225,80113600
2020-02-18,77.31322479248047,77.49499569716498,76.24925554684746,76.43102645153198,152531200
2020-02-19,78.43292236328125,78.66316843831524,77.55557609214306,77.55557609214306,93984000
2020-02-20,77.62828063964844,78.68255321990893,77.12174667637375,78.19298631382561,100566000
2020-02-21,75.87117004394531,77.66464882542346,75.25315194781216,77.22112369135226,129554000
2020-02-24,72.26727294921875,73.72144039286337,70.09814428354905,72.04430474977563,222195200
2020-02-25,69.81942749023438,73.32155060377019,69.34682747801553,72.93862307301592,230673600
2020-02-26,70.92699432373047,72.1945458948115,69.43647462004233,69.44374515923005,198054800
2020-02-27,66.29061889648438,69.31528870252646,66.15489724457306,68.12772055016481,320605600
2020-02-28,66.25184631347656,67.47577466773187,62.13413237510461,62.34983736802518,426510000
2020-03-02,72.41997528076172,73.05738664637111,67.30857664637735,68.41374351887778,341397200
2020-03-03,70.11993408203125,73.67779421161765,69.26681804701707,73.59781828147297,319475600
2020-03-04,73.37242889404297,73.53238817702517,71.04334126232827,71.84555625982283,219178400
2020-03-05,70.99246215820312,72.59931106799904,70.62649429588396,71.6225955049724,187572800
2020-03-06,70.04965209960938,70.4834806861114,68.15923783954538,68.34585328692468,226176800
2020-03-09,64.50928497314453,67.3982263851532,63.740996701505956,63.92276760464713,286744800
2020-03-10,69.15534210205078,69.42194089429611,65.28483354397228,67.1679847520732,285290000
2020-03-11,66.7535400390625,68.15681338440555,65.88830882534532,67.22857329146201,255598800
2020-03-12,60.161319732666016,65.43752410022596,60.1055776920594,62.02992621470894,418474000
2020-03-13,67.36913299560547,67.84174022351363,61.30525564200672,64.19905222754427,370732000
2020-03-16,58.70231628417969,62.79094543204696,58.1666963283087,58.63929999634842,322423600
2020-03-17,61.2834587097168,62.43467081545571,57.778913814310236,59.98682469346223,324056000
2020-03-18,59.78324508666992,60.590308438852105,57.46869456467798,58.11095405301318,300233600
2020-03-19,59.32518005371094,61.27861092543495,58.79925664194976,59.957742995624386,271857200
2020-03-20,55.55888748168945,61.033826561579104,55.25835823713997,59.90684466812261,401693200
2020-03-23,54.37858200073242,55.379534953760505,51.52841558126917,55.27774369215165,336752800
2020-03-24,59.834144592285156,60.03045660655015,56.78523972496781,57.28450329165139,287531200
2020-03-25,59.5045166015625,62.5897733176163,59.208835672807325,60.77206450877943,303602000
2020-03-26,62.635826110839844,62.69399042923719,59.708102511703466,59.74688118939386,252087200
2020-03-27,60.04256820678711,62.012962352654554,59.875338378207296,61.25679655191656,204216800
2020-03-30,61.756065368652344,61.92814347176398,60.444890206755296,60.76965707050551,167976400
2020-03-31,61.63003921508789,63.61740067966238,61.07503359255894,61.94753555170828,197002000
2020-04-01,58.387229919433594,60.28007005140006,57.95582733588258,59.74202796213748,176218400
2020-04-02,59.36151885986328,59.4148386124558,57.41535898464991,58.24908199085529,165934000
2020-04-03,58.5084114074707,59.548139207946036,57.917049556216,58.845293288552625,129880000
2020-04-06,63.6125602722168,63.76766763270833,60.440052263170145,60.808438716081405,201820400
2020-04-07,62.875762939453125,65.84953953078768,62.77154940088239,65.63140853862814,202887200
2020-04-08,64.48503875732422,64.80010532216062,63.312011573340016,63.67797191329824,168895200
2020-04-09,64.95037078857422,65.45448618898067,64.15300782522117,65.12245255308986,161834800
2020-04-13,66.2251968383789,66.33426233514128,64.42687350884506,65.02793193786948,131022800
2020-04-14,69.56977844238281,69.86061483646596,67.38852767558943,67.86113496690535,194994800
2020-04-15,68.93480682373047,69.39529170786052,68.01383705547038,68.44281379449058,131154400
2020-04-16,69.48253631591797,69.8485041120879,68.43068954557212,69.64976614355342,157125200
2020-04-17,68.53975677490234,69.5455618535008,67.1001303953059,68.99782307580948,215250000
2020-04-20,67.11709594726562,68.26831182918983,67.09771030256397,67.36430914394938,130015200
2020-04-21,65.04246520996094,67.19463355650954,64.3299227872178,66.95954292864836,180991600
2020-04-22,66.9159164428711,67.35216356380498,65.97070941666404,66.31243213683946,116862400
2020-04-23,66.65660095214844,68.28526852206619,66.61782227235553,66.86018347385354,124814400
2020-04-24,68.58094787597656,68.5906443947667,67.13405124110245,67.18252643877639,126161200
2020-04-27,68.62943267822266,68.9614663795542,67.84902922262711,68.29739158061335,117087600
2020-04-28,67.51698303222656,69.27410181526112,67.42489198474726,69.09233090667134,112004800
2020-04-29,69.73458862304688,70.20476992848462,68.80392253083471,69.00750504510519,137280800
2020-04-30,71.20572662353516,71.3826529846121,69.88486235394257,70.2750603851693,183064000
2020-05-01,70.05936431884766,72.46600961904917,69.2789608424837,69.37590385770176,240616800
2020-05-04,71.05062866210938,71.17907983549179,69.3928785127616,70.0836095907262,133568000
2020-05-05,72.11701202392578,72.95073530482605,71.36569067940447,71.51110890677606,147751200
2020-05-06,72.86105346679688,73.49361268962589,72.43449536031221,72.81984880576161,142333600
2020-05-07,73.61479949951172,73.96138168836862,73.18582277419723,73.488774319377,115215200
2020-05-08,75.36695098876953,75.42041508755761,73.9477309492938,74.27580576384341,133838400
2020-05-11,76.55289459228516,77.04864462579684,74.66464511539286,74.87364388412087,145946400
2020-05-12,75.67800903320312,77.6901917346119,75.55650039805452,77.23817575538389,162301200
2020-05-13,74.76425170898438,76.78129923204625,73.68525458009285,75.85782927883679,200622400
2020-05-14,75.22356414794922,75.28431846247351,73.2769935373758,74.00118763637258,158929200
2020-05-15,74.77884674072266,74.8250206182074,72.95621710200552,72.99024308175176,166348400
2020-05-18,76.54072570800781,76.91497442156756,75.41312930756065,76.10573008655975,135178400
2020-05-19,76.09844207763672,77.40586894249013,76.06684864153235,76.55774092537845,101729600
2020-05-20,77.57839965820312,77.64886932121465,76.91981756866943,76.95870121876094,111504800
2020-05-21,77.00003051757812,77.98182245463944,76.7618709013521,77.43989122316047,102688800
2020-05-22,77.49579620361328,77.57842120189112,76.63551282014404,76.73757594071667,81803200
2020-05-26,76.97087097167969,78.79592582486933,76.91497432363046,78.61609539871866,125522000
2020-05-27,77.30622100830078,77.4520328550853,76.08627697001077,76.82748410104101,112945200
2020-05-28,77.34024047851562,78.6015006101808,76.70353646464031,76.9805722755511,133560800
2020-05-29,77.2649154663086,78.04499886732665,76.90767976403508,77.5832675133885,153532400
2020-06-01,78.21510314941406,78.33661177403135,77.08749955314255,77.21873094429264,80791200
2020-06-02,78.57721710205078,78.60152031661278,77.50550986167497,77.94780315128399,87642800
2020-06-03,79.00977325439453,79.27223605785474,78.32446277639103,78.89798738729773,104491200
2020-06-04,78.32933044433594,79.13128449132041,77.95508176147044,78.83237798726375,87560400
2020-06-05,80.56021118164062,80.62096548871577,78.55046137346189,78.5796222542504,137250400
2020-06-08,81.03653717041016,81.07056314819836,79.54441498185327,80.25645380649277,95654400
2020-06-09,83.59552001953125,83.98920686535521,80.68417746439864,80.71577090052271,147712400
2020-06-10,85.74623107910156,86.21525273105746,84.10586415417485,84.54572491407342,166651600
2020-06-11,81.62950134277344,85.31364412865861,81.52743824020874,84.88836389660872,201662400
2020-06-12,82.33425903320312,84.52141475338468,81.22124305210475,83.77292472564989,200146000
2020-06-15,83.35250854492188,84.0062257316245,80.82269734370952,80.9855222119288,138808800
2020-06-16,85.56151580810547,85.83370137590062,83.77291228895632,85.41084628969108,165428800
2020-06-17,85.44242858886719,86.36832365901888,85.32091997161581,86.3075693503932,114406400
2020-06-18,85.47647094726562,85.89446096739049,84.86649519851686,85.39870363740545,96820400
2020-06-19,84.9880142211914,86.65025173694244,83.87742333103371,86.18366265338062,264476000
2020-06-22,87.21160888671875,87.35498818998958,85.33551521428704,85.38168909015546,135445200
2020-06-23,89.0731201171875,90.49477263698164,88.03786416864946,88.4582867176972,212155600
2020-06-24,87.50080108642578,89.62234460688504,87.12655239933392,88.7013070407747,192623200
2020-06-25,88.66242218017578,88.70130583433298,86.89568925164441,87.65633451294114,137522400
2020-06-26,85.93819427490234,88.77906661891221,85.78994989080277,88.55792002381165,205256800
2020-06-29,87.91879272460938,88.01357302520984,85.3671112421525,85.84585558837018,130646000
2020-06-30,88.65271759033203,88.9394836715039,87.4862373916304,87.50567551454532,140223200
2020-07-01,88.48501586914062,89.2748220077914,88.43641686423359,88.7304656885215,110737200
2020-07-02,88.48501586914062,90.03060958463712,88.37080487027472,89.39390551485566,114041600
2020-07-06,90.85200500488281,91.32102654126581,89.88479363094679,89.91638706165726,118655600
2020-07-07,90.57011413574219,92.01120488127154,90.45832825923631,91.23112145924068,112424400
2020-07-08,92.67950439453125,92.71109782941653,91.46198537616378,91.54947545863833,117092000
2020-07-09,93.07804870605469,93.62726270349853,92.02821230000306,93.5737986064413,125642800
2020-07-10,93.24087524414062,93.2992044388239,92.05981473407041,92.67221565599948,90257200
2020-07-13,92.81073760986328,97.1631783276675,92.59688119999984,94.54830981555456,191649200
2020-07-14,94.34661102294922,94.53858935423052,91.25543060561826,92.19104129715517,170989200
2020-07-15,94.99544525146484,96.47541947180446,93.79493939627933,96.22511199118148,153198000
2020-07-16,93.8265380859375,94.68438876337166,93.22628512469839,93.86542173959128,110577600
2020-07-17,93.63699340820312,94.43408983970495,93.16310671610415,94.27856262727252,92186800
2020-07-20,95.61029052734375,95.74881216241437,93.37939358732925,93.72448140194915,90318000
2020-07-21,94.29069519042969,96.47785049123863,94.0403877137668,96.40251573529238,103433200
2020-07-22,94.55559539794922,95.2384733817586,93.90431084808745,93.99179351166632,89001600
2020-07-23,90.25175476074219,94.36603535470661,89.44007797032316,94.2882680485315,197004400
2020-07-24,90.02818298339844,90.37327079762859,86.6551018188381,88.44614547198108,185438800
2020-07-27,92.16189575195312,92.25424352986904,90.86904911003276,91.09262091480736,121214000
2020-07-28,90.64787292480469,91.90913313088771,90.64300783304508,91.73172785652534,103625600
2020-07-29,92.38544464111328,92.57014013630604,91.09502355323384,91.1314746598381,90329200
2020-07-30,93.5033187866211,93.60781442343111,91.14848105836067,91.5567482554076,158130000
2020-07-31,103.29206848144531,103.4427380109372,98.00886768351042,100.01133514701584,374336800
2020-08-03,105.894775390625,108.51935893981127,104.87896498205056,105.17787147768598,308151200
2020-08-04,106.6019515991211,107.69552926335136,105.36012955059792,106.08432365144441,173071600
2020-08-05,106.98834991455078,107.30913448125898,105.85588858029786,106.32248498790055,121776800
2020-08-06,110.72111511230469,111.2168725105059,106.7307749608819,107.32130525527312,202428800
2020-08-07,108.20378112792969,110.69919956892333,107.40524752399855,110.2415021197791,198045600
2020-08-10,109.77649688720703,110.79657580812425,107.12039705946748,109.65233223130258,212403600
2020-08-11,106.51177215576172,109.53792197926023,106.25127300988244,109.03884121874188,187902400
2020-08-12,110.05158996582031,110.30965211624508,107.41009717699765,107.6048585408266,165598000
2020-08-13,111.99923706054688,113.00470916588479,110.94507089779177,111.4344186850555,210082000
2020-08-14,111.89942169189453,111.98949901322317,110.08567574687753,111.82395110215055,165565200
2020-08-17,111.6072769165039,113.04853640766869,110.97916514281515,113.0241893774422,119561600
2020-08-18,112.53726959228516,112.96331658371079,111.02297655985981,111.35894623327408,105633600
2020-08-19,112.67848205566406,114.09539455025546,112.58353829409737,112.94628453517508,145538000
2020-08-20,115.17877197265625,115.29319632845385,112.70282683961905,112.71987050380967,126907200
2020-08-21,121.11420440673828,121.5986783126057,116.12823475555052,116.14040455462136,338054800
2020-08-24,122.5627670288086,125.41363550271217,120.69303108379322,125.32841718543504,345937600
2020-08-25,121.55728912353516,121.90299909151933,119.83119107466611,121.43313191060219,211495600
2020-08-26,123.21034240722656,123.66803974764966,121.80803692672502,122.87680969820971,163022400
2020-08-27,121.73745727539062,124.14766458561553,120.5907768320979,123.8141318298438,155552400
2020-08-28,121.54023742675781,123.13243033326741,121.31625519816197,122.71368676389433,187630000
2020-08-31,125.66197204589844,127.57066951724447,122.70155999368552,124.24020038625132,225702700
2020-09-01,130.66738891601562,131.27116847594937,127.11294564543486,129.28456388151181,151948100
2020-09-02,127.96015930175781,134.36790756368634,123.67534997091076,133.98811771326734,200119000
2020-09-03,117.71556854248047,125.46718865430032,117.34551895820641,123.58771983998423,257599600
2020-09-04,117.7934799194336,120.46174947786696,107.98709503336387,116.92677914209935,332607200
2020-09-08,109.86656188964844,115.87503988575807,109.73022744851274,110.96697771586362,231366600
2020-09-09,114.2487564086914,116.02111152579629,112.24268617440501,114.19032948681344,176940500
2020-09-10,110.51903533935547,117.3455283202875,109.55495382599455,117.20919386101103,182274400
2020-09-11,109.06804656982422,112.21349439620566,107.12040288107737,111.5707684126771,180860300
2020-09-14,112.34008026123047,112.89515837432545,109.84709890131904,111.71683492125261,140150100
2020-09-15,112.51534271240234,115.71921650157876,110.63586682482071,115.23230572686505,184642000
2020-09-16,109.19463348388672,112.96332644603498,109.10699308995494,112.21348694471548,154679000
2020-09-17,107.45149230957031,109.26280142604845,105.8641654729451,106.84772755719133,178011000
2020-09-18,104.04309844970703,107.97733869117779,103.31273223375831,107.50990847358545,287104900
2020-09-21,107.19829559326172,107.30541657570868,100.40101679009732,101.80332242964299,195713800
2020-09-22,108.88302612304688,109.90554210739714,106.30240398766391,109.73025386521341,183055400
2020-09-23,104.3157958984375,109.17516469365749,103.97495231814074,108.69799408278124,150718700
2020-09-24,105.3869857788086,107.36384264511429,102.25127870963266,102.41682661585128,167743300
2020-09-25,109.34070587158203,109.49652091920656,104.85138696986856,105.59149358674422,149981400
2020-09-28,111.95055389404297,112.30113033847593,109.82762206038593,111.9992479561973,137672400
2020-09-29,111.10330963134766,112.29137324538236,110.59692563716497,111.55127413308996,99382200
2020-09-30,112.77831268310547,114.19035890619524,110.64564775874543,110.8111956998303,142675200
2020-10-01,113.73263549804688,114.63828996240579,112.7977675718812,114.56038244447453,116120400
2020-10-02,110.06131744384766,112.34980421996083,109.28226459701011,109.93472330652477,144712000
2020-10-05,113.4502182006836,113.59629292893594,110.57744740695462,110.9280237828925,106243800
2020-10-06,110.19767761230469,113.0801892267211,109.31149621483338,112.6711784272963,161498200
2020-10-07,112.06739807128906,112.52509543882869,111.14226303933226,111.61944100062698,96849000
2020-10-08,111.9603042602539,113.3528698648449,111.59024718581414,113.20679509491717,83477200
2020-10-09,113.90792846679688,113.93714192982654,111.91159095684212,112.26216737253827,100506900
2020-10-12,121.1434097290039,121.90298939580019,116.15744041280756,116.91702007960384,240226800
2020-10-13,117.92982482910156,122.10752146708244,116.51778611511698,121.99066017012335,262330500
2020-10-14,118.01744842529297,119.809276699368,116.48854872829669,117.83241993385298,150712000
2020-10-15,117.55001831054688,118.02718887052616,115.05703709797092,115.61211517826072,112559200
2020-10-16,115.9042739868164,118.36804952245832,115.69977228869678,118.10511346082514,115393800
2020-10-19,112.94384765625,117.26761109070254,112.63222499944558,116.81965398590057,120639300
2020-10-20,114.43379974365234,115.86531895269678,112.60301003753486,113.15808815638162,124423700
2020-10-21,113.81055450439453,115.60238301966777,113.40154370880339,113.61578568990575,89946000
2020-10-22,112.71987915039062,114.94993207870618,111.59024223801931,114.37537332371151,101988000
2020-10-23,112.02845764160156,113.49893059893087,111.28835101391871,113.34311554903111,82572600
2020-10-26,112.0381851196289,113.49891761177703,109.92498646777234,111.02540970017918,111850700
2020-10-27,113.54761505126953,114.20981414129767,111.54154461515651,112.46667230975785,92276800
2020-10-28,108.28897857666016,112.40824796037595,108.19159788494271,112.03819835998142,143937800
2020-10-29,112.3011245727539,113.86897819384106,109.26279802021777,109.42835336524011,146129200
2020-10-30,106.0102310180664,109.05829026903429,104.90007487274673,108.15263578946613,190272600
2020-11-02,105.92259979248047,107.78260309989695,104.51056107602284,106.25370308627556,122866900
2020-11-03,107.54889678955078,108.5714053626483,105.88366217364475,106.78931686962926,107624400
2020-11-04,111.94081115722656,112.56405650493748,109.40887600344215,111.15201788927038,138235500
2020-11-05,115.91398620605469,116.48854482511521,113.81053537089608,114.8622570736407,126387100
2020-11-06,115.7823257446289,116.27982636729172,113.28503575822147,115.42138735344203,114457900
2020-11-09,113.47036743164062,119.00146077117734,113.20698522415755,117.54796519416685,154515300
2020-11-10,113.12894439697266,114.7092525422394,111.33401722344382,112.71923542912484,138023400
2020-11-11,116.56270599365234,116.6992756479048,113.58743002030904,114.31905635772775,112295000
2020-11-12,116.28958892822266,117.57725123067529,115.66526826294195,116.6895483082406,103162300
2020-11-13,116.33834838867188,116.73830026220503,114.98240146299398,116.5139390128418,81581900
2020-11-16,117.35286712646484,118.02595829386176,115.25553681069077,116.0066699066951,91183000
2020-11-17,116.46514892578125,117.71378992768877,116.04568289146974,116.6212327722634,74271000
2020-11-18,115.13847351074219,116.88462258409794,115.10920964823985,115.70426632741369,76322100
2020-11-19,115.73352813720703,116.14323708994871,113.94835813134821,114.70924831286501,74113000
2020-11-20,114.46537017822266,115.86033795899172,114.41659955689461,115.73352541255366,73604300
2020-11-23,111.06087493896484,114.7385207767759,110.96332625053886,114.30929761671617,127959300
2020-11-24,112.34852600097656,113.01186743695231,109.83172989602558,111.11939925040834,113874200
2020-11-25,113.18749237060547,113.88985497969395,112.34856008113748,112.71925559287273,76499200
2020-11-27,113.7337646484375,114.61171786005691,113.37283370323601,113.71425788484106,46691300
2020-11-30,116.13349151611328,118.00645317380616,113.9483621396502,114.10444599903529,169410200
2020-12-01,119.71357727050781,120.44520359107318,117.06996839196347,118.0454701527173,127728200
2020-12-02,120.06475830078125,120.34765470402952,117.92840706667509,119.03072137520432,89004200
2020-12-03,119.9281997680664,120.74761774931302,119.21608014318339,120.49398518452733,78967600
2020-12-04,119.25508880615234,119.85014546839597,118.54296925474208,119.59651292977875,78260400
2020-12-07,120.71835327148438,121.51826448637165,119.25510050455729,119.31362823363807,86712000
2020-12-08,121.3329086303711,121.91821565194306,120.0745104419721,121.32315897116939,82225500
2020-12-09,118.7966079711914,122.86444868955574,118.03571775825858,121.47923792024274,115089200
2020-12-10,120.22085571289062,120.83542669169526,117.20655832299983,117.5479825098418,81312200
2020-12-11,119.41117858886719,119.75260272945025,117.5967446503537,119.4306853501199,86939800
2020-12-14,118.7966079711914,120.32814549895028,118.56248962317086,119.596519149209,79184500
2020-12-15,124.7471694946289,124.76668369873353,121.08903768627563,121.29389217444482,157243700
2020-12-16,124.67887878417969,125.22515739352977,123.4595015722462,124.28868403035126,98208600
2020-12-17,125.54707336425781,126.40551967508249,124.9032386311393,125.74217073899736,94359800
2020-12-18,123.55706024169922,125.93728698989182,123.03028838222276,125.80071733474844,192541500
2020-12-21,125.08858489990234,125.16662682589052,120.42568773818081,121.95722518388207,121251600
2020-12-22,128.649169921875,131.11718805054522,126.47379039741485,128.38578029311114,168904800
2020-12-23,127.75175476074219,129.18572907717976,127.57615665190535,128.9223542413945,88223700
2020-12-24,128.7370147705078,130.19051827438977,127.88833269719078,128.1029443523943,54930100
2020-12-28,133.34132385253906,133.97539397548348,130.23922084365992,130.70747235611557,124486200
2020-12-29,131.56588745117188,135.38985168766598,131.0488728276773,134.66799007711165,121047300
2020-12-30,130.444091796875,132.6584848793838,130.13192410023277,132.2585255999266,96452100
2020-12-31,129.43936157226562,131.43914363088683,128.49312345016165,130.79530874440758,99116600
2021-01-04,126.23971557617188,130.33682094023055,123.65463382486577,130.24902933388864,143301900
2021-01-05,127.80048370361328,128.51261072501254,125.2836873079933,125.73242467921783,97664900
2021-01-06,123.49851989746094,127.8395071446875,123.28390832194798,124.59108453530528,155088000
2021-01-07,127.71270751953125,128.4053204209461,124.72767407409188,125.21542502622191,109578200
2021-01-08,128.81504821777344,129.38084119094302,127.03962734834683,129.18572887365838,105158200
2021-01-11,125.82022857666016,126.98107819787433,125.35199184107861,126.02509052127691,100384500
2021-01-12,125.64463806152344,126.51283409054386,123.75216213905773,125.35198453697099,91951100
2021-01-13,127.68345642089844,128.2297351603127,125.3422575705574,125.60563239385975,88636800
2021-01-14,125.75194549560547,127.7907407644143,125.60561128893495,127.59564337383038,90221800
2021-01-15,124.02533721923828,127.02988549331614,123.88876751973388,125.62516007842459,111598500
2021-01-19,124.69839477539062,125.55684110809314,123.8301987834441,124.64961670921872,90757300
2021-01-20,128.79550170898438,129.24423908723023,125.40075960629947,125.50806539990329,104319500
2021-01-21,133.51690673828125,136.2483143489001,130.31726250111956,130.52212439802992,120150900
2021-01-22,135.6630096435547,136.42389967263924,131.71222533255565,132.9413519445447,114459400
2021-01-25,139.418701171875,141.53553807458803,133.19499556294772,139.5650353578536,157611700
2021-01-26,139.65286254882812,140.7649341749513,137.90670572506042,140.08208578785434,98390600
2021-01-27,138.57977294921875,140.76490217618246,136.9702010537378,139.9162055519511,140843800
2021-01-28,133.7315673828125,138.51153617725132,133.35112219316147,136.1020450144684,142621100
2021-01-29,128.72726440429688,133.39016327826383,127.0201357194978,132.50245278977292,177523800
2021-02-01,130.85382080078125,132.06344848329783,127.72245323542478,130.47337566526852,106239800
2021-02-02,131.68299865722656,132.97065334502736,131.31230319506753,132.4048604919866,83305400
2021-02-03,130.65872192382812,132.4438921194795,130.33680452281126,132.43412757446322,89880900
2021-02-04,134.02418518066406,134.0339348395979,131.29277729666717,132.96089184283247,84183100
2021-02-05,133.60894775390625,134.25374446603064,132.72969035171175,134.18536506716546,75693800
2021-02-08,133.75555419921875,133.8044051649672,131.81139905731575,132.89582490515562,71297200
2021-02-09,132.8762969970703,134.7032219595103,132.71999475860056,133.4722430712053,76774200
2021-02-10,132.2705535888672,133.83369484015344,131.3033582625716,133.3354359263558,73046600
2021-02-11,132.0165557861328,133.2475195180307,130.68789013114852,132.76880394646017,64280000
2021-02-12,132.25100708007812,132.40732418293499,130.60972222173942,131.25451909060936,60145100
2021-02-16,130.12120056152344,132.87621780306984,129.73040793020203,132.36820974317396,80576300
2021-02-17,127.82537841796875,129.17358730899167,126.48694866264363,128.22593539388413,97918500
2021-02-18,126.72140502929688,127.00471668426331,124.47439552190117,126.22314621553218,96856700
2021-02-19,126.87773132324219,127.69838867042822,125.8323923619749,127.23921649175709,87668800
2021-02-22,123.09690856933594,126.73119944348443,122.70612324188585,125.06059198229507,103916400
2021-02-23,122.96013641357422,123.79055058664284,115.66224697568336,120.90852273493111,158273000
2021-02-24,122.4618911743164,122.66705180728367,119.41378182324772,122.06134159193573,111039900
2021-02-25,118.20233154296875,123.54630136895392,117.76270273555825,121.80731459672973,148199500
2021-02-26,118.46609497070312,121.97337552172299,118.40747234020895,119.7654452645234,164560400
2021-03-01,124.84564971923828,124.98242344672663,119.96085244148553,120.89873262438095,116307900
2021-03-02,122.23717498779297,125.75422768741775,122.12970884679918,125.45137262840403,102260900
2021-03-03,119.2476806640625,122.81358452353464,119.03274836980684,121.93431943503865,112966300
2021-03-04,117.36212921142578,120.75217949810703,115.88692589442263,118.94480611156877,178155000
2021-03-05,118.6224136352539,119.13043671901423,114.86112127502149,118.19255654931327,153766600
2021-03-08,113.67901611328125,118.2121079198701,113.53247068712139,118.14372104814352,154376600
2021-03-09,118.30001068115234,119.24766249583823,116.05300852357578,116.28747669358187,129525800
2021-03-10,117.21560668945312,119.35514297345402,116.69781188193637,118.88620657707422,111943300
2021-03-11,119.14999389648438,120.37119341672582,118.4661251465933,119.71663226274289,103026500
2021-03-12,118.24140930175781,118.37818303802467,116.41449977293215,117.62592748855697,88105100
2021-03-15,121.13320922851562,121.14298091076107,117.64546402785827,118.61265932269635,92403800
2021-03-16,122.67681884765625,124.28880370694225,121.84640466366358,122.80382091460702,115227900
2021-03-17,121.88548278808594,122.96013686622555,119.52123487184643,121.19184236079936,111932600
2021-03-18,117.75291442871094,120.34185831050887,117.5477538506436,120.04876751120773,121229700
2021-03-19,117.22535705566406,118.63218098565969,116.92250202491563,117.1374342868437,185549500
2021-03-22,120.54704284667969,121.01598672803996,117.48916202259225,117.55754889553958,111912300
2021-03-23,119.71662139892578,121.37744961429632,119.3258360971887,120.48842032011387,95467100
2021-03-24,117.32306671142578,120.06832806693622,117.30353080035886,119.99016951544908,88530500
2021-03-25,117.81155395507812,118.85690787694334,116.25819177713335,116.78575085274012,98844700
2021-03-26,118.41726684570312,118.68105009974973,116.18002856883523,117.57708103155676,94071200
2021-03-29,118.59310913085938,119.755693282019,117.94831975836384,118.84712067934997,80819200
2021-03-30,117.13744354248047,117.62592328414752,116.12140478537988,117.3426041395475,85671900
2021-03-31,119.33560943603516,120.67403923703132,118.35864989493558,118.84712966548537,118323800
2021-04-01,120.16602325439453,121.31883580815018,119.66777180267046,120.8108201276386,75089100
2021-04-05,122.99920654296875,123.25321810824464,120.23440927913929,121.01597988601445,88651200
2021-04-06,123.30206298828125,124.20086397868832,122.75496802953083,123.58538215009409,80171300
2021-04-07,124.95311737060547,124.97265328036532,122.25670715358332,122.93081157124116,83466700
2021-04-08,127.35646057128906,127.3857681682116,125.55885839300804,125.97894388704515,88844600
2021-04-09,129.93563842773438,129.97471025605384,126.48697192369632,126.80937040941369,106686700
2021-04-12,128.21615600585938,129.7890612236751,127.62021018029645,129.4666628353656,91420000
2021-04-13,131.3326416015625,131.5573529909673,128.89024316451298,129.38850198628998,91266500
2021-04-14,128.98797607421875,131.88954730756276,128.62650578894565,131.83093211613695,87222800
2021-04-15,131.4010772705078,131.88955711166213,130.56089134743354,130.7367518420044,89347100
2021-04-16,131.0688934326172,131.56713742369558,130.2091642804324,131.20566716980846,84922400
2021-04-19,131.73318481445312,132.34867392684956,130.267745904721,130.43382719229146,94264200
2021-04-20,130.04307556152344,132.40731568848526,128.7730252699242,131.90907172571517,94812300
2021-04-21,130.42410278320312,130.66834267605557,128.27479470754565,129.3103694680848,68847100
2021-04-22,128.9000244140625,131.059096319802,128.38223712948874,129.97467079966847,84566500
2021-04-23,131.22520446777344,132.0067601257526,129.11496841390496,129.11496841390496,78657500
2021-04-26,131.6160125732422,131.94817529501475,130.48273573837136,131.72347873701827,66905100
2021-04-27,131.29359436035156,132.2900972832069,131.02004687677868,131.89930451580292,66015800
2021-04-28,130.50222778320312,131.9090515894675,130.01374812309555,131.21540391293965,107760100
2021-04-29,130.4045867919922,133.91188371908436,129.39831941478434,133.32570189030054,151101000
2021-04-30,128.4311065673828,130.4827126391567,128.05009294639484,128.74372586570195,109839500
2021-05-03,129.4862060546875,130.98096780991455,128.79257315513814,128.99772630286216,75135100
2021-05-04,124.90425109863281,128.46038998117928,123.7807463581829,128.16729919545904,137564700
2021-05-05,125.14852142333984,127.44436736840763,125.02151191446714,126.22316795915263,84000900
2021-05-06,126.75071716308594,126.76048139042916,124.20084509446781,124.94333632102912,78128300
2021-05-07,127.42594146728516,128.45347910763113,126.71153909866585,128.0522568083453,78973300
2021-05-10,124.13780975341797,126.77028959754912,124.0986641002731,126.64307929080063,88071200
2021-05-11,123.21791076660156,123.5702067058758,120.1450405146299,120.85943560539131,126142800
2021-05-12,120.1450424194336,121.97506250134133,119.63616386239647,120.76157712204518,112172300
2021-05-13,122.29801177978516,123.45278244324763,121.6031932189441,121.91635098532697,105861300
2021-05-14,124.7249755859375,125.15557029034093,123.15918684211091,123.55063589463498,81918000
2021-05-17,123.5702133178711,124.21610541801878,122.49373395056179,124.10845673466083,74244600
2021-05-18,122.1805648803711,124.27480867265349,122.11206185786726,123.85400225833865,63342900
2021-05-19,122.02399444580078,122.24907261430089,120.23312004612022,120.526708706034,92612000
2021-05-20,124.58797454833984,124.98921189653866,122.42522759234049,122.55245283263278,76857100
2021-05-21,122.74818420410156,125.2632347914988,122.53288682470038,125.08708306892244,79295400
2021-05-24,124.38246154785156,125.20450531193676,123.24726749854406,123.31577052336202,63092900
2021-05-25,124.18672943115234,125.57637382633492,123.6191287251108,125.0870569513271,72009500
2021-05-26,124.13780975341797,124.66626487146893,123.71700331494795,124.2454584329989,56575900
2021-05-27,122.60138702392578,124.91092845931593,122.40566621059594,123.73658864679605,94625600
2021-05-28,121.94570922851562,123.11026818036667,121.88699448010973,122.88518253436054,71311100
2021-06-01,121.62277221679688,122.66989428337132,121.29004532941373,122.40567042964182,67637100
2021-06-02,122.38610076904297,122.56225250355247,121.39770086577343,121.62277907492545,59278900
2021-06-03,120.89859008789062,122.1805785667547,120.49735272094428,122.01421513150538,76229200
2021-06-04,123.1983413696289,123.4625726722834,121.20195777757243,121.41725514528493,75169300
2021-06-07,123.2081298828125,123.61914805852969,122.16100788299765,123.47235371969634,71057600
2021-06-08,124.03015899658203,125.71339218854128,123.5114921670714,123.8931529460045,74403800
2021-06-09,124.41182708740234,125.01857353724075,123.81486891782897,124.49011839698218,56877900
2021-06-10,123.41364288330078,125.4491721984384,123.24727944494147,124.30418229225445,71186400
2021-06-11,124.62712860107422,124.71520819384888,123.40385484671293,123.82466131686404,53522400
2021-06-14,127.6902084350586,127.74892318837932,124.35312138388099,125.08708566547301,96906500
2021-06-15,126.86817932128906,127.80766022608664,126.62352454668518,127.1617680373222,62746300
2021-06-16,127.36725616455078,128.09143959621477,125.71340260713602,127.58255353794978,91815000
2021-06-17,128.97219848632812,129.71595852379107,126.87795430920667,127.02475612675201,96721700
2021-06-18,127.67064666748047,128.6981847145641,127.45534928384315,127.91530142774639,108953300
2021-06-21,129.4712677001953,129.57891636339633,126.4473392510089,127.51403013838598,79663300
2021-06-22,131.1153564453125,131.21322430863012,128.80581523688718,129.30492043425184,74783600
2021-06-23,130.8413543701172,131.4481082905956,130.38140225586088,130.90986486619562,60214200
2021-06-24,130.5575408935547,131.76123786596312,130.0877931066075,131.57529790019714,68711000
2021-06-25,130.2639617919922,131.0272833359651,129.97037313680121,130.60648437847152,70783700
2021-06-28,131.89825439453125,132.35820647299622,130.4988365325281,130.5575512774318,62111300
2021-06-29,133.4151153564453,133.57169796299607,131.47745413113225,131.9178296460844,64556100
2021-06-30,134.03164672851562,134.47202223259774,132.9649408136906,133.25852946059163,63261400
2021-07-01,134.3350372314453,134.3937519835152,132.85731295249462,133.67936427909643,52485800
2021-07-02,136.9674835205078,137.00662169924857,134.80472956479636,134.95151640074516,78852600
2021-07-06,138.9834747314453,140.08930404867277,137.07517066561473,137.07517066561473,108181800
2021-07-07,141.4789581298828,141.7921084496811,139.60979222790235,140.47096680675352,104911600
2021-07-08,140.17739868164062,140.9798585410617,137.66234054504386,138.55288746806352,105575500
2021-07-09,142.00741577148438,142.5358635061349,139.60000625630684,139.6978741376513,99890800
2021-07-12,141.41041564941406,143.1915090210594,140.92110625270328,143.08386035648152,76299700
2021-07-13,142.52606201171875,144.30715565248005,140.55904331544653,140.95048491894528,100827100
2021-07-14,145.96102905273438,146.3720622048418,144.5224578179845,144.93349097009192,127050800
2021-07-15,145.3053436279297,146.79284867562072,143.9450638275039,146.0491036180456,106820300
2021-07-16,143.260009765625,146.55795044061162,142.7609195385989,145.28575790906999,93251400
2021-07-19,139.4042510986328,140.98962377727935,138.6409295962446,140.676458580126,121434600
2021-07-20,143.02516174316406,143.95486174482718,139.90337965759247,140.3926891605558,96350000
2021-07-21,142.2911834716797,143.0055860270602,141.53765766277516,142.41840870833036,74993500
2021-07-22,143.66127014160156,145.03133074908345,142.6924319696775,142.81965721627964,77338200
2021-07-23,145.38365173339844,145.5402343738835,143.77871699978286,144.3952518138537,71447400
2021-07-26,145.80442810058594,146.62646435226154,144.54200141958395,145.0998213327101,72434100
2021-07-27,143.6319122314453,146.01974493776575,142.43799587828508,145.93165788061674,104818600
2021-07-28,141.8801727294922,143.82762983683932,139.49234007637435,141.71380929809172,118931200
2021-07-29,142.52606201171875,143.4166088320994,141.48872832316107,141.5963770040042,56699500
2021-07-30,142.7413330078125,143.2012850198633,141.02875017688973,141.29298142334252,70440600
2021-08-02,142.4086456298828,143.80806367715948,142.14441431029425,143.23068203244566,62880000
2021-08-03,144.20925903320312,144.8747126129823,142.07586240162897,142.69239699012917,64786600
2021-08-04,143.8080291748047,144.630065380145,143.15235637298292,144.1211943573369,56368300
2021-08-05,143.91574096679688,144.67906276836962,143.044770453077,143.83744963682219,46397700
2021-08-06,143.2296600341797,144.18034393765785,142.72982193278042,143.43548451999956,54126800
2021-08-09,143.18060302734375,143.77845542946974,142.62196239694586,143.28841296723235,48908700
2021-08-10,142.7003936767578,144.7683737944324,142.4063651616791,143.52366155504902,69023100
2021-08-11,142.9552001953125,143.79807390233603,142.6317703473361,143.14141874004835,48493500
2021-08-12,145.92491149902344,146.08172874886253,142.93564810172333,143.27868396638186,72282600
2021-08-13,146.13072204589844,146.46394745377953,145.3172494643666,146.00330617321433,59375000
2021-08-16,148.11045837402344,148.17907151070028,143.55306855336707,145.58183697281834,103296000
2021-08-17,147.19900512695312,148.65932256875118,146.12090537704304,147.2382019565344,92229700
2021-08-18,143.44528198242188,147.7184543955626,143.23945749374153,146.81677773378797,86326000
2021-08-19,143.77847290039062,145.05258644801074,141.622288795524,142.14173267222196,86960300
2021-08-20,145.23880004882812,145.54262400919296,143.85687659531993,144.50373629120594,60549600
2021-08-23,146.728515625,147.19895218534802,144.94475394486304,145.35638780453112,60131800
2021-08-24,146.64035034179688,147.85566143575133,146.17970907783348,146.47373764386114,48606400
2021-08-25,145.40545654296875,147.326430322186,144.85661116459667,146.82657724516397,58991300
2021-08-26,144.6017608642578,146.15029724311051,144.57235950525344,145.39564242211458,48597200
2021-08-27,145.64064025878906,145.78764703013252,143.90588558238326,144.54293486475237,55802400
2021-08-30,150.07064819335938,150.43328990399013,145.6504691143869,146.0327017624141,90956700
2021-08-31,148.8063507080078,149.7570346314379,148.27709627902888,149.6198232896498,86453100
2021-09-01,149.47280883789062,151.89362080818393,149.3061961257748,149.7864433229901,80313700
2021-09-02,150.59010314941406,151.63880161817733,149.36499650174582,150.80572311579687,71115500
2021-09-03,151.22714233398438,151.5505722295667,150.04123271684918,150.6978879757905,57808700
2021-09-07,153.5695343017578,154.1281750234367,151.31533561615151,151.88378675982,82278300
2021-09-08,152.0210418701172,153.91259945002466,150.91354061985925,153.85379672079253,74420200
2021-09-09,151.00172424316406,153.00109134257815,150.88410385737802,152.39344334318108,57305700
2021-09-10,146.00328063964844,152.38362934848664,145.73865347147373,151.9131926811076,140893200
2021-09-13,146.57174682617188,148.4045013917985,145.78767566355324,147.63024065247,102404300
2021-09-14,145.17018127441406,148.06144390588824,143.98428683298357,147.35578152961975,109296300
2021-09-15,146.0620880126953,146.46392651146115,143.45505793692854,145.60144679799546,83281300
2021-09-16,145.82684326171875,146.00326634152876,144.2881175598681,145.48382247833294,68034100
2021-09-17,143.1511993408203,145.85624325938602,142.85717087729245,145.85624325938602,129868800
2021-09-20,140.09339904785156,141.95555518736737,138.4566583461915,140.9362730273505,123478900
2021-09-21,140.5736083984375,141.72032120475433,139.93655902151735,141.0636509821954,75834000
2021-09-22,142.9454345703125,143.5138708346114,140.83824238540038,141.5733062965506,76404300
2021-09-23,143.90589904785156,144.15092032629136,142.7395953696922,143.72947595082067,64838200
2021-09-24,143.99412536621094,144.53317525304487,142.66120880736443,142.75922331584852,53477900
2021-09-27,142.4749755859375,143.0532371987593,140.9558555448059,142.57299008435822,74150700
2021-09-28,139.08389282226562,141.86733117108918,138.8682728841963,140.39720338693283,108972300
2021-09-29,139.9855499267578,141.5732829271844,139.20147889330738,139.63271870945067,74602000
2021-09-30,138.6820526123047,141.50470270899655,138.46643267686778,140.79904018482358,89056700
2021-10-01,139.8091583251953,140.0737855364966,136.3396630361158,139.07409436984747,94639600
2021-10-04,136.36904907226562,139.3779177030337,135.51637976546095,138.93686741546034,98322000
2021-10-05,138.29981994628906,139.40732098204438,136.5846708862709,136.71208674487298,80861100
2021-10-06,139.1720733642578,139.31908013584734,135.6143599426846,136.69245945071,83221100
2021-10-07,140.4364013671875,141.3478883774017,139.87776058117706,140.2109859591421,61732700
2021-10-08,140.05416870117188,141.308676557224,139.72094332329533,141.1616697596059,58773200
2021-10-11,139.96597290039062,141.92614341076353,138.98588764520417,139.43673344275217,64452200
2021-10-12,138.69186401367188,140.39721780215848,138.231222730947,140.377611908981,73035900
2021-10-13,138.10382080078125,138.58405301825053,136.42786838688212,138.4272507387237,78762700
2021-10-14,140.8970184326172,141.014638805476,138.69182711662617,139.27988411618807,69907100
2021-10-15,141.95550537109375,142.0143080772975,140.65199054890746,140.90682221567036,67940300
2021-10-18,143.6315155029297,143.91573368311097,140.30902666123893,140.59324484142022,85589200
2021-10-19,145.7974853515625,146.1993239178965,143.63150519092176,144.08233605883038,76378900
2021-10-20,146.2874755859375,146.76772259958005,145.1701793309551,145.73863040172296,58418800
2021-10-21,146.50311279296875,146.6599299941147,144.92517522435247,145.8464575874455,61421000
2021-10-22,145.7288818359375,147.18919932357423,145.67987458123707,146.70896711028783,58883400
2021-10-25,145.6798553466797,146.3953133151153,144.68016431145858,145.71905217231605,50720600
2021-10-26,146.34632873535156,147.83604746665293,146.042489762277,146.35612420354883,60893400
2021-10-27,145.88568115234375,146.74814591850827,145.53284989871335,146.38551919710656,56094900
2021-10-28,149.5316162109375,150.1196583975848,146.7383672208912,146.83638172945626,100077900
2021-10-29,146.8167724609375,146.953983796825,143.49428408381266,144.2881507382271,124953200
2021-11-01,145.9934844970703,146.71873790698544,144.85658218082636,146.02288585396352,74588300
2021-11-02,147.03237915039062,148.55151413172558,145.6896523186095,145.69946274130425,69122000
2021-11-03,148.47308349609375,148.94352011335226,146.83634332456256,147.39498400351133,54511500
2021-11-04,147.9536590576172,149.39437045239575,147.6400246350039,148.56130705778995,60394600
2021-11-05,148.4836883544922,149.3866809675717,147.28623804705754,149.08241350820953,65463900
2021-11-08,147.65919494628906,148.76831225932858,147.3843718030694,148.61126618413505,55020900
2021-11-09,148.02236938476562,148.63090428124968,147.28623266415173,147.42364425293005,56787900
2021-11-10,145.185791015625,147.35494715999016,145.11709270904024,147.24697984100837,65187100
2021-11-11,145.13668823242188,146.6678499743664,144.95019789623214,146.20655148055175,41000000
2021-11-12,147.21749877929688,147.6199087069909,144.75388556458995,145.686322190006,63804000
2021-11-15,147.22732543945312,149.0725793775171,146.66785441394896,147.59048138298093,59222800
2021-11-16,148.20883178710938,148.6897797454611,146.57951255847655,147.16842781455065,59256200
2021-11-17,150.65284729003906,152.13493057693609,148.19905808718525,148.20886785237,88807000
2021-11-18,154.95187377929688,155.7370893093728,150.22097604546676,150.86877998103495,137827700
2021-11-19,157.58230590820312,158.0436193602757,153.6366096704335,154.73590216384713,117305600
2021-11-22,158.0436248779297,162.63711008012285,158.02399037507982,158.6914137046002,117467900
2021-11-23,158.4264373779297,158.8092278647629,156.11986971576832,158.14178946554063,96041900
2021-11-24,158.94662475585938,159.14292486333943,156.68913607799328,157.7786188977565,69463600
2021-11-26,153.91143798828125,157.48415368919132,153.46975902346642,156.62043026238874,76959800
2021-11-29,157.278076171875,158.21051306195648,155.85486647061634,156.4241473557717,88748200
2021-11-30,162.24453735351562,162.460471991212,156.96397844815215,157.0326917313919,174048100
2021-12-01,161.72434997558594,167.15213072910655,161.48878081028846,164.3842491996412,152052500
2021-12-02,160.73300170898438,161.16487100269978,154.88317666704097,155.80580379875286,136739200
2021-12-03,158.8485107421875,161.9108501696385,156.76770207457696,160.98822293724749,118023100
2021-12-06,162.26416015625,164.77683760268036,161.24337558317583,161.2531853471854,107497000
2021-12-07,168.01583862304688,168.40845386171824,165.22833782381016,165.95466478279718,120405400
2021-12-08,171.84375,172.7074885052505,167.54470695562583,168.9482820266579,116998900
2021-12-09,171.33335876464844,173.4828803001478,170.70518938695935,171.67689521138408,108923700
2021-12-10,176.13296508789062,176.3096456774387,171.4609563916024,171.971348678727,115402700
2021-12-13,172.4915771484375,178.76346196831642,172.28545225851812,177.77212151103643,153237000
2021-12-14,171.1075897216797,174.4545609913243,169.02678176600017,172.0105821359696,139380400
2021-12-15,175.98574829101562,176.18204841367742,169.12494892495155,171.87319557243478,131063300
2021-12-16,169.07586669921875,177.7917297535116,167.59378358012162,175.96611019421348,150185800
2021-12-17,167.9765625,170.26349541805016,166.55336801671226,166.78892215220165,195432700
2021-12-20,166.61228942871094,167.4269492537598,164.3646250741957,165.16946015716837,107499100
2021-12-21,169.7923583984375,169.99846825027308,165.99388352764822,168.3887835557928,91185900
2021-12-22,172.3933868408203,172.6093214552471,168.96789225444832,169.8414404758155,92135300
2021-12-23,173.0215606689453,173.5810317235857,172.03023535098566,172.59951616954052,68356600
2021-12-27,176.9967041015625,177.08503690822866,173.7969687428298,173.8165882709296,74919600
2021-12-28,175.97592163085938,177.97822179969552,175.2299751821839,176.8298503690715,79144300
2021-12-29,176.0642852783203,177.29117986304104,174.84720045865078,176.01520649958337,62348900
2021-12-30,174.9060821533203,177.23228437904302,174.79811483502314,176.1526111960713,59773000
2021-12-31,174.28770446777344,175.9170087214449,173.98342209987004,174.79808171507432,64062300
2022-01-03,178.6456756591797,179.4996045429641,174.42516992990628,174.54294702694892,104487900
2022-01-04,176.37835693359375,179.55847298837972,175.80907606705392,179.25420553725706,99310400
2022-01-05,171.6866912841797,176.83964771384632,171.4118681394032,176.2900014242933,94537600
2022-01-06,168.82069396972656,172.05969865170314,168.46734773211566,169.50775193820877,96904000
2022-01-07,168.98753356933594,170.9211204367095,167.86860642072668,169.69422597653536,86709100
2022-01-10,169.0071563720703,169.31142378084766,165.06145986786478,165.95464256744464,106765600
2022-01-11,171.84375,171.9418925722171,167.66249900972133,169.13477238363146,76138300
2022-01-12,172.28541564941406,173.90491024436494,171.58854802680634,172.8645062038037,74805200
2022-01-13,169.0071563720703,173.3552628490283,168.614541185956,172.5307934232952,84505800
2022-01-14,169.8708953857422,170.56776300627916,167.9274839054903,168.1728627813742,80440800
2022-01-18,166.66134643554688,169.35068950665382,166.27855596311068,168.33972966979056,90956700
2022-01-19,163.15733337402344,167.91769000661554,162.87270044087128,166.85765136543813,94815000
2022-01-20,161.4691162109375,166.54354975921092,161.14521428529383,163.8934607946357,91420500
2022-01-21,159.40794372558594,163.25548287606637,159.2999764162496,161.38078458519854,122848900
2022-01-24,158.63253784179688,159.29997620135896,151.84045205683918,157.06212195335075,162294600
2022-01-25,156.82659912109375,159.75151211969052,154.11762080461585,156.04138345672908,115798400
2022-01-26,156.7382354736328,161.3513560017588,154.90280601323298,160.47780767829823,108275300
2022-01-27,156.2769012451172,160.8114981245685,155.35427426622283,159.44719215998208,121954600
2022-01-28,167.18154907226562,167.2011835771804,159.79073801782928,162.64695192499494,179935700
2022-01-31,171.54930114746094,171.76523578487254,166.37670956776643,167.0147037152971,115541600
2022-02-01,171.38243103027344,171.60817541361024,169.12494226668923,170.79351570873365,86213900
2022-02-02,172.58969116210938,172.62896017118422,170.12609251689003,171.51984280427115,84914300
2022-02-03,169.70404052734375,172.98231399971922,168.93845956073986,171.25483696595504,89418100
2022-02-04,169.41905212402344,171.09958880025067,167.7385154477962,168.72128157532018,82465400
2022-02-07,168.7016143798828,170.95214191132882,168.00384392494493,169.88093057527257,77251200
2022-02-08,171.8170166015625,172.32805922455944,168.4756025229789,168.77043538223953,74829200
2022-02-09,173.24200439453125,173.60562304759242,171.88578239754793,173.01597239364082,71285000
2022-02-10,169.15367126464844,172.45576547110866,168.59350246849255,171.1388626912715,90865900
2022-02-11,165.73365783691406,170.0971412814251,165.1439922378864,169.3600667805501,98670700
2022-02-14,165.9695587158203,166.6574920486195,163.68953396046075,164.48557217382995,86185500
2022-02-15,169.81216430664062,169.96941049690344,167.3159447684623,168.02353762882288,62527400
2022-02-16,169.5762481689453,170.35262658199508,167.1193335765115,168.88831508222717,61177400
2022-02-17,165.9695587158203,168.94733906736835,165.5666209795301,168.08250002280826,69589300
2022-02-18,164.41676330566406,167.6009157130797,163.32589238939244,166.893337952625,82772700
2022-02-22,161.48814392089844,163.81729494035432,159.35552814005308,162.1367581949425,91162800
2022-02-23,157.3113555908203,163.28655947595425,156.99686328327715,162.6870716360414,90009200
2022-02-24,159.9353790283203,160.04348391166852,149.38046449387545,149.95047069736393,141147500
2022-02-25,162.00900268554688,162.27433874391238,158.097582687372,161.0163992959612,91974200
2022-02-28,162.2743377685547,162.569170605232,159.63069449285575,160.249841950296,95056600
2022-03-01,160.38742065429688,163.72883431123614,159.17862257926774,161.86156976875884,83474400
2022-03-02,163.68954467773438,164.47576067919033,160.14175790506158,161.55694370851774,79724800
2022-03-03,163.36521911621094,165.99904029600498,162.6969453068408,165.56662077426103,76678400
2022-03-04,160.3579559326172,162.69694424174432,159.30640391691654,161.6552144893565,83737200
2022-03-07,156.5546417236328,162.17606497919274,156.29911294194886,160.54466966467405,96418800
2022-03-08,154.72669982910156,160.0729499038518,153.1149639973743,156.08292186895505,131148300
2022-03-09,160.1417236328125,160.59380261054181,156.66273844037977,158.69705635061237,91454900
2022-03-10,155.78805541992188,157.62582286314418,153.291821624197,157.43909494191072,105342000
2022-03-11,152.0634002685547,156.5349891936971,151.83736825574178,156.19101504721644,96970100
2022-03-14,148.0242156982422,151.4638968278343,147.51318815597864,148.83991330847238,108732100
2022-03-15,152.4171600341797,152.88889846379408,147.78834103669755,148.29936850838678,92964300
2022-03-16,156.83963012695312,157.24256780595263,151.79805049383225,154.34341096119434,102300200
2022-03-17,157.85186767578125,158.2253235486575,154.91340697863026,155.87651344487975,75615400
2022-03-18,161.15399169921875,161.64537478221072,157.00671727910074,157.7437919035887,123511700
2022-03-21,162.52989196777344,163.48317645776484,160.20072569012748,160.69210882947053,95811400
2022-03-22,165.91055297851562,166.50020354427738,162.06793455898944,162.6575851247512,81532000
2022-03-23,167.27662658691406,169.66474104201137,164.76073274272346,165.09488461775757,98062700
2022-03-24,171.07009887695312,171.1388847047802,167.27662120536306,168.11196337652208,90131400
2022-03-25,171.70889282226562,172.25923943454524,169.77284242104022,170.8833729038462,80546200
2022-03-28,172.57373046875,172.701479862601,169.03576656556126,169.202835000459,90371900
2022-03-29,175.87583923339844,175.92496554492044,173.3009816876461,173.6449558432296,100589400
2022-03-30,174.70632934570312,176.51461532464543,173.6547624474948,175.4728856845117,92633200
2022-03-31,171.6007843017578,174.96184246595325,171.39439682863326,174.77511451308345,103049300
2022-04-01,171.3059539794922,171.86613784627107,168.97680315531144,171.0307806751932,78751300
2022-04-04,175.36476135253906,175.41390264999723,171.43369748898363,171.56146186321112,76468400
2022-04-05,172.0430450439453,175.22721286513178,171.4140752886788,174.44099692209318,73401800
2022-04-06,168.8687286376953,170.63771090886573,167.19802899107668,169.38959355700894,89058800
2022-04-07,169.17333984375,170.37231557194565,166.92281228589906,168.21023335572733,77594700
2022-04-08,167.15869140625,168.81956860456353,166.28403012969582,168.81956860456353,76575500
2022-04-11,162.89344787597656,166.11691882734104,162.64775640105051,165.80244153726082,72246700
2022-04-12,164.7705535888672,166.94245808323757,163.7681280552551,165.12434995391737,79265200
2022-04-13,167.4633331298828,168.09230281785548,163.89590247589382,164.5052126435429,70618900
2022-04-14,162.44140625,168.3183584761883,162.19571471867903,167.67955149726123,75329400
2022-04-18,162.22520446777344,163.72883537462482,160.75105534373716,161.09501447518673,69023900
2022-04-19,164.51504516601562,164.92782013945308,161.08520094874402,162.17607195952326,67723800
2022-04-20,164.34799194335938,165.9695652154126,163.2374763040021,165.85162307101254,67929800
2022-04-21,163.55189514160156,168.5738293634089,163.05068994377342,165.99898756919885,87227800
2022-04-22,159.001708984375,164.97692823082195,158.71671343457257,163.59123952892807,84882400
2022-04-25,160.0729522705078,160.35794785043367,155.72912776950562,158.3432742820327,96046400
2022-04-26,154.09771728515625,159.54223452082468,154.01909420285892,159.45378917667253,95623200
2022-04-27,153.8717041015625,157.03619732481974,152.7022099776654,153.2230748402012,88063200
2022-04-28,160.81982421875,161.68466307901278,156.19098985906734,156.50548217036973,130216800
2022-04-29,154.93307495117188,163.33572839193604,154.53997449609216,159.05086744995398,131747600
2022-05-02,155.2377471923828,155.50308325510557,150.6285715632027,154.00928950852122,123055300
2022-05-03,156.73150634765625,157.94031923877728,153.62597740508184,155.4244258610072,88966500
2022-05-04,163.1588134765625,163.6108774332453,156.5153058023954,156.9182434563484,108256500
2022-05-05,154.0682373046875,161.2522547050873,152.2795959021098,161.0262227132276,130525300
2022-05-06,154.79652404785156,156.9224209287026,151.74546750489773,153.5465733330201,116124600
2022-05-09,149.6589813232422,153.36945750408893,149.0979893908198,152.48365942752434,131577900
2022-05-10,152.07029724121094,154.2650965784608,150.5152434800802,153.0643590542694,115366700
2022-05-11,144.18675231933594,152.99542804107662,143.50764507620434,151.0762217134339,142689800
2022-05-12,140.30897521972656,143.89149901958908,136.60835102555794,140.51566592761506,182602000
2022-05-13,144.78713989257812,145.7615132406745,140.85029972421802,142.3069263815123,113990900
2022-05-16,143.24191284179688,145.19065940090803,141.90338667799685,143.25176455295096,86643800
2022-05-17,146.8834991455078,147.40512922042456,144.36390904477065,146.5094945567554,78336300
2022-05-18,138.596435546875,145.0331612308298,137.69094928705914,144.53121962367445,109742900
2022-05-19,135.18124389648438,139.4231864175674,134.4430864271214,137.6712938917074,136095600
2022-05-20,135.41746520996094,138.47835924778758,130.51610307514665,136.89378037255537,137426100
2022-05-23,140.8502960205078,140.99792151579808,135.47650272414663,135.61429152570187,117726300
2022-05-24,138.1437225341797,139.72830130754187,135.16156729888525,138.58661405091433,104132700
2022-05-25,138.30120849609375,139.55114451962976,136.15562265268915,136.2441979580696,92482700
2022-05-26,141.5097198486328,142.06087507401406,134.97456571452705,135.22061822713323,90601500
2022-05-27,147.27719116210938,147.31655295622195,142.96634634088457,143.09429845299417,90978500
2022-05-31,146.4898223876953,148.28109191355486,144.5214022588055,146.71620151537235,103718400
2022-06-01,146.3618621826172,149.3440170056093,145.34811215987284,147.53305935939102,74286600
2022-06-02,148.82240295410156,148.8814531521364,144.5410833823405,145.49576829817823,72348100
2022-06-03,143.08445739746094,145.63355774291225,142.17898598193645,144.58044581379545,88570300
2022-06-06,143.8324432373047,146.22408125410382,142.61201747807138,144.70838950271786,71598400
2022-06-07,146.3618621826172,146.64727644838695,141.82465390118458,142.07070637844697,67808200
2022-06-08,145.6237030029297,147.50353249308398,145.13159805431155,146.23390833350376,53950200
2022-06-09,140.3877410888672,145.6138948019082,140.279477367108,144.75763674117547,69473000
2022-06-10,134.96475219726562,138.5374250816839,134.89585027333402,138.06500838135332,91437900
2022-06-13,129.79763793945312,133.0652077917095,129.36458307542827,130.77199636565416,122207100
2022-06-14,130.66372680664062,131.77588901971137,129.40393908646058,131.0278947539339,84784300
2022-06-15,133.2915496826172,135.1713943388265,130.07319387777778,132.16955091202541,91533000
2022-06-16,128.00634765625,130.29955871287268,127.00244927117835,129.99445602178534,108123900
2022-06-17,129.482666015625,130.97866943008026,127.76029850473763,128.01620271778103,134520300
2022-06-21,133.724609375,134.8958216908251,131.21488586149243,131.31329785187046,81000500
2022-06-22,133.21287536621094,135.5848108691912,131.7956100754552,132.66170496147197,73409200
2022-06-23,136.08673095703125,136.40167037101077,133.48841696582116,134.65962935518908,72433800
2022-06-24,139.4232177734375,139.66927031856164,137.5630611330131,137.6909982443359,89116800
2022-06-27,139.4232177734375,141.224324205889,138.74411034603793,140.44678975329754,70207900
2022-06-28,135.26979064941406,141.15536075840367,135.1516902849454,139.88573678681848,67083400
2022-06-29,137.03155517578125,138.4488199898158,134.51197995876558,135.28951427489562,66242400
2022-06-30,134.56121826171875,136.1851590666704,131.6578012073038,135.08284846053866,98964500
2022-07-01,136.73631286621094,136.84457658654097,133.51795639594204,133.89194605156405,71051600
2022-07-05,139.32476806640625,139.3739815709903,134.76787086684834,135.59461869744254,73353800
2022-07-06,140.66329956054688,141.84434862551257,138.85235665974255,139.11809758016227,74064300
2022-07-07,144.03915405273438,144.23599306904134,141.0176218390398,141.02745853360616,66253700
2022-07-08,144.71826171875,145.22021853397652,142.71047951141156,142.96636875790045,64547800
2022-07-11,142.58251953125,144.3245757006066,141.50973407273898,143.3698906543045,63141600
2022-07-12,143.556884765625,146.10598530220875,142.75967699315206,143.45845774918337,77588800
2022-07-13,143.19271850585938,144.13755169717774,139.8759205891,140.73219350243247,71185600
2022-07-14,146.1256561279297,146.59807271073137,140.98807885917248,141.80497494021958,78140700
2022-07-15,147.79881286621094,148.47792016432717,145.85991797831633,147.4149715696043,76259900
2022-07-18,144.747802734375,149.17674867757293,144.3836347446811,148.3598524014626,81420900
2022-07-19,148.61570739746094,148.8420714884981,144.59029217223815,145.58433884840355,82982400
2022-07-20,150.62347412109375,151.2927446518588,147.99563553153246,148.7337929449323,64823400
2022-07-21,152.8970489501953,153.1135763791581,149.5408888191267,152.06046433667046,65086600
2022-07-22,151.65696716308594,153.81239020310684,150.98771134276674,152.93644360424324,66675400
2022-07-25,150.534912109375,152.5919073451431,149.87549323073483,151.5781722761147,53623900
2022-07-26,149.20623779296875,150.67270104012428,148.41886681163666,149.8558049610543,55138700
2022-07-27,154.31430053710938,154.8457824202778,149.75741782188803,150.1707842766552,78620700
2022-07-28,154.86546325683594,155.15087757432116,151.97188319707365,154.50129531236348,81378700
2022-07-29,159.94398498535156,161.04631055801715,156.98151786037047,158.69404891618413,101786900
2022-08-01,158.9597930908203,161.0069522260959,158.34958753761987,158.4676879626634,67829400
2022-08-02,157.48342895507812,159.84554184971918,157.1094393855953,157.57201926429306,59907000
2022-08-03,163.5068359375,163.95956419348943,158.21178056001122,158.30035586863676,82507500
2022-08-04,163.19189453125,164.5501094435261,161.8336796189739,163.38873357210807,55474100
2022-08-05,162.96517944335938,163.45796799318663,160.64906724368603,160.85604505164724,56697000
2022-08-08,162.49212646484375,165.38972616560417,161.83179147106824,163.97049243145898,60276900
2022-08-09,162.5413818359375,163.42841029450733,160.89546979944944,161.65436841608152,63135500
2022-08-10,166.79908752441406,166.89763621928432,164.49282549147833,165.26157448955212,70170500
2022-08-11,166.05992126464844,168.52386446381027,165.76424507300587,167.60726977358985,57149200
2022-08-12,169.61782836914062,169.68681094741032,166.95675811414395,167.37071373861576,68039400
2022-08-15,170.69212341308594,170.8892358519702,168.8786649134066,169.04621123839397,54091700
2022-08-16,170.53443908691406,171.20463947132552,169.18420299774098,170.28804476181145,56377100
2022-08-17,172.032470703125,173.60938490139674,170.08103242735956,170.27814482230454,79542000
2022-08-18,171.63824462890625,172.37742744821887,170.62310142681395,171.2440198074247,62290100
2022-08-19,169.04617309570312,171.2341552626783,168.83919530641123,170.53438896800841,70346300
2022-08-22,165.1531524658203,167.41011727933045,164.7293465168106,167.242570986512,69026800
2022-08-23,164.8180694580078,166.2767345287208,164.24643288251994,164.67023889482752,54147100
2022-08-24,165.11375427246094,165.68539087789364,163.8522166048561,164.90679147316692,53841500
2022-08-25,167.5776824951172,167.68609658373745,165.92192009296824,166.34571105112042,51218200
2022-08-26,161.26011657714844,168.58296208169574,161.20098435870386,168.10988929542629,78961000
2022-08-29,159.05245971679688,160.55052629290446,157.5149616294303,158.82576612384563,73314000
2022-08-30,156.61807250976562,160.21542318351743,155.44523326516241,159.79163221679283,77906200
2022-08-31,154.9524383544922,158.2639781293564,154.87359037905333,157.99786809208942,87991100
2022-09-01,155.68179321289062,156.13515033839954,152.43923555152656,154.38082398932775,74229900
2022-09-02,153.56277465820312,158.04715373707748,152.7348934543625,157.44595106884975,76957800
2022-09-06,152.30123901367188,154.8243141649417,151.47335779942037,154.2132611313819,73714800
2022-09-07,153.71060180664062,154.41035308350388,151.39448974668554,152.587044582361,87449600
2022-09-08,152.23223876953125,154.10482916146404,150.47789777328236,152.4096354211257,84923800
2022-09-09,155.1002655029297,155.54378723487187,152.51805827855026,153.2276750032018,68028800
2022-09-12,161.07286071777344,161.8908915280311,157.0024374583422,157.28824820471496,104956000
2022-09-13,151.6211700439453,158.2245332834512,151.15794762648912,157.5937645718297,122656600
2022-09-14,153.06997680664062,154.83416823515125,151.39449874644285,152.55747250443096,87965400
2022-09-15,150.1724090576172,153.00102614754542,149.1966971510488,152.41952410853062,90481100
2022-09-16,148.52645874023438,149.16709284731172,146.2300624042499,149.02911266156946,162278800
2022-09-19,152.25196838378906,152.3308163679246,146.94957303943247,147.15653583891242,81474200
2022-09-20,154.63705444335938,155.80004334278618,150.8721574135687,151.18753429290712,107689800
2022-09-21,151.50289916992188,156.45049997062233,151.3846347411177,155.0706831334898,101696800
2022-09-22,150.53704833984375,152.24209247430875,148.73344048207258,150.18223999013938,86652500
2022-09-23,148.2603759765625,149.28538472080464,146.4173513628068,149.00942429859677,96029900
2022-09-26,148.59547424316406,151.55220575538115,147.48176722784044,147.50148298209515,93339400
2022-09-27,149.5712127685547,152.4885283327447,147.78732017665826,150.53708939650227,84442700
2022-09-28,147.67884826660156,148.46731284335547,142.75096346027843,145.51058195956156,146691400
2022-09-29,140.42503356933594,144.603886261403,138.65099162276434,143.99283321708396,128138200
2022-09-30,136.2067413330078,141.03607776050177,136.00962893649438,139.2423203631924,124925300
2022-10-03,140.39544677734375,141.00651477037042,135.7041054662748,136.21660973950978,114311700
2022-10-04,143.9928436279297,144.1111080866803,142.17937004103229,142.93826874168496,87830100
2022-10-05,144.2884979248047,145.2543744211321,140.94739177527688,141.99211625326663,79471000
2022-10-06,143.3324737548828,145.41204208560697,143.12551098076761,143.7069978739473,68402200
2022-10-07,138.06948852539062,141.03608513942643,137.43871980031912,140.4841493461153,85925600
2022-10-10,138.39474487304688,139.84354452092543,136.5714361256321,138.39474487304688,74899000
2022-10-11,136.97549438476562,139.31132222277216,136.22646123968164,137.8822234673554,77033700
2022-10-12,136.34475708007812,138.33562739322105,136.16736038855555,137.12337155166935,70433700
2022-10-13,140.92767333984375,141.51901056988928,132.4319886081597,133.04305662953354,113224000
2022-10-14,136.38417053222656,142.43561361849277,136.19690846794037,142.22863580040965,88598000
2022-10-17,140.35606384277344,140.83898708446822,138.24692906829756,139.0353938988536,85250900
2022-10-18,141.67672729492188,144.58417712557898,138.5820153837327,143.39163709489873,99136600
2022-10-19,141.78514099121094,142.8594165632396,139.4591781255194,139.6464402055219,61758300
2022-10-20,141.32191467285156,143.78585768272674,140.59258212799125,140.95725591977873,64522000
2022-10-21,145.1459197998047,145.7175562282131,140.5925441221267,140.80937225147852,86548600
2022-10-24,147.2945098876953,148.0632589024532,143.89427154723307,145.0671108242576,75981900
2022-10-25,150.14280700683594,150.2906525903393,147.20579155352908,147.92525860269856,74732300
2022-10-26,147.19595336914062,149.7978764436125,145.9048346701109,148.78273318220164,88194300
2022-10-27,142.71157836914062,146.900281375259,142.0512434645865,145.934419951747,109180200
2022-10-28,153.49375915527344,155.2283691682334,145.68799153888756,146.0625005524622,164762400
2022-10-31,151.12840270996094,152.01543120421692,149.7288849047636,150.9510060343384,97943200
2022-11-01,148.4771728515625,153.2079455809234,146.97910660092256,152.84328689393647,80379300
2022-11-02,142.938232421875,149.97525166506418,142.90866631469993,146.80169249277182,93604600
2022-11-03,136.87693786621094,140.74039788163316,136.7488080444843,140.0110654914598,97918500
2022-11-04,136.61041259765625,140.8455457973991,132.6615642734104,140.27296098274414,140814800
2022-11-07,137.1434783935547,137.37053291778528,133.93503964712596,135.35662722495974,83374600
2022-11-08,137.71609497070312,139.6214071902777,135.7318039714629,138.61446164278013,89908500
2022-11-09,133.14529418945312,136.77824263467366,132.8688760001459,136.72887901579847,74917800
2022-11-10,144.9918212890625,144.9918212890625,137.71607368602153,139.43382798502273,118854000
2022-11-11,147.78565979003906,148.09169315452817,142.523817082341,143.95528678900914,93979700
2022-11-14,146.3837890625,148.35821299381362,145.54465286622803,147.06496772898868,73374100
2022-11-15,148.1212921142578,151.6258979697989,146.66022247085542,150.2734222564666,89868300
2022-11-16,146.88729858398438,147.95348958195228,145.40648026408388,147.22296218487898,64218300
2022-11-17,148.7926025390625,149.5428782799837,144.2810362048945,144.55745437595286,80389400
2022-11-18,149.3553009033203,150.74727347635653,148.05218886107582,150.36226138845927,74829600
2022-11-21,146.11724853515625,148.44706955079,145.83096367172806,148.23976345815655,58724100
2022-11-22,148.2594757080078,148.49641198659964,145.0510370374103,146.23570336671128,51804100
2022-11-23,149.13815307617188,149.8884289191742,147.4302651381728,147.53885908183943,58301400
2022-11-25,146.21595764160156,146.97611503557928,145.2386124207731,146.41339701228634,35195900
2022-11-28,142.375732421875,144.7647839323927,141.54647786060335,143.2839657599813,69246000
2022-11-29,139.36473083496094,142.95818228893546,138.55522474324414,142.4448277773216,83763800
2022-11-30,146.1370086669922,146.81818743880567,138.75266623992653,139.59178750228543,111380900
2022-12-01,146.41342163085938,147.22294276953917,144.73516410236186,146.3147094607483,71250400
2022-12-02,145.91983032226562,146.10740304717433,143.78744839224407,144.09349682237342,65447400
2022-12-05,144.75489807128906,148.9900308557214,143.90589516228567,145.88031913079033,68826400
2022-12-06,141.0824737548828,145.41633393123826,140.1051284296616,145.18927938388143,64727200
2022-12-07,139.13766479492188,141.536582777895,138.20968308402922,140.37167982245785,69721100
2022-12-08,140.8258056640625,141.68469046865562,139.2956388988772,140.5395207716393,62128300
2022-12-09,140.3420867919922,143.70848393310538,139.09818980739163,140.51977775341376,76097000
2022-12-12,142.6422576904297,142.6521243868473,139.25611292551483,140.8751398938642,70462700
2022-12-13,143.60977172851562,148.05222699321214,142.39550484065782,147.5882360160285,93886200
2022-12-14,141.37863159179688,144.78450984521314,139.35484405860026,143.49126458622354,82291200
2022-12-15,134.75445556640625,139.98668286120417,134.29046466082826,139.3055040822211,98931900
2022-12-16,132.7898712158203,135.88971607194347,132.01984711589319,134.9420010552602,160156900
2022-12-19,130.67724609375,133.47105782876667,129.64068555678134,133.3822123650824,79592600
2022-12-20,130.608154296875,131.54600271059752,128.22896969448558,129.70978773625592,77432800
2022-12-21,133.71788024902344,135.06048935091275,131.05241050570748,131.27946507821224,85928000
2022-12-22,130.53904724121094,132.8392531621343,128.63373518479884,132.63194706396897,77852100
2022-12-23,130.1737823486328,130.72661868998517,127.9821703785141,129.24580060550824,63814900
2022-12-27,128.36717224121094,129.72952959065904,127.07392696075074,129.69991443642402,69007800
2022-12-28,124.42822265625,129.3544092695257,124.26039839519768,128.0118001174449,85438400
2022-12-29,127.95256805419922,128.81143780896,126.09661191364768,126.3532816511138,75703700
2022-12-30,128.26846313476562,128.28821159493137,125.80044037402875,126.76791156272077,77034200
2023-01-03,123.47061157226562,129.22605213593528,122.58211921528644,128.6139854814398,112117500
2023-01-04,124.74412536621094,127.01471627825023,123.48049504473303,125.26734659008874,89113600
2023-01-05,123.42125701904297,126.1360903730334,123.16458728849297,125.50427521319664,80962700
2023-01-06,127.96240997314453,128.62384018148796,123.29290160052527,124.39858171183529,87754700
2023-01-09,128.48562622070312,131.70394674213998,128.22895654270584,128.8015412677692,70790800
2023-01-10,129.0582275390625,129.58144872233615,126.48160347682453,128.5942366688145,63896200
2023-01-11,131.782958984375,131.80269238208612,128.79170729193848,129.57159828407498,69458900
2023-01-12,131.7039794921875,132.54310080025633,129.75917030810112,132.1679704181571,71379600
2023-01-13,133.0366973876953,133.19465493922883,129.97634891095512,130.34161256817276,57809700
2023-01-17,134.20159912109375,135.53432625738486,132.41474784548592,133.10579321952497,63646600
2023-01-18,133.48095703125,136.83747220518643,133.3032510170013,135.0703691429246,69672800
2023-01-19,133.54019165039062,134.50765533885576,132.0593734264766,132.36540678256628,58280400
2023-01-20,136.10696411132812,136.2550550044613,132.5036450000661,133.55008769808015,80223600
2023-01-23,139.3054656982422,141.4872105295077,136.13650901029962,136.35369682386116,81760300
2023-01-24,140.7073211669922,141.32926952973608,138.50584268721101,138.5157093840139,66435100
2023-01-25,140.04591369628906,140.60861677861874,137.03491367991992,139.0883167228264,65799300
2023-01-26,142.11903381347656,142.4053186406196,140.08536461650493,141.3391279655153,54105100
2023-01-27,144.06387329101562,145.34725220094586,141.2503274776649,141.3293062635936,70555800
2023-01-30,141.17132568359375,143.68871946900538,141.02324989890042,143.10626796433064,64015300
2023-01-31,142.44479370117188,142.4941573072672,140.46050327086488,140.87513044748167,65874500
2023-02-01,143.5702362060547,144.73515421762997,139.51280928282884,142.1289150988489,77663600
2023-02-02,148.89134216308594,149.24672407231745,146.2752209542802,146.9958815985471,118339000
2023-02-03,152.52426147460938,155.36743699431324,145.93955891955838,146.13699831650217,154357300
2023-02-06,149.78968811035156,151.14217893420934,148.85183962560956,150.61895772492184,69858300
2023-02-07,152.67233276367188,153.24491754252153,148.7136179890826,148.7136179890826,83322600
2023-02-08,149.97723388671875,152.6032212233435,149.23682494273,151.9121758883524,64120100
2023-02-09,148.94065856933594,152.35641846392213,148.49641621502738,151.8134488914745,56007100
2023-02-10,149.30650329589844,149.6327824911062,147.53670230127932,147.77400037597405,57450700
2023-02-13,152.11447143554688,152.51983488560623,149.21751602061343,149.2471763928944,62199000
2023-02-14,151.4718017578125,152.03537903023067,149.15820209418638,150.40398304690967,61707600
2023-02-15,153.57777404785156,153.745854522139,151.1554147270533,151.38281594677636,65573800
2023-02-16,151.97604370117188,154.566483327967,151.6201041650226,151.77828778035447,68167900
2023-02-17,150.8291473388672,151.2740680510971,149.1483273778538,150.63140647639398,59144100
2023-02-21,146.8050537109375,149.59324968756485,146.73585119733022,148.50565230235682,58867200
2023-02-22,147.2301788330078,148.2584401568736,145.49992024311211,147.1906216167105,51011300
2023-02-23,147.71466064453125,148.6440592209031,145.57903837527164,148.3968793904493,48394200
2023-02-24,145.05506896972656,145.52965018557467,144.07623106829152,145.45055080182252,55469600
2023-02-27,146.25137329101562,147.48727255329774,145.7866739614647,146.04375066348234,44998500
2023-02-28,145.7471466064453,147.39830637793327,145.17368748018072,145.39120697933842,50547000
2023-03-01,143.67080688476562,145.56914623363537,143.37418806129784,145.17366452678502,55479000
2023-03-02,144.26405334472656,145.05503189340783,142.27671766674902,142.75131384795435,52238100
2023-03-03,149.32627868652344,149.40537804304904,145.66802019550744,146.3700024688502,70732300
2023-03-06,152.09471130371094,154.53684949594242,151.72888994336137,152.05515407809082,87558000
2023-03-07,149.88986206054688,152.29244288057856,149.42516275115915,151.96616367909397,56182000
2023-03-08,151.14556884765625,151.7388066753831,150.11730704448297,151.08624808221649,47204800
2023-03-09,148.8912353515625,152.7966735583546,148.5352958010874,151.82773287131755,53833600
2023-03-10,146.8248291015625,149.23730682187812,145.94486944980744,148.51554589298388,68572400
2023-03-13,148.77259826660156,151.41247705797895,146.03384150790953,146.14260123729179,84457100
2023-03-14,150.8686981201172,151.66955846534526,148.40679633095857,149.57347804705336,73695900
2023-03-15,151.2642059326172,151.52126757855024,148.22882974181093,149.4845077659118,77167900
2023-03-16,154.09190368652344,154.6950230424289,149.92938893729746,150.4435271800346,76161100
2023-03-17,153.25146484375,154.97184155770847,152.53958586464006,154.31928331241494,98944600
2023-03-20,155.62442016601562,156.03969557063917,152.4110822679711,153.32071734921686,73641400
2023-03-21,157.4832305908203,157.60187209543255,154.77413390443738,155.5453489444009,73938300
2023-03-22,156.04957580566406,160.31095376257457,156.02979719452793,157.50299444764113,75701800
2023-03-23,157.1371612548828,159.72761624709545,155.9012620500719,157.03829837049406,67622100
2023-03-24,158.44229125976562,158.53127238912836,156.06937062345713,157.06797183296018,59196500
2023-03-27,156.4945068359375,158.9564235953307,156.08912825748425,158.13578467553296,52390300
2023-03-28,155.87161254882812,156.7021483382564,154.2204529064242,156.18801000892674,45992200
2023-03-29,158.95643615722656,159.23327640666747,157.5524562960156,157.5722198233599,51305700
2023-03-30,160.5284881591797,160.6372479005565,159.45078759523014,159.70784921727477,49501700
2023-03-31,163.03981018066406,163.13868814753852,160.08354906302839,160.60756909681194,68749800
2023-04-03,164.29551696777344,164.41415847965385,162.36751696640553,162.41695595857647,56976200
2023-04-04,163.7615966796875,164.95793868784338,163.24745837486338,164.72065569074036,46278300
2023-04-05,161.9126739501953,163.18813034939654,159.97479248917713,162.88162976736427,51511700
2023-04-06,162.8025665283203,163.0991854139407,160.17256887537,160.59771104498407,45390100
2023-04-10,160.20217895507812,160.20217895507812,158.27417943389275,159.59905960879362,47716900
2023-04-11,158.98606872558594,160.52846844172586,158.69933167596588,160.51858667978223,47644200
2023-04-12,158.29400634765625,160.23188822150757,157.97760884934243,159.40136741842844,50133100
2023-04-13,163.69239807128906,163.92969618258195,159.59909994312628,159.80673767634033,68445600
2023-04-14,163.34634399414062,164.44382316709542,161.9720245871667,162.73332768738865,49386500
2023-04-17,163.36610412597656,163.52430285260365,162.17964384959518,163.22768401184308,41516200
2023-04-18,164.5921173095703,165.52151594579726,163.78136017187086,164.22629596467013,49923000
2023-04-19,165.73904418945312,166.26306428456468,163.67260909854727,163.92968580784367,47720200
2023-04-20,164.77008056640625,165.9763194310247,163.69238005042013,164.21640012100644,52456400
2023-04-21,163.1584930419922,164.57235465877127,162.63447292379246,163.1881534195007,58337300
2023-04-24,163.4649658203125,163.73192425907348,162.04120759579996,163.1386866366401,41949600
2023-04-25,161.92257690429688,164.43391748853472,161.88301968061162,163.32655661191464,48714100
2023-04-26,161.9126739501953,163.41553157370114,160.96351183078312,161.2205734284031,45498800
2023-04-27,166.51023864746094,166.65854052357386,163.32656095584278,163.32656095584278,64902300
2023-04-28,167.76593017578125,167.9340257797263,165.98624701083992,166.58936655480977,55209200
2023-05-01,167.6769256591797,168.52722497825897,166.7376452115908,167.37042504765017,52472900
2023-05-02,166.6387481689453,168.42834281753628,165.65002884530062,168.1712661379265,48425700
2023-05-03,165.5610809326172,168.9919388807047,165.27435890938423,167.58795896994013,65136000
2023-05-04,163.91978454589844,165.15568380990734,162.45648404157697,163.0299431104764,81235400
2023-05-05,171.61203002929688,172.33379095243657,168.8337158986843,169.05123536921852,113316400
2023-05-08,171.54281616210938,171.88887398730245,170.1684967974759,170.53431814830344,55962800
2023-05-09,169.8323516845703,171.58237432630546,169.6642711810136,171.09791142977792,45326900
2023-05-10,171.60214233398438,172.06684167430913,169.96086445482297,171.06824047843108,53724500
2023-05-11,171.79000854492188,172.62052928198048,170.2278299661715,171.8888865269506,49514700
2023-05-12,170.8592987060547,172.33451847611525,169.3048550658258,171.8988778353498,45497800
2023-05-15,170.36428833007812,171.49298697857782,169.77023004875,171.44347960387887,37266700
2023-05-16,170.36428833007812,171.42367363249335,170.0969605927275,170.28507955206572,42110300
2023-05-17,170.97813415527344,171.2157453771671,168.7306323338431,170.00785308163907,57951600
2023-05-18,173.31471252441406,173.50283145007626,170.86919670585942,171.28503138533677,65496700
2023-05-19,173.4236297607422,174.6414324508558,173.20580942819797,174.6414324508558,55772400
2023-05-22,172.47314453125,172.97809854709377,171.7305793150355,172.25532419255816,43570900
2023-05-23,169.8593292236328,171.66129487805824,169.58210606257185,171.4137731194303,50747300
2023-05-24,170.1365203857422,170.71077257065826,168.8296136019024,169.3939552495186,45143500
2023-05-25,171.27513122558594,172.17609878581072,169.98801528701642,170.70087903430024,56058300
2023-05-26,173.69094848632812,174.0275895351184,171.39395459047836,171.60187949980389,54835000
2023-05-30,175.5424346923828,177.21568420222022,174.81967538543662,175.20580872558915,55964400
2023-05-31,175.492919921875,177.57210865507508,175.00777185545402,175.57212869440465,99625300
2023-06-01,178.30474853515625,178.33444993394386,175.17607026429087,175.93844141740337,68901800
2023-06-02,179.15625,179.97802407047664,177.4830004559296,179.2354587774889,61945900
2023-06-05,177.79981994628906,183.1165821425977,176.275077551752,180.8195882273271,121946500
2023-06-06,177.43350219726562,178.33446990727649,175.67113339582835,178.18596289670575,64848400
2023-06-07,176.05726623535156,179.41366034455214,175.56222276728346,176.67111530134713,61944600
2023-06-08,178.78001403808594,179.04732664647344,175.70084291207064,176.1364684949153,50214900
2023-06-09,179.1661376953125,180.42353722036253,178.8394071951532,179.70077799078283,48870700
2023-06-12,181.9680938720703,182.06710862095264,179.17605622243772,179.47308536155512,54274900
2023-06-13,181.49282836914062,182.32449774459167,180.63145759510397,180.98788948565831,54929100
2023-06-14,182.12648010253906,182.56212075064622,180.21561965950994,181.5522278943548,57462900
2023-06-15,184.16607666015625,184.67103069686027,181.95818688950908,182.13641040467775,65433200
2023-06-16,183.08688354492188,185.1363708565112,182.4433330473612,184.87893857146415,101235600
2023-06-20,183.17599487304688,184.25520121093788,182.5819517231594,182.5819517231594,49799100
2023-06-21,182.13641357421875,183.57203672168455,180.77998409317422,183.0670826761933,49515700
2023-06-22,185.14625549316406,185.1957628610581,181.84926421078353,181.91857754734076,51245300
2023-06-23,184.8294219970703,185.70070333532985,183.17597862652977,183.71063403229002,53079300
2023-06-26,183.4334259033203,186.18586660248252,183.39381396241686,184.9779592329188,48088700
2023-06-27,186.1957550048828,186.52248552112178,183.8294477274505,184.04726807160984,50730800
2023-06-28,187.37396240234375,188.01751290126907,185.7403249158235,186.06704032710473,51216800
2023-06-29,187.7105712890625,188.1858238773272,187.06702084863718,187.20563240999925,46347300
2023-06-30,192.04718017578125,192.5521191164762,189.3640377084909,189.7303801784341,85069600
2023-07-03,190.55215454101562,191.95807629669292,189.8590815409033,191.85906155166862,31458200
2023-07-05,189.43333435058594,191.06697174397888,188.73036598215447,189.67096065277283,46920300
2023-07-06,189.90858459472656,190.11650951153766,187.32445692665846,187.95811200082892,45094300
2023-07-07,188.78976440429688,190.76004279032819,188.35413885501103,189.5125387247038,46778000
2023-07-10,186.7403106689453,188.10663557063202,185.18586681905202,187.38386117936162,59922200
2023-07-11,186.21556091308594,187.4234682366511,184.75023641356677,187.28485666382537,46638100
2023-07-12,187.88882446289062,189.79968522544766,186.60170827121757,187.79970514631046,60750200
2023-07-13,188.65115356445312,189.2947191217671,187.8986929500458,188.61155673528532,41342300
2023-07-14,188.79966735839844,189.28480025511277,187.75017769506536,188.34422075160825,41573900
2023-07-17,192.0669708251953,192.39370132812152,189.9085734412509,189.9976776399959,50520200
2023-07-18,191.80955505371094,192.4036133115075,190.51254346863507,191.43333225746687,48353800
2023-07-19,193.1659698486328,196.26493172677777,190.74024473686075,191.18579595006162,80507300
2023-07-20,191.21548461914062,194.52237118378105,190.5917250482106,193.1560464503255,59581200
2023-07-21,190.0373077392578,193.03727024392953,189.33433929774543,192.17589935868594,71917800
2023-07-24,190.83926391601562,192.9778554020486,190.34422042985216,191.4927249435582,45377800
2023-07-25,191.7006378173828,192.51251639930572,191.00757994716116,191.4135192381226,37283200
2023-07-26,192.5718994140625,193.70059786031172,191.40360413966724,191.75012548540775,47471900
2023-07-27,191.30459594726562,195.24513765991685,190.64123952357383,194.07684234558644,47460200
2023-07-28,193.8887481689453,194.6808208278144,192.21549864281087,192.74024356896163,48291400
2023-07-31,194.50259399414062,194.54220593555127,193.3243880114047,194.1164606567971,38824100
2023-08-01,193.6708984375,194.7797909272219,193.34416794873687,194.29465801673214,35175100
2023-08-02,190.6709442138672,193.24516118654293,189.94818497968632,193.1065496196106,50389300
2023-08-03,189.27493286132812,190.46303425792703,188.79969532419432,189.67097673188036,61235200
2023-08-04,180.18594360351562,185.52251207833032,180.11663025996506,183.68094960257173,115799700
2023-08-07,177.07704162597656,181.31461219425503,175.59191133034085,180.3245253304979,97576100
2023-08-08,178.0176239013672,178.48296594319257,175.81962982094473,177.9087137403543,67823000
2023-08-09,176.42361450195312,179.13644336005612,175.25530392276485,179.07704055404358,60378500
2023-08-10,176.2057647705078,178.95820511217872,175.83943745613908,177.7007905335651,54686900
2023-08-11,176.26524353027344,177.08812715930858,175.035887610981,175.7992882281701,51988100
2023-08-14,177.92095947265625,178.14898275911253,175.78938877461678,176.44373225185288,43675600
2023-08-15,175.9281463623047,177.94073542120225,175.53158290231625,177.3458902312196,43622600
2023-08-16,175.0557403564453,177.00883168990967,174.98633341606396,175.61093536777827,46964900
2023-08-17,172.50778198242188,175.98767489704687,171.99223724872292,175.6208528452633,66062900
2023-08-18,172.99359130859375,173.59836059602029,170.48528962334868,170.82237017622754,61114200
2023-08-21,174.3319854736328,174.61950689363672,172.25000423465377,173.56859991663836,46311900
2023-08-22,175.71006774902344,176.15620551446153,174.73847648439144,175.5415274877659,42084200
2023-08-23,179.5666961669922,179.9930163205811,176.80063007696822,176.98900304288458,52722800
2023-08-24,174.86737060546875,179.54689311295104,174.50053343712446,179.12057292485625,54945800
2023-08-25,177.07823181152344,177.6135940867137,174.3121656551708,175.8587845923081,51449600
2023-08-28,178.6446990966797,179.04126265908485,177.0187642861302,178.5455506421133,43820700
2023-08-29,182.54098510742188,183.31429463018617,177.96061099136716,178.15889276911417,53003900
2023-08-30,186.0406951904297,186.23899207960088,183.15566303930453,183.35394480054703,60813900
2023-08-31,186.25880432128906,187.49808420340318,185.87214960318659,186.22906281435257,60794500
2023-09-01,187.83517456054688,188.2912210727348,186.66528651811905,187.86491606664922,45732600
2023-09-05,188.0731201171875,188.350717612699,186.00104769428793,186.66529992482816,45280000
2023-09-06,181.3413543701172,187.2304149251444,179.91370149278592,186.78426205503195,81755800
2023-09-07,176.03724670410156,176.6816813943478,172.05171790486162,173.67765269377628,112488800
2023-09-08,176.65191650390625,178.69426259870855,176.26526175899272,176.82047189213844,65551300
2023-09-11,177.82179260253906,178.75373349578624,175.8191120741523,178.52571023294755,58953100
2023-09-12,174.7880401611328,178.58519559094336,173.32073699502078,177.95068488711692,90370200
2023-09-13,172.71597290039062,175.77946927367296,172.48793449989455,174.99623588192003,84267900
2023-09-14,174.2328643798828,174.58977763559852,172.09138484558866,172.50778112260195,60895800
2023-09-15,173.5091094970703,174.98633670911127,172.32932763975032,174.9665039932106,109205100
2023-09-18,176.44371032714844,177.8416216381054,174.65914430549358,174.96648328990372,67257600
2023-09-19,177.5343017578125,178.08949677364237,175.61093679016653,175.99759154247158,51826900
2023-09-20,173.98500061035156,178.1588871164402,173.89576095445636,177.72265814247962,58436200
2023-09-21,172.43836975097656,174.78805492740332,172.3689779372214,173.0530629204369,63047900
2023-09-22,173.29098510742188,175.56135441857745,172.55734106823024,173.17201907467273,56725400
2023-09-25,174.56993103027344,175.4522977411563,172.65647493916612,172.70604916227998,46172700
2023-09-26,170.4852752685547,173.69747930093746,170.1878450472042,173.32074847329434,64588900
2023-09-27,168.96836853027344,171.55598552227247,167.60021383109716,171.1395892983555,66921800
2023-09-28,169.22616577148438,170.55467030699108,166.18248681585104,167.88773731405627,56294400
2023-09-29,169.74168395996094,171.5857329254824,168.8791349237489,170.54473485773315,51814200
2023-10-02,172.25991821289062,172.8052044328195,169.46409530048962,169.75161672914737,52164500
2023-10-03,170.9215087890625,172.14097132417464,169.35507202363982,170.78271002017956,49594600
2023-10-04,172.17068481445312,172.71597100628938,169.50375199905025,169.62271803074952,53020300
2023-10-05,173.40994262695312,173.94530482926675,171.19905663358438,172.29953767027104,48527900
2023-10-06,175.9678497314453,176.46356172729125,171.69479961979252,172.30949278163357,57224100
2023-10-09,177.4550018310547,177.51448485548826,174.2923565899357,175.29368946640614,42390800
2023-10-10,176.860107421875,178.17870301308767,176.4238784890915,176.5726011495921,43698000
2023-10-11,178.25802612304688,178.30760034526705,176.07689649671707,176.67174177957318,47551100
2023-10-12,179.1602325439453,180.77624333047942,177.50454119898205,178.52572180730996,56743100
2023-10-13,177.31617736816406,180.3697497847248,176.61225971587282,179.8641290223829,51427100
2023-10-16,177.1873016357422,177.54421488719547,174.99624790055657,175.2341951108354,52517000
2023-10-17,175.6307373046875,176.88984988971393,173.30090022346374,175.135025356181,57549400
2023-10-18,174.3319854736328,176.05706860986896,173.60825021874456,174.07422069011992,54764400
2023-10-19,173.9552764892578,176.31485552292168,173.68758775067354,174.53028914557814,59302900
2023-10-20,171.3973846435547,173.91559492791032,171.15943743932888,173.80653768363138,64189300
2023-10-23,171.516357421875,172.51769024747387,168.47267838425373,169.44428482707696,55980100
2023-10-24,171.95257568359375,172.18059896074934,169.97963653831403,171.56592094062157,43816600
2023-10-25,169.63265991210938,171.57584256593557,169.18650699014253,170.4059694558874,57157000
2023-10-26,165.458740234375,169.91023915738614,164.24920182104776,168.9088912991807,70625300
2023-10-27,166.77732849121094,167.5109876180873,165.3992498850538,165.4785656118454,58499100
2023-10-30,168.82958984375,169.7020478229813,167.42176954958222,167.57049222945847,51131000
2023-10-31,169.30548095703125,169.43435579022267,166.4600837859852,167.89766069037708,44846000
2023-11-01,172.47802734375,172.73579212701503,168.66103905073186,169.5334969755198,56934900
2023-11-02,176.04714965820312,176.25534020612366,173.95524461845602,174.0147276321476,77334800
2023-11-03,175.13504028320312,175.30359567263832,171.8633532465518,172.74571998498175,79763700
2023-11-06,177.6929168701172,177.8911986418375,174.69882732290304,174.86736758526175,63841300
2023-11-07,180.26071166992188,180.87538968418906,177.4351473327296,177.64333789269085,70530000
2023-11-08,181.32156372070312,181.87675882892586,180.0327092892248,180.78620133146893,49340300
2023-11-09,180.8456573486328,182.54098393459674,180.2507968912838,181.39094357988108,53763500
2023-11-10,185.04489135742188,185.2136688107188,182.19576071339824,182.63256439705196,66133400
2023-11-13,183.45651245117188,184.67756614585693,182.8708053693486,184.46910132249658,43627500
2023-11-14,186.0773468017578,186.74247420260892,184.9456350058848,186.33545119454976,60108400
2023-11-15,186.6431884765625,188.12236184083608,186.414864785386,186.4843631662735,53790500
2023-11-16,188.33084106445312,189.57175373642215,187.2785343944212,188.191859451107,54412900
2023-11-17,188.31097412109375,188.99596031021713,187.19912126214516,188.86690055056806,50922700
2023-11-20,190.0581512451172,190.5148137000222,188.49957305665296,188.50949490320363,46505100
2023-11-21,189.25405883789062,190.12766614172318,188.36060783923182,190.0184652287441,38134500
2023-11-22,189.919189453125,191.52740733771327,189.4426832554431,190.09788874466753,39617700
2023-11-24,188.5889434814453,189.51217522879531,187.87417657801197,189.48239453680722,24048300
2023-11-27,188.41024780273438,189.28385517880056,187.52671857843467,188.5393075690696,40552600
2023-11-28,189.01580810546875,189.690872461515,188.02307798905798,188.4003202806091,38415400
2023-11-29,187.99330139160156,190.69352857887446,187.5962153955331,189.5121772909601,43014200
2023-11-30,188.569091796875,188.93641225844013,186.82189215984647,188.45989087281944,48794400
2023-12-01,189.84970092773438,190.1673666680402,187.85430382511626,188.94631294335792,45679300
2023-12-04,188.0528564453125,188.66835941071503,186.08725507958516,188.59886103241988,43389500
2023-12-05,192.0138702392578,192.98674157750665,188.79741899208386,188.82721483361496,66628400
2023-12-06,190.92185974121094,193.3441084564195,190.71337975554792,193.03636454966008,41089700
2023-12-07,192.85768127441406,193.5823700079149,192.18261692775607,192.22233461466143,47477700
2023-12-08,194.2872314453125,194.56519468567552,192.26205338225554,192.78819916921847,53377300
2023-12-11,191.77561950683594,192.0833786038581,190.02841974664355,191.70613626728084,60943700
2023-12-12,193.29449462890625,193.30441647720014,190.32622602015354,191.6763396332624,52696900
2023-12-13,196.52085876464844,196.56056130389416,193.43346752411227,193.67171305530522,70404200
2023-12-14,196.6697540283203,198.16877097511053,194.733933428728,196.58041195784497,66831600
2023-12-15,196.13368225097656,196.95763485816647,195.56781885438525,196.09396456637802,128256700
2023-12-18,194.4658966064453,195.20052232582978,192.9768014723469,194.66443959475328,55751900
2023-12-19,195.50827026367188,195.5181921115413,194.46590061872467,194.73394198979324,40714100
2023-12-20,193.4136199951172,196.24289187855894,193.4136199951172,195.46856356116558,52242800
2023-12-21,193.2646942138672,195.64725561182692,192.09327993279487,194.674384326953,46482500
2023-12-22,192.19256591796875,193.9894050921648,191.56714106698067,193.76106624785666,37122800
2023-12-26,191.6465606689453,192.48045036895266,191.42815882163003,192.20248713561688,28919300
2023-12-27,191.74581909179688,192.09328069742187,189.7007974418798,191.09062871652011,48087700
2023-12-28,192.17269897460938,193.24484932489418,191.76567598880632,192.72862541967714,34049900
2023-12-29,191.13034057617188,192.98674116771573,190.33615340163328,192.49037607711168,42628800
2024-01-02,184.29043579101562,187.07008341179338,182.55315792151214,185.78945295661444,82488700
2024-01-03,182.9105224609375,184.52867738484042,182.0964765011294,182.88074176951616,58414500
2024-01-04,180.5875244140625,181.7589385851153,179.56501368920854,180.82576992798064,71983600
2024-01-05,179.86285400390625,181.43136956938284,178.86020193485106,180.66697820637782,62303300
2024-01-08,184.21099853515625,184.2507162227342,180.18051667398524,180.76622380895435,59144500
2024-01-09,183.79405212402344,183.80397397190293,181.40156892129536,182.58292017691045,42841800
2024-01-10,184.83642578125,185.0448906262594,182.58292413922769,183.00980597306068,46792900
2024-01-11,184.24078369140625,185.69017636593313,182.28510409693843,185.1838742981323,49128400
2024-01-12,184.56837463378906,185.382420570264,183.84368591687618,184.7073562390581,40444700
2024-01-16,182.29501342773438,182.920423022664,179.61463032885075,180.8356991264693,65603000
2024-01-17,181.35194396972656,181.60012651740652,178.98925641635856,179.95220591318565,47317400
2024-01-18,187.2586669921875,187.76495384502815,184.47901992929332,184.73712427915873,78005800
2024-01-19,190.16737365722656,190.55453778649462,187.4473029046773,187.9535897974558,68741000
2024-01-22,192.48043823242188,193.90997199821769,190.86228332421425,190.90200101096366,60133900
2024-01-23,193.7610626220703,194.3269260762536,192.42088601370864,193.60223731108647,42355600
2024-01-24,193.08599853515625,194.9523359132993,192.92715808853583,193.99930838143553,53631300
2024-01-25,192.75839233398438,194.84313150183985,191.70610090276801,193.80076191791213,54822100
2024-01-26,191.0211181640625,193.3441028913112,190.54461197208147,192.85767485186383,44594000
2024-01-29,190.33615112304688,190.80273551445788,188.20178731814485,190.6141143586287,47145600
2024-01-30,186.67295837402344,190.4056331853674,186.10711010289756,189.5518847070131,55859400
2024-01-31,183.05943298339844,185.7398164976455,183.00980859435379,185.6802399646441,55467800
2024-02-01,185.50155639648438,185.59089847447947,182.48366340616798,182.6524257138898,64885400
2024-02-02,184.49888610839844,185.96812234304272,177.94686171013706,178.55242764739413,102518000
2024-02-05,186.31556701660156,187.8741604535555,184.48894737475842,186.7821513481828,69668800
2024-02-06,187.923828125,187.93374997367698,185.4122219544124,185.50156403608693,43490800
2024-02-07,188.03302001953125,189.66109684812312,187.23883287556598,189.2540738540102,53439000
2024-02-08,186.95095825195312,188.1620751580878,185.98800874758206,188.0131716874575,40962000
2024-02-09,187.71632385253906,188.84947973129314,186.87142040616737,187.5175123353768,45155200
2024-02-12,186.02650451660156,187.537383976275,185.66866504371018,187.28888476363343,41781900
2024-02-13,183.92916870117188,185.09215835173688,182.4083547485107,184.6547973151463,56529500
2024-02-14,183.04452514648438,184.41624573755993,181.34479892181088,184.20751487981576,54630500
2024-02-15,182.7562713623047,183.3824942652778,180.26134459364147,182.44813474883824,65434500
2024-02-16,181.21554565429688,183.7403059011213,180.57938833891825,182.31888265706775,49701400
2024-02-20,180.4700469970703,181.33481931364506,178.91941449816937,180.6986620021168,53665600
2024-02-21,181.22552490234375,181.79209525720324,179.57548638259638,180.8478012209779,41529700
2024-02-22,183.26319885253906,183.84966853541172,181.36467634977905,182.37854224114136,52292200
2024-02-23,181.42430114746094,183.9291621764045,181.1360335803032,183.89934348562096,45119700
2024-02-26,180.0724639892578,181.66284976948523,179.56551591408572,181.14598235368476,40867400
2024-02-27,181.5336456298828,182.81589486499632,178.48206808634893,180.01283169575817,54318900
2024-02-28,180.33091735839844,182.02070906977036,179.0486680197237,181.4143703487687,48953900
2024-02-29,179.66493225097656,181.47401381447335,178.45225486971108,180.18181486443112,136682600
2024-03-01,178.5814971923828,179.44626969271965,176.31518534052842,178.47215692026748,73488000
2024-03-04,174.0488739013672,175.8380562970389,172.74672514229152,175.0925585764457,81510100
2024-03-05,169.0987548828125,171.00722719097524,168.60175641192043,169.73491231886675,95132400
2024-03-06,168.104736328125,170.21201988746688,167.6673753032203,170.03309257401145,68587700
2024-03-07,167.98545837402344,169.7050685827557,167.47852546870348,168.13455182641533,71765100
2024-03-08,169.705078125,172.6572499858552,167.92583043526673,167.9854678195768,76114600
2024-03-11,171.7129669189453,173.33318674250597,171.01717211248007,171.9018287593836,60139500
2024-03-12,172.1900634765625,172.98526395951052,169.98338934079592,172.11054191154895,59825400
2024-03-13,170.10269165039062,172.1503228051375,169.73490248954016,171.73284593382695,52488700
2024-03-14,171.9614715576172,173.2636051293667,171.01717749290637,171.87201547265494,72913500
2024-03-15,171.58372497558594,171.58372497558594,169.2677105816515,170.14243263043366,121664700
2024-03-18,172.67713928222656,176.64319229534289,172.4783429395777,174.51603957790343,75604200
2024-03-19,175.02296447753906,175.54978158656556,171.99127109820583,173.29340452493878,55215200
2024-03-20,177.597412109375,177.597412109375,174.0389016316341,174.66512448913912,53423100
2024-03-21,170.3412322998047,176.42450322724187,169.81441519205438,175.98714219427453,106181300
2024-03-22,171.24578857421875,172.0111704512642,169.0391141931604,170.7289059277682,71106600
2024-03-25,169.82437133789062,170.90782428626645,168.43276661931924,169.54605342761408,54288300
2024-03-26,168.69122314453125,170.39094937582044,168.5619986920605,168.97947557636294,57388400
2024-03-27,172.26959228515625,172.55785986634996,169.08880538680637,169.3870074763491,60273300
2024-03-28,170.4505615234375,171.19605909940955,169.4863834451387,170.7189448975998,65672700
2024-04-01,169.00929260253906,170.22197004043582,168.46259127116116,170.16233265286536,46240500
2024-04-02,167.82643127441406,168.3234297194346,167.22009256480143,168.0649959882119,49329500
2024-04-03,168.63156127929688,169.6553768320082,167.56799252573734,167.7767233727702,47691700
2024-04-04,167.8065643310547,170.88794562795422,167.8065643310547,169.2677258236611,53704400
2024-04-05,168.56201171875,169.3671468554972,167.93578876030642,168.57194622848115,42055200
2024-04-08,167.43878173828125,168.1842794442996,167.23005087422234,168.01530178433154,37425500
2024-04-09,168.65145874023438,169.05900112515698,167.33939066831408,167.6872804964856,42451200
2024-04-10,166.7727813720703,168.07491474927153,166.10680533820357,167.7866623517303,49709300
2024-04-11,173.98919677734375,174.40668878905643,167.15050896636146,167.32942111379162,91070300
2024-04-12,175.49014282226562,177.2892746522008,173.16419388744958,173.21388159504414,101593300
2024-04-15,171.6533203125,175.56967037066977,171.46445848220424,174.30729011068368,73531800
2024-04-16,168.3632049560547,172.71690119832985,167.25986775641732,170.71897282804144,73711200
2024-04-17,166.99147033691406,169.62555591523414,166.99147033691406,168.59180586766368,50901200
2024-04-18,166.0372314453125,167.62763251332663,165.55018268321453,167.02129381245496,43122900
2024-04-19,164.0094757080078,165.40106519259456,163.0950004513954,165.21221853676252,67772100
2024-04-22,164.84445190429688,166.2559257648484,163.78088304598398,164.52638076461832,48116400
2024-04-23,165.8980712890625,166.0471799196536,163.92996173620628,164.3573882766078,49537800
2024-04-24,168.00537109375,168.28368903028098,165.2122420517991,165.54024770277562,48251800
2024-04-25,168.8701171875,169.58579610298705,167.14055728054169,168.51227772975648,50558300
2024-04-26,168.28367614746094,170.31142312512412,168.16438620722982,168.8601961624801,44838400
2024-04-29,172.45846557617188,174.97327656975762,172.06087287514865,172.32924112310414,68169400
2024-04-30,169.3074951171875,173.93952434742974,168.97947431756717,172.2894858404387,65934800
2024-05-01,168.28367614746094,171.6732091751753,168.0948143120181,168.56199406268553,50383100
2024-05-02,171.9912872314453,172.37894542666191,169.8641344122997,171.47440458209337,94214900
2024-05-03,182.27914428710938,185.87740797297917,181.56346535319665,185.52950301417593,163224100
2024-05-06,180.6191864013672,183.0942290168702,179.33692188523904,181.25534382134734,78569700
2024-05-07,181.30503845214844,183.79003083864822,180.2315350883076,182.34873828791632,77305800
2024-05-08,181.64297485351562,181.97099560703433,180.3607105291073,181.75231510468853,45057100
2024-05-09,183.46202087402344,183.55147695770702,181.0167817496789,181.46407733528633,48983000
2024-05-10,182.1979217529297,184.22841905381327,181.28220609270682,184.039301056681,50759500
2024-05-13,185.41287231445312,186.22906253508128,183.76059590764,184.57678612826817,72044800
2024-05-14,186.55752563476562,187.42348620330452,185.42283282321628,186.63715506565202,52393600
2024-05-15,188.83688354492188,189.76254724660947,186.4978163614719,187.03531124896162,70400000
2024-05-16,188.95631408691406,190.21045865928463,188.7771592552961,189.58338637309936,52845200
2024-05-17,188.9861602783203,189.92178705781208,188.29936976198016,188.62783545187153,41282900
2024-05-20,190.15072631835938,191.02663488992152,188.1301769262196,188.44869465688268,44361300
2024-05-21,191.4546356201172,191.83285642957057,190.03128423275254,190.20049107683238,42309400
2024-05-22,190.01136779785156,191.92244369758092,189.38431073139583,191.37500087150013,34648500
2024-05-23,186.0100860595703,190.11090276702717,185.76124979940406,190.09099161364105,51005900
2024-05-24,189.0956573486328,189.6928704821682,187.16468542966413,187.94106857836448,36294600
2024-05-28,189.10560607910156,192.1015891258543,188.219749617586,190.61851957640835,52280100
2024-05-29,189.40420532226562,191.35508832801628,188.62783738828333,188.7273779696699,53068000
2024-05-30,190.39956665039062,191.2854232244703,189.7426503955058,189.8720349370489,49947900
2024-05-31,191.35508728027344,191.67360498875826,189.02598349107927,190.54886021384164,75158300
2024-06-03,193.12681579589844,194.08235381042343,191.62385010600926,192.00207093054578,50080500
2024-06-04,193.44532775878906,194.41081372828987,192.13146492648488,193.73397115741048,47471400
2024-06-05,194.95823669433594,195.9834409155792,193.96289161058436,194.49042328995185,54156800
2024-06-06,193.57470703125,195.58530834672572,193.2661524862918,194.77908126144504,41181800
2024-06-07,195.97348022460938,196.02325051312178,193.2362814217838,193.74390191398706,53103900
2024-06-10,192.22103881835938,196.3815891899795,191.25555286655262,195.98344204153506,97262100
2024-06-11,206.1857147216797,206.19567789204126,192.7286609927464,192.74855695795014,172373300
2024-06-12,212.07818603515625,219.17498621319098,205.9368934525013,206.40470686074582,198134300
2024-06-13,213.2427520751953,215.74106295368526,210.61504146610727,213.74042465409653,97862700
2024-06-14,211.50088500976562,214.16840257809503,210.31642191496232,212.85455494843214,70122700
2024-06-17,215.6614227294922,217.9308083607288,211.72981259041407,212.37678083551464,93728300
2024-06-18,213.29248046875,217.61228945527094,212.008492058615,216.5771221156608,79943300
2024-06-20,208.70396423339844,213.24275088537271,207.87784112226225,212.93418113045576,86172500
2024-06-21,206.52415466308594,210.90366690915465,206.14591867526494,209.41064929966387,246421400
2024-06-24,207.17112731933594,211.70989851928564,205.6283393856244,206.75308420226276,80727000
2024-06-25,208.0968017578125,210.3960464470149,207.6389363414956,208.1764159984445,56713900
2024-06-26,212.25733947753906,213.8598456726642,209.65948819693895,210.51548557795786,66213200
2024-06-27,213.1033935546875,214.73575892320002,211.36153961685812,213.69064352295018,49772700
2024-06-28,209.63955688476562,215.06419922920637,209.3210543856748,214.76559269472423,82542700
2024-07-01,215.7410430908203,216.4974998735104,210.933524598722,211.10273143743845,60402900
2024-07-02,219.24465942382812,219.35414798734178,214.09872731420612,215.1438274713018,58046200
2024-07-03,220.51869201660156,220.51869201660156,218.01041831592593,218.97590419946252,37369800
2024-07-05,225.28640747070312,225.39589603978789,220.61823649717394,220.61823649717394,60412400
2024-07-08,226.759521484375,226.78938062149984,222.21078721739227,226.03290864697604,59085900
2024-07-09,227.61550903320312,228.33215871662,225.3162642938077,226.8690002119573,48076100
2024-07-10,231.89549255371094,231.9950331368443,228.1828596567971,228.23262994836378,62627700
2024-07-11,226.5106964111328,231.30825199534104,224.7190721562944,230.31290687462652,64710600
2024-07-12,229.4668426513672,231.55707334519846,227.61550023869842,227.85438851986095,53046500
2024-07-15,233.3088836669922,236.12571210202407,232.00498402552307,235.37920328245679,62631300
2024-07-16,233.7269287109375,235.17017597600105,231.24851410299036,233.90608352734432,43234300
2024-07-17,227.8145751953125,230.38256719376508,225.5849968618027,228.38191396445072,57345900
2024-07-18,223.13645935058594,229.3673294560276,221.23536173419896,229.20807059344992,66034600
2024-07-19,223.26583862304688,225.74425318618754,222.24063446922685,223.773474302542,49151500
2024-07-22,222.91749572753906,226.7197061195605,222.0515351611177,225.95328613844396,48201800
2024-07-23,223.9626007080078,225.88362469345716,221.6434447483752,223.32558043665784,39960300
2024-07-24,217.52272033691406,223.75359063703135,216.11929523141325,222.95731148702538,61777600
2024-07-25,216.4776153564453,219.8219755631398,213.62096453779796,217.91089956980477,51391200
2024-07-26,216.9454345703125,218.46831142772768,215.0044993866062,217.68198025772855,41601300
2024-07-29,217.22412109375,218.27918447457574,214.74570631572197,215.95008057489312,36311800
2024-07-30,217.78150939941406,219.30438617677734,215.11397665237357,218.16969337819762,41643800
2024-07-31,221.04623413085938,222.77814001369308,219.60298682237814,220.40921389598267,50036300
2024-08-01,217.34353637695312,223.435042960857,216.00977771238428,223.325554402556,62501000
2024-08-02,218.83657836914062,224.54986481713928,216.69659243938975,218.12987665236415,105568600
2024-08-05,208.29588317871094,212.5061888982195,195.08764882459494,198.1632616839607,119548600
2024-08-06,206.26536560058594,209.0125278604179,200.13405118519225,204.3443568031922,69660500
2024-08-07,208.8433074951172,212.64551772150753,205.42926604632788,205.93688655864335,63516400
2024-08-08,212.3170623779297,213.2029189157903,207.85792055043288,212.1179963940502,47161100
2024-08-09,215.2334442138672,215.77092392101787,210.98331610147795,211.1127158331721,42201600
2024-08-12,216.76803588867188,218.7410960979999,214.8448035806853,215.31315848368175,38028100
2024-08-13,220.49493408203125,221.11275746457662,218.2428407360094,218.2428407360094,44155300
2024-08-14,220.943359375,222.24876826808693,218.93043078284688,219.7973936824548,41960600
2024-08-15,223.93284606933594,224.56064415441705,221.97970491871703,223.81327127421198,46414000
2024-08-16,225.25819396972656,226.03546056539557,222.86659157853387,223.1356500786779,44340200
2024-08-19,225.0987548828125,225.19841068626937,222.25873174304007,224.92935218120843,40687800
2024-08-20,225.71658325195312,226.3742750764108,224.6602986155859,224.9791850293864,30299000
2024-08-21,225.60694885253906,227.18141617539888,224.2616868222014,225.72653885026273,34765500
2024-08-22,223.74351501464844,227.5401669123529,223.11571691317775,226.9920904114928,43695300
2024-08-23,226.04542541503906,227.42059644239848,223.5442228703079,224.86956599566977,38677300
2024-08-26,226.38421630859375,226.48387210620078,223.10574735994538,225.96568932825608,30602200
2024-08-27,227.2312469482422,228.04838192077386,224.1022464634546,225.20835892301574,35934600
2024-08-28,225.69664001464844,229.05483047059747,224.8894645684117,227.1216236092518,38052200
2024-08-29,228.98509216308594,232.10413336375854,228.07829123837303,229.29401907737392,51906300
2024-08-30,228.19786071777344,229.59295072736154,226.68318070354871,229.38369482859366,52990800
2024-09-03,221.9896697998047,228.19784265919515,220.39526831044307,227.7494219919808,50190600
2024-09-04,220.07640075683594,221.00313580397116,216.71819503548093,220.88356101217042,43840200
2024-09-05,221.6010284423828,224.690160307972,220.7440403340526,220.85365562251366,36615400
2024-09-06,220.04652404785156,224.45103994819866,219.000198922793,223.16555001573386,48423000
2024-09-09,220.1361846923828,220.4949242674857,215.95089978640883,220.04650359994196,67180000
2024-09-10,219.33900451660156,220.7042008473601,215.97083903478983,218.1531703875452,51591000
2024-09-11,221.8800506591797,222.3085371188772,217.12675517633116,220.6842571655674,44587100
2024-09-12,221.9896697998047,222.7669363444001,219.05000630879996,221.72061131734026,37498200
2024-09-13,221.7206268310547,223.25522582753553,221.13269713278441,222.7968456308755,36766600
2024-09-16,215.56227111816406,216.45911247240775,213.17066883128115,215.78148650258865,59357400
2024-09-17,216.03060913085938,216.1402244248995,213.74863736172932,214.99425879157621,45519300
2024-09-18,219.91696166992188,221.9298901997397,216.777986478492,216.7879611815548,59894900
2024-09-19,228.0683135986328,229.01499812075548,223.84317512238368,224.20191472936153,66781300
2024-09-20,227.40065002441406,232.27352055331795,226.82267984404155,229.1644542640561,318679900
2024-09-23,225.6767120361328,228.64626930220686,225.01902026418153,226.54365969576136,54146000
2024-09-24,226.5735626220703,228.5466380182851,224.93930782860403,227.8490778167103,43556100
2024-09-25,225.5770721435547,226.49384776666977,223.23531278607823,224.14211370551686,42308700
2024-09-26,226.72303771972656,227.69960067739044,224.62042810744603,226.50380712846774,36636700
2024-09-27,226.99208068847656,228.71603171782343,226.50380681299467,227.6597471643239,34026000
2024-09-30,232.18385314941406,232.18385314941406,228.84558136748996,229.23421467656505,54541900
2024-10-01,225.41763305664062,228.84557057238277,222.9562838134916,228.71603627902877,63285000
2024-10-02,225.9856414794922,226.5735711981907,222.23881735408233,225.09875954956593,32880600
2024-10-03,224.8795166015625,226.01552277761738,222.53775735368686,224.35137431302277,34044200
2024-10-04,226.0055694580078,227.20136306464835,223.3449237414969,227.1017072618697,37245100
2024-10-07,220.91346740722656,224.8994562199718,220.55472780586587,223.7136221153256,39505400
2024-10-08,224.9791717529297,225.1884276449642,222.46799461113406,223.51431968732726,31855700
2024-10-09,228.7359619140625,228.94523301761674,224.0424685900414,224.44106139019914,33591100
2024-10-10,228.2377166748047,228.6961120865482,226.37427173832708,226.98213565099735,28183500
2024-10-11,226.75294494628906,228.60643037956845,226.54367384020586,228.4968150773993,31759200
2024-10-14,230.48980712890625,230.91829362955485,227.79926770980506,227.89890830734765,39882100
2024-10-15,233.03086853027344,236.65811760908664,231.5560417756155,232.79170373632726,64751400
2024-10-16,230.96810913085938,231.3069145139278,229.0349022193022,230.78874694170784,34082200
2024-10-17,231.33682250976562,233.0308799404877,229.71254238803704,232.6123377292532,32993800
2024-10-18,234.1768341064453,235.35269346424636,233.19029643777657,235.35269346424636,46431500
2024-10-21,235.6516571044922,236.02037141360947,233.62876897482323,233.62876897482323,36254500
2024-10-22,235.03382873535156,235.3925683333293,231.7852533575211,233.07072804715946,38846600
2024-10-23,229.95169067382812,234.31635331873264,226.96219904424217,233.26006870913344,52287000
2024-10-24,229.7623748779297,230.01149918679397,227.60993720006027,229.17442995295067,31109500
2024-10-25,230.5994110107422,232.40306843409212,228.76585988907573,228.935262581316,38802300
2024-10-28,232.5824432373047,233.9077863541258,231.73542973016842,232.50273684103132,36087100
2024-10-29,232.85150146484375,233.50919327337175,231.50623935322642,232.28350596136286,35417200
2024-10-30,229.2939910888672,232.6521814837961,228.74591463730954,231.7951933609985,47070900
2024-10-31,225.11868286132812,229.02495000446748,224.5805658660821,228.53666090957242,64370100
2024-11-01,222.12918090820312,224.56063636026596,219.4984290694042,220.1959740256502,65276700
2024-11-04,221.23233032226562,222.0095968952219,218.94039900502227,220.21591416091667,44944500
2024-11-05,222.66729736328125,223.1655459656629,220.36539125313263,221.02308305755813,28111300
2024-11-06,221.93984985351562,225.27812143912794,220.41521040716108,221.83023455712816,54561100
2024-11-07,226.6831817626953,227.081789771112,223.7833864288354,223.8431738287627,42137700
2024-11-08,226.41383361816406,228.10973956989392,225.8651541338214,226.6233197345054,38328800
2024-11-11,223.69039916992188,225.15686291743452,220.96697301971395,224.4585504714927,42005600
2024-11-12,223.69039916992188,225.04712701721013,222.82249764582772,224.00963641496367,40398300
2024-11-13,224.57826232910156,226.10457929193407,222.2239408664857,223.47093284409854,48566200
2024-11-14,227.67080688476562,228.3192366196321,224.45855435577516,224.47851048945301,44923900
2024-11-15,224.4585418701172,226.3739196007606,223.73030286311794,225.8551667084814,47923700
2024-11-18,227.47128295898438,229.18714506333228,224.62813528483125,224.70794459457642,44686000
2024-11-19,227.73065185546875,229.60613257977118,226.11455519341968,226.43377721041003,36211800
2024-11-20,228.44891357421875,229.37666823104936,225.34639715216647,227.51117324017346,35169600
2024-11-21,227.97007751464844,229.60613029336434,225.16684213362325,228.3292117939797,42108300
2024-11-22,229.3168182373047,230.16477882059493,227.51117639639193,227.51117639639193,38168300
2024-11-25,232.30960083007812,232.68869124314412,229.1871434272115,230.9030055193102,90152800
2024-11-26,234.49432373046875,235.00310615337486,232.76849125195545,232.76849125195545,45986200
2024-11-27,234.36465454101562,235.12283541072824,233.24735459247512,233.90577001446655,33498400
2024-11-29,236.75888061523438,237.2377212602243,233.40696565616557,234.24494059041535,28481400
2024-12-02,239.013427734375,240.21053691361496,236.58928278806928,236.69901868412032,48137100
2024-12-03,242.06607055664062,242.1758064568113,238.32509471728144,239.232908507596,38861000
2024-12-04,242.42520141601562,243.5225604021956,240.66944226019712,242.28553892887177,44383900
2024-12-05,242.4551239013672,243.95151419061432,241.54732536132988,243.40284992887905,40033900
2024-12-06,242.25559997558594,244.04130085085734,241.49743440151175,242.32543882662802,36870600
2024-12-09,246.1562042236328,246.64503053466012,241.16823655952678,241.24804586880077,44649200
2024-12-10,247.1737518310547,247.612695417372,244.7495916510093,246.2958646584201,36914800
2024-12-11,245.89682006835938,250.196445491468,245.6673626102133,247.36328368802742,45205800
2024-12-12,247.36329650878906,248.1414182384854,245.08876927344312,246.2958641332418,32777500
2024-12-13,247.5328826904297,248.69007959411312,245.647431564018,247.223631137632,33155300
2024-12-16,250.4358673095703,250.7750606707362,247.05402592958802,247.3932192907539,51694800
2024-12-17,252.8699951171875,253.21915892963332,249.1789022262073,249.47818331943677,51356400
2024-12-18,247.4530792236328,253.66808268004456,247.14382766353577,251.55318925842403,56774100
2024-12-19,249.1888885498047,251.3935770141874,246.49538898335234,246.90440599607692,60882300
2024-12-20,253.87759399414062,254.3863612366688,245.09876750312787,247.44310326755718,147495300
2024-12-23,254.6557159423828,255.03479114956258,252.8400883307868,254.15691915529422,40858800
2024-12-24,257.57867431640625,257.58862955018265,254.67565812568793,254.87518901917565,23234700
2024-12-26,258.39666748046875,259.47408555117545,257.0100282923795,257.56867823862046,27237100
2024-12-27,254.9749298095703,258.0774615569102,252.4510193654514,257.20952960207876,42355300
2024-12-30,251.5930938720703,252.8899685500744,250.14658624824915,251.62302046123375,35557500
2024-12-31,249.8173828125,252.670501064015,248.82975968702823,251.8325261089863,39480700
2025-01-02,243.26319885253906,248.5005651105234,241.23808511721737,248.3309608077005,55740700
2025-01-03,242.7743682861328,243.5923870862029,241.3079045417172,242.7743682861328,40244100
2025-01-06,244.41041564941406,246.73481040856498,242.61474424512696,243.72207367593157,45045600
2025-01-07,241.62713623046875,244.9590949760797,240.76920518354387,242.3952722906863,40856000
2025-01-08,242.11593627929688,243.12351544341067,239.47231962725974,241.33781457710975,37628900
2025-01-10,236.280029296875,239.58206138453855,232.4392881886217,239.4324132245663,61710900
2025-01-13,233.83592224121094,234.10527676213235,229.16719172961072,232.96802072299363,49630700
2025-01-14,232.71861267089844,235.55177458449063,231.9105643637605,234.1850763475817,39435300
2025-01-15,237.2975616455078,238.38495013235746,233.86583756026477,234.07533889356793,39832000
2025-01-16,227.710693359375,237.4372302632713,227.4812511099753,236.77883010316478,71759100
2025-01-17,229.4265594482422,231.73099810398455,227.93016912923343,231.5614090278119,68488300
2025-01-21,222.10421752929688,223.87993275191027,218.85206818023312,223.46094530610958,98070400
2025-01-22,223.29135131835938,223.58064673096774,219.26106511921876,219.26106511921876,64126500
2025-01-23,223.1217803955078,226.4836658384098,221.76505253825962,224.19918327232872,60234800
2025-01-24,222.24388122558594,225.08702882156655,220.877182986192,224.23906824814947,54697900
2025-01-27,229.3068389892578,231.59132137138346,223.44098442848647,223.48089669223063,94863400
2025-01-28,237.68663024902344,239.61199368769647,230.25456145518996,230.2944737209622,75707600
2025-01-29,238.78399658203125,239.2827933650634,233.4468649147594,233.55660081590926,45486100
2025-01-30,237.0182342529297,240.21053038482776,236.63915907674937,238.09563705158317,55658300
2025-01-31,235.4320831298828,246.59515764263173,232.87824601959832,246.59515764263173,101075100
2025-02-03,227.4613037109375,231.27211844312274,225.15686500690927,229.43654993330725,73063300
2025-02-04,232.23977661132812,232.5689843025687,226.10456727432145,226.70312948058964,45067300
2025-02-05,231.9105682373047,232.11008389811693,227.72067847197073,227.98004730881974,39620300
2025-02-06,232.6587677001953,233.23737378273856,229.875473186273,230.7334042435517,29925300
2025-02-07,227.08221435546875,233.43688010961284,226.71309440770742,232.04025529180169,39707200
2025-02-10,227.3518524169922,230.2880044885276,226.90244480659103,229.26935130196645,33115600
2025-02-11,232.3153533935547,234.92193591818142,227.83124330015124,227.90114370319637,53718400
2025-02-12,236.55978393554688,236.64967765066982,230.377888084301,230.89721134547665,45243300
2025-02-13,241.21368408203125,242.02262084431055,235.2614980047627,236.5997394445533,53614100
2025-02-14,244.2796630859375,245.22841586050225,240.67439035154717,240.93404435379279,40896200
2025-02-18,244.14984130859375,244.85890295305822,241.52328070167576,243.83025306858283,48822500
2025-02-19,244.54930114746094,245.68780753699892,242.84154918255663,244.33958470767533,32204200
2025-02-20,245.508056640625,246.4568094488268,243.9700649298591,244.61922281669615,32316900
2025-02-21,245.22842407226562,248.36431123309396,244.89885442060717,245.6278941258364,53197400
2025-02-24,246.77639770507812,248.53408727873096,244.09989957647335,244.609226181644,51326400
2025-02-25,246.71646118164062,249.67259136851834,244.58926106556868,247.67521063757022,48013300
2025-02-26,240.0452117919922,244.65915630674968,238.8168269352331,244.01001367840516,44433600
2025-02-27,236.98922729492188,242.14247324939222,236.74953612071198,239.09646458024955,41153600
2025-02-28,241.5232696533203,241.77294223985544,229.89851463379637,236.63967447024518,56833400
2025-03-03,237.71826171875,243.71040379171194,235.80077808405883,241.47333193183624,47184000
2025-03-04,235.6210174560547,239.75561031847352,234.3726544629493,237.39870037793833,53798100
2025-03-05,235.4312744140625,236.2402111793479,228.92979032203158,235.11168617953675,47227600
2025-03-06,235.0218048095703,237.54849020730907,232.8546485518437,234.13297099659667,45170400
2025-03-07,238.7569122314453,241.05388787370777,234.45254396930395,234.80209169163373,46273600
2025-03-10,227.1820831298828,235.85072354308846,223.92635798057333,235.23152514577004,72071200
2025-03-11,220.55078125,225.54423318142804,217.16522145004404,223.51689291637274,76137400
2025-03-12,216.69583129882812,221.4595886104368,214.6285501658544,219.85169651198805,62547500
2025-03-13,209.4053955078125,216.55602242060417,208.14705109128238,215.6671885752157,61368300
2025-03-14,213.21041870117188,213.66980775083542,209.30553558500114,210.97334672214788,60107600
2025-03-17,213.71974182128906,214.93814530685134,209.69502079955336,213.0306430192638,48073400
2025-03-18,212.4114532470703,214.8682229774316,211.21302787332291,213.87952928252258,42432400
2025-03-19,214.95811462402344,218.47349365471302,213.470060528986,213.93944620866878,54385400
2025-03-20,213.81961059570312,217.20517028159983,211.94206785632258,213.70975404736055,48862900
2025-03-21,217.98414611816406,218.5533916912833,211.0032951126973,211.2829271905112,94127800
2025-03-24,220.44091796875,221.1899357355996,218.29373979930335,220.71056863168138,44299500
2025-03-25,223.45697021484375,223.80651793975238,219.79177838679217,220.48087718007702,34493600
2025-03-26,221.2398681640625,224.7253029108424,220.18125884970436,223.21727075576553,34466100
2025-03-27,223.5568389892578,224.69534536875565,220.271139232742,221.1000540446544,37094800
2025-03-28,217.6146240234375,223.51688772665744,217.39491092445158,221.3796909591809,39818600
2025-03-31,221.83909606933594,225.32451569687797,215.9468137615173,216.72579102857173,65299300
2025-04-01,222.897705078125,223.3870536043053,218.61331487709137,219.5221267668628,36412700
2025-04-02,223.59678649902344,224.89508702876748,220.73055001137135,221.03016017035932,35905900
2025-04-03,202.9239044189453,207.2182761783418,200.9864426085102,205.27081771109022,103419000
2025-04-04,188.13330078125,199.61824028069563,187.09465424061224,193.6360793511012,125910900
2025-04-07,181.2223663330078,193.89573468350994,174.39131242893686,176.967935484531,160466300
2025-04-08,172.19419860839844,190.09072892121037,168.9884109270566,186.4554964395268,120859500
2025-04-09,198.58958435058594,200.3472738997123,171.6648855169899,171.72480450043201,184395900
2025-04-10,190.17062377929688,194.52491452460524,182.76034285398336,188.82240088513313,121880000
2025-04-11,197.89048767089844,199.27866665425725,185.81632494094944,185.856281088865,87435900
2025-04-14,202.25477600097656,212.6611277249045,200.8965565016436,211.1630921847052,101352900
2025-04-15,201.87527465820312,203.24347561495443,199.53834280484799,201.59564256833872,51343900
2025-04-16,194.0155792236328,200.4371508814261,192.11805840887246,198.10021911176236,59732400
2025-04-17,196.72203063964844,198.56961397436802,194.16538565496842,196.94174374665747,51334300
2025-04-21,192.9070281982422,193.54618940120912,189.56140949031536,193.01688474432112,46742500
2025-04-22,199.47842407226562,201.32599215129426,195.71335703344474,195.8631544964882,52976400
2025-04-23,204.33206176757812,207.7276030292648,202.5344160012944,205.7302222309065,52929200
2025-04-24,208.09710693359375,208.5565112075726,202.67422555441442,204.62166872266098,47311000
2025-04-25,209.00592041015625,209.47530610539675,205.92995222724628,206.0997277622984,38222300
2025-04-28,209.8647918701172,211.2230113707532,207.1883090170199,209.72497582911666,38743100
2025-04-29,210.9333953857422,211.96204522644123,208.09710321217068,208.41669143858087,36827600
2025-04-30,212.22171020507812,213.30029766677714,206.399343338795,209.02590396975114,52286500
2025-05-01,213.04063415527344,214.2790004444518,208.62640936955898,208.80618155790114,57365700
2025-05-02,205.08106994628906,206.71892151455646,201.89524528415058,205.82009105417706,101010600
2025-05-05,198.62953186035156,203.83271551835597,197.9504297070337,202.83402512431957,69018500
2025-05-06,198.25001525878906,200.38721199140494,196.7619763948813,197.9504203457911,51216500
2025-05-07,195.99298095703125,199.1788056079939,192.99690991055434,198.90915494694545,68536700
2025-05-08,197.2313690185547,199.78801395815432,194.42503624466005,197.46106353953903,50478900
2025-05-09,198.27000427246094,200.2773664943336,197.28129528859796,198.739389980464,36453900
2025-05-12,210.7899932861328,211.27000427246094,206.75,210.97000122070312,63775800
2025-05-13,212.92999267578125,213.39999389648438,209.0,210.42999267578125,51909300
2025-05-14,212.3300018310547,213.94000244140625,210.5800018310547,212.42999267578125,49325800
2025-05-15,211.4499969482422,212.9600067138672,209.5399932861328,210.9499969482422,45029500
2025-05-16,211.25999450683594,212.57000732421875,209.77000427246094,212.36000061035156,54737900
2025-05-19,208.77999877929688,209.47999572753906,204.25999450683594,207.91000366210938,46140500
2025-05-20,206.86000061035156,208.47000122070312,205.02999877929688,207.6699981689453,42496600
2025-05-21,202.08999633789062,207.0399932861328,200.7100067138672,205.1699981689453,59211800
2025-05-22,201.36000061035156,202.75,199.6999969482422,200.7100067138672,46742400
2025-05-23,195.27000427246094,197.6999969482422,193.4600067138672,193.6699981689453,78432900
2025-05-27,200.2100067138672,200.74000549316406,197.42999267578125,198.3000030517578,56288500
2025-05-28,200.4199981689453,202.72999572753906,199.89999389648438,200.58999633789062,45339700
2025-05-29,199.9499969482422,203.80999755859375,198.50999450683594,203.5800018310547,51396800
2025-05-30,200.85000610351562,201.9600067138672,196.77999877929688,199.3699951171875,70819900
2025-06-02,201.6999969482422,202.1300048828125,200.1199951171875,200.27999877929688,35423300
2025-06-03,203.27000427246094,203.77000427246094,200.9600067138672,201.35000610351562,46381600
2025-06-04,202.82000732421875,206.24000549316406,202.10000610351562,202.91000366210938,43604000
2025-06-05,200.6300048828125,204.75,200.14999389648438,203.5,55126100
2025-06-06,203.9199981689453,205.6999969482422,202.0500030517578,203.0,46607700
2025-06-09,201.4499969482422,206.0,200.02000427246094,204.38999938964844,72862600
2025-06-10,202.6699981689453,204.35000610351562,200.57000732421875,200.60000610351562,54672600
2025-06-11,198.77999877929688,204.5,198.41000366210938,203.5,60989900
2025-06-12,199.1999969482422,199.67999267578125,197.36000061035156,199.0800018310547,43904600
2025-06-13,196.4499969482422,200.3699951171875,195.6999969482422,199.72999572753906,51447300
2025-06-16,198.4199981689453,198.69000244140625,196.55999755859375,197.3000030517578,43020700
2025-06-17,195.63999938964844,198.38999938964844,195.2100067138672,197.1999969482422,38856200
2025-06-18,196.5800018310547,197.57000732421875,195.07000732421875,195.94000244140625,45394700
2025-06-20,201.0,201.6999969482422,196.86000061035156,198.24000549316406,96813500
2025-06-23,201.5,202.3000030517578,198.9600067138672,201.6300048828125,55814300
2025-06-24,200.3000030517578,203.44000244140625,200.1999969482422,202.58999633789062,54064000
2025-06-25,201.55999755859375,203.6699981689453,200.6199951171875,201.4499969482422,39525700
2025-06-26,201.0,202.63999938964844,199.4600067138672,201.42999267578125,50799100
2025-06-27,201.0800018310547,203.22000122070312,200.0,201.88999938964844,73188600
2025-06-30,205.1699981689453,207.38999938964844,199.25999450683594,202.00999450683594,91912800
2025-07-01,207.82000732421875,210.19000244140625,206.13999938964844,206.6699981689453,78788900
2025-07-02,212.44000244140625,213.33999633789062,208.13999938964844,208.91000366210938,67941800
2025-07-03,213.5500030517578,214.64999389648438,211.80999755859375,212.14999389648438,34955800
2025-07-07,209.9499969482422,216.22999572753906,208.8000030517578,212.67999267578125,50229000
2025-07-08,210.00999450683594,211.42999267578125,208.4499969482422,210.10000610351562,42848900
2025-07-09,211.13999938964844,211.3300018310547,207.22000122070312,209.52999877929688,48749400
2025-07-10,212.41000366210938,213.47999572753906,210.02999877929688,210.50999450683594,44443600
2025-07-11,211.16000366210938,212.1300048828125,209.86000061035156,210.57000732421875,39765800
2025-07-14,208.6199951171875,210.91000366210938,207.5399932861328,209.92999267578125,38840100
2025-07-15,209.11000061035156,211.88999938964844,208.9199981689453,209.22000122070312,42296300
2025-07-16,210.16000366210938,212.39999389648438,208.63999938964844,210.2899932861328,47148580
