Price,Close,High,Low,Open,Volume
Ticker,GOOG,GOOG,GOOG,GOOG,GOOG
Date,,,,,
2010-01-04,15.517997741699219,15.586333343118786,15.45585093907638,15.52294934956002,78541293
2010-01-05,15.449663162231445,15.544986597062158,15.389001932758179,15.528645247197645,120638494
2010-01-06,15.06019401550293,15.4959601167377,15.013151374995216,15.4959601167377,159744526
2010-01-07,14.709600448608398,15.103276483934799,14.673699160040284,15.088420712938406,257533695
2010-01-08,14.905694961547852,14.936148816607743,14.5860503583846,14.6576045458671,189680313
2010-01-11,14.88316535949707,14.966109295188238,14.708115638823164,14.966109295188238,289597429
2010-01-12,14.619972229003906,14.810125166402372,14.5585696342168,14.797498233967072,194859654
2010-01-13,14.53603744506836,14.56797688117599,14.20946074003386,14.273587050445148,260838034
2010-01-14,14.604373931884766,14.712077805488484,14.43006652208913,14.457054350038788,170239717
2010-01-15,14.360491752624512,14.696230281681107,14.311962584600911,14.690782849626101,218194794
2010-01-19,14.54916000366211,14.618487255441076,14.268635248080779,14.390204191837809,173315202
2010-01-20,14.370644569396973,14.508554865362921,14.24387562862142,14.508554865362921,130515377
2010-01-21,14.43427562713623,14.529352567245546,14.168606644537782,14.445665368266509,253253712
2010-01-22,13.617955207824707,14.127752741557751,13.24284841627338,13.976719703417418,273035583
2010-01-25,13.370113372802734,13.614736822897815,13.258943476051957,13.533277520232748,177458675
2010-01-26,13.430031776428223,13.60780426260695,13.278256416446691,13.319851628754396,174873019
2010-01-27,13.42210865020752,13.559523111281376,13.253990998039479,13.401558008777622,159170382
2010-01-28,13.228737831115723,13.543429913744209,13.13737435972032,13.481283109826196,129648138
2010-01-29,13.121033668518066,13.39462540811404,13.01382467479274,13.332726991796047,166240784
2010-02-01,13.19729232788086,13.266372141400915,13.129946477785834,13.236413159337301,90369462
2010-02-02,13.150250434875488,13.245325477773397,13.063343696323235,13.245325477773397,164462143
2010-02-03,13.390416145324707,13.422109090175061,13.078694275225681,13.089588191746033,120413655
2010-02-04,13.042794227600098,13.320594319355324,13.012587807270487,13.295836279467439,135614418
2010-02-05,13.154458045959473,13.209176012023153,12.935831723801712,13.082903855571503,126713179
2010-02-08,13.208434104919434,13.419632548148803,13.160400760253275,13.184417432586354,108175956
2010-02-09,13.281970977783203,13.407996660119434,13.24805108664776,13.358726119796893,113206742
2010-02-10,13.232699394226074,13.315395896715472,13.065325935571316,13.22329105421639,107380987
2010-02-11,13.280980110168457,13.382245846700997,13.110139685643013,13.204719850968734,96761331
2010-02-12,13.19976806640625,13.299549172489103,13.13489849696474,13.196054597593648,91529795
2010-02-16,13.402301788330078,13.47237135857114,13.228986019372973,13.29261745605285,146723904
2010-02-17,13.32579517364502,13.454296178294191,13.310939401771291,13.419633026601844,81492313
2010-02-18,13.44983959197998,13.494159469888396,13.274542430015968,13.309205582082653,93826371
2010-02-19,13.388932228088379,13.469894765753013,13.362686714122246,13.383236409279371,102506786
2010-02-22,13.43943977355957,13.55580871703858,13.394872460037055,13.552095248264537,86105539
2010-02-23,13.24804973602295,13.459990492597607,13.179217363826583,13.444392406794332,115334688
2010-02-24,13.158916473388672,13.33148992804478,13.13514818494662,13.22106328094488,93412827
2010-02-25,13.034126281738281,13.085131727060535,12.874923991407702,13.05121089225021,132864148
2010-02-26,13.043288230895996,13.165847867439815,12.961086614167536,13.058638878226283,82279251
2010-03-01,13.189122200012207,13.203977972029666,13.066562554887708,13.102712232156227,89851528
2010-03-02,13.39635944366455,13.51025211316601,13.246563587858603,13.258201715055506,174925214
2010-03-03,13.501834869384766,13.571161173904692,13.351545080846758,13.428545761581557,124039193
2010-03-04,13.731353759765625,13.769482939044629,13.523621357039138,13.531049242358291,127829347
2010-03-05,13.9695405960083,14.05520825068658,13.862827421966974,13.898728713590888,157074555
2010-03-08,13.926706314086914,13.993557284803337,13.890309200455135,13.98365312127679,95813793
2010-03-09,13.870006561279297,13.980680632122159,13.778644044514463,13.861588923151716,127540267
2010-03-10,14.27259635925293,14.323352471390105,13.920020654075017,13.958398220951347,227043838
2010-03-11,14.388718605041504,14.514249403914413,14.216888423001363,14.218373052156304,169966698
2010-03-12,14.349102973937988,14.565500472955378,14.339694634338725,14.562034442163872,110548817
2010-03-15,13.944039344787598,14.099280743431532,13.766265901431785,14.030696752579024,186853758
2010-03-16,13.99405288696289,14.073778231555844,13.884121121899987,13.910614073379266,137774484
2010-03-17,14.002965927124023,14.148799936785455,13.970531613651506,14.070807604666797,133362007
2010-03-18,14.023763656616211,14.074273278765679,13.938590884298737,13.982167497199002,71354455
2010-03-19,13.865303993225098,14.063379696839807,13.797958140231406,13.865303993225098,192486794
2010-03-22,13.803404808044434,14.034905513106521,13.72367946500197,13.768989094825722,160792439
2010-03-23,13.592947959899902,13.82345890010179,13.41963221195934,13.792014342884423,220876809
2010-03-24,13.799196243286133,13.86159048793841,13.36268681303989,13.506539420400063,263592319
2010-03-25,13.936609268188477,14.16241507582374,13.832124002000867,13.841037463989542,157825359
2010-03-26,13.931905746459961,14.048275641959009,13.865798984531876,13.995785564694241,108252241
2010-03-29,13.92596435546875,13.98216790151208,13.879415638939374,13.939581040102384,124645457
2010-03-30,14.031439781188965,14.05421831568061,13.872235581863965,13.935372139134536,79412546
2010-03-31,14.041590690612793,14.106460260084072,13.93487657518136,13.990337805486648,121686407
2010-04-01,14.083186149597168,14.198317905447485,14.002717544791425,14.14632270486111,84423257
2010-04-05,14.13790512084961,14.233723425955555,14.088137811791169,14.135181404706646,76345092
2010-04-06,14.068825721740723,14.134933429065262,13.999003597624547,14.099527016631056,82712870
2010-04-07,13.95295238494873,14.08195017075144,13.911357168938396,14.046047929604745,103626969
2010-04-08,14.050750732421875,14.109184065402793,13.866541062777673,13.947504543047375,78191988
2010-04-09,14.019308090209961,14.08244464912374,13.964341732126833,14.050751702527233,82572346
2010-04-12,14.18049144744873,14.211936955063964,14.019307742370897,14.04728532310089,94448695
2010-04-13,14.528114318847656,14.58035601022919,14.140875447841848,14.175539547355038,157078570
2010-04-14,14.583327293395996,14.666022838261966,14.459776956370925,14.609571856707372,136618166
2010-04-15,14.739312171936035,14.802201287248142,14.565748035358691,14.661814723624587,271485795
2010-04-16,13.621421813964844,14.083433462372534,13.60854744405555,13.939580865397076,491254466
2010-04-19,13.620185852050781,13.716499989032863,13.493912731253172,13.586760837260616,156343827
2010-04-20,13.742496490478516,13.85688403188399,13.643952576810912,13.72095514836148,119542401
2010-04-21,13.724173545837402,13.871492167791903,13.671187646980716,13.777654321044118,96018557
2010-04-22,13.544917106628418,13.679607865377205,13.453058754320477,13.667228370837485,131719875
2010-04-23,13.49366283416748,13.600871824561642,13.426317935713755,13.549619888144798,83889263
2010-04-26,13.163125991821289,13.493664572184532,13.102960584970413,13.493169695762425,175407013
2010-04-27,13.099244117736816,13.328765301489545,13.053934491031043,13.096520401763229,154364435
2010-04-28,13.102462768554688,13.242105107854456,12.900425248387725,13.17451182964327,136754676
2010-04-29,13.172036170959473,13.28345444910263,13.040069148474663,13.20595795279517,122814620
2010-04-30,13.016054153442383,13.312671879562222,13.009616968111649,13.150498419025228,97781139
2010-05-03,13.137374877929688,13.194817514341898,13.000703666851196,13.035861696448773,74590540
2010-05-04,12.53745174407959,13.041802804491468,12.483971915982103,13.03635537239049,243963019
2010-05-05,12.621387481689453,12.768953546215336,12.391371412243995,12.403998343857833,183975008
2010-05-06,12.34680461883545,12.81352045244649,11.389356278284989,12.596380639719783,200753664
2010-05-07,12.209885597229004,12.511455886025923,11.917476210228836,12.378993019240513,204322993
2010-05-10,12.915778160095215,12.944747390152418,12.691705332234488,12.725625222348592,165738910
2010-05-11,12.603808403015137,12.871953662219497,12.583258708703424,12.767715821323241,133402157
2010-05-12,12.513189315795898,12.677839050949139,12.429253729861749,12.677839050949139,154649500
2010-05-13,12.649117469787598,12.924443164449311,12.636490538326523,12.788265894233817,133530637
2010-05-14,12.566173553466797,12.65184120186853,12.286886951502936,12.621634783164238,165257111
2010-05-17,12.577067375183105,12.586723152353168,12.338881109892629,12.547603271239232,112170874
2010-05-18,12.339376449584961,12.651346705538353,12.30718957643716,12.627329084722284,113443627
2010-05-19,12.24182415008545,12.36586841112018,12.076182783806868,12.287133775878445,138344613
2010-05-20,11.760995864868164,12.022702987810332,11.731036883404249,12.010076055937356,197268650
2010-05-21,11.687708854675293,12.008344219267459,11.498298221715798,11.613677427405062,389084940
2010-05-24,11.814228057861328,12.126940623528588,11.805315543067305,11.90261942360279,174475535
2010-05-25,11.81200122833252,11.821409568378185,11.488643103472052,11.591146039191248,121148398
2010-05-26,11.772384643554688,12.126197521733957,11.760747465382769,11.93579717017915,139545096
2010-05-27,12.143528938293457,12.189334389634006,11.91054267081171,12.007104233044517,112785168
2010-05-28,12.023941993713379,12.217560967306142,11.958824980036745,12.199982426299355,116226017
2010-06-01,11.943225860595703,12.15838426396467,11.887516243730516,11.895192515666215,107071833
2010-06-02,12.215579986572266,12.227959480616214,11.920695281112941,12.049938602029565,102012942
2010-06-03,12.518388748168945,12.577810890044177,12.2485104615399,12.258661116034357,146575349
2010-06-04,12.348042488098145,12.60875985823743,12.298028688952312,12.372802423503163,157399770
2010-06-07,12.021219253540039,12.402267454328006,11.96253847718136,12.356461997027235,145852650
2010-06-08,12.002896308898926,12.103419737492317,11.823638234066337,12.078908186878055,107806577
2010-06-09,11.736482620239258,12.104408960983854,11.686468824268248,12.063307679389178,109569158
2010-06-10,12.058110237121582,12.095001282547015,11.781546375337658,11.893706984958916,103502504
2010-06-11,12.095000267028809,12.100200261045437,11.924655668140622,11.946444448903458,71535130
2010-06-14,11.963528633117676,12.243557566490853,11.963528633117676,12.243062690101626,81921917
2010-06-15,12.32996940612793,12.389639932473223,11.938522183029717,11.96080489304735,171022641
2010-06-16,12.411179542541504,12.478772832179873,12.283420849381018,12.284906426604268,91915234
2010-06-17,12.381715774536133,12.525073506476746,12.29778208118805,12.465156487554161,79388456
2010-06-18,12.380476951599121,12.465649720819075,12.333433361765609,12.441880487730812,115346733
2010-06-21,12.096487998962402,12.403752215715379,12.005621294088604,12.377260210738767,119787316
2010-06-22,12.039292335510254,12.295552017927664,12.026417017825006,12.129664153369486,89120799
2010-06-23,11.935304641723633,12.055139633318811,11.838989553188389,12.055139633318811,81468223
2010-06-24,11.763222694396973,11.952632343622454,11.717665630846156,11.876126548652476,76027907
2010-06-25,11.703306198120117,11.826360720743521,11.650816119197398,11.811752386787912,90144622
2010-06-28,11.688450813293457,11.823885782557221,11.612439882644415,11.701078694060325,70756221
2010-06-29,11.247236251831055,11.502011308913303,11.16949136429673,11.474528605882641,140609069
2010-06-30,11.016724586486816,11.335627825910423,11.011030664529107,11.264567566113536,144668227
2010-07-01,10.881539344787598,11.10214612086584,10.736448614178213,11.025143550266165,141070793
2010-07-02,10.808747291564941,10.950618497845566,10.795129658020567,10.934278096023592,77730264
2010-07-06,10.79686164855957,11.084071012822895,10.736448811076558,10.993204318418364,102787835
2010-07-07,11.146712303161621,11.173700128548365,10.779777611601649,10.852322501699623,125657235
2010-07-08,11.304183959960938,11.323249026088591,11.133343523537874,11.229657658948454,107156148
2010-07-09,11.574804306030273,11.717666197919264,11.45818697757639,11.685479326077873,173909421
2010-07-12,11.78129768371582,11.870679748416975,11.663690601988089,11.695630035805952,133875926
2010-07-13,12.112333297729492,12.206171155425363,11.891479058118126,11.940254721534286,159648166
2010-07-14,12.16531753540039,12.226969462164018,12.044491855921825,12.129169754871562,125187481
2010-07-15,12.231672286987305,12.248508510434768,11.950900127945447,12.17497292239907,195056389
2010-07-16,11.37969970703125,11.650815156293893,11.37747086737318,11.61516225411566,314165171
2010-07-19,11.542369842529297,11.628284934118613,11.327953744866731,11.414363712844306,182694226
2010-07-20,11.923912048339844,11.958575195179899,11.404210387817939,11.414856864830597,162787890
2010-07-21,11.822646141052246,12.02567342798604,11.771394205963512,11.983583341562657,131675710
2010-07-22,12.003639221191406,12.106886363070464,11.945949148306308,11.964518389376453,86230004
2010-07-23,12.133626937866211,12.146748746697169,11.884793225888805,11.903610853479707,90915501
2010-07-26,12.10663890838623,12.150709452073931,12.005371272202586,12.109609114757472,80107140
2010-07-27,12.197257041931152,12.317835274553273,12.136349330191425,12.1464999834554,98415508
2010-07-28,11.992249488830566,12.26212776826918,11.950654275037863,12.254452444032923,100214225
2010-07-29,12.008094787597656,12.10440986612734,11.867957552346553,12.031864970521596,107421137
2010-07-30,12.004630088806152,12.06677689908417,11.863253750839784,11.875881632293007,86085465
2010-08-02,12.142292022705078,12.21335134354455,12.056376929557864,12.107133993602805,74626675
2010-08-03,12.127930641174316,12.19304859852235,12.051919715288879,12.144520376286248,72362219
2010-08-04,12.536214828491211,12.553051053483513,12.158136866504059,12.186115394122327,153071607
2010-08-05,12.580286026000977,12.592665519262857,12.467878937850058,12.525568059038502,97178890
2010-08-06,12.385181427001953,12.52185357259755,12.28193524028214,12.513435934363445,133277692
2010-08-09,12.51219654083252,12.515910957522818,12.413407087847345,12.435443305700666,75168699
2010-08-10,12.471592903137207,12.528292273867,12.344328142711715,12.43792045259495,83270954
2010-08-11,12.17522144317627,12.33021634244885,12.169279134603022,12.323530771284435,89253294
2010-08-12,12.181907653808594,12.249748381555024,11.94669252448896,11.982097991563936,88514535
2010-08-13,12.041768074035645,12.161604000103111,12.033350435451794,12.107380907547268,77678069
2010-08-16,12.022951126098633,12.128922935314774,11.896925446061694,11.97566104032909,52395658
2010-08-17,12.145014762878418,12.248509336278495,12.033844865742717,12.095743280024179,75911472
2010-08-18,11.93777847290039,12.153681104850016,11.922923648278816,12.14303462578305,107858771
2010-08-19,11.586689949035645,11.946692619776398,11.568862074198838,11.909553188947793,157588475
2010-08-20,11.439370155334473,11.67631732994845,11.414610221274309,11.586688776669664,157291365
2010-08-23,11.490127563476562,11.593622146571889,11.333153147400662,11.426496127944075,119895720
2010-08-24,11.176177024841309,11.348997902541326,11.164539845828578,11.332409115709165,110922211
2010-08-25,11.256149291992188,11.335132315515425,11.141760804712241,11.141760804712241,104072633
2010-08-26,11.166025161743164,11.3215149344179,11.152655915747388,11.291803392118396,71346425
2010-08-27,11.360386848449707,11.38910863909098,11.08357651457658,11.205146404307976,92842698
2010-08-30,11.208364486694336,11.383414198530573,11.201678915715213,11.368310041292998,49440624
2010-08-31,11.142257690429688,11.262340111263244,11.092242941223164,11.144484634206435,78163883
2010-09-01,11.397526741027832,11.511668749550578,11.203660334552362,11.265063877385382,129616018
2010-09-02,11.468090057373047,11.4990406860022,11.397030743553417,11.459672419256275,67620512
2010-09-03,11.644379615783691,11.683498550836592,11.573566787466765,11.649826100088733,101996882
2010-09-07,11.498297691345215,11.57728167136378,11.46413036283863,11.500773969426769,68652365
2010-09-08,11.651309967041016,11.698848433729639,11.50102019141986,11.5178573637314,96432101
2010-09-09,11.78996467590332,11.894449002005267,11.651310180165925,11.830817572441644,97588419
2010-09-10,11.788973808288574,11.87934657988109,11.762729242944433,11.86028246239002,79268006
2010-09-13,11.940749168395996,11.992248542191668,11.87290844659922,11.906828333478115,89996068
2010-09-14,11.895194053649902,12.002154673704005,11.886528027858047,11.934312992742928,88992319
2010-09-15,11.900391578674316,11.931341260528258,11.847405677834491,11.88330791553004,96472251
2010-09-16,11.91079044342041,11.945205207386827,11.869936598523442,11.8833077406678,79075287
2010-09-17,12.13585376739502,12.161851842691858,11.913762343723706,11.977393777769889,226509844
2010-09-20,12.584742546081543,12.637480058687737,12.183143752036992,12.194038616041997,176800216
2010-09-21,12.712996482849121,12.874429513907794,12.600341007013872,12.619406071551841,179321632
2010-09-22,12.775885581970215,12.819958019517484,12.668924976622693,12.698140694827266,101864387
2010-09-23,12.713492393493652,12.867249153712482,12.659516739999479,12.741470921015344,93043447
2010-09-24,13.055420875549316,13.068791070032864,12.83184293429966,12.918005461821265,134779299
2010-09-27,13.132670402526855,13.292121081604966,13.094045397669252,13.094045397669252,124761892
2010-09-28,13.052449226379395,13.211405028951809,12.836546617326796,13.208681312913026,146735949
2010-09-29,13.065325736999512,13.195313271844539,12.991541751192882,13.069286644291234,87213678
2010-09-30,13.018280982971191,13.168819147635924,12.848183825711265,13.10172073941929,130250387
2010-10-01,13.014071464538574,13.137869239045225,12.94920189713227,13.122518591833783,89333594
2010-10-04,12.93310832977295,13.079189764440763,12.846450928166849,12.997483970573551,77910939
2010-10-05,13.32629108428955,13.370115140698736,13.037099334729334,13.082409916480309,140809819
2010-10-06,13.230222702026367,13.368876259903319,13.121034198396615,13.35179259588998,110906151
2010-10-07,13.12276554107666,13.300786398578673,13.101224200109344,13.276273903549585,96191202
2010-10-08,13.279741287231445,13.310691917907734,13.063591229268942,13.191103428754086,114796679
2010-10-11,13.341394424438477,13.484008898833627,13.300045697774793,13.332480960536333,105445761
2010-10-12,13.404529571533203,13.518422240418344,13.315394941920012,13.373084064942692,150706777
2010-10-13,13.451820373535156,13.55556143872004,13.427802753154502,13.543429383457893,122682126
2010-10-14,13.393139839172363,13.500101394776454,13.298558725270691,13.473607496023424,266358649
2010-10-15,14.891582489013672,14.896286658573947,14.64770135014996,14.837606836102603,595214680
2010-10-18,15.294173240661621,15.343196341787596,14.869300992015019,14.869300992015019,284992232
2010-10-19,15.049548149108887,15.22261741670756,14.926493629292722,15.074802961190512,184203863
2010-10-20,15.053262710571289,15.286002505845184,15.041378093007038,15.057223617733339,141532518
2010-10-21,15.152547836303711,15.251834069162287,15.004238504549738,15.140664166904102,117257870
2010-10-22,15.165918350219727,15.222616770853834,15.10451386397301,15.150814192818418,90582257
2010-10-25,15.264212608337402,15.468230597555982,15.226330866640394,15.241681513858923,126809538
2010-10-26,15.316207885742188,15.381323943651518,15.128778681683217,15.180029669389098,100892759
2010-10-27,15.263470649719238,15.350870365632927,15.160965828331497,15.246138600621352,90012128
2010-10-28,15.315712928771973,15.375630892302132,15.184983085080455,15.352109095631983,87699492
2010-10-29,15.19488525390625,15.32611186101356,15.17730671520142,15.278325008357125,91473585
2010-11-01,15.22707462310791,15.367213758898469,15.133236767610109,15.245148988037196,123946848
2010-11-02,15.241929054260254,15.350870110646516,15.216674243613205,15.317939976338726,80203500
2010-11-03,15.355327606201172,15.396180504379346,15.189934611901345,15.288973405969372,135726838
2010-11-04,15.456595420837402,15.596485218641792,15.402866255831567,15.465755374119091,143367369
2010-11-05,15.476649284362793,15.486801834523492,15.37835469983001,15.429606638782063,70892731
2010-11-08,15.51849365234375,15.585839505503015,15.428369263859828,15.450405484573455,84367048
2010-11-09,15.470211029052734,15.619510104018142,15.363497865159362,15.598465534695412,89823423
2010-11-10,15.422178268432617,15.425149422714457,15.289220536378817,15.402370889233358,100254375
2010-11-11,15.281296730041504,15.347157000194557,15.207513697866442,15.343442583346137,90803081
2010-11-12,14.937141418457031,15.274118112518948,14.885641092242851,15.202067143458372,136228712
2010-11-15,14.743520736694336,14.9547201287643,14.708362709739271,14.931940647257592,139677591
2010-11-16,14.452597618103027,14.803439381441082,14.445912994684017,14.676423952167395,132791878
2010-11-17,14.448389053344727,14.595708632950826,14.39441245022702,14.484290344000115,98066204
2010-11-18,14.770508766174316,14.855186664319403,14.57243307550101,14.583327940036924,103988318
2010-11-19,14.62863826751709,14.803439608339009,14.616506211467703,14.781403388067698,92244464
2010-11-22,14.638294219970703,14.693260578185214,14.428582285732464,14.545446115925197,87791837
2010-11-23,14.435017585754395,14.583575301011875,14.315924923401845,14.534056378605722,86828238
2010-11-24,14.731142044067383,14.771501015265253,14.535046798959652,14.541484932275871,96215292
2010-11-26,14.608086585998535,14.681870565922598,14.533808677751242,14.619476326642104,52640573
2010-11-29,14.412734031677246,14.603134386192737,14.359253257319422,14.587535352985554,114816754
2010-11-30,13.759084701538086,14.219859160274378,13.699661615521427,14.219859160274378,285763111
2010-12-01,13.973006248474121,14.15177038715934,13.924725463953262,13.939581235811842,150726852
2010-12-02,14.157960891723633,14.195347761561885,13.99776693330876,14.079721121107665,102298006
2010-12-03,14.187176704406738,14.27333923255821,14.063378922444878,14.099280212851085,105642495
2010-12-06,14.319887161254883,14.410012493599787,14.276557984486447,14.37460513113813,84065923
2010-12-07,14.537274360656738,14.682365091106305,14.509048395943063,14.639530793665896,122144116
2010-12-08,14.62145709991455,14.67048114613571,14.451854813730316,14.656863513525225,70539412
2010-12-09,14.64522647857666,14.746244778290553,14.583328061734468,14.704154689112215,75036204
2010-12-10,14.662806510925293,14.706878003329914,14.61526803962929,14.685832483939757,68443585
2010-12-13,14.7224760055542,14.929960030446056,14.709353249620833,14.784374420353036,96299607
2010-12-14,14.729654312133789,14.813341500650914,14.66948891751179,14.783629960581056,65978380
2010-12-15,14.615514755249023,14.767785939571342,14.587041351126569,14.712077270295064,87033003
2010-12-16,14.65042495727539,14.701430403593472,14.56030057763966,14.678651870505155,64115423
2010-12-17,14.627894401550293,14.671471963898124,14.550396950518584,14.632846009437486,123946848
2010-12-20,14.733368873596191,14.80319099794001,14.57490889486671,14.72321822001842,79227857
2010-12-21,14.931693077087402,14.97254692209704,14.796505558538236,14.820275740607867,75461793
2010-12-22,14.991610527038574,15.028997392117166,14.936891613390992,14.954719486344713,48481040
2010-12-23,14.96041488647461,15.00423894053353,14.90594435365738,14.987898539119616,44598542
2010-12-27,14.914609909057617,14.949272112450457,14.843302204599551,14.923522424075836,48505130
2010-12-28,14.828940391540527,14.951500026973813,14.80640929710217,14.9064378380971,42751645
2010-12-29,14.880440711975098,14.915351299433357,14.828940390377905,14.90520064605742,40920808
2010-12-30,14.8274564743042,14.888611627830576,14.79105935997266,14.806162569714683,39728356
2010-12-31,14.706382751464844,14.816562901721996,14.658348456959823,14.774966740399986,61802787
2011-01-03,14.963385581970215,14.994086878277813,14.76852848157574,14.76852848157574,94962614
2011-01-04,14.908170700073242,15.008694116383044,14.858651780452842,14.994829994457657,73253547
2011-01-05,15.08025074005127,15.111446911574582,14.856920243426991,14.857415119787994,101671667
2011-01-06,15.189934730529785,15.31199949767937,15.104514516559748,15.120112602955711,82620526
2011-01-07,15.262726783752441,15.307542484630714,15.106495640358167,15.249604975581512,84363033
2011-01-10,15.207512855529785,15.236729520178608,15.067622122768059,15.222121187854198,63404769
2011-01-11,15.252080917358398,15.321159779528873,15.21469405111871,15.294171953145742,57787794
2011-01-12,15.273372650146484,15.334777135456985,15.221378399839718,15.334777135456985,65552790
2011-01-13,15.26891803741455,15.342701073459219,15.206276356421432,15.275850099032738,53560006
2011-01-14,15.454365730285645,15.456594569964775,15.278573703411045,15.286496465298963,94978674
2011-01-18,15.836899757385254,15.89533119393096,15.481352894071458,15.500912834993855,145222296
2011-01-19,15.641794204711914,15.919347793205974,15.590047391486433,15.898550661466652,136754676
2011-01-20,15.51849365234375,15.699485691961717,15.432331119235936,15.65318535866228,220254485
2011-01-21,15.148587226867676,15.888895761195606,15.136950047390474,15.835662419865718,357511035
2011-01-24,15.130016326904297,15.164926915656688,14.886135185926255,15.043111486317876,184657557
2011-01-25,15.34864330291748,15.367954857308934,15.017113117240228,15.058709276321201,146418764
2011-01-26,15.264212608337402,15.412521930815917,15.234006190249659,15.359041155686741,81829572
2011-01-27,15.271394729614258,15.343443804169338,15.183745671877988,15.298629996513627,81070738
2011-01-28,14.880194664001465,15.359785824700271,14.849740804950494,15.327845440387279,169878368
2011-01-31,14.864595413208008,14.966356022953216,14.745501806500199,14.944815628926674,112616538
2011-02-01,15.129026412963867,15.186220658195275,14.932683742533305,14.966851068332504,110223602
2011-02-02,15.15279483795166,15.21073329433496,15.042119815262213,15.128035851027121,70691981
2011-02-03,15.106989860534668,15.139176732137898,15.007457143504833,15.090401074363028,60028160
2011-02-04,15.12753963470459,15.138929375139767,15.019340892726367,15.106989941540538,62264511
2011-02-07,15.209494590759277,15.311007766963561,15.083716355345743,15.10723815194823,72253814
2011-02-08,15.310760498046875,15.341711128903,15.214942191291934,15.225340283589235,68050116
2011-02-09,15.264212608337402,15.33725237573223,15.161212912990504,15.273372560994604,73976246
2011-02-10,15.262726783752441,15.28897324421138,15.141901105855712,15.199838614904916,93725996
2011-02-11,15.462288856506348,15.474668350005226,15.177554817798045,15.19711475882032,103984303
2011-02-14,15.552660942077637,15.589551985021886,15.351861534403934,15.433567330541656,85439051
2011-02-15,15.453622817993164,15.600694006823533,15.427625692061012,15.532110968234676,83993653
2011-02-16,15.45535659790039,15.511807583977633,15.402866519033338,15.490268136439218,67612482
2011-02-17,15.481104850769043,15.530376332442343,15.357802901518882,15.381819572904044,59373716
2011-02-18,15.600445747375488,15.627681010830457,15.454365267008397,15.49942745520603,129198459
2011-02-22,15.108476638793945,15.472936035234063,15.048063797666707,15.35161452855065,146141730
2011-02-23,15.13595962524414,15.219646826880288,14.95472109848444,15.111448074863477,116017237
2011-02-24,15.074060440063477,15.179782908636433,14.889106557549002,15.137691871756836,108874565
2011-02-25,15.104267120361328,15.220141192873744,15.090896925682312,15.149329312340548,77585724
2011-02-28,15.187458992004395,15.263966693636464,15.054005427075294,15.103277862075153,91602065
2011-03-01,14.874500274658203,15.33156035360627,14.838351543742938,15.295905551062544,133426247
2011-03-02,14.875242233276367,15.004238110263694,14.73658868281536,14.850729736433774,81371863
2011-03-03,15.092382431030273,15.1401683389639,14.979478565389337,15.013647788556558,78103658
2011-03-04,14.871031761169434,15.078021856894006,14.8606336693843,15.061927946778724,120891439
2011-03-07,14.649188995361328,14.947044861870529,14.533809795085789,14.869300917032723,139027162
2011-03-08,14.665281295776367,14.805667864584086,14.613038656540285,14.680631943882029,91738575
2011-03-09,14.651912689208984,14.71975341770275,14.50286103708251,14.632846675280085,86362499
2011-03-10,14.367920875549316,14.524400413089685,14.346875356126462,14.495184692919674,125592995
2011-03-11,14.279033660888672,14.36049201680106,14.195346465262237,14.316420527312808,121734587
2011-03-14,14.112649917602539,14.318153489056039,14.063874258725905,14.182224604256087,113066217
2011-03-15,14.102005004882812,14.137658859819679,13.753886938909952,13.803405865864784,160824559
2011-03-16,13.793500900268555,14.107699056595509,13.649400859639067,14.063627564939415,152509508
2011-03-17,13.89897632598877,14.088137603487557,13.87867312234963,13.976225389405284,116406692
2011-03-18,13.891547203063965,14.063129925783835,13.858864508820485,13.980185051326089,132438559
2011-03-21,14.273834228515625,14.355540973863535,14.088632904419725,14.118344448182603,121288923
2011-03-22,14.294137954711914,14.341428040228733,14.175045285159312,14.292899815670076,75758903
2011-03-23,14.413972854614258,14.421153302111408,14.162416390304287,14.241398468655891,72920303
2011-03-24,14.531085014343262,14.568224442621009,14.330780487864448,14.494935338793578,84262658
2011-03-25,14.354055404663086,14.531580456686491,14.341674962728966,14.530838142111529,114764559
2011-03-28,14.245609283447266,14.484043001315428,14.229515372486201,14.411744595106555,89068604
2011-03-29,14.403326988220215,14.407287895391756,14.187424366004292,14.261454839726483,64432607
2011-03-30,14.406049728393555,14.496668983359505,14.374851661287291,14.468937894842265,57105245
2011-03-31,14.527865409851074,14.562529508116919,14.403573703827517,14.434769875404367,81480268
2011-04-01,14.652654647827148,14.736589285696251,14.577386034973706,14.577386034973706,104919797
2011-04-04,14.550644874572754,14.725446202632714,14.437246136872956,14.682365414108341,82488031
2011-04-05,14.090367317199707,14.397384084436494,14.00593685297442,14.387233430026333,242806701
2011-04-06,14.216392517089844,14.240656628439638,14.06337901502465,14.166873593586924,107132058
2011-04-07,14.360491752624512,14.376338224396074,14.21663915991129,14.254769288218332,101639547
2011-04-08,14.314935684204102,14.481566821416894,14.31246035422036,14.481566821416894,76357137
2011-04-11,14.29537582397461,14.313450188742735,14.187177073561738,14.26640659427518,74606600
2011-04-12,14.128002166748047,14.283986834425678,14.064618167625731,14.236695799273289,83736694
2011-04-13,14.268387794494629,14.301069544709978,14.156227190413821,14.249323677212104,83086265
2011-04-14,14.323600769042969,14.34687512796068,14.164893342200683,14.241399146286232,219070062
2011-04-15,13.139851570129395,13.512482137769947,13.124006044304586,13.501092395801582,563853569
2011-04-18,13.044279098510742,13.064582303261485,12.850165254546948,13.033880057937765,202347616
2011-04-19,12.912805557250977,13.144306245308682,12.897207472076733,13.121280274804091,107766427
2011-04-20,13.016796112060547,13.043783939718669,12.909340625851609,13.021005405445942,122858785
2011-04-21,13.00119686126709,13.07993244542118,12.934098455418999,13.060372505477446,99174342
2011-04-25,12.999958992004395,13.048239773420395,12.92469038478736,13.004911547664795,65476506
2011-04-26,13.192340850830078,13.30673029586933,13.003920931609663,13.036356191997433,140524754
2011-04-27,13.314653396606445,13.323319421881575,13.230222931782853,13.320594757551554,92280599
2011-04-28,13.319851875305176,13.35154482056296,13.223537744656834,13.322080715098807,80299860
2011-04-29,13.471628189086914,13.471628189086914,13.333222072871292,13.370114064257223,169773978
2011-05-02,13.33445930480957,13.51198529209029,13.298806402880308,13.511242029529795,85667905
2011-05-03,13.218832969665527,13.419879808472052,13.113357942559539,13.29905413386031,83572079
2011-05-04,13.265876770019531,13.345353724850838,13.197291835443458,13.250526122271884,84997401
2011-05-05,13.228242874145508,13.355753177705198,13.15965793744916,13.218091272047968,80211530
2011-05-06,13.253744125366211,13.406262750315445,13.250773919048592,13.324308567317388,82552271
2011-05-09,13.312670707702637,13.332726472604618,13.149753998870404,13.246315562487819,78240168
2011-05-10,13.435973167419434,13.479798167617727,13.309205180604042,13.370113844106752,82022292
2011-05-11,13.257457733154297,13.458009706290499,13.213882066185569,13.373581140509302,93902656
2011-05-12,13.247553825378418,13.29434903052261,13.145049004353186,13.252257994906893,58149143
2011-05-13,13.111377716064453,13.269096342538315,13.098998221678709,13.236661081287014,84664157
2011-05-16,12.835803985595703,13.05492614585181,12.785790185843567,13.031156910947335,118771522
2011-05-17,13.13390827178955,13.152725898833319,12.751870340749376,12.761773556634266,132639308
2011-05-18,13.117815017700195,13.1306893876725,13.016053456694497,13.111129446489244,78420843
2011-05-19,13.153468132019043,13.284445404344789,13.115585442705047,13.190110786356621,99118132
2011-05-20,12.974705696105957,13.171789737258045,12.952422038778,13.167085567606424,93047462
2011-05-23,12.835062026977539,12.874925173793946,12.711512627332826,12.790742148492946,92344839
2011-05-24,12.831843376159668,12.972972263640022,12.829119659923835,12.884086016915608,76284867
2011-05-25,12.866754531860352,12.943507772337536,12.806835620572315,12.80881702216072,52259149
2011-05-26,12.82862377166748,12.927415130059101,12.75112821470333,12.817977293012337,85057626
2011-05-27,12.897208213806152,12.919244432893333,12.783313649511001,12.837290251375077,70093747
2011-05-31,13.09825325012207,13.098995564575876,12.961580171043448,12.998719594706117,107894906
2011-06-01,13.013577461242676,13.201748991391591,13.006397013504317,13.073990301443242,118679178
2011-06-02,13.074484825134277,13.129946055898763,12.936327098611507,13.062353717822225,88510520
2011-06-03,12.95118236541748,13.063095523362565,12.912063432820396,12.92444292587356,70202152
2011-06-06,12.901168823242188,13.04378327845788,12.85635407154539,12.962572361408291,77975179
2011-06-07,12.850907325744629,12.989561829450938,12.849917572972949,12.946479142711228,76590006
2011-06-08,12.854373931884766,12.905625869661144,12.770439296731299,12.789009485169613,66383894
2011-06-09,12.793959617614746,12.874923089124575,12.766971793778136,12.874923089124575,67817246
2011-06-10,12.61519718170166,12.792970618861078,12.60975069740167,12.728347537519271,97961814
2011-06-13,12.496845245361328,12.632280189722946,12.433461259094342,12.627327634392863,97455925
2011-06-14,12.5869722366333,12.7283476116519,12.552803961298375,12.581524804262543,94011061
2011-06-15,12.452775001525879,12.586475996028645,12.394838441130123,12.504274376997444,83242849
2011-06-16,12.388895034790039,12.542404354654735,12.297286025702228,12.449308820406522,110693357
2011-06-17,12.008838653564453,12.545376636685162,12.003392168989047,12.53274970403767,210602442
2011-06-20,11.997943878173828,12.038797727010282,11.865481959367363,12.00834386707541,121598077
2011-06-21,12.20641803741455,12.229693344183653,12.001657718816075,12.06256638379895,111030616
2011-06-22,12.058110237121582,12.190325665824627,12.051178175236075,12.168042006823143,96644896
2011-06-23,11.889991760253906,11.955357155552251,11.729302936191017,11.937282791373987,192787918
2011-06-24,11.75777816772461,11.903116354620431,11.711725272139116,11.90138333913717,152794573
2011-06-27,11.953872680664062,12.092525287215695,11.726084494971008,11.735988658884287,138304463
2011-06-28,12.222512245178223,12.28589623674909,11.984078540190692,11.984078540190692,109011074
2011-06-29,12.31956958770752,12.385924733259893,12.191066693676172,12.294066390620646,94071286
2011-06-30,12.537700653076172,12.544881101313717,12.416874964275191,12.42900702079696,97500090
2011-07-01,12.900426864624023,12.904141281539097,12.53769954787004,12.54661395885841,146013250
2011-07-05,13.182931900024414,13.256220056223288,13.00614916847126,13.00614916847126,154545110
2011-07-06,13.255229949951172,13.333222279249716,13.19778731530389,13.209177056563359,108228151
2011-07-07,13.533525466918945,13.63454566197767,13.268104875402662,13.394872862512587,158010049
2011-07-08,13.17179012298584,13.31192925605032,13.054926296753088,13.195560306204117,191523195
2011-07-11,13.055173873901367,13.270581621966745,13.011101433857782,13.077457532119068,113997696
2011-07-12,13.22180461883545,13.35575305431455,13.023481488655115,13.076961318747914,114073981
2011-07-13,13.327033042907715,13.469152635707134,13.282960601426153,13.295836868424143,112026334
2011-07-14,13.096274375915527,13.419633440269644,13.041555456487382,13.348325733077651,266976958
2011-07-15,14.796754837036133,14.861872796365788,14.562530409300125,14.793783682603138,551342851
2011-07-18,14.730400085449219,14.906439568310637,14.657606799870461,14.669738856127072,179401931
2011-07-19,14.918818473815918,14.97155599032762,14.74500783772068,14.760111047894476,119144917
2011-07-20,14.740549087524414,14.925750399406242,14.740549087524414,14.909657437628558,89446014
2011-07-21,15.028751373291016,15.055244324992305,14.707372766167198,14.707868590598752,139300182
2011-07-22,15.307045936584473,15.338490493541219,14.961404196273564,14.989134336498626,141656982
2011-07-25,15.325615882873535,15.484820076471529,15.177554939984473,15.186468402904787,125733520
2011-07-26,15.413265228271484,15.536567186310176,15.282040507943623,15.302590202257376,94067271
2011-07-27,15.034444808959961,15.374392646260041,14.97328965490587,15.28104967087734,157965884
2011-07-28,15.126551628112793,15.2513391707563,14.929961500097484,14.984184596434067,124802042
2011-07-29,14.947044372558594,15.226084498292328,14.947044372558594,14.960414567280313,166116320
2011-08-01,15.023303031921387,15.239453081790966,14.835378947458224,15.133483177475025,159238637
2011-08-02,14.667510032653809,15.095105973107103,14.646959390568089,15.004238328016362,128503865
2011-08-03,14.884650230407715,14.929959858141082,14.450369683026635,14.713809811181811,153601587
2011-08-04,14.299089431762695,14.827209766493137,14.297852240771281,14.719505891426769,197320845
2011-08-05,14.336723327636719,14.608087180243178,13.91482225088497,14.423381680816256,238052949
2011-08-08,13.519165992736816,14.08813728561689,13.47781727183931,13.939085646313279,300987964
2011-08-09,14.197328567504883,14.22704011156518,13.395120670033029,13.890062472713835,259758001
2011-08-10,13.593196868896484,13.967312029483233,13.561503924244883,13.89947130479511,215589063
2011-08-11,13.91804313659668,14.075759875685058,13.578342700596602,13.712290202409275,193948251
2011-08-12,13.958647727966309,14.125277920612149,13.875207016465417,14.100518932024455,126644924
2011-08-15,13.796719551086426,13.988853887442222,13.51990920989363,13.70263425856615,286867234
2011-08-16,13.345354080200195,13.678121471923422,13.129946337474996,13.67787403373365,278616423
2011-08-17,13.20051097869873,13.46147577471158,13.141582771313322,13.370855572012827,163775579
2011-08-18,12.500560760498047,12.995997412483113,12.3918661924259,12.960839385959758,252571164
2011-08-19,12.154918670654297,12.747907571645339,12.153432145535184,12.363393390181118,217211120
2011-08-22,12.33442497253418,12.553050342952705,12.244300596044782,12.478771489780693,196971541
2011-08-23,12.845706939697266,12.909834190654054,12.356460060786798,12.466391813827753,174523715
2011-08-24,12.956382751464844,13.122519004129547,12.806340409079844,12.858334660692716,144318923
2011-08-25,12.875913619995117,13.302519781747463,12.83283188490771,13.131926804680958,132213719
2011-08-26,13.044774055480957,13.1336602968161,12.705073666085203,12.874676896621432,144391193
2011-08-29,13.347334861755371,13.35649576258569,13.210662715796456,13.235422650287337,93782206
2011-08-30,13.387444496154785,13.44414481250377,13.142574555509793,13.325298643805455,120008140
2011-08-31,13.393882751464844,13.526097219272751,13.271075674712915,13.487473162131602,108135806
2011-09-01,13.184416770935059,13.464941500999469,13.152724776337818,13.388683142645561,96982155
2011-09-02,12.994760513305664,13.071018876551543,12.892998952197114,12.98559866414969,96408011
2011-09-06,12.928898811340332,12.943259705983637,12.63970899737189,12.647136882870326,109039179
2011-09-07,13.222299575805664,13.269590607355886,13.058144719542327,13.133660769461796,110645177
2011-09-08,13.245325088500977,13.3478299103219,13.169561603020172,13.216604246709084,95576908
2011-09-09,12.99500846862793,13.237650534867994,12.904389206596358,13.157182875140462,131242091
2011-09-12,13.12549114227295,13.171790527007063,12.813025992613849,12.824415734166271,107216373
2011-09-13,13.110635757446289,13.218587075028683,12.959106874050915,13.172038354639325,94520965
2011-09-14,13.173770904541016,13.294596580296243,13.01902344496652,13.186645274297748,108179971
2011-09-15,13.433497428894043,13.493415389788755,13.235422692529793,13.258696101947285,118875912
2011-09-16,13.535507202148438,13.53946905735792,13.447859095465715,13.488960380642052,141901897
2011-09-19,13.535259246826172,13.61523202626681,13.255725202040159,13.378779718596364,99106087
2011-09-20,13.534269332885742,13.828659145584473,13.436220294648109,13.602852370741797,111580670
2011-09-21,13.35030460357666,13.74150434982931,13.341886965612964,13.560513283122804,100948969
2011-09-22,12.891265869140625,13.092312727148622,12.726368689736,13.029671992207517,176671736
2011-09-23,13.011347770690918,13.033878865197352,12.738746745000046,12.789751242367975,111508400
2011-09-26,13.16931438446045,13.195064072426085,12.707797610485729,13.054430067337965,105762945
2011-09-27,13.35377311706543,13.544668368774722,13.272313807736426,13.32554714973788,120887424
2011-09-28,13.09379768371582,13.469646815741417,13.065572665217434,13.407253521960879,90871336
2011-09-29,13.060620307922363,13.30326330369147,12.860315785510707,13.272065236532622,116699786
2011-09-30,12.752116203308105,12.973960157010945,12.735773908235267,12.880122315694976,109352349
2011-10-03,12.26881217956543,12.676849132319084,12.255937809342324,12.623615791936347,179646846
2011-10-04,12.426778793334961,12.464908925407306,11.899401714034397,12.132883832300067,166975528
2011-10-05,12.496103286743164,12.572858416156034,11.903609280679794,12.289362536992375,182043797
2011-10-06,12.74394702911377,12.756821398816996,12.444108836567477,12.56543128425976,137485405
2011-10-07,12.754097938537598,12.88730405784317,12.63475688997472,12.796437361400422,114664185
2011-10-10,13.300044059753418,13.307471945423725,12.954153921777637,13.003177967201665,93236167
2011-10-11,13.448848724365234,13.538477277489513,13.208186185400578,13.208186185400578,114563810
2011-10-12,13.58056926727295,13.74720040211768,13.484750012875622,13.571408365973454,127588447
2011-10-13,13.84029769897461,13.840545137180053,13.568685444486212,13.618451809070779,228356741
2011-10-14,14.64968204498291,14.845777268162625,14.547920490756336,14.842558675883962,342474886
2011-10-17,14.420162200927734,14.653395908724736,14.310972758483464,14.452596510797179,160928949
2011-10-18,14.62071418762207,14.671472198443148,14.296117940872051,14.365197754403777,152601853
2011-10-19,14.377824783325195,14.65909280319483,14.34118022961815,14.542227080481945,117699519
2011-10-20,14.451360702514648,14.580604026044522,14.348360996771081,14.407536648046406,135666613
2011-10-21,14.620219230651855,14.676176287323313,14.526381377805595,14.59595606733875,136148412
2011-10-24,14.767043113708496,14.85493960661266,14.521429895649234,14.526876380017663,137589795
2011-10-25,14.438732147216797,14.731884777541252,14.431056823191485,14.684841184559039,102000897
2011-10-26,14.516724586486816,14.612543840506985,14.183709756299102,14.596945754147953,115354763
2011-10-27,14.82275104522705,14.922532150741743,14.689793314653103,14.81656224658762,151778780
2011-10-28,14.859148025512695,14.912629752962077,14.713314969184749,14.720000540630569,100696024
2011-10-31,14.67345142364502,14.848006266563369,14.649435698849462,14.734113597278895,102695490
2011-11-01,14.327066421508789,14.496917094974513,14.280024724604518,14.362968659754753,125472546
2011-11-02,14.479832649230957,14.557577539204308,14.372378111646638,14.481814050836258,85153986
2011-11-03,14.793784141540527,14.793784141540527,14.452598143632315,14.533810016666585,107192283
2011-11-04,14.760109901428223,14.849244526388611,14.668251560476437,14.694744509790604,113817021
2011-11-07,15.061927795410156,15.073070097700684,14.663300151582039,14.690287977609815,134799374
2011-11-08,15.161214828491211,15.211477017622121,14.944817318887816,15.078518325563845,121630197
2011-11-09,14.879203796386719,15.088174358046755,14.822504424352813,14.96115798092771,148996390
2011-11-10,14.733865737915039,15.00300073927391,14.646711564021567,15.00250586291259,115166059
2011-11-11,15.062423706054688,15.155024369141747,14.821018832330987,14.88786980654762,159676271
2011-11-14,15.1775541305542,15.30333140943468,15.048309873141363,15.053756357053963,128026081
2011-11-15,15.26569938659668,15.30333369541745,15.115657975771697,15.17260384140228,107441212
2011-11-16,15.139671325683594,15.308779672675485,15.118379318501665,15.154775482521497,104731092
2011-11-17,14.877222061157227,15.159974686306613,14.775955381658209,15.104513458062307,140255750
2011-11-18,14.728912353515625,14.967097660072932,14.700933827934032,14.90520019683011,132000924
2011-11-21,14.383767127990723,14.570948908098494,14.16464591194092,14.552626157179775,120501984
2011-11-22,14.360491752624512,14.483546265904618,14.242637233222181,14.360491752624512,96572626
2011-11-23,14.115620613098145,14.36668124283977,14.115620613098145,14.245360695043198,93380707
2011-11-25,13.939581871032715,14.218621060420471,13.898234094174674,13.993805914807018,62730250
2011-11-28,14.563272476196289,14.578870561669286,14.273833328979249,14.344893591340423,113580136
2011-11-29,14.433038711547852,14.6170009522497,14.393423003066786,14.555598357976324,73546641
2011-11-30,14.840577125549316,14.843548279628878,14.659833499107496,14.804924224633515,136389312
2011-12-01,15.196619987487793,15.251833780285915,14.830922466063676,14.85568145323256,145366836
2011-12-02,15.359785079956055,15.44990946175257,15.258270009283779,15.277830898470091,164040568
2011-12-05,15.490762710571289,15.645509227921577,15.41029410441196,15.540034195854018,128379401
2011-12-06,15.444214820861816,15.564297237607674,15.356814153882903,15.42490231761283,93408812
2011-12-07,15.434806823730469,15.491010371322782,15.303829539452021,15.39246739934155,90630437
2011-12-08,15.253071784973145,15.535330510814642,15.234502543605803,15.376622133340673,96885796
2011-12-09,15.534585952758789,15.576924426290756,15.276839746740832,15.301352243026965,111062736
2011-12-12,15.484325408935547,15.50388440234005,15.358051349194719,15.397419618309907,87683432
2011-12-13,15.490267753601074,15.760888341903215,15.421435379046676,15.567764256948982,161731947
2011-12-14,15.303085327148438,15.457832794744435,15.164927595049578,15.396676691112834,156733281
2011-12-15,15.339482307434082,15.449909896077173,15.318435840505195,15.41326534264464,96705121
2011-12-16,15.498437881469727,15.581629254945865,15.387267979953702,15.457832421505092,179040582
2011-12-19,15.396180152893066,15.561326653273095,15.350870524236809,15.549193649955814,86061375
2011-12-20,15.607627868652344,15.644024036553134,15.548699656196893,15.548947094393922,95886062
2011-12-21,15.494972229003906,15.643529001582706,15.325121551110508,15.59871424720283,100290510
2011-12-22,15.59103775024414,15.641298985240063,15.524435167209425,15.547708576329594,73165217
2011-12-23,15.676210403442383,15.714340533565975,15.612331533036421,15.64798538519177,58365953
2011-12-27,15.852251052856445,15.957230261205897,15.64798561066504,15.649222801627952,64496847
2011-12-28,15.83863353729248,15.969858259731085,15.79901782913133,15.914149588542305,85406931
2011-12-29,15.905484199523926,15.92033997128805,15.727214938354454,15.88295215564914,63252199
2011-12-30,15.992141723632812,16.013436577981356,15.896075973210229,15.896075973210229,71559220
2012-01-03,16.47519874572754,16.543040419320185,16.152334570787474,16.16644897599216,147611217
2012-01-04,16.54625701904297,16.595033624492174,16.356599925295164,16.465789366616967,114989399
2012-01-05,16.31673812866211,16.439545212005743,16.24790670098003,16.39398814316884,131808205
2012-01-06,16.094152450561523,16.341251255929258,16.088456631688704,16.32020478805699,108119746
2012-01-09,15.41178035736084,16.01937860838665,15.381325549721655,16.006997217907017,233776981
2012-01-10,15.42861557006836,15.692552478742241,15.2743648805076,15.592276494991154,176483032
2012-01-11,15.498437881469727,15.583363218343296,15.378601955122699,15.437529217503258,96359832
2012-01-12,15.58955192565918,15.670021478589673,15.511807036903074,15.628672756263288,75289148
2012-01-13,15.474420547485352,15.522948767603356,15.377115721032437,15.50586510489869,92637933
2012-01-17,15.563307762145996,15.647490786128861,15.491505180184733,15.647490786128861,76658261
2012-01-18,15.670516014099121,15.697502892561578,15.403360517121548,15.51502623996912,110882061
2012-01-19,15.835413932800293,15.870572909203018,15.634614520704638,15.870572909203018,253157352
2012-01-20,14.508800506591797,14.6328447677071,14.402583170004455,14.621208537561587,424637703
2012-01-23,14.497163772583008,14.574908657587867,14.438731389741818,14.509048389299112,137027695
2012-01-24,14.38351821899414,14.55064421569129,14.310972381438923,14.516970819751249,122690156
2012-01-25,14.100271224975586,14.32855334261655,14.023268648328527,14.298841798446563,200255805
2012-01-26,14.0658540725708,14.223820127554403,13.97795853017778,14.161921711384256,129531704
2012-01-27,14.359997749328613,14.368416336100182,14.096310167724571,14.132210510502244,145242371
2012-01-30,14.303298950195312,14.360493200382944,14.197081598726335,14.312212413708119,93569411
2012-01-31,14.363215446472168,14.459529571760969,14.240408371558932,14.43476963741345,86017210
2012-02-01,14.38104248046875,14.496669108933217,14.33919888317335,14.482803090534992,93175942
2012-02-02,14.487011909484863,14.51919972852264,14.411990741838881,14.4810705492731,96950036
2012-02-03,14.764814376831055,14.783136178550725,14.559805683212614,14.62442781362861,127215053
2012-02-06,15.080745697021484,15.123826485751193,14.707371909077922,14.732131843923524,147735682
2012-02-07,15.023303031921387,15.088173549131595,14.948776737407433,15.032712319082865,83997668
2012-02-08,15.099562644958496,15.136702073870634,14.97304209651001,15.069603663642543,73731331
2012-02-09,15.139425277709961,15.21469483848469,15.078517560580002,15.153291296928945,90927546
2012-02-10,15.0020112991333,15.05697670926266,14.954721213444373,15.050787910109111,93356617
2012-02-13,15.157747268676758,15.198353677986281,15.103772560486174,15.11565717822768,72924318
2012-02-14,15.097333908081055,15.15279513962143,14.973537074915717,15.141406346703455,72418428
2012-02-15,14.993343353271484,15.175820945135314,14.919064500396464,15.175820945135314,97399715
2012-02-16,15.017114639282227,15.07381401338875,14.799478992662431,14.925504673571062,101615457
2012-02-17,14.970565795898438,15.044596267385334,14.915104564819977,14.978735996227222,98331193
2012-02-21,15.202313423156738,15.298380110531287,14.926987730576242,14.951500226813918,99603946
2012-02-22,15.052271842956543,15.271146564659658,15.021817984805155,15.15180551395415,78974912
2012-02-23,15.006962776184082,15.052272407826502,14.864349257719677,15.028998996507067,82508106
2012-02-24,15.100800514221191,15.144129689171635,14.992105945552842,15.037663960217719,77714204
2012-02-27,15.08619213104248,15.161708178198632,14.980964541385875,15.018846284054451,72827958
2012-02-28,15.311007499694824,15.345176722150516,15.045834348776069,15.103276981199706,114330940
2012-02-29,15.307543754577637,15.489525549117399,15.239454637979874,15.316209780041222,125946315
2012-03-01,15.410293579101562,15.492000321469325,15.305065988811956,15.406827548468662,89843498
2012-03-02,15.381819725036621,15.449908833022798,15.358793754153895,15.40038896464795,63167885
2012-03-05,15.208503723144531,15.412521709432626,15.137443462167653,15.361517212860603,63970883
2012-03-06,14.978487968444824,15.073812340749543,14.703162277416105,15.054995662895918,127451937
2012-03-07,15.024045944213867,15.132740516965388,15.000772533663008,15.079754614660304,50769586
2012-03-08,15.032464027404785,15.140415327119797,15.012903139648612,15.104265653731021,54021731
2012-03-09,14.861872673034668,15.150319244720567,14.855681977984746,15.052520483517679,107224403
2012-03-12,14.983192443847656,15.028997896575357,14.837359395348374,14.85568119722385,67010233
2012-03-13,15.295904159545898,15.297638122903601,14.993096706126565,15.072326222654725,90168712
2012-03-14,15.2515869140625,15.419703628655022,15.188945233156732,15.227074416120775,117916329
2012-03-15,15.378849029541016,15.437527900688776,15.222863440005565,15.266688436799289,97769094
2012-03-16,15.475659370422363,15.49719976539844,15.352109026948384,15.372907107357925,122477361
2012-03-19,15.697009086608887,15.778468396070462,15.381573733491088,15.428121504023814,87237768
2012-03-20,15.684876441955566,15.74850882226698,15.530872240231973,15.621245009683191,61850967
2012-03-21,15.845564842224121,16.029032196290505,15.660611911023125,15.712606162695621,99154267
2012-03-22,15.995856285095215,16.063944454140923,15.623226667886602,15.80892288097013,96769361
2012-03-23,15.910188674926758,16.05651660755622,15.868345074993707,16.009473013386298,77898894
2012-03-26,16.077064514160156,16.08102731698472,15.83466991459456,15.969856477171437,73040752
2012-03-27,16.019872665405273,16.18031310409265,15.964907258015407,16.02012105163343,80588939
2012-03-28,16.236268997192383,16.306338557528345,16.120395882018485,16.143916728885422,101936657
2012-03-29,16.054288864135742,16.256820346191827,15.952528246714495,16.178828964269524,77260510
2012-03-30,15.876762390136719,16.180066623919686,15.870821029477078,16.13698393781521,92774443
2012-04-02,16.017396926879883,16.03175782272284,15.718302924582051,15.865125735461312,91710470
2012-04-03,15.910929679870605,16.042898609918073,15.812387658233533,15.98000949235059,82102591
2012-04-04,15.725977897644043,15.821301327995617,15.625701911297753,15.807683695088249,65348026
2012-04-05,15.655908584594727,15.757669201737684,15.563060482700433,15.65392718294919,93095642
2012-04-09,15.619264602661133,15.730435459633322,15.4818501273346,15.560832212759026,87635252
2012-04-10,15.520722389221191,15.70988368046112,15.46352719102692,15.685620516075476,99652126
2012-04-11,15.746033668518066,15.747023421345661,15.630654465092004,15.696762180054682,88289696
2012-04-12,16.118663787841797,16.171401308929774,15.852499904177245,15.904247672406665,231127086
2012-04-13,15.464765548706055,16.068649354736586,15.438520035824766,16.032995502387234,327595322
2012-04-16,15.005971908569336,15.445204068889414,14.896781515902576,15.42514925172881,228537416
2012-04-17,15.092629432678223,15.293677222473834,15.029245440212845,15.067623007579368,121409373
2012-04-18,15.040140151977539,15.172602057888483,14.92525583726551,15.054995923191983,107180238
2012-04-19,14.838350296020508,15.258269959843755,14.830922410289972,14.996562840022401,132277959
2012-04-20,14.758129119873047,15.074802593880264,14.75243519751611,14.960909926156235,122794545
2012-04-23,14.796258926391602,14.817305393535241,14.613039001476551,14.679889975829424,88241516
2012-04-24,14.887126922607422,15.019836269070883,14.789326269024366,14.812105750653021,77453230
2012-04-25,15.096343994140625,15.13670201539607,14.926988198955513,14.954720236488148,73117037
2012-04-26,15.2387113571167,15.301353037042198,15.095849457285704,15.125808439159721,84013728
2012-04-27,15.226578712463379,15.270154377461049,15.118132530253753,15.227568465188503,65701345
2012-04-30,14.975764274597168,15.253813682052858,14.870784125034115,15.177306935527506,96652926
2012-05-01,14.965367317199707,15.142891423763075,14.86038715968004,14.949519896235063,80392204
2012-05-02,15.035436630249023,15.056481200997371,14.870785000854934,14.885393334518385,64701612
2012-05-03,15.128531455993652,15.222865134718914,15.077279516317194,15.093868303806488,75000069
2012-05-04,14.780659675598145,15.051033758091485,14.776698768715237,15.002257152269173,88626955
2012-05-07,15.042614936828613,15.11738771851363,14.731883787602097,14.731883787602097,80079035
2012-05-08,15.172354698181152,15.27411720554592,14.873013276759401,14.992601761634695,107493407
2012-05-09,15.082231521606445,15.261243105935986,14.900497169022007,15.024542395186268,93501157
2012-05-10,15.193897247314453,15.256538929894688,15.10897190602747,15.176565196751731,61666277
2012-05-11,14.985174179077148,15.215932567083625,14.97378443817713,15.111942165941375,84290763
2012-05-14,14.954720497131348,15.066137837340191,14.870042598062955,14.874994205972069,73249532
2012-05-15,15.130759239196777,15.227073364794533,14.94852907969613,14.98814478517144,84399167
2012-05-16,15.571971893310547,15.600941120960185,15.250346819258029,15.300361564615372,194128926
2012-05-17,15.426386833190918,15.792827619768206,15.381324641954667,15.69329489794898,134654835
2012-05-18,14.865585327148438,15.658383894132982,14.773975369939079,15.477144433198243,239835606
2012-05-21,15.205037117004395,15.244157946048796,14.855680955943495,14.868308835329692,123477094
2012-05-22,14.875489234924316,15.197609182722793,14.75664401518752,15.188449230002231,122533571
2012-05-23,15.089905738830566,15.09337271751356,14.784374568740619,14.896534220654441,127600492
2012-05-24,14.946301460266113,15.150814332024986,14.827703675935858,15.082477783957922,75935562
2012-05-25,14.64596939086914,14.898515608132799,14.56549983923266,14.880441244302101,143813034
2012-05-29,14.715542793273926,14.834139627282589,14.566491154628107,14.75193895828529,104618672
2012-05-30,14.564263343811035,14.65513004366981,14.44789439321722,14.562530328407925,76553871
2012-05-31,14.38178539276123,14.608087051404672,14.33573344843554,14.576395054392496,119177037
2012-06-01,14.137162208557129,14.178510932023555,14.072045197895319,14.157217974805718,122774470
2012-06-04,14.325580596923828,14.372624185980424,14.113144027744791,14.118343073377503,97672734
2012-06-05,14.12304973602295,14.314192423133786,14.025497464852979,14.24783727329046,93946821
2012-06-06,14.374606132507324,14.40926928672898,14.202281062275924,14.273340386224454,84146223
2012-06-07,14.316668510437012,14.555845489382675,14.292404399074767,14.548665041642671,70603652
2012-06-08,14.371633529663086,14.385252110201234,14.226295355571883,14.257740861862855,56627461
2012-06-11,14.07575798034668,14.492212556946745,14.030943228274056,14.464728906027888,106842978
2012-06-12,13.991576194763184,14.120325583279545,13.830144108724527,14.107202827025452,129451404
2012-06-13,13.892290115356445,14.038618983223861,13.832619594184019,13.907888200624395,78460993
2012-06-14,13.841781616210938,13.990833264092247,13.77913993581355,13.897490287017009,94147570
2012-06-15,13.976966857910156,13.9772152441182,13.793252075698273,13.873720674753729,120497969
2012-06-18,14.133944511413574,14.217135886385558,13.846734184118022,13.930172997282932,100250360
2012-06-19,14.398375511169434,14.466463676714426,14.190148211248772,14.20178539075399,83359284
2012-06-20,14.298840522766113,14.360491497399073,14.199802683061257,14.355787327998355,94219840
2012-06-21,13.994298934936523,14.356529454436165,13.95765438486319,14.356529454436165,80753554
2012-06-22,14.149542808532715,14.149542808532715,14.00940367357849,14.06337932984614,89450029
2012-06-25,13.882634162902832,14.065606643443,13.79969022829908,14.046789964805265,63501129
2012-06-26,13.981178283691406,14.02871580539117,13.852427945469126,13.9336398139526,54210435
2012-06-27,14.095565795898438,14.211687305753372,14.014355823691954,14.055951036572488,67945726
2012-06-28,13.972016334533691,14.01955480393276,13.796224300287106,14.011384603524313,77124000
2012-06-29,14.362225532531738,14.363711109713194,14.16736937964872,14.23570498195664,101157748
2012-07-02,14.372130393981934,14.434771128794742,14.273834857044614,14.405555408167471,66468209
2012-07-03,14.554359436035156,14.568720331980769,14.31097410387004,14.360740467203083,47758342
2012-07-05,14.754663467407227,14.857168293044797,14.57193842191843,14.577385854269673,94187720
2012-07-06,14.508554458618164,14.695240411636886,14.430314692163451,14.66874840851297,86796118
2012-07-09,14.509297370910645,14.573425578795465,14.39144283999106,14.483052804896786,68861145
2012-07-10,14.402584075927734,14.668252101229328,14.32929497178803,14.612790870777916,77212330
2012-07-11,14.142361640930176,14.307259755778917,13.987614179860326,14.268882188241477,140496649
2012-07-12,14.124781608581543,14.160682896815985,13.91704920277853,14.041590239813939,92738308
2012-07-13,14.27432918548584,14.339447143940282,14.07699675261826,14.166130436371056,79336261
2012-07-16,14.234715461730957,14.340437933492739,14.156970570644427,14.270615804823716,58723287
2012-07-17,14.279529571533203,14.377080890240602,14.07328178744185,14.321619659743396,67455897
2012-07-18,14.379308700561523,14.45185454176239,14.264673719427648,14.285718289394152,62160121
2012-07-19,14.68385124206543,14.81804711373885,14.509048962980435,14.512514993646683,187688877
2012-07-20,15.123579978942871,15.176070058087534,14.810619957690461,15.072574528980583,259517101
2012-07-23,15.239701271057129,15.310018275837951,14.812353706037767,14.867566552587366,143002005
2012-07-24,15.043112754821777,15.2996199010546,14.963139020742986,15.227075001337408,80677269
2012-07-25,15.053508758544922,15.186962307586276,14.988639192356906,15.061679906385251,73193322
2012-07-26,15.186468124389648,15.273372964210363,15.104019067908347,15.227073583157823,67660662
2012-07-27,15.721273422241211,15.722263174989672,15.2889733122968,15.323388077164523,142520206
2012-07-30,15.655412673950195,15.910434217508362,15.586085425834858,15.748260769710612,87795852
2012-07-31,15.672001838684082,15.759403457773491,15.554394746388672,15.555385447229835,74903709
2012-08-01,15.664820671081543,15.833929030723771,15.632634745710819,15.779210113476424,74060561
2012-08-02,15.567517280578613,15.7972849773525,15.435301855953858,15.487297058686822,79404516
2012-08-03,15.87899112701416,15.93816677542821,15.75048917625746,15.846060991195547,76168432
2012-08-06,15.915882110595703,16.07830394931635,15.826748429064356,15.836404206581632,71563235
2012-08-07,15.859431266784668,15.951536103449314,15.758660405273115,15.890380001182137,79569131
2012-08-08,15.901274681091309,15.991399063158523,15.808921459271508,15.822539091856013,53086237
2012-08-09,15.904245376586914,16.003778095087164,15.883694735190469,15.957726152637854,42972470
2012-08-10,15.895578384399414,15.901521640881171,15.75024021376946,15.811149823346726,57599089
2012-08-13,16.34149742126465,16.344963451718865,16.011452824396965,16.029774625424917,131205956
2012-08-14,16.555665969848633,16.65940798303421,16.31649089532922,16.32267969401032,147016998
2012-08-15,16.527935028076172,16.694071272858302,16.442763207215723,16.5957766966066,96789436
2012-08-16,16.659902572631836,16.70372851940042,16.516545803689528,16.527194177707543,68965534
2012-08-17,16.765626907348633,16.768349675190745,16.630935222668978,16.69085317989636,87434502
2012-08-20,16.726011276245117,16.80846033200279,16.65470357481621,16.725021523529048,70587592
2012-08-21,16.576711654663086,16.786918439174038,16.394976376468126,16.665846278525294,89221174
2012-08-22,16.766618728637695,16.851295681327873,16.507138542054843,16.523975715746346,76654246
2012-08-23,16.75720977783203,16.848323912411033,16.613604618537394,16.694567151240673,71635505
2012-08-24,16.802518844604492,16.847581036557553,16.689863364721834,16.72749861878547,57277890
2012-08-27,16.569530487060547,16.63836190537055,16.32243172485522,16.41527886528286,104939872
2012-08-28,16.768352508544922,16.777512462352593,16.45861106907738,16.46504825458288,82652646
2012-08-29,17.03476333618164,17.059027446928507,16.7411158332139,16.771322252555024,120060335
2012-08-30,16.878036499023438,17.01941377535165,16.84089801597634,16.94142049605113,65319921
2012-08-31,16.96246337890625,17.048873330926227,16.83742653064176,16.93547460798811,85402916
2012-09-04,16.8621883392334,16.96023452590399,16.675502408206526,16.949093172338404,75867307
2012-09-05,16.854267120361328,16.997377410921477,16.815147235961618,16.836440193590967,68584110
2012-09-06,17.316776275634766,17.32890928154401,16.95355401012386,16.984008821956063,122196311
2012-09-07,17.483901977539062,17.634934086011835,17.2739397588242,17.33162983392799,129804723
2012-09-10,17.350690841674805,17.64879408154586,17.29176264129475,17.573277096934486,102783820
2012-09-11,17.138256072998047,17.34772149201498,17.108792917782708,17.281117961977703,75232938
2012-09-12,17.105823516845703,17.20560462902284,16.858227944942104,17.06942640084851,106088160
2012-09-13,17.48117446899414,17.554461671390712,17.097402616912138,17.160540114392308,106758663
2012-09-14,17.571298599243164,17.653499262635012,17.5051899486349,17.56931719788122,105132591
2012-09-17,17.5787296295166,17.65053031483016,17.45542577489988,17.532429298506997,60558139
2012-09-18,17.78423309326172,17.7936414332106,17.499499032374235,17.524258021300575,82981875
2012-09-19,18.012516021728516,18.038761537121633,17.73793355119177,17.764922329266152,124396528
2012-09-20,18.027864456176758,18.1085804981503,17.85702403301725,17.937491688768137,116731906
2012-09-21,18.173202514648438,18.196230382244384,18.07738421172862,18.129131973147196,255317419
2012-09-24,18.55425262451172,18.570593025797287,18.080604724449074,18.099173017532106,143086320
2012-09-25,18.548803329467773,18.938269113805983,18.511662954874932,18.645116504259374,243248350
2012-09-26,18.655269622802734,18.84789978020889,18.346768237280276,18.56588850167229,227766537
2012-09-27,18.730539321899414,18.887515636025483,18.61045689737674,18.815961436937556,157833389
2012-09-28,18.681020736694336,18.799866914369684,18.598076798557642,18.672353763526594,111757330
2012-10-01,18.861268997192383,18.94099339248871,18.723359653660545,18.793675709492454,127194978
2012-10-02,18.742671966552734,18.965506656578757,18.576289211673107,18.94594671424946,112026334
2012-10-03,18.87909507751465,18.91425405189441,18.624072586327795,18.711225811661652,88663090
2012-10-04,19.016511917114258,19.062070885030202,18.80234229575678,18.885288134380506,98535958
2012-10-05,19.006607055664062,19.17323818900448,18.941241660124845,19.082370543363663,109846193
2012-10-08,18.763717651367188,18.905836288066187,18.67235323281744,18.841957417420332,78637653
2012-10-09,18.42327308654785,18.84987734006397,18.3846480837772,18.809024445768333,120578269
2012-10-10,18.43490982055664,18.508445411514693,18.279668438773633,18.368059800434217,81901842
2012-10-11,18.606246948242188,18.78005853457679,18.576783790140176,18.641405925054443,95713418
2012-10-12,18.43961524963379,18.69018007116314,18.423521338933433,18.615408232276657,96528461
2012-10-15,18.346271514892578,18.41683595725722,18.091745783644065,18.37004074988514,121216653
2012-10-16,18.438377380371094,18.495077699954454,18.23435937651979,18.325227023513936,82636586
2012-10-17,18.705530166625977,18.726576632636363,18.32844385845051,18.419808273871816,92059774
2012-10-18,17.20783233642578,18.802836004591402,16.73740208210515,18.706771206600397,499561487
2012-10-19,16.88075828552246,17.497516451728142,16.638363666815145,17.469786310155907,461009524
2012-10-22,16.803510665893555,16.95107673713492,16.581417348372455,16.861447228691183,162832055
2012-10-23,16.845104217529297,17.017926041901347,16.638363453244892,16.638611839467067,117101285
2012-10-24,16.769590377807617,17.009757119762035,16.719327241483693,17.004804563570623,100234300
2012-10-25,16.78097915649414,16.88595931074969,16.675750616012003,16.836439439911608,96403996
2012-10-26,16.716358184814453,16.91146273523194,16.618556575322774,16.749782251275345,78324483
2012-10-31,16.8438663482666,16.861196499804674,16.712640696428704,16.83297148494737,61710442
2012-11-01,17.024362564086914,17.106316741668646,16.80474554243735,16.824058992518268,82311371
2012-11-02,17.032533645629883,17.221449382760827,17.018917909108207,17.202632704130952,93324497
2012-11-05,16.90972900390625,17.00629058499651,16.7265090588411,16.947859139114,65681270
2012-11-06,16.879024505615234,16.997375796445585,16.775777371896574,16.97212003788072,63549309
2012-11-07,16.51753807067871,16.79261538820535,16.501939036432816,16.71264260755343,89626688
2012-11-08,16.15035629272461,16.625737232146577,16.124110777989014,16.593797794513208,104269368
2012-11-09,16.416271209716797,16.547745268973546,16.101084241959246,16.20878716938874,125030896
2012-11-12,16.48733139038086,16.583892956502467,16.36279129676518,16.434097103451915,56446786
2012-11-13,16.317729949951172,16.529421385343976,16.297426745295553,16.415529660087234,64007018
2012-11-14,16.15679168701172,16.39522539295065,16.106035574740012,16.357590140513835,66986143
2012-11-15,16.025815963745117,16.341251324360304,15.942623636877492,16.093655745470816,74233205
2012-11-16,16.023834228515625,16.168431044706768,15.74702293452565,15.994371070062494,138043489
2012-11-19,16.544525146484375,16.562103686439773,16.230574432723742,16.234783726079474,95083064
2012-11-20,16.588104248046875,16.786921326581886,16.454402289256368,16.57671450591464,83861158
2012-11-21,16.486589431762695,16.5838942681704,16.351154463042224,16.563839449201122,84804682
2012-11-23,16.538583755493164,16.588844996243328,16.492283422088974,16.588103629669718,37038310
2012-11-26,16.369722366333008,16.514565654779368,16.316984855044414,16.5006996369447,88514535
2012-11-27,16.60642433166504,16.712642625012297,16.29173225478456,16.34545952290823,100724129
2012-11-28,16.927303314208984,16.958004603407076,16.43756162760117,16.53956870872569,122136087
2012-11-29,17.130830764770508,17.18059712737282,16.885959858966483,17.0290682516884,111476280
2012-11-30,17.291271209716797,17.312315780852128,16.97732238554834,17.11646987107933,127018318
2012-12-03,17.214021682739258,17.477462785221284,17.185796662935402,17.3870919069537,88028721
2012-12-04,17.109535217285156,17.22045766700741,16.97756630353807,17.207829788592505,79966615
2012-12-05,17.030061721801758,17.195454738439317,16.894131866332284,17.13726978273013,74775229
2012-12-06,17.11201286315918,17.2229334256724,16.948104505090498,17.024362865837837,58711242
2012-12-07,16.940673828125,17.25437610555689,16.896354905970046,17.20782929200414,77059760
2012-12-10,16.97063636779785,17.124888007634897,16.930278345918737,16.96989310519148,54872909
2012-12-11,17.254379272460938,17.379167758730414,17.0275836786944,17.08403371688103,107906951
2012-12-12,17.271215438842773,17.418535012977802,17.170196193945724,17.312565108363305,97403730
2012-12-13,17.398481369018555,17.739418973440113,17.320488090370432,17.725799444084117,138312493
2012-12-14,17.380159378051758,17.525251084555407,17.292759647107903,17.311081452078298,85523366
2012-12-17,17.84613037109375,17.874355387634015,17.431160436594716,17.467804039285642,121871097
2012-12-18,17.85331153869629,18.0521285935652,17.70425894802232,17.742635567518843,120646524
2012-12-19,17.829540252685547,17.901096341150776,17.744616814166527,17.84439602398646,77031655
2012-12-20,17.885250091552734,17.94194851033889,17.751794645401397,17.907532799561125,66528434
2012-12-21,17.718616485595703,17.797601401925316,17.592096896764865,17.677517101425916,141568653
2012-12-24,17.566844940185547,17.707478948018448,17.516581806162247,17.69088826475224,33762076
2012-12-26,17.551244735717773,17.650529065998303,17.391299183225666,17.531436409257473,47473277
2012-12-27,17.487363815307617,17.550501314766674,17.297211846532264,17.50841028048662,66142994
2012-12-28,17.33187484741211,17.50271525152307,17.33187484741211,17.373471002718166,56290202
2012-12-31,17.51435089111328,17.593333906295047,17.232588047704027,17.331625877356156,80195470
2013-01-02,17.907285690307617,18.000134737812118,17.741397819079513,17.812459033365567,102033017
2013-01-03,17.917686462402344,18.1221993491468,17.844645739405433,17.948882636418965,93075567
2013-01-04,18.271745681762695,18.358404032699674,18.016971571027295,18.058072854793725,110954331
2013-01-07,18.192020416259766,18.306655393245837,18.088773283461958,18.20935056875406,66476239
2013-01-08,18.156118392944336,18.230397247640045,17.936501369259854,18.21158056980979,67295297
2013-01-09,18.275461196899414,18.281155119608638,18.039750240656623,18.130617890312575,81291563
2013-01-10,18.35865020751953,18.445805329407154,18.16107129438422,18.392076166788488,73703226
2013-01-11,18.321760177612305,18.382173015433015,18.230397658298045,18.37152653735997,51600690
2013-01-14,17.907285690307617,18.376477795541117,17.88500298071026,18.247728405667967,114985384
2013-01-15,17.948881149291992,18.198209718840502,17.631217928409015,17.810228549028835,157696879
2013-01-16,17.707725524902344,17.9342746241487,17.670090270757896,17.88624127772111,81239368
2013-01-17,17.611906051635742,17.81790354674468,17.604477218144368,17.770118589713135,88791570
2013-01-18,17.443294525146484,17.647807402919703,17.364557986801664,17.58813592966801,129555794
2013-01-22,17.402685165405273,17.46384125742113,17.22070341432021,17.44700598300528,152264594
2013-01-23,18.359146118164062,18.544842320861207,18.217770741488195,18.222723297533868,237249950
2013-01-24,18.673837661743164,18.738708173944637,18.334633122772047,18.352708433116554,135815168
2013-01-25,18.66046905517578,18.77956171033,18.575790214558246,18.58866647982098,89369729
2013-01-28,18.587678909301758,18.70825620763537,18.517360954715556,18.61318116053361,65327951
2013-01-29,18.660717010498047,18.74168144079626,18.483934274185454,18.48913332029392,70145942
2013-01-30,18.664430618286133,18.840718470575794,18.641651137163162,18.662202726633105,69579828
2013-01-31,18.71048355102539,18.75826851137527,18.575791850828008,18.58222903598743,65613015
2013-02-01,19.203445434570312,19.228206319209526,18.770155550439142,18.772629932432725,150405652
2013-02-04,18.792932510375977,19.076428418569055,18.77436421761372,19.007596991646196,122075862
2013-02-05,18.95931625366211,19.092274931437586,18.804074867200214,18.845174253984315,75108474
2013-02-06,19.068998336791992,19.1380762424781,18.780055043876267,18.79416755079386,83435569
2013-02-07,19.16259002685547,19.28292081912233,18.953372998345785,19.057363391202664,114033831
2013-02-08,19.445344924926758,19.47753274726486,19.301493269345524,19.315605778868527,121256803
2013-02-11,19.372303009033203,19.386663903906015,19.1576404328343,19.27277218588051,87037018
2013-02-12,19.329715728759766,19.507984970953874,19.296786544233225,19.35571474863815,74638720
2013-02-13,19.383201599121094,19.44485258757438,19.3116473933007,19.31560830103187,48107646
2013-02-14,19.506004333496094,19.52878381402787,19.257170647207722,19.30570076242421,69672173
2013-02-15,19.631534576416016,19.640696425274314,19.487434545087005,19.495604745155383,109601278
2013-02-19,19.97718048095703,19.980894898164518,19.69071340113265,19.708291942189625,117711564
2013-02-20,19.620887756347656,20.029666995713335,19.60429897028319,19.938799355599784,110982436
2013-02-21,19.696901321411133,19.94251548922706,19.59018814860587,19.758057425170144,140781714
2013-02-22,19.800395965576172,19.83852419883658,19.65406614301552,19.78925271494852,82463941
2013-02-25,19.579044342041016,20.015802090686336,19.57211228129359,19.86451972447884,92501423
2013-02-26,19.56319808959961,19.70730001744931,19.421327845553577,19.683777273805845,88430220
2013-02-27,19.802127838134766,19.925181399603087,19.587463375483015,19.678823994379908,81347773
2013-02-28,19.8372859954834,19.98064466329359,19.83307859833137,19.83480971757418,90971711
2013-03-01,19.96083641052246,19.98435725859166,19.712251099267927,19.753103996688242,87342157
2013-03-04,20.339902877807617,20.37308044929456,19.9313720325597,19.938798969781917,111440145
2013-03-05,20.76329231262207,20.801670831060953,20.523125569968002,20.52386883261451,162370331
2013-03-06,20.584529876708984,20.896994077551795,20.520897493564565,20.823458478162937,115350748
2013-03-07,20.614736557006836,20.714269285337117,20.5399628176379,20.65088528763542,82415761
2013-03-08,20.587993621826172,20.67217569075305,20.427799683868937,20.661775703184603,116912581
2013-03-11,20.669702529907227,20.790528219560876,20.587499953966542,20.592206020153853,64027093
2013-03-12,20.491186141967773,20.59715605540913,20.393632919570564,20.567941282800845,80633104
2013-03-13,20.43423843383789,20.56744360842577,20.35995957436598,20.498365691175465,65898080
2013-03-14,20.34089469909668,20.47583478640428,20.238144329952032,20.47583478640428,66295564
2013-03-15,20.161636352539062,20.310192167762928,20.137867118730764,20.26562485437237,124452737
2013-03-18,20.000452041625977,20.123507511702087,19.843972506426574,19.931374123508675,73807616
2013-03-19,20.087852478027344,20.284195148109962,19.96727329306487,20.085872972584994,84242583
2013-03-20,20.17178726196289,20.241111663420916,20.09082283806214,20.2242763874364,58771467
2013-03-21,20.086366653442383,20.22650387473641,20.051454171123762,20.087108019900132,59325536
2013-03-22,20.062843322753906,20.184907125953885,20.04625453771893,20.17252763372696,59751126
2013-03-25,20.046255111694336,20.283699050501756,19.976433939261078,20.114838145261665,68736680
2013-03-26,20.115087509155273,20.15420739020189,20.000450634006068,20.141827897018807,47854701
2013-03-27,19.873435974121094,19.98089240091555,19.840504891937936,19.9729667950009,86852328
2013-03-28,19.663724899291992,19.94053715276269,19.641690574140046,19.906367926916097,91855009
2013-04-01,19.837038040161133,19.863283550335474,19.640446996135257,19.68402455431593,72562968
2013-04-02,20.13043975830078,20.1747605847948,19.906615318330182,19.91998456528673,81966082
2013-04-03,19.96108627319336,20.159161976227768,19.824164779662222,20.140838276707115,69800653
2013-04-04,19.68551254272461,19.94994340275727,19.59217050827402,19.912804918758333,98270968
2013-04-05,19.387903213500977,19.485456433176104,19.223253477117513,19.462428564314017,137870844
2013-04-08,19.184873580932617,19.301243471584595,19.025176412096254,19.281437040885105,113708616
2013-04-09,19.25420379638672,19.405235904645117,19.141794800867302,19.20096950511231,86615444
2013-04-10,19.564435958862305,19.618163219066755,19.21334681914543,19.38468209631422,79440651
2013-04-11,19.569637298583984,19.63673570721723,19.41290938631951,19.63128827509325,81452163
2013-04-12,19.56121826171875,19.611976268889105,19.38493041275858,19.60925160485086,65713390
2013-04-15,19.360170364379883,19.73329573483073,19.23860143613311,19.459703075706013,98491793
2013-04-16,19.643421173095703,19.708538186144764,19.409445125276523,19.475551891137265,69941178
2013-04-17,19.375770568847656,19.58077831192105,19.265342987443365,19.479512579303602,81785407
2013-04-18,18.96352767944336,19.45599417835973,18.84839591410063,19.444850926685362,133398142
2013-04-19,19.804357528686523,19.892748897576993,18.972191603301443,19.043994184890384,232998073
2013-04-22,19.810298919677734,19.905622345687576,19.188588211863646,19.82243192288092,115768308
2013-04-23,20.003177642822266,20.19135013263404,19.816489782249054,19.832337203929644,92035684
2013-04-24,20.140592575073242,20.25324806448173,20.00565437403421,20.008377142405674,73438237
2013-04-25,20.03288459777832,20.215363140180717,19.996489381429463,20.209915708215608,79986690
2013-04-26,19.84273338317871,19.999212910616453,19.72289745969674,19.99574877606056,99880980
2013-04-29,20.279491424560547,20.369615806509824,19.881853519888434,19.888044214726953,92376959
2013-04-30,20.415916442871094,20.491928317023063,20.24532250585094,20.278005203717125,92613843
2013-05-01,20.313413619995117,20.419630023474962,20.212642753043845,20.383483189080565,58418148
2013-05-02,20.54070472717285,20.66301503470226,20.279245042847617,20.305242169152294,81034603
2013-05-03,20.939579010009766,20.966319399084675,20.69891740441366,20.722686639146914,100880714
2013-05-06,21.331520080566406,21.33894891410428,21.00246712306336,21.00246712306336,85973045
2013-05-07,21.224559783935547,21.3889630273358,21.06213794214477,21.36767007032674,78653713
2013-05-08,21.630615234375,21.63680403297727,21.117599097297532,21.218864831289604,99102072
2013-05-09,21.577383041381836,21.779914511214567,21.4969134901938,21.56153562128689,88353936
2013-05-10,21.794029235839844,21.801704560447032,21.59422051372883,21.67221379495216,76192522
2013-05-13,21.72718048095703,21.849492701512347,21.624430100475337,21.760852935921406,58157173
2013-05-14,21.964126586914062,22.003492959691833,21.71752267382876,21.726434240732505,63408784
2013-05-15,22.67694854736328,22.68907965326955,22.13545905859557,22.1721026585869,160033605
2013-05-16,22.37934112548828,22.778217171643117,22.333289181480332,22.75395306066363,128865215
2013-05-17,22.510814666748047,22.617527833818166,22.296396683803103,22.53161274655459,112098604
2013-05-20,22.494720458984375,22.79356700007216,22.40731884770877,22.40731884770877,91248746
2013-05-21,22.456098556518555,22.572220077232913,22.224350391515003,22.482095685504962,79617311
2013-05-22,22.021568298339844,22.514032862500788,21.95867918101676,22.34690685344963,102807910
2013-05-23,21.857412338256836,22.034938341927155,21.63977859378635,21.71405555866631,91345105
2013-05-24,21.622940063476562,21.759116386625244,21.565744870107306,21.670973407869845,92216359
2013-05-28,21.81977653503418,22.088911523670838,21.798235193749996,21.874990324154457,90638467
2013-05-29,21.4988956451416,21.738567499638133,21.399362922047864,21.682115566756853,80837869
2013-05-30,21.55955696105957,21.761098686066916,21.45185214096326,21.538758880437847,85145956
2013-05-31,21.57094383239746,21.714054112297827,21.479334823382978,21.494190594585056,79071272
2013-06-03,21.482057571411133,21.639031973568674,21.169841782394847,21.6150162495265,99399181
2013-06-04,21.27086067199707,21.555346315413676,21.146318686232192,21.48750464543823,75024159
2013-06-05,21.285717010498047,21.527119976584434,21.22208463193227,21.355289801520517,84587872
2013-06-06,21.40802574157715,21.449870284464733,20.97671542423821,21.399607155758993,103550684
2013-06-07,21.781646728515625,21.788332299370804,21.42486363655635,21.551136739858233,107385002
2013-06-10,22.04137420654297,22.060687657273938,21.790561005807408,21.840327365647944,93862506
2013-06-11,21.78363037109375,21.961651252148915,21.77644992315463,21.88662912814387,70567517
2013-06-12,21.589763641357422,21.936890038821826,21.532073568550217,21.923520792014372,88522565
2013-06-13,21.714054107666016,21.77991437730152,21.429320073085233,21.515483546038915,83106340
2013-06-14,21.665525436401367,21.904702399689235,21.64299434189157,21.790808788226247,90136592
2013-06-17,21.943078994750977,22.021813632345623,21.7457465763759,21.769267423561008,86173794
2013-06-18,22.298873901367188,22.308282240901228,21.995074787735224,22.002503621732476,87000883
2013-06-19,22.30035972595215,22.551914295702996,22.221623189229927,22.317443389099747,117073180
2013-06-20,21.90569496154785,22.30828356017373,21.870289493085803,22.134720352757736,135385563
2013-06-21,21.811359405517578,22.032955943263804,21.6167497466527,21.994827709762433,159889066
2013-06-24,21.535539627075195,21.697220104452327,21.373612659542456,21.587287391128353,121128323
2013-06-25,21.446651458740234,21.780408579914088,21.404808810536487,21.72049062061163,102510801
2013-06-26,21.6311092376709,21.73881215213661,21.55485087954023,21.633585515443063,73530581
2013-06-27,21.715787887573242,21.904455240403333,21.705389795406894,21.758622187378123,77348840
2013-06-28,21.797494888305664,21.833892005054953,21.64448327523258,21.662061816042264,94324230
2013-07-01,21.983436584472656,22.087426978559353,21.91212888567035,21.94802922520244,69250599
2013-07-02,21.845529556274414,22.060688918184102,21.720741070209304,22.04088058995725,75943592
2013-07-03,21.947538375854492,22.015380056648002,21.75119757407002,21.785859781073544,42036977
2013-07-05,22.122337341308594,22.169875806695227,21.970065220347564,22.036173872795327,68331166
2013-07-08,22.409547805786133,22.438764473007506,22.211225622342248,22.263963138215782,79075287
2013-07-09,22.41326141357422,22.604156652264862,22.233507529312465,22.555876817713667,79472771
2013-07-10,22.43183135986328,22.559342605143403,22.292930374056798,22.368942244867725,68592140
2013-07-11,22.78465461730957,22.79876712649815,22.494473138907388,22.605395602973083,103755449
2013-07-12,22.852991104125977,22.852991104125977,22.66085772012407,22.77871224534223,103113050
2013-07-15,22.894834518432617,22.976788704016258,22.688588618405767,22.88517968852743,78713937
2013-07-16,22.76905632019043,22.976043569911493,22.627679057114456,22.955247386530765,79617311
2013-07-17,22.742813110351562,22.948564138046944,22.687104437325797,22.803472443507015,60469809
2013-07-18,22.547954559326172,22.77871295710611,22.362506740839653,22.753705582527672,145924920
2013-07-19,22.1993408203125,22.356563613865088,21.67963909391103,21.951993643943442,295475379
2013-07-22,22.548446655273438,22.597223259390752,22.209242110146945,22.3330408287486,116563276
2013-07-23,22.37761116027832,22.605396510192502,22.272877490879647,22.548449698694416,82134711
2013-07-24,22.355323791503906,22.538543697675642,22.30085326481473,22.46327509220432,83451629
2013-07-25,21.97898292541504,22.20553013057565,21.938871392923343,22.131748042943915,120493954
2013-07-26,21.92079734802246,22.035680717628214,21.837853413323607,21.961401859659816,71374530
2013-07-29,21.84453582763672,22.155266978118195,21.81036850298239,21.90965283266467,75959652
2013-07-30,22.058704376220703,22.174825872621113,21.80987070214196,21.923517816934638,70487217
2013-07-31,21.98021697998047,22.197111229870973,21.94134548644509,22.109958008059667,87265872
2013-08-01,22.388010025024414,22.396180226103457,22.159727894759047,22.159727894759047,85856610
2013-08-02,22.446195602416992,22.456842081956534,22.303828564798717,22.36869719489789,68812965
2013-08-05,22.407318115234375,22.420194380480172,22.263712964713662,22.416974840149237,52584363
2013-08-06,22.198596954345703,22.523937397197447,22.177798874562733,22.399643794862406,60469809
2013-08-07,22.052021026611328,22.245146056525815,22.01339602062843,22.160715596979774,55374783
2013-08-08,22.101787567138672,22.18052220210503,21.919309029651316,22.17185523000554,59743096
2013-08-09,22.04608154296875,22.172601148428196,22.035928044576266,22.04979406394961,53146462
2013-08-12,21.92475700378418,21.961648992476132,21.829185194665715,21.95917271467217,55286453
2013-08-13,21.819284439086914,21.998789951095404,21.694247564515766,21.957442174557787,57004870
2013-08-14,21.536033630371094,21.79402728147635,21.470421745763907,21.7479753379629,83600184
2013-08-15,21.284725189208984,21.414959203474517,21.24362390616391,21.40307458650139,75048249
2013-08-16,21.216638565063477,21.353558160316272,21.207476715450372,21.324836368524196,67255147
2013-08-19,21.433032989501953,21.590255766985,21.230004762689006,21.236441947078234,72707508
2013-08-20,21.42734146118164,21.59298094685929,21.380792744124598,21.49988540882329,49504863
2013-08-21,21.524150848388672,21.711826548652613,21.45408128450011,21.55683164944897,70555472
2013-08-22,21.63259506225586,21.658343799665538,21.54692647214951,21.607587691291478,34926424
2013-08-23,21.545936584472656,21.73881322499892,21.534548739883366,21.734603931794087,43245489
2013-08-26,21.451356887817383,21.662060458478027,21.442938301224387,21.540738007635813,42257801
2013-08-27,21.04926300048828,21.3854964160605,20.99355433148553,21.283735803531695,69623993
2013-08-28,21.009647369384766,21.17949613740996,20.99033391923345,21.05173840412942,53395392
2013-08-29,21.17999267578125,21.302553268977267,21.01063877081549,21.022523388432607,59361671
2013-08-30,20.968793869018555,21.244614426554694,20.9356162977438,21.18816249893078,74743109
2013-09-03,21.302553176879883,21.446406726671622,21.143348978745426,21.153500580922664,82210996
2013-09-04,21.581096649169922,21.627396980683486,21.173557411082296,21.30181003092376,81954037
2013-09-05,21.77743911743164,21.7853628278008,21.580601561903197,21.627396769347754,51845604
2013-09-06,21.777935028076172,21.88192353113646,21.633338222010227,21.848745957900576,62698130
2013-09-09,21.987648010253906,22.02973904831117,21.848252139453688,21.880686451675302,49569103
2013-09-10,22.00299835205078,22.085447411619985,21.88737171810153,22.036424312660326,51697050
2013-09-11,22.18918800354004,22.208499557624293,21.938869686539633,21.999777399043168,64665477
2013-09-12,22.111692428588867,22.231526457127266,22.036175432202302,22.21914696356977,43984248
2013-09-13,22.012901306152344,22.176563180431447,21.908169538140843,22.14734651352419,53214717
2013-09-16,21.980466842651367,22.209243828263617,21.9089126491206,22.18943739693121,53660381
2013-09-17,21.939613342285156,21.996065272580147,21.813091849498935,21.971801162413723,50564822
2013-09-18,22.365724563598633,22.3818184749727,21.864346513323728,21.945557436752416,77678069
2013-09-19,22.24365997314453,22.431832450926585,22.169629500239413,22.431832450926585,64155573
2013-09-20,22.360525131225586,22.38578089180538,22.17507731446378,22.243660356200394,174463490
2013-09-23,21.94927215576172,22.32289246513598,21.91708433257085,22.18820075943324,71362485
2013-09-24,21.95768928527832,22.038405335030767,21.822999472964135,21.94927259406735,59694916
2013-09-25,21.71974754333496,21.95050592006965,21.679389523821904,21.95050592006965,66207234
2013-09-26,21.743022918701172,21.856421658943702,21.664534767609503,21.746242459238765,50584897
2013-09-27,21.698949813842773,21.72692644224205,21.573171594832644,21.66007642614762,50540732
2013-09-30,21.687068939208984,21.80913466955514,21.498898334172903,21.517963401721296,69154239
2013-10-01,21.96164894104004,21.978235830916244,21.789570387003103,21.79452104652148,67644602
2013-10-02,21.986162185668945,22.020081125209757,21.734357337559025,21.855926275319586,60036190
2013-10-03,21.6915225982666,22.137440319777713,21.592733143739746,21.986408228872627,84997401
2013-10-04,21.598922729492188,21.726682364018604,21.540737782627165,21.66453461404647,54523605
2013-10-07,21.43526268005371,21.63952906286367,21.394904659074513,21.47760210257969,51937949
2013-10-08,21.136417388916016,21.441206262954903,21.085907763134372,21.424865861476388,78039419
2013-10-09,21.190637588500977,21.358753326992957,20.87173626264561,21.201035679178133,106449509
2013-10-10,21.497163772583008,21.511771158941034,21.298344805977393,21.388220808152457,90550137
2013-10-11,21.590009689331055,21.62690168051033,21.42437020444489,21.442443620692043,56567236
2013-10-14,21.692020416259766,21.69548834334188,21.426599801353948,21.45804436271523,49930453
2013-10-15,21.838098526000977,21.92772802628299,21.639776357832385,21.683352021039873,63914673
2013-10-16,22.234745025634766,22.24217385909133,21.887616760517975,21.933670598145977,80604999
2013-10-17,22.005970001220703,22.20677036346632,21.930206511285476,22.109960406283456,170902191
2013-10-18,25.041975021362305,25.142251005481313,24.115723825847578,24.179602695585682,464390148
2013-10-21,24.84117889404297,25.22990147728447,24.748329838960128,25.043215510358433,145675990
2013-10-22,24.932785034179688,25.08134274672226,24.655231445984164,24.883267060717507,88675135
2013-10-23,25.53716468811035,25.619862133991653,24.775068333291866,24.7842282865431,106927293
2013-10-24,25.392074584960938,25.76396185651555,25.373504396378554,25.548554115625322,83997668
2013-10-25,25.135812759399414,25.473035915823804,25.025385178025154,25.473035915823804,81524432
2013-10-28,25.130861282348633,25.339583451081438,25.081094921553127,25.135813838236842,46521724
2013-10-29,25.656753540039062,25.67408369338334,25.093722644544886,25.232375247767393,64440637
2013-10-30,25.512651443481445,25.688196023071306,25.403213619639406,25.68621462167287,53162522
2013-10-31,25.51661491394043,25.78748294075007,25.35295493414193,25.475762015548046,65845885
2013-11-01,25.428964614868164,25.650811436305247,25.380933165412646,25.546572648792747,51524405
2013-11-04,25.40593719482422,25.56093208713245,25.304919849696006,25.53939074550282,45722740
2013-11-05,25.29229164123535,25.54310482965788,25.190779421082908,25.263323362639046,47433127
2013-11-06,25.3227481842041,25.427974828246498,25.140023141654666,25.393312625249237,36652871
2013-11-07,24.956308364868164,25.351964869819014,24.94863304087949,25.319282172291146,67435822
2013-11-08,25.156362533569336,25.2175186328331,24.969923081578674,24.976113776193177,51825529
2013-11-11,25.02167320251465,25.153890524899186,24.957547839079712,24.99493281219759,44670812
2013-11-12,25.051136016845703,25.194244399394027,24.883266751795674,24.95011677357089,48906630
2013-11-13,25.56340980529785,25.57281814463319,24.920406125245936,24.9265968201129,63412799
2013-11-14,25.631746292114258,25.743658507195747,25.51091871801487,25.59931008481542,46842923
2013-11-15,25.59040069580078,25.700331518669625,25.50993113626865,25.622835009781852,51243355
2013-11-18,25.540630340576172,25.966246775218536,25.48343704192622,25.644620741864355,70651832
2013-11-19,25.383405685424805,25.619859874904392,25.33017329775098,25.54483965582327,45433661
2013-11-20,25.311853408813477,25.58544609722769,25.26357167694812,25.501015637039487,38692487
2013-11-21,25.603023529052734,25.708003678774332,25.40321483113408,25.427973817444784,43835693
2013-11-22,25.549049377441406,25.655019286093484,25.48294261465884,25.586931121701635,50356042
2013-11-25,25.89667320251465,26.076427098732257,25.62654653375377,25.6795324374678,64761837
2013-11-26,26.205671310424805,26.282178063334396,25.822642669482576,25.962781804737784,91794785
2013-11-27,26.322038650512695,26.4431127083065,26.24503702869664,26.295298263118347,45112461
2013-11-29,26.234886169433594,26.40894423451556,26.231420138834462,26.298518547391424,47890836
2013-12-02,26.10836410522461,26.402259982237624,26.0162583258304,26.331942034760143,55133884
2013-12-03,26.078157424926758,26.33020875475572,25.973177277193386,26.020962233632716,67295297
2013-12-04,26.199974060058594,26.34357920791234,25.997440707206742,26.03136154080551,47842656
2013-12-05,26.17917823791504,26.23661992279172,26.02443172299424,26.175712207218403,45517975
2013-12-06,26.48941421508789,26.49263185952016,26.247017702497658,26.487432813537083,57366220
2013-12-09,26.69417381286621,26.797422847310752,26.44360899388484,26.51714458911866,59526286
2013-12-10,26.85560417175293,27.04501477302532,26.63252112245463,26.64490251136218,74433955
2013-12-11,26.67313003540039,27.0205048180751,26.620639008946345,26.923448371675384,68728650
2013-12-12,26.491641998291016,26.813019640281734,26.467872764090824,26.729580830436998,64099363
2013-12-13,26.264598846435547,26.64837074012383,26.192796265238222,26.626334520559666,86820208
2013-12-16,26.566415786743164,26.608753313191716,26.294804504275127,26.3440759880985,64320188
2013-12-17,26.489166259765625,26.75904453184398,26.452522654986854,26.562455365401235,61658247
2013-12-18,26.85783576965332,26.862786429472088,26.221269274197557,26.538437628025235,88743390
2013-12-19,26.894229888916016,27.037091780704728,26.717447161992062,26.759289810944804,66877738
2013-12-20,27.25076675415039,27.264384386360593,26.938302579814493,26.945729517348237,130953011
2013-12-23,27.609281539916992,27.626613588097467,27.36218277053424,27.42952766576169,69122119
2013-12-24,27.5285701751709,27.61275035465452,27.43596951283738,27.606066679345833,29478078
2013-12-26,27.667715072631836,27.705845199693982,27.4505743326376,27.582294866054173,53712576
2013-12-27,27.690988540649414,27.737535356124994,27.55580198112447,27.730603295455364,63023345
2013-12-30,27.469642639160156,27.742986953263376,27.458747774119633,27.739026046011432,49629328
2013-12-31,27.74818229675293,27.755362743742623,27.39040946260135,27.53847039329348,54519590
2014-01-02,27.560260772705078,27.674897652857684,27.439929970106252,27.61819923031049,73129082
2014-01-03,27.359214782714844,27.654595314196445,27.357481767304026,27.60681035316426,66917888
2014-01-06,27.664249420166016,27.70237765167119,27.394866041436792,27.55753625703793,71037271
2014-01-07,28.197568893432617,28.21812048382695,27.759328364985123,27.854403408544776,102486711
2014-01-08,28.256250381469727,28.40703599016514,28.059659318704977,28.374353292433828,90036218
2014-01-09,27.984142303466797,28.3302808357259,27.868269180389266,28.310969280572337,83692529
2014-01-10,27.98265838623047,28.203018689175,27.786315704822847,28.203018689175,86061375
2014-01-13,27.804393768310547,28.396887901952766,27.660540203247052,27.890803744989277,97118665
2014-01-14,28.458532333374023,28.49814898703242,27.930908813216274,28.175038335652715,99676216
2014-01-15,28.439220428466797,28.59718647656239,28.31963289462489,28.54742011800222,78300393
2014-01-16,28.62739372253418,28.66973314489796,28.423870603093697,28.45110586788695,67608467
2014-01-17,28.486515045166016,28.73658500005772,28.32978712146262,28.642994582631914,108457005
2014-01-21,28.812597274780273,28.82002421299175,28.505578608449735,28.74401233503417,79492846
2014-01-22,28.845277786254883,28.91633710262923,28.692759165505187,28.88464415833814,63091600
2014-01-23,28.723461151123047,28.782635851819776,28.581589005109645,28.720984873154833,78256228
2014-01-24,27.8254337310791,28.56128453534627,27.804884037794157,28.498395420484204,156283602
2014-01-27,27.265869140625,27.8915426508243,26.796430562427993,27.881639435374503,174796734
2014-01-28,27.805130004882812,27.872971674185635,27.481524483877166,27.49093282269999,88739375
2014-01-29,27.40675163269043,27.773934725160824,27.22105543985541,27.708817717793504,95552818
2014-01-30,28.11165428161621,28.53504283760817,27.9101125539145,28.34959312491205,204419353
2014-01-31,29.240192413330078,29.378101759409276,28.50137040471612,29.00200518364637,223486554
2014-02-03,28.063125610351562,29.258760220500065,28.027968530409076,29.196365978796504,183449044
2014-02-04,28.180238723754883,28.597188191117713,28.15176531912558,28.176029430402213,112897588
2014-02-05,28.305023193359375,28.492452394294755,27.92917503880135,28.30948087260793,96139007
2014-02-06,28.719995498657227,28.724948054658878,28.41273035404171,28.501370109218293,78155853
2014-02-07,29.152790069580078,29.164179810571202,28.73485085225257,28.909898676131625,105843245
2014-02-10,29.04112434387207,29.275595239287476,28.944314395884263,29.01314392155909,78099643
2014-02-11,29.468223571777344,29.510068116184215,29.02329750297774,29.220381533938966,82339476
2014-02-12,29.38181495666504,29.46376913790238,29.250342801265926,29.43900825474345,69238554
2014-02-13,29.70888900756836,29.70888900756836,29.207755570969027,29.234744346362728,73731331
2014-02-14,29.780691146850586,29.820059417952788,29.53309746688778,29.60267026328296,87795852
2014-02-18,29.98074722290039,30.030018708609692,29.711365717890857,29.74627630801168,84672187
2014-02-19,29.76930046081543,29.93964600368545,29.649464539571554,29.842587667358234,84459392
2014-02-20,29.81312370300293,29.88195512439828,29.716808631860303,29.789106083730854,68287001
2014-02-21,29.80520248413086,29.95573970871793,29.781681635313532,29.9047352078565,74771214
2014-02-24,30.021106719970703,30.21051734793081,29.83763840109231,29.844077482662666,67223027
2014-02-25,30.206552505493164,30.31796984521534,29.969356930724352,30.106030030378108,57763704
2014-02-26,30.21076202392578,30.42641624378,30.052052713686567,30.30558867526483,79585191
2014-02-27,30.186992645263672,30.311286251513412,30.132522114237748,30.1666913372821,50588912
2014-02-28,30.098848342895508,30.310293272645943,29.865367194689053,30.214969847533418,92890878
2014-03-03,29.777965545654297,29.90547679064541,29.51675236102678,29.87848801650112,84507572
2014-03-04,30.08052635192871,30.1075151259374,29.946577922826286,30.082754243558625,58928052
2014-03-05,30.163471221923828,30.282812269959617,29.993868937153117,30.08399331864113,49597208
2014-03-06,30.196897506713867,30.358824469313642,30.171890133149994,30.263004268356486,50914126
2014-03-07,30.077556610107422,30.379622703826602,29.99461267485031,30.374918534130114,60831159
2014-03-10,29.997833251953125,30.148123998940108,29.81263380817091,30.099842262196105,48766105
2014-03-11,29.711116790771484,30.065920400234486,29.628170959377666,30.0523008714341,68776830
2014-03-12,29.892108917236328,29.90572655000324,29.319918058719384,29.622230643791756,78866507
2014-03-13,29.440494537353516,29.971337606501514,29.334027860058065,29.90820010427963,94175675
2014-03-14,29.037904739379883,29.485308979784804,29.031219168541796,29.265443573306356,92099924
2014-03-17,29.515764236450195,29.63881970494702,29.169379209295457,29.197606123925848,86808163
2014-03-18,29.990154266357422,29.99683983747659,29.539532362732533,29.579395507148128,72872123
2014-03-19,29.692792892456055,30.008228210618196,29.57295507844924,30.00352404125043,64757822
2014-03-20,29.64104652404785,29.949301409516185,29.596479209990136,29.710124438778788,67640587
2014-03-21,29.291440963745117,29.949797154176004,29.276833579115547,29.867594590153367,128821050
2014-03-24,28.66973304748535,29.337495701172532,28.373112497881117,29.319917161835278,121939352
2014-03-25,28.68929100036621,28.964616696829015,28.399111428730624,28.869541656901912,96769361
2014-03-26,28.0269775390625,29.007450852476484,28.015339412261156,28.770750162431,103586819
2014-03-27,27.6820011138916,28.15488489365049,27.407394015529125,28.15488489365049,262719
2014-03-28,27.757841110229492,28.07706101655595,27.692411249293194,27.81781785072842,824257
2014-03-31,27.608144760131836,28.10531729489633,27.606163358516994,28.099864174279794,216593
2014-04-01,28.113245010375977,28.17719024048107,27.69439190270021,27.69439190270021,158434
2014-04-02,28.105318069458008,29.98049196040599,27.86689382608366,29.74058119176002,2942055
2014-04-03,28.241132736206055,29.110564160997544,27.963053928245348,28.246585856700364,101983228
2014-04-04,26.9226131439209,28.63916862345893,26.915673498276536,28.48451501772601,127386783
2014-04-07,26.675264358520508,27.18730589183361,26.13001112418015,26.80364589910364,88033033
2014-04-08,27.505537033081055,27.510493380972108,26.846771277199345,26.895845567985937,63024560
2014-04-09,27.96354866027832,28.024517045779017,27.408877610026956,27.739498612923626,66616395
2014-04-10,26.814056396484375,28.006177519378358,26.762009055299064,28.006177519378358,80737057
2014-04-11,26.301023483276367,26.766965696872155,26.099278885454257,26.39768174877928,78496923
2014-04-14,26.396194458007812,26.970196037615825,26.249472152617127,26.680221249517572,51501009
2014-04-15,26.590503692626953,26.69013690563302,25.699261688184492,26.609339331921344,77101101
2014-04-16,27.58683204650879,27.609632386574596,26.766967843227626,26.915675358489278,97865955
2014-04-17,26.57364845275879,27.237867319646547,26.32828458658099,27.203663969091075,136190888
2014-04-21,26.202878952026367,26.603393234198183,26.053183579724383,26.573651351868495,51334553
2014-04-22,26.509708404541016,26.629663783791074,26.147857073049035,26.203871011463722,47307527
2014-04-23,26.11960220336914,26.463112753119056,26.085400748945986,26.459146158005783,41046384
2014-04-24,26.031370162963867,26.353070128465472,25.880681262074624,26.274752627757945,37663121
2014-04-25,25.58624267578125,26.008567460959647,25.54857140202252,25.90001131859461,42007014
2014-04-28,25.634326934814453,25.706199664503202,24.92301899083341,25.635813459904835,66710653
2014-04-29,26.15727424621582,26.24451469224816,25.593185345388648,25.621935576489655,53981801
2014-04-30,26.10572624206543,26.172147757904256,25.900511801120214,26.152320468043087,35023895
2014-05-01,26.338199615478516,26.41651711745444,25.96792212629148,26.128028849069572,38110345
2014-05-02,26.16867446899414,26.469555496268818,26.053675444598564,26.457659503143265,33770463
2014-05-05,26.162731170654297,26.216761817925605,25.84103304567932,26.01452231416183,20482080
2014-05-06,25.53469467163086,26.113157729575267,25.53072997255073,26.034840228138307,33780490
2014-05-07,25.277929306030273,25.611030386482252,24.947805067980116,25.566914340518444,64486563
2014-05-08,25.329483032226562,25.638293473286875,25.103944547293214,25.203577760977893,40426688
2014-05-09,25.712646484375,25.770641824383098,24.99241743632334,25.317090469015227,48789585
2014-05-12,26.267316818237305,26.280699336886247,25.726525030340355,25.949583440498877,38250730
2014-05-13,26.424449920654297,26.57216388602983,26.246995970079926,26.315400780154416,33068541
2014-05-14,26.105228424072266,26.419986852160598,26.037815266924877,26.419986852160598,23835261
2014-05-15,25.774606704711914,26.06656670446755,25.647711678808417,26.058138637375418,34087331
2014-05-16,25.80682373046875,25.864819064076904,25.549563885961128,25.844495005459002,29705333
2014-05-19,26.21477508544922,26.260377658696946,25.655790418627213,25.76072885845905,25555972
2014-05-20,26.2598819732666,26.580093521034748,26.08787925800682,26.258393552041017,35695734
2014-05-21,26.714427947998047,26.72647183676601,26.3659610069649,26.415033407028446,23925508
2014-05-22,27.017784118652344,27.143687489417697,26.805630056149614,26.822979169768224,32316482
2014-05-23,27.396486282348633,27.44308050358678,26.95036946173348,27.126833650802908,38643806
2014-05-27,28.05327033996582,28.055748514077305,27.47827516767997,27.560064393749524,42083223
2014-05-28,27.841609954833984,28.146950550409553,27.807903377705934,27.984862433608715,33040464
2014-05-29,27.762304306030273,27.95661249935694,27.694394370802687,27.924392443255687,27082150
2014-05-30,27.75288200378418,27.825251503146614,27.555598895691997,27.79798779974763,35422988
2014-06-02,27.457454681396484,27.802946641675145,27.050994332394893,27.79303394578824,28700582
2014-06-03,27.011837005615234,27.37864470720941,26.893368144461764,27.311726419783,37332215
2014-06-04,26.997957229614258,27.193751934099847,26.705007487430354,26.84132032837898,36329469
2014-06-05,27.455968856811523,27.508016199779913,26.98754656225215,27.084204830005977,33782496
2014-06-06,27.5764217376709,27.662175662723577,27.209614049232773,27.662175662723577,34735104
2014-06-09,27.863420486450195,27.902085309888864,27.562046465938096,27.617066858569682,29350361
2014-06-10,27.785602569580078,27.936786367595623,27.654246061661087,27.783619271746954,27034019
2014-06-11,27.700838088989258,27.752388659931984,27.511486251149208,27.65920021426871,22002242
2014-06-12,27.32956886291504,27.65870334554136,27.186314485767753,27.624499995451224,29169867
2014-06-13,27.34989356994629,27.37666050481675,27.042569643365272,27.374677207099495,24410836
2014-06-16,26.9791202545166,27.243816543632466,26.842310638287135,27.225972553024384,34051232
2014-06-17,26.916168212890625,27.030670469256457,26.73375602567648,26.97515330443519,28891103
2014-06-18,27.429697036743164,27.43911485593783,26.965239469505825,27.0078689901327,34835379
2014-06-19,27.505537033081055,27.510493380972108,27.188793411085776,27.472822103275327,49136535
2014-06-20,27.57790756225586,27.638381076221904,27.282083357845362,27.60219632233315,90166875
2014-06-23,28.003698348999023,28.006176522860905,27.47331605237378,27.51792697404355,30736155
2014-06-24,27.987340927124023,28.38517789626204,27.808398571676282,28.015594384485894,44142862
2014-06-25,28.68278694152832,28.747721924164928,28.017083442570737,28.019064844061532,39387843
2014-06-26,28.55143165588379,28.871148338635773,28.345722354821472,28.799275603631642,34839390
2014-06-27,28.612897872924805,28.74326272485669,28.442381670480085,28.609924822414598,44738493
2014-06-30,28.515743255615234,28.72839030318055,28.48947119837932,28.6832845028352,26275943
2014-07-01,28.88205337524414,28.96780539808348,28.58365051842655,28.66642949098923,28959290
2014-07-02,28.865446090698242,29.019356421132922,28.76903432222914,28.915758517466802,21127848
2014-07-03,28.984161376953125,28.99804066707395,28.79530633133776,28.91575847116093,14283107
2014-07-07,28.861234664916992,29.06843239385145,28.72938328839336,28.93608424485986,21292298
2014-07-08,28.30805206298828,28.726309833265766,28.062439790554524,28.63371675397545,38190565
2014-07-09,28.555397033691406,28.587120314387967,28.22309040677854,28.33233862787557,22335153
2014-07-10,28.30854606628418,28.580676879019492,28.006675269032424,28.05128619384612,27134293
2014-07-11,28.709060668945312,28.79183964628481,28.324408994660388,28.348697755018602,32434806
2014-07-14,28.991104125976562,29.00795836410403,28.652056922605734,28.87858516397877,37081529
2014-07-15,28.986644744873047,29.037453953071513,28.579192702921155,29.034232516167037,32460877
2014-07-16,28.88155746459961,29.16608103907465,28.858755230100932,29.146253751019383,27942506
2014-07-17,28.43891143798828,28.79877755778306,28.185119504583025,28.726408053526743,60331186
2014-07-18,29.49720001220703,29.5824571646386,28.84884368516678,29.39409697255905,80283816
2014-07-21,29.2191162109375,29.463488420772464,29.009095244676786,29.33213383110015,41242922
2014-07-22,29.480344772338867,29.723725350885292,29.275130348868483,29.28108024179057,33983045
2014-07-23,29.54180908203125,29.634502647005252,29.36930959421977,29.40549624276701,24663528
2014-07-24,29.41144371032715,29.716289436751758,29.33312431404724,29.56510566048733,20702684
2014-07-25,29.196813583374023,29.33758790178441,29.098172016386588,29.265218392927416,18649061
2014-07-28,29.27513313293457,29.36931323473139,28.985308094981782,29.149726518756445,19736037
2014-07-29,29.02778434753418,29.230518695861047,28.92393805138168,29.18342959865373,26997920
2014-07-30,29.117502212524414,29.220605243429976,28.9479776748117,29.074377815538263,20329662
2014-07-31,28.333328247070312,28.930628833685525,28.25401909766364,28.779445056599812,42055146
2014-08-01,28.05921745300293,28.549450333271203,27.899607497411562,28.273849698016903,39105069
2014-08-04,28.4101619720459,28.519211107716767,27.961566975132044,28.20643597216253,28546159
2014-08-05,28.009647369384766,28.352166276667543,27.88770869680822,28.25649966092763,31024946
2014-08-06,28.074283599853516,28.28871863758267,27.75833444568157,27.84656653620528,26687069
2014-08-07,27.92488670349121,28.248569990479456,27.81286261636295,28.1548847708693,22218835
2014-08-08,28.193052291870117,28.266413448794026,27.775685689217095,27.93480076938408,29895854
2014-08-11,28.148937225341797,28.278310429287856,28.05574877670273,28.25352679186291,24294518
2014-08-12,27.893657684326172,28.050789455653096,27.801955770670713,27.98238465168841,30840441
2014-08-13,28.49095916748047,28.50186540888344,28.043355795519943,28.120683549890153,28784812
2014-08-14,28.484516143798828,28.645612629096938,28.29764247646115,28.5603554764372,19709966
2014-08-15,28.42652130126953,28.718974291688603,28.279797085544793,28.64362983411712,30383189
2014-08-18,28.856775283813477,28.973260844022366,28.551432757070103,28.556885877785668,25682318
2014-08-19,29.089744567871094,29.11353845088213,28.94797860684079,28.997547774388604,19573592
2014-08-20,28.97226905822754,29.08181497194547,28.877097312781277,29.041170641240882,20734771
2014-08-21,28.916751861572266,28.97276390543001,28.806214299105903,28.939059220699797,18296094
2014-08-22,28.876602172851562,29.009248005165503,28.78143042827387,28.92765786807895,15781209
2014-08-25,28.759618759155273,28.997548111642807,28.7001368950529,28.983668820411115,27228551
2014-08-26,28.643627166748047,28.83892699049135,28.58018060549585,28.812160057696023,32793789
2014-08-27,28.3035888671875,28.674856110611255,28.259125837800106,28.614382598488373,34067276
2014-08-28,28.214365005493164,28.415117952430386,28.110272219136164,28.232210891669453,25858801
2014-08-29,28.333328247070312,28.35513883198054,28.108735915226333,28.319945728744973,21675347
2014-09-02,28.617359161376953,28.64214279847508,28.313008285970085,28.34572321784149,31568434
2014-09-03,28.64759635925293,28.897916596416184,28.501865688838365,28.7497058557834,24302540
2014-09-04,28.847850799560547,29.047115328335476,28.711041185131176,28.749704112312333,29163850
2014-09-05,29.05108070373535,29.074377813554765,28.846363063132102,28.9469879201449,32647388
2014-09-08,29.23151206970215,29.33312668804159,29.061987517595618,29.076858458251618,28620362
2014-09-09,28.799772262573242,29.19582317652202,28.749706318257072,29.190866828162147,25744488
2014-09-10,28.90336799621582,28.923195284233998,28.59802548544223,28.824058844143106,19547521
2014-09-11,28.81662368774414,28.839425923198494,28.56432015681373,28.7675512899565,24420864
2014-09-12,28.532594680786133,28.83099753607886,28.47509611625877,28.799274255514728,32033708
2014-09-15,28.407684326171875,28.49938624566195,28.165293498618905,28.399753031629924,31951483
2014-09-16,28.74722671508789,28.824059591237564,28.385874049776987,28.390830397890486,29607064
2014-09-17,28.986146926879883,29.122459768806692,28.688984097205108,28.750200872568833,33856699
2014-09-18,29.209203720092773,29.222586238105933,28.99754643711018,29.09668287155593,28891103
2014-09-19,29.54676628112793,29.56659356929979,29.22060672707352,29.31974316793282,74732617
2014-09-22,29.115026473999023,29.44113674074412,28.921213161483614,29.43474316534838,33790518
2014-09-23,28.80571937561035,29.08925131348026,28.79927650215592,29.08925131348026,29428575
2014-09-24,29.145755767822266,29.227048214295287,28.775480183330863,28.822074403129065,34562632
2014-09-25,28.504838943481445,29.145263991734573,28.46121966536317,29.123950177114814,38519466
2014-09-26,28.605955123901367,28.712527975878476,28.485008105168543,28.55440455725391,28873054
2014-09-29,28.569276809692383,28.65998518183374,28.312015048812132,28.340765279723072,25648224
2014-09-30,28.618844985961914,28.742270188119765,28.39529169292839,28.597531172344024,32434806
2014-10-01,28.16826629638672,28.629748909038984,28.105809489720958,28.55192628691423,28909153
2014-10-02,28.25798797607422,28.34869824965519,27.922905465501206,28.120683478648036,23568530
2014-10-03,28.515743255615234,28.612153135398326,28.377941992354945,28.405205698402522,22834521
2014-10-06,28.618350982666016,28.799276653983398,28.47410683886675,28.690225616369585,24292512
2014-10-07,27.9437198638916,28.515245158674052,27.9437198638916,28.472120761877065,38226664
2014-10-08,28.377944946289062,28.44634976063381,27.633921952312466,28.03443624531034,39817018
2014-10-09,27.801956176757812,28.32787701183927,27.711740786892268,28.312511195961374,50496258
2014-10-10,26.989530563354492,28.012623978298844,26.967719976769075,27.645321413614244,61638766
2014-10-13,26.430397033691406,27.237868416102074,26.42494580929951,27.01431322977088,51633371
2014-10-14,26.664857864379883,27.123365584542036,26.42841502402432,26.71244373750362,44451708
2014-10-15,26.27277183532715,26.41007633489148,25.691333780988945,26.321347461569484,74387672
2014-10-16,25.999149322509766,26.2430266562686,25.5277540152545,25.7260268829689,74171079
2014-10-17,25.337909698486328,26.319860102465142,25.207048076637065,26.134969735312623,110787334
2014-10-20,25.817235946655273,25.86284041628147,25.18573387446622,25.252652157624265,52150788
2014-10-21,26.099773406982422,26.112166171877917,25.7314792433807,26.032855131055754,46725935
2014-10-22,26.40561294555664,26.75705290206755,26.211799642824893,26.26583028199455,58385859
2014-10-23,26.964250564575195,27.124850268357605,26.561258143683904,26.73326086063673,46976621
2014-10-24,26.75606346130371,27.00886185801077,26.5582835610546,26.983086573148473,39462046
2014-10-27,26.80513572692871,26.985564616167107,26.61974859364237,26.61974859364237,23706909
2014-10-28,27.208126068115234,27.212090767248284,26.847268292121125,26.915673098731848,25419598
2014-10-29,27.229440689086914,27.470344992577,27.112955132670642,27.262652392614015,35410955
2014-10-30,27.278017044067383,27.401442240958502,26.940951259424406,27.210603887138788,29113713
2014-10-31,27.712732315063477,27.737021073767725,27.498100081823548,27.726114833325347,40701440
2014-11-03,27.521400451660156,27.65424347247718,27.422758886832078,27.53527974303609,27645693
2014-11-04,27.466379165649414,27.535280748672655,27.227954925608675,27.411358770587128,24884132
2014-11-05,27.060413360595703,27.599718647978943,26.967719790307182,27.599718647978943,40645286
2014-11-06,26.86808967590332,27.10824883545822,26.81505068070962,27.039595636374333,26665008
2014-11-07,26.817031860351562,27.07478660514586,26.701041182351208,27.07478660514586,32675465
2014-11-10,27.138235092163086,27.24232977664816,26.817526763968935,26.83933734968172,22692131
2014-11-11,27.277029037475586,27.35881826866075,27.079251011796497,27.18780717956922,19310873
2014-11-12,27.12931251525879,27.285452648016904,27.023236427787747,27.281984721231947,22593862
2014-11-13,27.033647537231445,27.252741267275926,26.939467437837763,27.252741267275926,26787343
2014-11-14,26.985069274902344,27.09808501186288,26.87354006319601,27.09808501186288,25790614
2014-11-17,26.593975067138672,26.95483286947321,26.472582455410596,26.94442340040136,34520517
2014-11-18,26.520614624023438,26.863131671620454,26.47798509770871,26.643048185967775,39253475
2014-11-19,26.617769241333008,26.679727387883002,26.27525030319088,26.51912767031618,27844237
2014-11-20,26.510696411132812,26.524575701708564,26.324816305626893,26.333242476025614,31267610
2014-11-21,26.643047332763672,26.873045403992325,26.596453108411453,26.846773345205627,44485801
2014-11-24,26.73078155517578,26.9008028754681,26.54985778599665,26.650480752948727,34127440
2014-11-25,26.82050323486328,26.964252503681394,26.697671500189276,26.717400193333717,35798014
2014-11-26,26.785308837890625,26.84379905382522,26.62034435860648,26.81058735056049,30459397
2014-11-28,26.857677459716797,26.866103630328944,26.598434299699658,26.797698824484126,22966883
2014-12-01,26.45964241027832,26.836859557716807,26.36348091495049,26.712442707010492,42307838
2014-12-02,26.457162857055664,26.54390842417279,26.261368157662965,26.445266863873307,30533600
2014-12-03,26.336715698242188,26.568497984698023,26.23460430327648,26.34266369553129,25559983
2014-12-04,26.633628845214844,26.635117266521913,26.20139129764169,26.328783096824004,27842232
2014-12-05,26.036325454711914,26.41453421672572,25.98774983507161,26.320849007840618,51312493
2014-12-08,26.121585845947266,26.32085037068215,25.963462421549202,26.1290203677659,46587556
2014-12-09,26.43832778930664,26.47897401362222,25.800382862213358,25.88167341476651,37426473
2014-12-10,26.07598304748535,26.58504964748732,26.051197516149312,26.423953174192942,34245764
2014-12-11,26.18899917602539,26.465591451460387,26.127534015253392,26.162232242792264,32216207
2014-12-12,25.709178924560547,26.19693367521569,25.709178924560547,25.949586476709737,39891221
2014-12-15,25.46827507019043,25.92926096245203,25.442003011574005,25.911416971138582,56268061
2014-12-16,24.55571937561035,25.431098838076743,24.238977625206992,25.357242802125377,79285081
2014-12-17,25.026620864868164,25.131210435675904,24.626108469863347,24.63552629039238,57663883
2014-12-18,25.33443832397461,25.471742810779876,25.017199829175887,25.42614023932157,58534266
2014-12-19,25.59467315673828,25.662581189604197,25.126795058231355,25.354760513807754,73804074
2014-12-22,26.016998291015625,26.09581257110514,25.58129091066849,25.58129091066849,54475152
2014-12-23,26.300527572631836,26.497313918682707,26.087381866034,26.122576864929773,43952341
2014-12-24,26.21031379699707,26.358475233156007,26.123568225475445,26.296562596065392,14118657
2014-12-26,26.47104263305664,26.48194887373871,26.1379434413765,26.21031294665347,20810980
2014-12-29,26.287639617919922,26.54291808800447,26.271828222948074,26.37983830983756,45570772
2014-12-30,26.292098999023438,26.32828374991083,26.12901923382359,26.1766051012005,17525986
2014-12-31,26.092836380004883,26.40016219084098,26.06309449970273,26.333243908200153,27364925
2015-01-02,26.01402473449707,26.334238220226776,25.978831626240247,26.22221222943221,28951268
2015-01-05,25.471744537353516,25.99023088784582,25.43159508343958,25.937191894961067,41196796
2015-01-06,24.88138198852539,25.58599869812668,24.83627618927803,25.52775497450314,57998800
2015-01-07,24.83875274658203,25.1433007731312,24.766878122983478,25.131205692435415,41301082
2015-01-08,24.917072296142578,24.95672687186251,24.338112456906735,24.68459606613181,67071641
2015-01-09,24.594383239746094,25.02810541050365,24.525978431139116,25.020176012006146,41427428
2015-01-12,24.41494369506836,24.5847659247843,24.167596522502024,24.533412547129785,46535413
2015-01-13,24.594879150390625,24.93194306736318,24.40701383102922,24.72673052899069,47409807
2015-01-14,24.82735252380371,24.944332947923492,24.43724776174983,24.519036979443538,44714427
2015-01-15,24.87295913696289,25.065780813643205,24.673197813921888,25.06032769262317,54316718
2015-01-16,25.184743881225586,25.190197002099815,24.78422959693271,24.784726369418472,45965854
2015-01-20,25.126253128051758,25.403835177010507,25.08243476201235,25.329484264526595,44640224
2015-01-21,25.678443908691406,25.739909068892977,25.09155278452715,25.14360012535243,45374234
2015-01-22,26.488887786865234,26.58505117924572,25.760729334483454,25.848959536144456,53538588
2015-01-23,26.764488220214844,26.874530903355588,26.419987898996922,26.5483713453408,45634948
2015-01-26,26.529531478881836,26.7173967739583,26.254924411728403,26.69409966471834,30874534
2015-01-27,25.707691192626953,26.305983484410532,25.685880605661076,26.269796832907122,38080263
2015-01-28,25.27991485595703,25.923809716996388,25.27991485595703,25.91340024805237,33676205
2015-01-29,25.3126277923584,25.33394160495844,24.84371064261155,25.32948202954386,83727244
2015-01-30,26.495332717895508,26.76052388911125,25.553531765144804,25.57038600337033,112127002
2015-02-02,26.195941925048828,26.419990113281223,25.703725704198444,26.357038419893186,56996054
2015-02-03,26.233610153198242,26.439814325180492,25.937190589429875,26.172144992300165,40773638
2015-02-04,25.91240692138672,26.403730031575442,25.838550890775853,26.233610120442044,33273101
2015-02-05,26.151325225830078,26.1969296927149,25.87919443002473,25.96346182241464,36995292
2015-02-06,26.320850372314453,26.628174278084884,26.093330493283066,26.15430077729601,35270570
2015-02-09,26.163719177246094,26.370420124476922,26.07400055667949,26.172145348043635,25355423
2015-02-10,26.615285873413086,26.652959046019927,26.11861015288416,26.236582226286192,34997823
2015-02-11,26.56720542907715,26.69013574768307,26.438723394197698,26.53399372749,27555446
2015-02-12,26.912200927734375,27.00588614096859,26.50291542999051,26.63065420383364,32404724
2015-02-13,27.213581085205078,27.258192011892717,26.922117848232237,26.933024089744787,38006060
2015-02-17,26.90774154663086,27.262651322486604,26.82099597819496,27.105519546586716,32336537
2015-02-18,26.75209617614746,27.03909791719885,26.643540022979543,26.836363570262037,29061570
2015-02-19,26.909229278564453,26.921125272461154,26.668326869804854,26.66981339502242,19782163
2015-02-20,26.714921951293945,26.952851317265857,26.55877991608825,26.92211778662045,28887092
2015-02-23,26.365957260131836,26.590452887883774,26.24203529439718,26.571169775263527,29157834
2015-02-24,26.57315444946289,26.607852677509324,26.184538087498893,26.271281761536947,20101036
2015-02-25,26.95879554748535,27.07528109202089,26.5411806023394,26.56373444871769,36519991
2015-02-26,27.534284591674805,27.56700141663643,26.841319296444446,26.926081564951225,46230579
2015-02-27,27.679027557373047,27.99180459869573,27.40639996955429,27.472823377117432,48203982
2015-03-02,28.32044219970703,28.36059165033364,27.69637468700627,27.784606778409266,42592618
2015-03-03,28.434452056884766,28.52119573466773,28.081523660464953,28.276328622302362,34095352
2015-03-04,28.42106819152832,28.60645344086759,28.155382136294097,28.346715382802085,37536775
2015-03-05,28.51822280883789,28.646109486244605,28.42305106340804,28.502855095630956,27792094
2015-03-06,28.139266967773438,28.585135367463103,28.09341601268762,28.495911631069365,33182854
2015-03-09,28.197019577026367,28.26740578916751,27.93356331377041,28.098376112594412,21242161
2015-03-10,27.510990142822266,27.998742935495084,27.497110851870268,27.969002952082228,35846146
2015-03-11,27.321142196655273,27.666139285069335,27.296358560536824,27.51743367620255,36415706
2015-03-12,27.53577423095703,27.578401857229135,27.285452113348743,27.436637791154656,27792094
2015-03-13,27.12980842590332,27.6790263814099,26.976146472060318,27.436140684791667,34071287
2015-03-16,27.4862060546875,27.602196736284004,27.064377975805936,27.309741858218025,32819860
2015-03-17,27.304288864135742,27.451011170043586,27.163514554837352,27.34741326161278,36110871
2015-03-18,27.733551025390625,27.74743031596581,27.11394498549562,27.38657065708889,42690887
2015-03-19,27.658706665039062,27.797992567759383,27.56725123035608,27.728101230158327,23945563
2015-03-20,27.776180267333984,27.84359532268073,27.711247178164957,27.840125499834873,52337299
2015-03-23,27.6993465423584,27.87531584122816,27.551632595905556,27.77964923230347,32876014
2015-03-24,28.263437271118164,28.48153933079752,27.81831400086809,27.88523038548926,51665459
2015-03-25,27.698110580444336,28.3660457763184,27.69588079269411,28.278805330590778,43045859
2015-03-26,27.518922805786133,27.70381127673325,27.29487084182374,27.638876290275046,31452115
2015-03-27,27.180368423461914,27.524373869908562,27.169958954790843,27.411358135821295,37949906
2015-03-30,27.363277435302734,27.4346552948296,27.171942299621627,27.342953374304766,25750504
2015-03-31,27.163516998291016,27.49612133845569,27.100068535286116,27.26265344416291,31760961
2015-04-01,26.893861770629883,27.31915774627908,26.74218122171164,27.193254377286877,39261497
2015-04-02,26.54539680480957,26.809101451200476,26.46197316046422,26.809101451200476,34327989
2015-04-06,26.606613159179688,26.688153996672348,26.249968458121224,26.381324954803386,26488525
2015-04-07,26.61925506591797,26.900308850456902,26.568696139090353,26.671799186684776,26057345
2015-04-08,26.846773147583008,26.95780748297736,26.686668310139382,26.686668310139382,23570536
2015-04-09,26.80562973022461,26.863625067033382,26.543413523710978,26.81802059974582,31157308
2015-04-10,26.7674617767334,26.88047750442442,26.633627112878507,26.88047750442442,28189181
2015-04-13,26.7258243560791,26.968215176324634,26.633627562993798,26.6881530782381,32906096
2015-04-14,26.290613174438477,26.64651459246075,26.176706290793547,26.581084734103374,52082601
2015-04-15,26.396690368652344,26.505741401229518,25.93520962194962,26.206843658497913,46376979
2015-04-16,26.45964241027832,26.548371279577182,26.251951706876543,26.266325874714706,25997180
2015-04-17,25.976348876953125,26.26334870956387,25.82565998125791,26.20485849824437,43037837
2015-04-20,26.537961959838867,26.57315506506782,25.998656679601734,26.053182196926716,33585958
2015-04-21,26.46807098388672,26.736731978804965,26.45344653346359,26.64354163602701,36895018
2015-04-22,26.735488891601562,26.820499543730143,26.358025289880814,26.48938177383674,31871263
2015-04-23,27.11394500732422,27.310236476989935,26.778367651528164,26.816535700640657,83697161
2015-04-24,28.009153366088867,28.310529286136244,27.622023523438465,28.0607039364944,98650102
2015-04-27,27.604413986206055,28.130289328615632,27.496555588112066,28.003045428858417,47960000
2015-04-28,27.520416259765625,27.63672548740218,27.355694467992844,27.56813296321027,29820000
2015-04-29,27.291772842407227,27.520413301080623,27.183664164516088,27.360862131654248,33976000
2015-04-30,26.708242416381836,27.26741858175145,26.594418955880723,27.231630108846478,41644000
2015-05-01,26.7360782623291,26.817592557449494,26.447790958305355,26.76242047586467,35364000
2015-05-04,26.87922477722168,27.042753921771414,26.59491546306619,26.767390303694416,26160000
2015-05-05,26.383176803588867,26.82753409776568,26.36284705351563,26.751486194768344,27662000
2015-05-06,26.05611801147461,26.461706158487846,25.900294530004256,26.405043763799718,31340000
2015-05-07,26.378204345703125,26.515389388123417,25.933348398837715,26.04468610464985,30926000
2015-05-08,26.751981735229492,26.897617596212772,26.094888293481787,26.67394674591017,30552000
2015-05-11,26.626726150512695,26.938871788205212,26.61181539289205,26.759438340001736,18106000
2015-05-12,26.29569435119629,26.50291293213044,26.10781197449651,26.42293825489944,32684000
2015-05-13,26.324525833129883,26.558236431298884,26.276560743061076,26.371247095903552,25046000
2015-05-14,26.760929107666016,26.790752519487203,26.463199346218353,26.530796425170426,28078000
2015-05-15,26.534772872924805,26.80437052796187,26.362298025767245,26.7996985915541,39426000
2015-05-18,26.457731246948242,26.58298616455554,26.286249945882485,26.44331726142522,40068000
2015-05-19,26.70923614501953,26.873262064773833,26.494512890424634,26.54123414959911,39338000
2015-05-20,26.804170608520508,26.985593042547087,26.491131918127017,26.765401501066293,28616000
2015-05-21,26.9652156829834,27.03132244759238,26.640645025712054,26.738562293399905,29254000
2015-05-22,26.845924377441406,27.048717508702758,26.816100965866244,26.847911467232922,23524000
2015-05-26,26.458724975585938,26.79075289776687,26.337446132858904,26.747012272360465,48130000
2015-05-27,26.830018997192383,26.867794561242082,26.428406902001182,26.482583541643404,30500000
2015-05-28,26.82952117919922,26.87077604496058,26.654063806602526,26.74154315864002,20596000
2015-05-29,26.448287963867188,26.77236184947518,26.415483915756962,26.709734388109894,51948000
2015-06-01,26.541730880737305,26.6809049053032,26.33148237066232,26.6809049053032,38086000
2015-06-02,26.799699783325195,26.98957115537969,26.409519128879975,26.48904633564339,38780000
2015-06-03,26.85586166381836,27.014419282741105,26.696807272483888,26.83598128695998,34340000
2015-06-04,26.67643165588379,26.86978232925763,26.55813534004059,26.729119875544804,26966000
2015-06-05,26.508928298950195,26.701285427221134,26.46866697552284,26.659035117814913,27764000
2015-06-08,26.185848236083984,26.548194462533505,26.15652349111259,26.507935034757892,30412000
2015-06-09,26.17888832092285,26.303646466092992,25.99597556511845,26.22213217357636,29106000
2015-06-10,26.675933837890625,26.758940343933425,26.311103766914037,26.311600539370136,36300000
2015-06-11,26.572547912597656,26.789756925791398,26.493517483388366,26.76217088623942,24350000
2015-06-12,26.4592227935791,26.498488673436185,26.351362498946326,26.42293754838015,19116000
2015-06-15,26.204240798950195,26.258916110311,26.04518638194325,26.244003455162826,32654000
2015-06-16,26.25145721435547,26.325518024798466,26.122722992004537,26.263884110198873,21436000
2015-06-17,26.306629180908203,26.39212144582389,26.099858073241464,26.31209747011437,25884000
2015-06-18,26.67792320251465,26.748502813844556,26.382677296684406,26.393115206644943,36662000
2015-06-19,26.675933837890625,26.75347395083823,26.49302108190719,26.70178117423252,37870000
2015-06-22,26.750490188598633,27.026350575282244,26.717684247225346,26.820076250811077,25006000
2015-06-23,26.86431312561035,26.914961159882445,26.604358942219438,26.82256148909225,23950000
2015-06-24,26.733095169067383,26.840456799071546,26.62473999414115,26.840456799071546,25732000
2015-06-25,26.603364944458008,26.88519040232143,26.603364944458008,26.784290608595807,26714000
2015-06-26,26.427410125732422,26.729117850422952,26.41051038245263,26.704265955980205,42182000
2015-06-29,25.921918869018555,26.274323970159074,25.873208619108407,26.09538727477097,38756000
2015-06-30,25.871713638305664,26.157018396198655,25.87121686586069,26.145586941730105,44344000
2015-07-01,25.937822341918945,26.129185927939226,25.75839077586206,26.081469224554702,39220000
2015-07-02,26.015361785888672,26.077492473961957,25.900048002424533,25.900048002424533,24718000
2015-07-06,25.988521575927734,26.107316561905265,25.796663113506003,25.821515010162308,25610000
2015-07-07,26.095884323120117,26.153542166840445,25.606792832777945,26.00194312587181,31944000
2015-07-08,25.68880271911621,25.9822587374143,25.65301613974451,25.89855636662042,25934000
2015-07-09,25.88016700744629,26.033753135506437,25.86376403475613,26.00144585869825,36846000
2015-07-10,26.349872589111328,26.470654657364637,26.122225665536675,26.159007683747472,39134000
2015-07-13,27.166019439697266,27.193853864549002,26.462701543680296,26.486557996914936,44130000
2015-07-14,27.889223098754883,28.12526965301864,27.173975039183617,27.176458901488708,64882000
2015-07-15,27.845481872558594,28.1577754085403,27.674996014279884,27.84100902442781,35692000
2015-07-16,28.821184158325195,28.86243902660626,28.083071273688493,28.089036335532974,95366000
2015-07-17,33.44768142700195,33.524127501852504,32.05943375273292,32.25825270497954,223298000
2015-07-20,32.955108642578125,33.246376550357425,32.45756641645106,32.76722628018195,117218000
2015-07-21,32.91932678222656,33.45116534217605,32.521688845449425,32.56692168710078,67544000
2015-07-22,32.909385681152344,33.73149869390523,32.75530277287498,32.849242076966505,78586000
2015-07-23,32.023643493652344,32.985425182162565,31.860611137280582,32.86812243096123,60582000
2015-07-24,30.99376678466797,32.21699685266095,30.942074010352293,32.15884034846807,72514000
2015-07-27,31.177675247192383,31.52759454774371,30.841671263151827,30.866523157620648,53508000
2015-07-28,31.214454650878906,31.454528458594698,30.981341345375515,31.454528458594698,34546000
2015-07-29,31.4097957611084,31.480872143060136,30.948536852785313,31.254220660656976,31502000
2015-07-30,31.44260025024414,31.573323457475563,30.918715772481974,31.313866028919914,29484000
2015-07-31,31.095661163330078,31.45850411845857,31.090192874549004,31.382456224411627,34122000
2015-08-03,31.374008178710938,31.465763190530705,31.082243471552694,31.082243471552694,26090000
2015-08-04,31.276586532592773,31.55294369885547,31.172704209021227,31.2353316666318,29818000
2015-08-05,31.998794555664062,32.20159148708351,31.470933991325005,31.5290867072702,46686000
2015-08-06,31.944120407104492,32.078275523290145,31.425702292976442,32.05943609040408,31452000
2015-08-07,31.577301025390625,31.94412010047298,31.299453522395627,31.82234637603051,28078000
2015-08-10,31.499263763427734,31.981895258421517,31.375946640236258,31.785065293764173,36184000
2015-08-11,32.84376907348633,33.545594696111,32.520192016177496,33.26227895533892,100584000
2015-08-12,32.78313064575195,33.053522736014,32.42177611254759,32.9580893412966,58734000
2015-08-13,32.6285514831543,33.0286732783339,32.39051782774289,32.77130341758646,36214000
2015-08-14,32.6618537902832,32.797795010165984,32.44017191592737,32.556977915002065,21442000
2015-08-17,32.848243713378906,32.8735942767461,32.369590189170424,32.64594735535554,21034000
2015-08-18,32.61264419555664,33.003820258067655,32.47993390333689,32.89944116350404,29122000
2015-08-19,32.849735260009766,33.15293331824608,32.51621891281231,32.636009335575736,42682000
2015-08-20,32.150394439697266,32.953622450762865,31.955056674413736,32.579344204214486,57106000
2015-08-21,30.443044662475586,31.813397254705272,30.435589283021784,31.799978709335342,85304000
2015-08-24,29.306297302246094,29.789425560975072,28.085554883853185,28.480705123379074,115406000
2015-08-25,28.9310302734375,30.690073085164464,28.883810345394824,30.563824623520006,70760000
2015-08-26,31.24527359008789,31.39886160330297,29.775509700802317,30.33717163972569,84718000
2015-08-27,31.69211769104004,31.989350676206918,30.916229285934325,31.781087360749442,69826000
2015-08-28,31.33275032043457,31.655830622791616,31.043471399288833,31.45403104898115,39574000
2015-08-31,30.729839324951172,31.602154734134757,30.701508124998078,31.19159503282009,43534000
2015-09-01,29.712879180908203,30.461926647773893,29.529469670446552,29.94002931223431,74042000
2015-09-02,30.535490036010742,30.535490036010742,29.808313797746045,30.1005752558498,51512000
2015-09-03,30.13338279724121,30.802406359735883,29.96294623565603,30.66770707760378,35192000
2015-09-04,29.85752296447754,29.995204780020863,29.586634077719566,29.822729931244005,41780000
2015-09-08,30.55139923095703,30.633412195462384,30.027512836800888,30.44354082512434,45590000
2015-09-09,30.45496940612793,31.140892678576364,30.299891084564997,30.87745918893023,34042000
2015-09-10,30.883920669555664,31.02359146846518,30.390853151626384,30.473859657398087,38106000
2015-09-11,31.10361671447754,31.10411348695232,30.688584168658775,30.804394725861314,27470000
2015-09-14,30.977863311767578,31.10808784787218,30.788488725018418,31.100135696557803,34046000
2015-09-15,31.569345474243164,31.74629315832497,31.00470104008626,31.149838224121556,41688000
2015-09-16,31.61109733581543,31.709014594865405,31.429178134011668,31.585748669299047,25730000
2015-09-17,31.955059051513672,32.352693218546094,31.563386154692825,31.70106798520911,45494000
2015-09-18,31.276586532592773,31.810910804223067,31.16574560262005,31.651359629442116,102668000
2015-09-21,31.584259033203125,31.636448583864926,31.112067318812155,31.53256625501266,35770000
2015-09-22,30.950523376464844,31.19208749354971,30.589667518069838,31.164749842334423,51258000
2015-09-23,30.934123992919922,31.26068363205337,30.81682122373105,30.918716462088305,29418000
2015-09-24,31.1051082611084,31.180657493296287,30.439067216100558,30.649814401655885,44802000
2015-09-25,30.417694091796875,31.302436409700164,30.36948061552052,31.302436409700164,43480000
2015-09-28,29.568737030029297,30.548662366486813,29.294865629662706,30.336673263347215,62554000
2015-09-29,29.572715759277344,30.071251556891674,29.336618018497905,29.687532764657238,46190000
2015-09-30,30.241241455078125,30.258141199054712,29.859014865966504,29.985760101673765,48268000
2015-10-01,30.383893966674805,30.423656619134928,29.815273436694184,30.238756777450995,37352000
2015-10-02,31.160280227661133,31.181652820008996,29.978304957503518,30.180603218270928,53696000
2015-10-05,31.88397789001465,31.960522560001447,31.16475188423304,31.413274623507505,36072000
2015-10-06,32.081302642822266,32.270679123577196,31.63843569905158,31.75325270371842,43326000
2015-10-07,31.928218841552734,32.3382306164663,31.420735366816835,32.27018794873964,41854000
2015-10-08,31.7691593170166,32.03209604417443,31.09317715583714,31.878509930171532,43642000
2015-10-09,31.990345001220703,32.10864131280634,31.57819450836335,31.810911547933394,32974000
2015-10-12,32.14243698120117,32.233395628180375,31.761700755262744,31.91479008147597,25504000
2015-10-13,32.422279357910156,32.69624747381374,31.967482274217875,31.967482274217875,36154000
2015-10-14,32.3656120300293,32.77468328003285,32.25079692118503,32.46750726319789,28310000
2015-10-15,32.89148712158203,32.96057640821375,32.52963582240617,32.53957885492982,37714000
2015-10-16,32.91435241699219,33.05203422783433,32.66582967605103,33.00928904448642,32222000
2015-10-19,33.10820007324219,33.143986650420615,32.78412620452421,32.863651510236714,29546000
2015-10-20,32.32187271118164,33.039606490071385,32.019421726319386,33.005807003780816,49964000
2015-10-21,31.940641403198242,32.59972194091344,31.896898881564045,32.514231571800195,35822000
2015-10-22,32.39692687988281,32.69565017372902,32.01022556769004,32.143929402641035,81420000
2015-10-23,34.8925895690918,36.2843183657358,34.867739571532084,36.16005700146958,133078000
2015-10-26,35.42840576171875,35.7450242312226,34.85580918712287,34.8702231715597,54332000
2015-10-27,35.21517562866211,35.47016020912792,35.01934110004201,35.16000354863241,44916000
2015-10-28,35.436851501464844,35.43834181858528,34.94626792579921,35.157513741348886,43578000
2015-10-29,35.63418197631836,35.70078360725945,35.29072264044376,35.315079656644556,29120000
2015-10-30,35.33049011230469,35.68786668928505,35.292712653874936,35.57503487859253,38176000
2015-11-02,35.842445373535156,35.86779593594758,35.08395351243064,35.34291604894255,37726000
2015-11-03,35.8946418762207,36.01840269469998,35.524838361805266,35.73061594036757,31308000
2015-11-04,36.19037628173828,36.43840224466053,35.88171374443905,35.88668146879389,34134000
2015-11-05,36.34645080566406,36.75551826581996,36.257976012270994,36.257976012270994,37232000
2015-11-06,36.47121047973633,36.55322344262063,36.13570324904205,36.35887922775692,30232000
2015-11-09,36.030330657958984,36.51843046410905,35.758944996626184,36.29426094012348,41396000
2015-11-10,36.2008171081543,36.31364512868709,35.71271731966783,36.00597612758175,32160000
2015-11-11,36.5527229309082,36.831067170049224,36.295751282118665,36.40659220535917,27328000
2015-11-12,36.345462799072266,36.67202057710223,36.21697694735,36.334029446763,36744000
2015-11-13,35.638160705566406,36.341480540607535,35.6247402647537,36.243066502751816,41510000
2015-11-16,36.232627868652344,36.25896818375374,35.35633647596156,35.568572066989454,38118000
2015-11-17,36.05071258544922,36.37603031881822,35.93773286555853,36.24903478834398,30218000
2015-11-18,36.781368255615234,36.851451097099925,36.13520756669459,36.16403933141555,33686000
2015-11-19,36.70233917236328,36.88077529455679,36.65362513262813,36.71874024832891,26542000
2015-11-20,37.60646438598633,37.672072480801965,36.930482201971195,37.10593768610101,44246000
2015-11-23,37.57564163208008,37.910052893901785,37.36887054332246,37.648708890602286,28290000
2015-11-24,37.19292449951172,37.54080555677966,36.66356979479992,37.37782246423991,46662000
2015-11-25,37.18646240234375,37.37782220033047,37.08258006898304,37.185965629850855,22442000
2015-11-27,37.29133605957031,37.44790660510339,37.15365424411136,37.20186771814516,16770000
2015-11-30,36.91059875488281,37.52345289479244,36.844490097544856,37.219261300860154,41952000
2015-12-01,38.1253776550293,38.22031048994308,37.114385056129755,37.134764102819325,42692000
2015-12-02,37.89375686645508,38.5684952680498,37.723769660307234,38.217830766651126,44608000
2015-12-03,37.40465545654297,38.22254379736015,37.061199918322686,38.07417570712201,51812000
2015-12-04,38.113948822021484,38.19745210845484,37.27841539302809,37.43249829649586,55146000
2015-12-07,37.93699645996094,38.20937945825324,37.53141018163835,38.16166275630537,36246000
2015-12-08,37.89325714111328,38.01404110758602,37.48717030447709,37.670581730254,36590000
2015-12-09,37.358436584472656,37.985704699024396,36.63230316985515,37.73420132627453,54000000
2015-12-10,37.25157165527344,37.56918369975161,36.97173707109126,37.420072324897255,39768000
2015-12-11,36.72520065307617,37.065178827945424,36.619828010274574,36.83902221976887,44488000
2015-12-14,37.16756820678711,37.215284904184394,35.994540629428705,36.87033523701073,48250000
2015-12-15,36.95035934448242,37.680023265522316,36.93097763472931,37.42752634472383,53324000
2015-12-16,37.68051528930664,37.80477664425711,36.75327636090959,37.2784064851415,39866000
2015-12-17,37.25008010864258,37.90866385820118,37.228707516873634,37.89574019021883,31068000
2015-12-18,36.747066497802734,37.483688966259976,36.68941056129638,37.10493982324197,62974000
2015-12-21,37.16756820678711,37.27840913090895,36.781363675830164,37.08605202406026,30514000
2015-12-22,37.278411865234375,37.51947923200205,37.05623322827431,37.36042482639663,27308000
2015-12-23,37.293819427490234,37.48766686598224,36.98018536027477,37.4508867434044,31318000
2015-12-24,37.19887924194336,37.3455105300927,37.11040824723148,37.256042198406575,10544000
2015-12-28,37.90021514892578,37.92407539523013,37.254555063695165,37.42354870900779,30306000
2015-12-29,38.600555419921875,38.768555525060684,38.095057202796056,38.10798087121538,35300000
2015-12-30,38.32220458984375,38.650256416951,38.11841792113199,38.60055262888637,25866000
2015-12-31,37.719791412353516,38.247652005499205,37.69295052901981,38.247652005499205,30018000
2016-01-04,36.87282180786133,36.983165967669414,36.34684974911565,36.930481542203275,65456000
2016-01-05,36.90960693359375,37.3778206772998,36.713768606837945,37.10196026872845,39014000
2016-01-06,36.9612922668457,37.138241836606575,36.23063487317966,36.28431662941674,38940000
2016-01-07,36.10488510131836,36.70680642466284,35.74054993007167,36.29972607199423,59274000
2016-01-08,35.51240539550781,36.4448623821331,35.439341929332514,36.35638759470715,49018000
2016-01-11,35.58994674682617,35.73036270490606,34.96913665496868,35.618778510066996,41812000
2016-01-12,36.0889778137207,36.22218486336452,35.653911386427275,35.87077338853338,40490000
2016-01-13,34.82101821899414,36.51991931502614,34.724094501541884,36.326568652569144,50034000
2016-01-14,35.52483367919922,35.882953512333174,34.25140495226613,35.060594153461516,44516000
2016-01-15,34.5173225402832,35.12819336498941,34.066006679010115,34.40995901979079,72162000
2016-01-19,34.88215255737305,35.28923289640313,34.465629750442446,34.95720690463693,45362000
2016-01-20,34.71614456176758,35.13366097364964,33.4640845142879,34.227051199165494,68900000
2016-01-21,35.1207389831543,35.74701742306099,34.51782401951032,34.90154475251999,48244000
2016-01-22,36.04822540283203,36.191375506995904,35.7932901183841,35.966212440826354,40236000
2016-01-25,35.37322998046875,36.26840999196526,35.2907202618361,35.965211993824134,34234000
2016-01-26,35.44133377075195,35.701786651670396,35.1152727932031,35.48159509448614,26634000
2016-01-27,34.792686462402344,35.69954644687798,34.51434221001354,35.47264279099672,43884000
2016-01-28,36.3320426940918,36.467737436871914,35.407040873879986,35.89762460034165,53528000
2016-01-29,36.92799377441406,37.029392237540456,36.125266369759494,36.360368674200465,69486000
2016-02-01,37.3778190612793,37.66909078037855,36.94390159772773,37.30127439008167,102784000
2016-02-02,38.00658416748047,39.260134556382454,38.00658416748047,38.99321983586462,126962000
2016-02-03,36.132720947265625,38.49617083493374,35.81212828183226,38.283438464303146,123420000
2016-02-04,35.191322326660156,36.13520904120785,34.88563659089876,35.92694759818242,103374000
2016-02-05,33.976539611816406,34.9915064092759,33.80654862873888,34.98554134767505,102114000
2016-02-08,33.93528366088867,33.999401434775734,32.95709701704148,33.19518374023319,84948000
2016-02-09,33.70515060424805,34.78821316351696,33.24091105196882,33.417363871396084,72178000
2016-02-10,34.003875732421875,34.8582939770616,33.904961136247756,34.140063429569594,52760000
2016-02-11,33.95367431640625,34.26383098740126,33.24578491700069,33.55057189468574,60480000
2016-02-12,33.91837692260742,34.48252451155495,33.72950103640478,34.30905615292154,42828000
2016-02-16,34.34584045410156,34.693774550650865,34.05009779928922,34.44425448417913,50400000
2016-02-17,35.2107048034668,35.277807014257085,34.364735343622726,34.69825172320991,49852000
2016-02-18,34.66146469116211,35.407032864700284,34.59585281098146,35.290226880806834,37664000
2016-02-19,34.83841323852539,34.946319029500415,34.497437764924605,34.546148005131045,31786000
2016-02-22,35.114280700683594,35.45127447886516,34.91794559083762,35.163487723230844,38996000
2016-02-23,34.58690643310547,35.21069709415122,34.47407842290398,34.865250665579154,40186000
2016-02-24,34.77130889892578,34.79317825960684,33.83785844986649,34.24245110285481,39272000
2016-02-25,35.0789794921875,35.09041284150957,34.325212711176796,34.793676660928554,32844000
2016-02-26,35.045188903808594,35.46071821317391,34.8359301395774,35.21965084261509,44870000
2016-02-29,34.682342529296875,35.33446443684483,34.67786778515613,34.80908776100532,49622000
2016-03-01,35.72812271118164,35.72812271118164,34.781748498610085,34.973112060580895,43028000
2016-03-02,35.73011779785156,35.78727697009725,35.38963904245587,35.73757317718116,32580000
2016-03-03,35.41051483154297,35.75993928339241,35.092406006575075,35.721665049665674,39160000
2016-03-04,35.334468841552734,35.61281692258524,35.09240790630026,35.538259333163026,39442000
2016-03-07,34.552616119384766,35.19534491682205,34.14205830587151,35.13614935529301,59702000
2016-03-08,34.493465423583984,34.98156139645299,34.064511914454684,34.22605396452187,41526000
2016-03-09,35.05363845825195,35.075507823534544,34.494959033896485,34.717137678346255,28430000
2016-03-10,35.43039321899414,35.610323432268146,34.960188639987706,35.19678124676071,56670000
2016-03-11,36.126258850097656,36.131230366655544,35.64437441449333,35.787274230245394,39416000
2016-03-14,36.30868148803711,36.557701030861985,36.04325707606547,36.125766817835064,34366000
2016-03-15,36.201316833496094,36.39814491992162,36.024367230984,36.13123399083984,34420000
2016-03-16,36.58702087402344,36.65561339213708,36.01143984879541,36.103892612595196,32488000
2016-03-17,36.671024322509766,36.93396106894184,36.58254952217219,36.604915660459916,37216000
2016-03-18,36.662078857421875,36.88077630898969,36.37528186127785,36.87381770200131,59614000
2016-03-21,36.885250091552734,36.90562913949839,36.45908377462307,36.60740259175188,36730000
2016-03-22,36.81864547729492,37.02989134073212,36.65512010977367,36.65512010977367,25394000
2016-03-23,36.684940338134766,37.065676617700305,36.59000370643864,36.89867005649009,28642000
2016-03-24,36.547752380371094,36.66937819805332,36.334022679052595,36.38422323947655,31898000
2016-03-28,36.45977783203125,36.73116729034735,36.40858372187744,36.621816671058816,26026000
2016-03-29,37.018455505371094,37.1417233324659,36.22268671054748,36.51246432106399,38076000
2016-03-30,37.30475616455078,37.67008490606823,37.21578459638991,37.28338357235256,35648000
2016-03-31,37.02740478515625,37.320659801189365,36.82808906019503,37.241134495478526,34376000
2016-04-01,37.2739372253418,37.29530981749072,36.63225131194796,36.711780411051436,31534000
2016-04-04,37.04430389404297,37.41758479310237,36.90214733323594,37.28139329405407,22684000
2016-04-05,36.67201614379883,36.920538892176054,36.55123596899697,36.68195917734138,22646000
2016-04-06,37.064186096191406,37.0915237504406,36.56067876083405,36.57111856693032,21074000
2016-04-07,36.7952880859375,37.12930124090356,36.596469106581054,37.048285606903846,29064000
2016-04-08,36.73911666870117,37.05225395217,36.56017999467441,36.97869370966647,25816000
2016-04-11,36.58751678466797,37.029886942759326,36.585032922532505,36.931472912012104,24402000
2016-04-12,36.93495559692383,36.971739514720554,36.33452450163058,36.68196187776831,27060000
2016-04-13,37.3639030456543,37.496120365025014,36.99315909895558,37.236661035266955,34142000
2016-04-14,37.43746566772461,37.64175290865475,37.41286215898791,37.47772698897269,22706000
2016-04-15,37.72575378417969,37.825161366199296,37.4123169075394,37.476237492056164,36186000
2016-04-18,38.10400390625,38.17557705763403,37.641254700088574,37.79831821518998,31176000
2016-04-19,37.473751068115234,38.26753280942823,37.24511058823742,38.24814730641568,40610000
2016-04-20,37.41111755371094,37.68260556371127,37.278904045656105,37.67604513437139,30584000
2016-04-21,37.73271179199219,37.79782311251524,37.25604535244023,37.545822962094825,61210000
2016-04-22,35.726139068603516,36.58851331957343,35.46966416549526,36.10041351321007,119038000
2016-04-25,35.94384765625,35.98261487047924,35.56807909269825,35.593429657808535,39184000
2016-04-26,35.197784423828125,36.07387497093649,34.94359237933454,36.05667754106406,54892000
2016-04-27,35.083457946777344,35.2395317138823,34.41369113500022,35.155527872763926,61972000
2016-04-28,34.34683609008789,35.49749761107221,34.273772617794904,35.20374202806999,57346000
2016-04-29,34.44575500488281,34.67489227600732,34.246439253355206,34.33093608698417,49754000
2016-05-02,34.70420837402344,34.82499232417072,34.345838287031846,34.675380406643455,32906000
2016-05-03,34.4134407043457,34.68581989674362,34.39554551995925,34.637606424760286,30876000
2016-05-04,34.5794563293457,34.780759156190136,34.2469335168691,34.32049755759616,33870000
2016-05-05,34.86426544189453,34.90850474150005,34.58045285308291,34.67886690274539,33670000
2016-05-06,35.34589767456055,35.382677795986446,34.699092371860544,34.71266070616943,36586000
2016-05-09,35.43437194824219,35.72315600288,35.29022830714022,35.389635884100755,30206000
2016-05-10,35.94533920288086,35.9612435071005,35.5745421436066,35.62574004805804,31392000
2016-05-11,35.553165435791016,36.00994959008253,35.42940083952177,35.956768393952984,33842000
2016-05-12,35.45475387573242,35.74999978815989,35.24052738248387,35.64114594179758,27214000
2016-05-13,35.331485748291016,35.621361964988566,35.253450756765496,35.38616105725277,26290000
2016-05-16,35.612815856933594,35.71172667259446,35.074018689785355,35.24699032014763,26342000
2016-05-17,35.10284423828125,35.86282645990603,34.997471595374556,35.58795960577259,40024000
2016-05-18,35.12272262573242,35.36975502639316,34.82449612272884,34.97559456775482,35336000
2016-05-19,34.809085845947266,35.09140805629128,34.6341271518259,34.910484301029115,33404000
2016-05-20,35.27730941772461,35.517880033768186,34.81903488931726,34.87371020169791,36568000
2016-05-23,35.003936767578125,35.36369486356668,35.00095234040441,35.11775834523886,26614000
2016-05-24,35.791748046875,35.83548677341412,35.13415407857069,35.13415407857069,38590000
2016-05-25,36.04921340942383,36.160551098171915,35.77260599482359,35.8250439226168,32584000
2016-05-26,35.992061614990234,36.201316596609686,35.801194799693846,35.92993092473719,31526000
2016-05-27,36.41653060913086,36.47995441420816,35.98609059318383,35.98658736558833,39500000
2016-05-31,36.56863021850586,36.767945946078505,36.34694835392363,36.37080860045877,42590000
2016-06-01,36.490596771240234,36.6426925767829,36.31712837269771,36.50948550185278,25072000
2016-06-02,36.304203033447266,36.43442946752029,35.994543147202414,36.408582131256296,26836000
2016-06-03,35.90358352661133,36.258969222080886,35.81510873403589,36.2480364362168,24526000
2016-06-06,35.61579513549805,36.031324450534534,35.51936818595848,36.031324450534534,31306000
2016-06-07,35.620765686035156,35.88568950776848,35.6157941693049,35.77932331954045,26724000
2016-06-08,36.19883346557617,36.21324745229635,35.81610628227683,35.98411019010743,31674000
2016-06-09,36.21373748779297,36.261454183704245,35.903379876192375,35.92992496650302,19778000
2016-06-10,35.75795364379883,36.08003666165241,35.60983201197458,35.76093427878638,24328000
2016-06-13,35.70575714111328,36.05766541982198,35.61380494397615,35.61380494397615,25178000
2016-06-14,35.70128631591797,35.91004450093763,35.44530441285925,35.61231475303093,26122000
2016-06-15,35.73359680175781,35.93539640946412,35.653574715469766,35.737574773917615,24290000
2016-06-16,35.308128356933594,35.62076890794983,34.95522268813207,35.53428119450764,39650000
2016-06-17,34.381629943847656,35.23158108777537,34.21919672399257,35.22312837154394,68048000
2016-06-20,34.48054504394531,34.916453408597334,34.46563428544325,34.73204843290096,41650000
2016-06-21,34.59138107299805,34.93086243954662,34.39603954629344,34.71365155066416,29312000
2016-06-22,34.66693878173828,34.83593244245496,34.44932967513731,34.7464640949707,23686000
2016-06-23,34.886131286621094,34.89010925855664,34.14702485942763,34.666440296971835,43428000
2016-06-24,33.56150817871094,34.26631834101779,33.473530153501,33.559020524205,88980000
2016-06-27,33.21556091308594,33.41637075425779,32.96823269140166,33.35175241204439,52580000
2016-06-28,33.80107498168945,33.815488964874966,33.451157621926264,33.74789379247777,43476000
2016-06-29,34.00338363647461,34.1683500279236,33.86917921843912,33.94821155176146,38652000
2016-06-30,34.400516510009766,34.41145308788233,33.98051248128124,34.07097436240117,31954000
2016-07-01,34.75392150878906,34.82549846625987,34.40201316037402,34.40549436021286,26894000
2016-07-05,34.542179107666016,34.641089920400454,34.24047136039904,34.59735118965326,29252000
2016-07-06,34.682342529296875,34.87668673477892,34.25090514316451,34.295144435661015,28238000
2016-07-07,34.562557220458984,34.70371644269596,34.20741800055475,34.697751380999776,26084000
2016-07-08,35.073020935058594,35.076995114500015,34.6159865071389,34.7683287883415,31504000
2016-07-11,35.54322814941406,35.613807761279006,35.153045609976715,35.193306932734615,22236000
2016-07-12,35.819087982177734,35.93340632224146,35.583985675771224,35.743536854695165,26738000
2016-07-13,35.63716506958008,35.98609271808047,35.63070323578437,35.967203989127164,18718000
2016-07-14,35.834495544433594,35.89712300372582,35.68935835100391,35.86580737800162,19004000
2016-07-15,35.77981948852539,36.07257773156054,35.74030522196892,36.07208095911151,25586000
2016-07-18,36.472206115722656,36.589012118755626,35.84642825017829,35.921979383170495,25910000
2016-07-19,36.63026428222656,36.63175459960206,36.23461725235917,36.27885275410266,24550000
2016-07-20,36.840511322021484,36.88723067937812,36.6372176508744,36.64865100009764,25794000
2016-07-21,36.71327209472656,36.865367899873924,36.574149256304274,36.79926303113629,20526000
2016-07-22,36.91755676269531,36.942406761233194,36.610380746891224,36.87381424276025,25196000
2016-07-25,36.76993179321289,36.9110948013586,36.65710377490908,36.81466785787629,20648000
2016-07-26,36.70283508300781,36.865366897893566,36.49656074631368,36.73365014431816,23734000
2016-07-27,36.86934280395508,37.00304663988971,36.63224962707877,36.69587442029765,30250000
2016-07-28,37.07511901855469,37.21130671174826,36.74657042749859,37.13128463891194,70604000
2016-07-29,38.21236038208008,38.69747955686003,38.11195925275262,38.407205163239404,76830000
2016-08-01,38.4156494140625,38.79091736044531,37.82963240877423,37.82963240877423,54010000
2016-08-02,38.325687408447266,38.5627768007488,38.16563945972466,38.20739109852186,35690000
2016-08-03,38.430564880371094,38.432055197785395,38.114443149349974,38.13233833479045,25748000
2016-08-04,38.35252380371094,38.47479427894139,38.21260463599769,38.382842088283326,22806000
2016-08-05,38.8798942565918,38.920652352786604,38.38881380449547,38.46038696299759,36024000
2016-08-08,38.857025146484375,38.900267098173664,38.674656585694265,38.86895147622767,22158000
2016-08-09,38.98128890991211,39.21390354835862,38.79787749498402,38.824221602404634,26378000
2016-08-10,39.00216293334961,39.10813093448384,38.90762448973823,38.9559365543836,15728000
2016-08-11,39.0106201171875,39.25417137377277,38.91717379465307,39.01807549703097,19502000
2016-08-12,38.929595947265625,38.93829515340832,38.78943027270313,38.84410557966277,14810000
2016-08-15,38.89082717895508,39.14183377474815,38.77501473563922,38.95593849695552,18764000
2016-08-16,38.62739562988281,38.81826245248473,38.44368839881456,38.78446296130912,20560000
2016-08-17,38.765071868896484,38.80980793306332,38.44795661672327,38.636339549639764,18484000
2016-08-18,38.645286560058594,38.9117044879167,38.620432768880995,38.77004470408541,14388000
2016-08-19,38.54190444946289,38.62540773457116,38.42808287350808,38.521028628185825,17230000
2016-08-22,38.379364013671875,38.4981608839804,38.27498492038998,38.435036655578195,19028000
2016-08-23,38.375885009765625,38.592595338396706,38.361220743210666,38.54487864171683,18564000
2016-08-24,38.25460433959961,38.49616845783489,38.12686557062023,38.30132749152465,21440000
2016-08-25,38.24317932128906,38.36644715318178,37.933765914298895,38.123388896701016,18538000
2016-08-26,38.24964141845703,38.57470884878669,38.06622998677373,38.22280053615429,23334000
2016-08-29,38.379364013671875,38.52052701993595,38.10425068181302,38.209873602255556,16952000
2016-08-30,38.22727584838867,38.49449017265782,38.115441354143,38.239205973474185,22600000
2016-08-31,38.125877380371094,38.2272720570716,38.04287086985058,38.12388649828314,24972000
2016-09-01,38.21186065673828,38.32319835613627,37.98918525794232,38.23522412969438,18502000
2016-09-02,38.34507369995117,38.46734419199968,38.19347467192577,38.422115145116244,21454000
2016-09-06,38.773521423339844,38.86895102094704,38.322201807618704,38.44397930286845,28856000
2016-09-07,38.78694152832031,38.905237823640185,38.580667222055695,38.76954311822486,17874000
2016-09-08,38.536930084228516,38.786946940736534,38.45044617053942,38.699465689973856,25406000
2016-09-09,37.75856018066406,38.43379530977596,37.75856018066406,38.27747504597731,37710000
2016-09-12,38.22379684448242,38.28692108284245,37.47723497941351,37.53340061045702,26220000
2016-09-13,37.760047912597656,38.08461854144691,37.56669725652642,37.99813084040514,27900000
2016-09-14,37.89922332763672,38.15718855155871,37.73122321958697,37.75607321976868,21748000
2016-09-15,38.3599853515625,38.46138002614426,37.77347150070646,37.919105470436364,26102000
2016-09-16,38.216835021972656,38.26007697976804,38.00708327510097,38.26007697976804,40986000
2016-09-19,38.058773040771484,38.471321707839984,37.99619488005851,38.39278615406676,23456000
2016-09-20,38.34258270263672,38.438016097005196,38.199432611084,38.22279608333641,19572000
2016-09-21,38.5816650390625,38.62838819392807,38.188054408234926,38.404715452800254,23356000
2016-09-22,39.1279182434082,39.25913822206678,38.69200989595846,38.769548112403044,29724000
2016-09-23,39.112510681152344,39.21340857929188,38.97582241346191,39.09709935864176,28238000
2016-09-26,38.48176193237305,38.90574399661394,38.42509952904683,38.90574399661394,30664000
2016-09-27,38.91916275024414,39.06728058691286,38.48663318388051,38.54588183541055,23064000
2016-09-28,38.847084045410156,38.859510940326444,38.51953278654867,38.66268287998623,22196000
2016-09-29,38.521522521972656,39.05783579265733,38.482853905504996,38.841121651842016,26294000
2016-09-30,38.63484573364258,38.816270061702824,38.47579133391366,38.587132826664316,31706000
2016-10-03,38.399742126464844,38.57395755999432,38.2476463382147,38.48374596363741,25576000
2016-10-04,38.592105865478516,38.70543446358716,38.41615359431763,38.57222358875495,24028000
2016-10-05,38.594093322753906,38.87243758786994,38.55333522791103,38.73525254516098,29224000
2016-10-06,38.61347198486328,38.79340219806009,38.54786389561784,38.719841957889976,21414000
2016-10-07,38.52500534057617,38.75265227719841,38.309781508089706,38.75265227719841,18664000
2016-10-10,39.06479263305664,39.235777154884914,38.564265962779764,38.655725181157955,23498000
2016-10-11,38.922142028808594,39.37991975650366,38.798377424827514,39.1005819418009,27450000
2016-10-12,39.074729919433594,39.173644511557704,38.87193680323128,38.95643361896926,18748000
2016-10-13,38.67958450317383,38.83018998983423,38.4216192800702,38.83018998983423,27306000
2016-10-14,38.69647979736328,38.965878353869236,38.570728111262376,38.85156001819789,17050000
2016-10-17,38.76755905151367,39.06031728222664,38.645284775388895,38.75960690050779,21860000
2016-10-18,39.52804183959961,39.84366680125901,39.04615736893475,39.15973245035512,41138000
2016-10-19,39.838199615478516,39.992282514847915,39.6657247575065,39.676160771954834,35336000
2016-10-20,39.613033294677734,39.96096740924645,39.56631013933772,39.92766469435351,35150000
2016-10-21,39.732322692871094,39.7387845267957,39.465411788655786,39.51511557812158,25324000
2016-10-24,40.41526794433594,40.51815673396115,40.00321980549264,40.00719398548406,33950000
2016-10-25,40.144874572753906,40.59271307064759,40.01912287558675,40.59271307064759,31528000
2016-10-26,39.717411041259766,40.110574188299005,39.58072657134443,40.07876558399177,32954000
2016-10-27,39.53251266479492,39.937105365481735,39.34114910000319,39.81334077233215,54984000
2016-10-28,39.53350830078125,40.5335643395736,39.44503350605408,40.17867161575822,85398000
2016-10-31,38.995208740234375,39.607566124987336,38.96836785858165,39.53847683100162,48546000
2016-11-01,38.94898223876953,39.24124371697623,38.54786691688924,38.91319566072572,48128000
2016-11-02,38.2078857421875,38.851558700526304,37.94693611816596,38.680077410679125,37448000
2016-11-03,37.881324768066406,38.270016961223554,37.72724188733234,38.13581256200179,38864000
2016-11-04,37.8758659362793,38.290401734265295,37.3062991953833,37.31122141454815,42696000
2016-11-07,38.894798278808594,39.02750855861792,38.39924316807586,38.49616687483225,31702000
2016-11-08,39.29193878173828,39.546574446849085,38.778985268416314,38.93853642368337,27338000
2016-11-09,39.033477783203125,39.32758223967801,38.35550853598186,38.76656687793488,52142000
2016-11-10,37.90270233154297,39.32474962448864,37.38677186196629,39.32474962448864,94904000
2016-11-11,37.47822189331055,37.81422586725522,37.29729813509262,37.60347680284604,48636000
2016-11-14,36.586524963378906,37.66859395661461,36.16204617697782,37.55675568859948,73088000
2016-11-15,37.70039749145508,37.99494559342112,37.127800956541236,37.127800956541236,47680000
2016-11-16,37.998130798339844,38.09157710546975,37.303760497242656,37.536871908324954,29452000
2016-11-17,38.333641052246094,38.4067045269077,37.985706923233955,38.11941456080563,26080000
2016-11-18,37.80229949951172,38.521026879536144,37.77545861735157,38.34059987582073,30942000
2016-11-21,38.23273849487305,38.25759228643975,37.805279066587765,37.905187213157234,26612000
2016-11-22,38.186519622802734,38.61845004528954,38.123391592819345,38.40322999280698,31862000
2016-11-23,37.82466506958008,38.18716107524036,37.53936219602659,38.15967552692488,29568000
2016-11-25,37.85896301269531,38.023982490294976,37.80130706689548,37.987202365438854,11748000
2016-11-28,38.18501663208008,38.74618361906121,37.765513204154864,37.77545244414431,43764000
2016-11-29,38.31425476074219,38.69499103356592,38.1850218702176,38.34855102125172,32332000
2016-11-30,37.678035736083984,38.4211200888398,37.518484562803415,38.27598290067211,47858000
2016-12-01,37.175025939941406,37.76800159979424,36.63349466997125,37.64821497237172,60358000
2016-12-02,37.30326461791992,37.47722977668219,36.935448234072794,37.009509041715894,29050000
2016-12-05,37.90070724487305,37.96929975630035,37.422550546599005,37.66163079181385,27884000
2016-12-06,37.73122024536133,38.21434850319583,37.64324222632112,38.01055804012597,33814000
2016-12-07,38.3316535949707,38.340102519037025,37.56669984153338,37.82516183326958,35220000
2016-12-08,38.59160614013672,38.679087392595456,38.13482195942159,38.39577160723655,29762000
2016-12-09,39.23130798339844,39.2382665906446,38.72089129777489,38.76955225046306,36438000
2016-12-12,39.230308532714844,39.32872256435885,38.98601026103752,39.02005623730524,42082000
2016-12-13,39.569786071777344,39.98134113449994,39.43260105086981,39.46043547295797,42904000
2016-12-14,39.61800765991211,39.962460599945246,39.46591185201356,39.634408736235066,34084000
2016-12-15,39.65677261352539,39.91275071409533,39.41172729811653,39.63142205202632,32530000
2016-12-16,39.30635452270508,39.806183407798535,39.281003961297785,39.783517692685386,48876000
2016-12-19,39.4753532409668,39.64733132003383,39.08119651811113,39.277531616909755,24642000
2016-12-20,39.585697174072266,39.69653810908657,39.429130419002455,39.60259881447593,19020000
2016-12-21,39.49324417114258,39.59841961399924,39.12244717087129,39.556865170053925,24226000
2016-12-22,39.32921600341797,39.431607997992586,39.19600895207088,39.3838913035097,19444000
2016-12-23,39.26211166381836,39.402777877632815,39.13138848156215,39.3113186727809,12468000
2016-12-27,39.34363555908203,39.657273420444305,39.150136997728445,39.30039360213626,15782000
2016-12-28,39.02056121826172,39.47684868876783,38.92860900104128,39.450508367883096,23076000
2016-12-29,38.90822219848633,39.06429596333785,38.715865084943225,38.935063078716155,14886000
2016-12-30,38.36296463012695,38.9077268210944,38.29288179241668,38.90623650372953,35400000
2017-01-03,39.074729919433594,39.24819829476427,38.56078662694024,38.71039475792017,33146000
2017-01-04,39.112510681152344,39.33319899926894,38.92661539552458,39.185077380847844,21460000
2017-01-05,39.46640396118164,39.489266869266565,39.01906228723272,39.07175050168486,26704000
2017-01-06,40.06932067871094,40.15630515537726,39.376141088368826,39.52803969318818,32804000
2017-01-09,40.094173431396484,40.25899190778649,39.90430018028986,40.08174653617227,25492000
2017-01-10,40.0017204284668,40.21744101360294,39.93809942757327,40.154316785142925,23536000
2017-01-11,40.156803131103516,40.1687332545577,39.83173570814856,40.01216270872921,21318000
2017-01-12,40.07975769042969,40.13095179423706,39.72238113214001,40.1185248995573,27062000
2017-01-13,40.155311584472656,40.32152178631309,40.09616153363289,40.13542931004306,21984000
2017-01-17,39.992774963378906,40.118526648591356,39.78202968567326,40.11554601397307,27242000
2017-01-18,40.065345764160156,40.07205408818143,39.812845054744265,40.05242209640181,25888000
2017-01-19,39.87174606323242,40.23483743032164,39.85310761575317,40.0181270827943,18386000
2017-01-20,40.013153076171875,40.1070961546401,39.847636846974666,40.1070961546401,33400000
2017-01-23,40.72343063354492,40.80096884394752,39.94953126245123,40.12399318389605,39272000
2017-01-24,40.9500846862793,41.05098257834021,40.649419813503656,40.87204970214619,29480000
2017-01-25,41.53660583496094,41.54157735222776,41.00923820470685,41.23589161090135,29890000
2017-01-26,41.361637115478516,41.65241205357793,41.10615577331133,41.64296579297116,59478000
2017-01-27,40.92225646972656,41.84874855572024,40.77960312739849,41.48888807473867,59316000
2017-01-30,39.87895584106445,40.55096005530247,39.75370092062428,40.49231056697284,64932000
2017-01-31,39.60408401489258,39.8257658562791,39.29243707026863,39.607561421724,43212000
2017-02-01,39.549659729003906,39.822785960489234,39.32574051156603,39.747731612305884,40594000
2017-02-02,39.69057083129883,39.89783870385119,39.36600019603242,39.45546853342978,30642000
2017-02-03,39.83769989013672,40.0618656155575,39.78203103812148,39.9122574718446,29268000
2017-02-06,39.83024215698242,39.84664323128318,39.52754089596288,39.748725973590716,23690000
2017-02-07,40.11008071899414,40.285539998189705,39.85211549548472,39.96196288662043,24824000
2017-02-08,40.1801643371582,40.35214242021255,39.922199108654866,40.1115718129297,23106000
2017-02-09,40.23881530761719,40.293490614865355,39.9892990178187,40.23632765318836,19794000
2017-02-10,40.44309616088867,40.52163170953402,40.249745508122835,40.345178903449195,22700000
2017-02-13,40.71995162963867,40.805392689455005,40.53355959324027,40.55890636186183,24266000
2017-02-14,40.780094146728516,40.90684316691321,40.55890906713562,40.70802422306258,21094000
2017-02-15,40.70703125,40.90684374151395,40.681680687175785,40.72591618685335,26272000
2017-02-16,40.964500427246094,40.97643055022251,40.70703199130086,40.754248126450044,25752000
2017-02-17,41.15884780883789,41.15884780883789,40.83999192593307,40.907841187459574,32220000
2017-02-21,41.337284088134766,41.42625565273545,41.172761399097155,41.18816892901671,25246000
2017-02-22,41.29255294799805,41.41631755886537,41.1871802960334,41.18817384102979,19658000
2017-02-23,41.320884704589844,41.37705032973843,40.90088065496748,41.260741107610805,29456000
2017-02-24,41.18717575073242,41.205070935162034,40.96648743688079,41.1419467054491,27844000
2017-02-27,41.218990325927734,41.27963069662808,40.95655036002889,40.9838880144832,22030000
2017-02-28,40.91727828979492,41.18220209025155,40.76766636469486,41.036568136647446,45216000
2017-03-01,41.51522445678711,41.565675297156176,41.11858013182901,41.19761245023939,29930000
2017-03-02,41.286094665527344,41.47894478193115,41.236883851240215,41.44614262861499,18850000
2017-03-03,41.209049224853516,41.3223778198989,41.04358606314647,41.28261326752661,17928000
2017-03-06,41.14442825317383,41.19910355611772,40.87701679959536,41.1031733897582,22180000
2017-03-07,41.34971618652344,41.42427377546417,41.081807914132156,41.125546647199776,20752000
2017-03-08,41.521690368652344,41.659868954185725,41.343747233804976,41.42923760188952,19796000
2017-03-09,41.68621063232422,41.85123010442666,41.46403198881356,41.553003559143264,25230000
2017-03-10,41.913360595703125,41.99587033136654,41.726968531757535,41.91485470526519,34080000
2017-03-13,42.027183532714844,42.18350378858709,41.91335817731576,41.95063886324754,24472000
2017-03-14,42.031158447265625,42.111681089816656,41.79158519371926,41.93274441225177,15598000
2017-03-15,42.10969543457031,42.18077181870655,41.79009630003378,42.12908093719553,27630000
2017-03-16,42.18822479248047,42.291113569326974,42.05650804565065,42.20065168772321,19552000
2017-03-17,42.35424041748047,42.41786142278422,42.10522089341293,42.32889364514631,34246000
2017-03-20,42.16933822631836,42.25980390471824,42.00779995634527,42.24936409868894,24630000
2017-03-21,41.27763748168945,42.422830684916775,41.20606432854626,42.31845158985127,49270000
2017-03-22,41.23439407348633,41.530633500920466,41.114607452641344,41.34970974251492,28030000
2017-03-23,40.63744354248047,40.88546949527019,40.37286482944417,40.807430720215386,69742000
2017-03-24,40.48087692260742,40.85366104642613,40.20551329175851,40.761708842707506,39620000
2017-03-27,40.73337173461914,40.8387481658358,39.93114113062155,40.109084259252995,37886000
2017-03-28,40.80345916748047,41.05545931581337,40.46084544949059,40.778108604050594,32410000
2017-03-29,41.324859619140625,41.39220831405504,40.8760275902735,41.00625402788926,35726000
2017-03-30,41.3293342590332,41.437687539152854,41.20507288350524,41.428741842593084,21106000
2017-03-31,41.232906341552734,41.33629189457482,41.125046044277774,41.20358159807183,28038000
2017-04-03,41.679752349853516,41.794070692010735,41.21600577051469,41.21600577051469,33430000
2017-04-04,41.4819221496582,41.51224043533824,41.20685812816957,41.32237098621831,20908000
2017-04-05,41.324859619140625,41.87359979644329,41.29056335805921,41.52865009575665,31106000
2017-04-06,41.1494026184082,41.57238729472916,41.07882300897243,41.37406511472312,25088000
2017-04-07,40.98984909057617,41.179472053596285,40.78322589271046,41.15337443677554,21146000
2017-04-10,40.99283218383789,41.22246619740493,40.94511548343802,41.025638126392074,19578000
2017-04-11,40.92424011230469,41.1268853530183,40.60961250027715,40.991839087957985,21594000
2017-04-12,40.97245407104492,41.08876329391169,40.808428146690346,40.85366098586594,18010000
2017-04-13,40.9346809387207,41.07484661808725,40.82930450080507,40.86409753441224,22448000
2017-04-17,41.61115646362305,41.63998443306578,40.97990660182669,41.006747481557774,17900000
2017-04-18,41.5937614440918,41.69863731727308,41.38947798703814,41.46452855133272,16734000
2017-04-19,41.66284942626953,41.86216515235994,41.567416025150976,41.741381187525356,19084000
2017-04-20,41.833831787109375,42.01028080260831,41.71801934495727,41.82339198182959,19180000
2017-04-21,41.91038131713867,41.944677579363514,41.78164519263527,41.89497378580082,26472000
2017-04-24,42.883094787597656,42.91739104584279,42.24190568621969,42.30851111300181,27450000
2017-04-25,43.35728073120117,43.49148134795469,42.885582002309796,42.99443584683521,33440000
2017-04-26,43.328941345214844,43.54366837769169,43.131021147435966,43.45320270789147,24744000
2017-04-27,43.45420837402344,43.511367550007115,43.26185123199651,43.42189920004474,40536000
2017-04-28,45.030330657958984,45.57161161465698,45.02088818976799,45.263942630022456,65526000
2017-05-01,45.358882904052734,45.51346256744693,44.806164760670384,44.83052177997664,42320000
2017-05-02,45.551231384277344,45.76645518678477,45.2039457559868,45.21224678503602,31744000
2017-05-03,46.07810592651367,46.13079035139755,45.35753938262038,45.472703371629116,29990000
2017-05-04,46.307735443115234,46.51997481586154,45.95632395452079,46.02988798382156,28442000
2017-05-05,46.082576751708984,46.46878130570578,45.98664657877165,46.401182331013885,38226000
2017-05-08,46.438961029052734,46.56943395541308,45.98963223257797,46.03237741731126,26596000
2017-05-09,46.33308792114258,46.59801172461698,46.2018679504633,46.57067407271897,31636000
2017-05-10,46.16459274291992,46.32464070175538,45.98466250833103,46.323647156791154,23478000
2017-05-11,46.25505065917969,46.350980830174976,45.878789146102115,45.99261070922911,16700000
2017-05-12,46.33557891845703,46.396219292825,46.11837177925071,46.301282655197454,21012000
2017-05-15,46.5771369934082,46.63528970552361,46.192422768164775,46.371856213170624,22162000
2017-05-16,46.87139892578125,46.87686342368151,46.60200031694536,46.722283737416156,19390000
2017-05-17,45.70929718017578,46.689122086555386,45.635736933974606,46.50705687465908,47242000
2017-05-18,46.23716354370117,46.38279751720237,45.666057209016564,45.777891692729824,31938000
2017-05-19,46.42454528808594,46.610687060485645,46.27493335501977,46.29829682851027,27860000
2017-05-22,46.814720153808594,46.815865384844436,46.4737484697428,46.4737484697428,22408000
2017-05-23,47.16067123413086,47.292236297050074,46.85026429848629,47.115935168896,25416000
2017-05-24,47.465858459472656,47.472320293711405,47.194469005757725,47.36744062848778,20496000
2017-05-25,48.19054412841797,48.34408092884505,47.49119856435052,47.58365132058477,33210000
2017-05-26,48.286476135253906,48.46093805755611,47.96637646730946,48.198498119399204,25040000
2017-05-30,48.50567626953125,48.521584365294956,48.18806421692366,48.22882231305435,29334000
2017-05-31,47.95793533325195,48.67417888684753,47.72531687096388,48.46293301843405,48962000
2017-06-01,48.06181716918945,48.287973794504246,47.71686745147365,48.16122475790809,28210000
2017-06-02,48.491756439208984,48.50567365215355,48.01459322732849,48.18657129933091,35020000
2017-06-05,48.893367767333984,49.05391627831649,48.46690568932701,48.538975615189074,25042000
2017-06-06,48.53997039794922,49.12051916782292,48.46889401516146,48.86752547003255,36292000
2017-06-07,48.75718307495117,48.908285334518155,48.50866032027112,48.71045991729106,29078000
2017-06-08,48.87995147705078,48.93760741816253,48.57128514038068,48.827263260409985,29638000
2017-06-09,47.210872650146484,48.9341269985483,46.50506896410466,48.9341269985483,66188000
2017-06-12,46.866416931152344,47.18725986695482,45.491240885309765,46.70040392934917,75270000
2017-06-13,47.38831329345703,47.71537157904923,46.925564082198015,47.31425627911051,40266000
2017-06-14,47.25709533691406,47.77352633042474,46.83411065532028,47.71238918892956,29794000
2017-06-15,46.83709716796875,46.88824198027893,45.94887556137246,46.4225613918232,42662000
2017-06-16,46.71133804321289,46.823673081183216,46.30450796038763,46.72227462119306,61894000
2017-06-19,47.58563995361328,47.71586637710872,47.17209777560379,47.217330610391755,30666000
2017-06-20,47.25063705444336,47.79688956115867,47.21981820154658,47.593099090545536,22520000
2017-06-21,47.689029693603516,47.72133886415164,47.2570955217993,47.40024562497077,24044000
2017-06-22,47.57172775268555,47.75215475411682,47.44547928736156,47.65175362568002,18828000
2017-06-23,47.99421310424805,48.0145921507568,47.42807833827509,47.558801540963934,30558000
2017-06-26,47.332149505615234,48.377935156698435,47.25858926085241,48.20844094595923,31968000
2017-06-27,46.0925178527832,47.13432547881606,46.068657607583425,46.84454788235375,51598000
2017-06-28,46.74663543701172,46.85896669195173,45.52936842226854,46.17552910872616,54428000
2017-06-29,45.61833572387695,46.28785603068149,45.26195269707958,46.22125060305756,65984000
2017-06-30,45.16801452636719,46.02889842165881,45.14713870718369,46.02889842165881,41804000
2017-07-03,44.66947937011719,45.42697393311207,44.47513136856784,45.33949647555616,34196000
2017-07-05,45.316131591796875,45.45530371735699,44.659534947321916,44.821573773621196,36278000
2017-07-06,45.066612243652344,45.47687419796551,44.719178725833956,44.938873477155084,28490000
2017-07-07,45.65810012817383,45.80472763081694,45.1739783287265,45.1739783287265,32756000
2017-07-10,46.16558074951172,46.24411629813957,45.707803066087834,45.81616012869007,23856000
2017-07-11,46.229705810546875,46.2963074496047,45.827593153118585,46.20236815661715,22264000
2017-07-12,46.91264343261719,47.03541068864116,46.447406574705155,46.65666153098669,30642000
2017-07-13,47.078163146972656,47.44050746490052,46.871888809983126,47.03491739756502,25894000
2017-07-14,47.51705551147461,47.56278512644575,47.12016462230514,47.318733311975414,21076000
2017-07-17,47.389312744140625,47.75314737476044,47.181597390473904,47.56725208763864,23310000
2017-07-18,47.984771728515625,48.115991706632826,47.2491427398435,47.368436386972675,23080000
2017-07-19,48.25764465332031,48.364511398110714,47.91667295757393,48.10604563779617,24490000
2017-07-20,48.1214599609375,48.50666717902557,47.7914210299999,48.46193490550158,32490000
2017-07-21,48.35854721069336,48.373954740302985,47.72381994056552,47.82819903298613,34220000
2017-07-24,48.72735595703125,49.01862767876696,48.25168685033909,48.323756777972406,64966000
2017-07-25,47.25411605834961,47.70145777175122,46.990682547167616,47.40869572404189,93220000
2017-07-26,47.10996627807617,47.467839602241135,46.83554692590395,47.45193530094893,41766000
2017-07-27,46.42852020263672,47.30779606590245,45.72818481024404,47.30779606590245,64260000
2017-07-28,46.79832458496094,46.912646717738056,46.10096981384222,46.19540967169479,36928000
2017-07-31,46.250083923339844,46.90071552313316,46.02839826946472,46.81621870075088,39402000
2017-08-01,46.266483306884766,46.595376994043455,46.188448321362436,46.34352474754331,25554000
2017-08-02,46.24461364746094,46.35446102870105,45.56316322426045,46.1561388571232,36488000
2017-08-03,45.90960693359375,46.33656959810897,45.839524093909354,46.24212973882104,24050000
2017-08-04,46.12383270263672,46.240490803576414,45.878791153811136,46.063692897585106,21646000
2017-08-07,46.193416595458984,46.3097258125569,46.05126383512732,46.178505838012896,20644000
2017-08-08,46.06568145751953,46.51421391408707,46.00702817582345,46.08059221614298,21232000
2017-08-09,45.8723258972168,46.02541523127297,45.59149399920183,45.75850054544493,23842000
2017-08-10,45.09395217895508,45.691402555752695,45.038780102128,45.606405172427245,36480000
2017-08-11,45.4493408203125,45.617837682261666,45.01144162076306,45.130234695671795,24136000
2017-08-14,45.86088943481445,45.96019840702616,45.63821405493545,45.85393082919324,21290000
2017-08-15,45.83852767944336,46.05374770186935,45.71923782770684,45.93843202963564,17668000
2017-08-16,46.074127197265625,46.35943005776895,45.899414983680074,45.991120693463444,20134000
2017-08-17,45.27985382080078,46.0691608542243,45.27985382080078,46.0154828792932,25544000
2017-08-18,45.264442443847656,45.49332940503907,45.0896809274537,45.24654725895315,26854000
2017-08-21,45.06512451171875,45.380252672766225,44.903085687151254,45.23113751574205,18868000
2017-08-22,45.961299896240234,46.01945261019202,45.304452952059215,45.366337147623554,23334000
2017-08-23,46.07611083984375,46.22174478993396,45.69636815345475,45.824110712634486,21804000
2017-08-24,45.791805267333984,46.26698138438577,45.50451531520337,46.158624316681866,25406000
2017-08-25,45.52389907836914,46.004293223850254,45.504517367792545,45.90165472287859,21068000
2017-08-28,45.420509338378906,45.690654940190925,45.3240823982223,45.529363173410964,21730000
2017-08-29,45.792301177978516,45.89369963737542,44.98261519658099,44.98758671310252,23712000
2017-08-30,46.203857421875,46.26593880934794,45.71078611744758,45.73066839186702,26024000
2017-08-31,46.68897247314453,46.820689222163104,46.31271095548541,46.31271095548541,31652000
2017-09-01,46.590065002441406,46.845546367488765,46.4812111545887,46.77844416098281,18948000
2017-09-05,46.148189544677734,46.57316131887772,45.8256059872732,46.37832033447214,26528000
2017-09-06,46.11637496948242,46.270708134313146,45.69189998777994,46.23268418611526,30554000
2017-09-07,46.520973205566406,46.54383611493515,45.908115267450455,46.311217672988334,24254000
2017-09-08,46.051265716552734,46.572664436809866,45.97074307246689,46.54781443743648,20230000
2017-09-11,46.179500579833984,46.64175303342412,46.072140848145835,46.43647603876682,25340000
2017-09-12,46.32811737060547,46.39820020529268,45.920092763504094,46.35396470577283,22688000
2017-09-13,46.47822570800781,46.585585435146506,46.21826962538676,46.258034172692625,22052000
2017-09-14,45.982177734375,46.3629140167228,45.92700565270373,46.28736288721995,27952000
2017-09-15,45.74259948730469,46.050769059122615,45.54726173041165,45.959810401033344,50108000
2017-09-18,45.47966384887695,45.83157215852264,45.2609626125071,45.7286833746208,26138000
2017-09-19,45.81814956665039,45.848467854601154,45.357884205368535,45.59994511299497,18734000
2017-09-20,46.30376434326172,46.41808647947721,45.82759465214252,45.87630489991802,33396000
2017-09-21,46.347007751464844,46.549800884095625,45.91855478482206,46.37434540490717,25812000
2017-09-22,46.15216064453125,46.46033019573995,46.050269206994464,46.113393434514556,21054000
2017-09-25,45.77640151977539,46.046296874289155,45.2162317623137,45.99907694293405,37136000
2017-09-26,45.969749450683594,46.265988897929724,45.78484770836387,45.91308705330585,33338000
2017-09-27,46.9454460144043,47.21434779376289,46.112897133438544,46.112897133438544,44788000
2017-09-28,47.1944694519043,47.25361950554797,46.7496153909423,46.78987671415905,20406000
2017-09-29,47.67212677001953,47.70572527008738,47.29437117360213,47.31872439791767,31620000
2017-10-02,47.38185501098633,47.842613338008306,47.11195589401691,47.71537133653595,25668000
2017-10-03,47.60652160644531,47.61696141273589,47.17657830175711,47.4181424501465,17766000
2017-10-04,47.302825927734375,47.7357536517279,47.25361890847664,47.567252981745,19048000
2017-10-05,48.21142578125,48.25864570987904,47.47679032721368,47.49220164988862,24276000
2017-10-06,48.6552848815918,48.68361607952111,47.88337255466096,48.04938556268522,23478000
2017-10-09,48.56134033203125,48.98010432100102,48.51710483292022,48.71045548814305,17828000
2017-10-10,48.342647552490234,48.78849516207561,48.01857366634861,48.71046016951752,19368000
2017-10-11,49.170223236083984,49.24278993105318,48.32524368585817,48.398310945403864,33866000
2017-10-12,49.09964370727539,49.41228802364903,48.958981258039564,49.08075876949213,25248000
2017-10-13,49.19159698486328,49.56587140281939,49.157797498685966,49.30690886365605,23396000
2017-10-16,49.306907653808594,49.401696382155734,48.90927356482252,49.31187917016574,18210000
2017-10-17,49.315860748291016,49.527599579426216,49.137420840363035,49.22191766383453,25804000
2017-10-18,49.34716796875,49.54151216142981,49.05714389303824,49.295477093017425,21152000
2017-10-19,48.931644439697266,49.15183599212898,48.630433469066915,49.00868588599371,26272000
2017-10-20,49.11803436279297,49.257206490960506,48.93810414106836,49.179668275575175,23664000
2017-10-23,48.1363639831543,49.18363979853435,48.02055155162973,49.18363979853435,29568000
2017-10-24,48.24024963378906,48.324249677939314,47.76606709030662,48.21340875470932,24244000
2017-10-25,48.378929138183594,48.51611417986594,47.74221474041739,48.132393481122214,24226000
2017-10-26,48.34065246582031,49.08821155076241,48.3227610739034,48.7104559327456,40842000
2017-10-27,50.662357330322266,52.109751299217756,50.11212684280827,50.16133386160247,103354000
2017-10-30,50.55499267578125,50.94567197480175,50.07733269204343,50.40041301622976,41702000
2017-10-31,50.53163528442383,50.89746080887364,50.222472159152304,50.46105567168751,26614000
2017-11-01,50.972015380859375,51.17928325456032,50.547039827827845,50.55996349567593,27468000
2017-11-02,50.97598648071289,51.100744615351196,50.35120226269402,50.786117030480206,20980000
2017-11-03,51.31895065307617,51.32739957652782,50.714044897066834,50.80351323234269,21528000
2017-11-06,50.99188995361328,51.4377412915667,50.94715768417414,51.14547984652817,22504000
2017-11-07,51.361202239990234,51.39301463820422,50.95362508566425,51.059991274423815,22246000
2017-11-08,51.685279846191406,51.86779633642468,51.118648244204365,51.221537033171934,21774000
2017-11-09,51.25831604003906,51.39401077154733,50.682040996760044,51.39401077154733,24904000
2017-11-10,51.099754333496094,51.2334581722741,50.96107897810802,51.01973225606988,14400000
2017-11-13,50.984439849853516,51.27421746284231,50.826382781092505,50.868631192874325,17716000
2017-11-14,50.99686813354492,51.03712945659452,50.40787042269777,50.827377709347694,19184000
2017-11-15,50.743873596191406,50.901930666661926,50.47099382810147,50.65937297955765,17080000
2017-11-16,51.3199462890625,51.489937270660015,50.82389434932147,50.82389434932147,22594000
2017-11-17,50.65340805053711,51.415381166686714,50.586806410999074,51.395002119207504,27942000
2017-11-20,50.61811447143555,50.828366764738064,50.57437574495565,50.711560777826875,19070000
2017-11-21,51.41885757446289,51.4496764273926,50.83060693794077,50.86316259838147,21940000
2017-11-22,51.49192810058594,51.67811918657649,51.26676502350138,51.44421139688486,14926000
2017-11-24,51.72304916381836,51.850693139389435,51.44420813090936,51.487450087339454,10740000
2017-11-27,52.39903259277344,52.46116328041623,51.61519390040497,51.69273211880292,26158000
2017-11-28,52.06104278564453,52.804874248169966,51.692733395043874,52.44277640962444,28488000
2017-11-29,50.781150817871094,51.89552522281492,50.48242750335023,51.825939156073886,49188000
2017-11-30,50.76872253417969,51.12063083014631,50.45011695327658,50.816439234662965,34480000
2017-12-01,50.210044860839844,50.822406044645085,49.80495535348216,50.489883239334674,38192000
2017-12-04,49.63893508911133,50.504790481645834,49.484355434553486,50.333805960281886,38128000
2017-12-05,49.96052932739258,50.72896050567007,49.12201530834194,49.50275159406587,41346000
2017-12-06,50.61811447143555,50.945669524075896,49.761208580573,49.77910376439982,25440000
2017-12-07,51.241912841796875,51.40643553924261,50.60276008015834,50.72001355036744,29164000
2017-12-08,51.54610824584961,51.79463101396943,51.321043757813854,51.56797761236186,25816000
2017-12-11,51.74740219116211,51.88160279434251,51.29757666488957,51.46905795217708,23856000
2017-12-12,51.716590881347656,52.20518748021587,51.37910033844714,51.67434246692408,25590000
2017-12-13,51.72304916381836,52.02400984347442,51.61220823209028,51.996922472187904,25654000
2017-12-14,52.14752960205078,52.61226593564592,51.847312175504825,51.94125526245691,31174000
2017-12-15,52.89508056640625,53.0655683132772,52.164919900423186,52.41891092115192,65518000
2017-12-18,53.53875732421875,53.60585952837763,52.78623046918058,52.98902739904826,31092000
2017-12-19,53.21766662597656,53.5238453112992,52.86327446771373,53.44232912329207,26774000
2017-12-20,52.932861328125,53.35186804085497,52.76237357061173,53.27234273361686,25372000
2017-12-21,52.867252349853516,53.15056814575603,52.775994106376736,52.93286423967838,19914000
2017-12-22,52.69279098510742,52.895584134507565,52.658991494847996,52.741998006941415,15102000
2017-12-26,52.52478790283203,52.69278800749461,52.19971668772017,52.590892769982005,15212000
2017-12-27,52.15846252441406,52.605804238424156,52.09285442884259,52.55709399117743,25438000
2017-12-28,52.097328186035156,52.42587301445034,51.9298210625933,52.26930626163082,16742000
2017-12-29,52.010841369628906,52.1748672964904,51.93628378540494,52.02674567298252,17750000
2018-01-02,52.935340881347656,53.03176782082792,51.95268332272792,52.10726297248544,24752000
2018-01-03,53.804176330566406,53.99354900849851,52.846368779175116,52.90104408195907,28604000
2018-01-04,53.9990234375,54.355406490948376,53.879832173995005,54.0785525386494,20092000
2018-01-05,54.78584289550781,54.88624781016221,54.277364072708245,54.37677544248824,25582000
2018-01-08,55.019954681396484,55.23517471541068,54.75552762829345,54.785845917258875,20952000
2018-01-09,54.98615264892578,55.20037912809896,54.73618889120471,55.14222641518172,18050000
2018-01-10,54.80473327636719,54.90364408453508,54.48165295111779,54.53085996897565,20856000
2018-01-11,54.94937515258789,54.999325434370725,54.65462601791947,54.98814236566608,19566000
2018-01-12,55.78142547607422,55.88232716555062,54.73216242863382,54.79478988660521,34410000
2018-01-16,55.75657272338867,56.658707653952824,55.561333576285556,56.29089507562958,31506000
2018-01-17,56.264556884765625,56.29537573909894,55.520478934352155,55.978260459811544,24052000
2018-01-18,56.15570068359375,56.2908986346983,55.544833625656494,56.2362233273095,23964000
2018-01-19,56.5394172668457,56.55681567800188,56.081639586039074,56.25709505408053,35564000
2018-01-22,57.44901657104492,57.65131293672402,56.420132537758704,56.53842885102229,32360000
2018-01-23,58.15283203125,58.23519007839413,57.595146172185764,57.649821479475754,26662000
2018-01-24,57.86802291870117,58.64440617428538,57.70946529425928,58.518654490938076,28332000
2018-01-25,58.17271423339844,58.4495681766877,57.7944618270904,58.28007396586878,29610000
2018-01-26,58.44459533691406,58.44459533691406,57.56333239940894,58.40682167046188,40376000
2018-01-29,58.43166732788086,58.99382787600255,58.2527306656191,58.47640338952419,27578000
2018-01-30,57.84069061279297,58.47839857650805,57.83223789640656,58.046464389946784,31126000
2018-01-31,58.15134048461914,58.30343628004366,57.614033684033096,58.18265231724157,30774000
2018-02-01,58.04000473022461,58.35314584035303,57.53401350437756,57.787011013379306,48242000
2018-02-02,55.2664909362793,55.82168915770944,55.036754525788815,55.76850416617517,97158000
2018-02-05,52.478065490722656,55.1720512260577,52.29067988082718,54.207781729878036,75966000
2018-02-06,53.71073532104492,53.76590740168139,50.85456290220561,51.05552063601331,68960000
2018-02-07,52.11919403076172,53.76938481693409,52.10328593659845,53.75745469435063,47384000
2018-02-08,49.78010177612305,52.618231162995386,49.73735659066082,52.45867998014073,57182000
2018-02-09,51.5823860168457,51.890058808692636,49.334744767677535,50.56195094362261,70118000
2018-02-12,52.286197662353516,52.76137373576475,51.73884928114002,52.0903631562835,41154000
2018-02-13,52.29415512084961,52.60580209446447,51.89587254869487,51.94125328088986,25302000
2018-02-14,53.16896057128906,53.26936170469922,52.02824199819983,52.13758882860782,31116000
2018-02-15,54.15410614013672,54.251477340949144,52.90254282993175,53.63469068091334,36868000
2018-02-16,54.416542053222656,54.90712571041207,54.09410639200934,54.09893001463584,33590000
2018-02-20,54.797279357910156,55.36838187747883,54.104395533347294,54.2062907711001,28462000
2018-02-21,55.238651275634766,56.363465390019364,54.98963177416049,54.99659038023668,30258000
2018-02-22,55.00454330444336,55.809257758480356,54.803737270256505,55.479719406152114,26344000
2018-02-23,56.006587982177734,56.030941208403036,54.909308665076686,55.303268173967126,25220000
2018-02-26,56.849578857421875,56.86001866345645,56.00186888270813,56.056790681036766,31182000
2018-02-27,55.584102630615234,56.863993281501855,55.56968864476586,56.724821147676074,35482000
2018-02-28,54.91010665893555,56.043369778771314,54.83604584884603,55.81970082328232,37652000
2018-03-01,53.160011291503906,55.17801477940203,53.034805671380454,55.06618030191889,50318000
2018-03-02,53.627227783203125,53.78026781904391,52.0960803700821,52.342862499883886,45432000
2018-03-05,54.224185943603516,54.530861409564594,53.134164766527455,53.43934991509265,24044000
2018-03-06,54.42946243286133,54.76695674928061,54.166775981562644,54.636233541168004,30656000
2018-03-07,55.154151916503906,55.28239125547674,53.953392268682556,54.13769484174991,25850000
2018-03-08,55.96731948852539,56.04684858442202,55.31121961600219,55.43647452909898,27102000
2018-03-09,57.659263610839844,57.697041070129295,56.288463639315104,56.46436659319993,42560000
2018-03-12,57.88094711303711,58.504741644186474,57.529038807083595,57.84864173411688,43446000
2018-03-13,56.57223129272461,58.49033055371423,56.331660681764454,58.1543265343551,38144000
2018-03-14,57.1348762512207,57.587189431454235,56.734754511843285,56.9221438927853,25828000
2018-03-15,57.13935470581055,57.71095776949254,56.391799391780054,57.15824343528717,27908000
2018-03-16,56.45094680786133,57.45249317292224,56.26356120306363,57.366009259395376,61840000
2018-03-19,54.66605758666992,55.76800505925736,54.128750780962,55.66959102414008,56118000
2018-03-20,54.56118392944336,54.93346749322289,53.85289256861122,54.62530170738803,36638000
2018-03-21,54.2216911315918,54.98813510124371,53.93688506816818,54.314143888119645,37578000
2018-03-22,52.144046783447266,53.82505650974358,51.986486488021995,53.77435917431937,53340000
2018-03-23,50.77667236328125,52.85382578411427,50.75927774394513,52.042152724880864,43134000
2018-03-26,52.349327087402344,52.4696142790231,50.12206487418087,51.990956959100444,53302000
2018-03-27,49.958045959472656,52.92734609365107,49.551462332312624,52.835939957039656,61906000
2018-03-28,49.93120193481445,50.90888803861177,48.74226998279036,49.60514097606524,67386000
2018-03-29,51.28466033935547,51.84184946166064,49.848695856629234,50.282617143407414,54536000
2018-04-02,50.02613830566406,51.43426825003243,49.22589477465156,50.83880494002685,53608000
2018-04-03,50.37108612060547,50.747844398443256,49.4097973404882,50.39593611853879,45502000
2018-04-04,50.95412063598633,51.13196517236196,49.35661800013234,49.37699704696766,49694000
2018-04-05,51.08683395385742,51.83140867784787,50.705153420667855,51.7588419745879,27260000
2018-04-06,50.054466247558594,51.266261023699776,49.855150536443446,50.69863596847602,34928000
2018-04-09,50.47248077392578,51.672846025547244,50.404385029567685,50.539582973425496,35032000
2018-04-10,51.277198791503906,51.507826338769625,50.268197109963,51.0187330275475,39490000
2018-04-11,50.697147369384766,51.26347931865932,50.49335690746814,51.095778805124915,29678000
2018-04-12,51.32044219970703,51.72702579369904,50.769965244829834,50.949148409810356,27140000
2018-04-13,51.159400939941406,52.011832115393645,50.84675663392792,51.7364684955639,24460000
2018-04-16,51.59232711791992,51.85377353650921,51.033651494627854,51.54361687124466,24224000
2018-04-17,53.3906364440918,53.57553817823333,52.103286703507194,52.25787015047177,46406000
2018-04-18,53.28725051879883,53.55316787173096,52.99622909335966,53.55316787173096,26882000
2018-04-19,54.063636779785156,54.38497651002467,53.0934060372465,53.154046406694206,34954000
2018-04-20,53.330989837646484,54.29476249541129,53.16249296965777,53.78031861110573,37794000
2018-04-23,53.05712127685547,53.81610993930881,52.72161406005034,53.57454580501282,46826000
2018-04-24,50.6976432800293,52.53770350656408,50.230916107439874,52.28918077703037,95206000
2018-04-25,50.75728988647461,51.31945049425617,50.46552518256208,50.973010482619195,47822000
2018-04-26,51.69471740722656,52.08937088429858,50.608674238566614,51.17132781500584,41590000
2018-04-27,51.19817352294922,52.16492692844372,50.976491640985586,51.99096175113554,32396000
2018-04-30,50.5659294128418,51.543615520131034,50.54206916651662,51.19618196830869,33426000
2018-05-01,51.55902862548828,51.61668456917428,50.11262438708295,50.38351327693206,28558000
2018-05-02,50.91634750366211,51.7120670011472,50.84129314951274,51.10124545230878,32062000
2018-05-03,50.883544921875,51.17953410393651,50.017192667066205,50.64893937516421,36302000
2018-05-04,52.100807189941406,52.11571794855677,50.54455933004177,50.54455933004177,38774000
2018-05-07,52.4278564453125,52.77032225521825,52.04562988047799,52.15149928973896,29322000
2018-05-08,52.384117126464844,52.71415603765512,52.04786666393104,52.61424789864626,24354000
2018-05-09,53.81809997558594,53.95130704941499,52.506146626388194,52.59238405246918,40656000
2018-05-10,54.55422592163086,54.69687546500817,53.961250233820394,53.98063194464799,28860000
2018-05-11,54.58851623535156,54.7411125986667,54.22319128871411,54.35689513010987,25074000
2018-05-14,54.684940338134766,55.209323454891454,54.630765598250136,54.67500109739295,30362000
2018-05-15,53.64263916015625,54.18044274911645,53.35634274529425,54.177958886820804,29898000
2018-05-16,53.768890380859375,54.14167449446532,53.495017074903004,53.54720851935652,21946000
2018-05-17,53.6108283996582,54.02237971649284,53.35783091834996,53.675442946153964,20876000
2018-05-18,53.00294494628906,53.180888085469036,52.72062270673553,52.779272195068955,31304000
2018-05-21,53.660037994384766,54.07855172978773,53.36528886108891,53.38566790854191,20464000
2018-05-22,53.17044448852539,54.00846165872386,53.01934224195103,53.857859976736854,21800000
2018-05-23,53.665504455566406,53.71968298944119,52.771814617167735,52.94180559763983,21214000
2018-05-24,53.64314270019531,53.704276053308575,52.99250726026885,53.63121257620212,15336000
2018-05-25,53.46519470214844,53.808153502501426,53.371501902799466,53.63220125427247,17988000
2018-05-29,52.702728271484375,53.35137281258808,52.44923779217951,52.92987843320477,37302000
2018-05-30,53.07451629638672,53.14459913338357,52.529257338514846,52.83742690447716,22770000
2018-05-31,53.92893981933594,54.53533593430208,53.06258760413063,53.06258760413063,61766000
2018-06-01,55.64424133300781,55.66909512447942,54.60044655785505,54.642694969631854,48432000
2018-06-04,56.62789535522461,56.7571282428315,55.76875205435188,55.78490663932225,37792000
2018-06-05,56.64628601074219,56.94838811921512,56.32469601253797,56.71239087429456,33560000
2018-06-06,56.50811004638672,56.81230164690469,55.954550047314065,56.77104677977052,33964000
2018-06-07,55.86095428466797,56.45542025594862,55.496122324760606,56.23175130608784,30400000
2018-06-08,55.712337493896484,56.0006247916157,55.27891300239643,55.578633651022265,25816000
2018-06-11,56.16564178466797,56.52699253973282,55.59950702016854,55.59950702016854,21586000
2018-06-12,56.62938690185547,56.652746583915956,56.202674527852864,56.21932588563332,18240000
2018-06-13,56.40422439575195,56.9862672847583,56.33414155671956,56.71885580485746,30128000
2018-06-14,57.265602111816406,57.43211189043853,56.69499639569284,56.85454756802076,26868000
2018-06-15,57.272560119628906,57.330219851289684,56.83640529970363,57.10356648058052,42450000
2018-06-18,58.326297760009766,58.36854616968641,56.84162319136047,56.84460382595394,28274000
2018-06-19,58.057891845703125,58.21744301354902,57.359543581553524,57.58271574913681,32420000
2018-06-20,58.14636993408203,58.963810901026825,58.11257044651991,58.4182523597809,32970000
2018-06-21,57.54096603393555,58.51691531206349,57.271169300403955,58.39538808749026,24762000
2018-06-22,57.43260955810547,57.781389321199725,57.02403887013345,57.61453066162299,26220000
2018-06-25,55.908172607421875,56.857527478120815,55.31022545402356,56.84211994841345,43146000
2018-06-26,55.59254837036133,56.32568968544246,55.50303073540467,56.06673093529758,31264000
2018-06-27,54.87282943725586,56.257398738543,54.8549342523745,55.735700440241715,25878000
2018-06-28,55.38180160522461,55.783914261782215,54.476682184899055,54.778886694851984,21448000
2018-06-29,55.452877044677734,56.07801014469478,55.42056787682021,55.669090602725234,26302000
2018-07-02,56.039894104003906,56.06673498623735,54.36683646177603,54.6253022503133,24346000
2018-07-03,54.81864929199219,56.45541968224452,54.67599596605615,56.45541968224452,13580000
2018-07-05,55.8813362121582,56.041880940201544,55.09650017308901,55.1983954121887,21334000
2018-07-06,56.671634674072266,56.70941213349751,55.70572700040012,55.847037906646065,19922000
2018-07-09,57.361534118652344,57.39235297160222,56.83317679582065,57.084680175338505,18180000
2018-07-10,57.3013916015625,57.63689883021328,57.13985333126765,57.50716916621998,15968000
2018-07-11,57.35407638549805,57.870507356071734,56.712887275195,56.891327175038924,22400000
2018-07-12,58.8243408203125,58.870567204784116,57.45522831851897,57.65180990544465,25038000
2018-07-13,59.089759826660156,59.417659961872445,58.65136385322083,58.899886581412446,24438000
2018-07-16,58.843223571777344,59.198112476717945,58.61557666412666,59.11809040403475,21114000
2018-07-17,59.58580780029297,59.79655686318152,58.18413976840711,58.2646624063086,32208000
2018-07-18,59.440673828125,59.869126790917306,59.16531020637147,59.47447331528573,27872000
2018-07-19,58.997310638427734,59.645458377518246,58.81638687011773,59.19811668125564,25534000
2018-07-20,58.89541244506836,59.489381619887844,58.86111618687511,58.99730767479555,24948000
2018-07-23,59.91883850097656,59.96804552168944,58.70107471086666,58.701571483347664,52384000
2018-07-24,62.03525161743164,62.92595702682414,61.41295122237147,62.75646661136781,66364000
2018-07-25,62.81163787841797,62.91899760747008,61.590396785455624,61.590396785455624,42556000
2018-07-26,63.04177474975586,63.11339720740576,62.08197996862653,62.180394011138844,48112000
2018-07-27,61.559078216552734,63.31812279198188,61.18629412909825,63.1744759288555,42612000
2018-07-30,60.626625061035156,61.380941787183076,60.215570510862825,61.03768340336357,36998000
2018-07-31,60.50335693359375,61.01670489139332,59.923801723168275,60.64004519872354,32894000
2018-08-01,60.64004135131836,61.30906485718551,60.152938936504896,61.03718245366301,31344000
2018-08-02,60.94523239135742,61.130630907317645,59.88354242381022,59.938714504168274,30626000
2018-08-03,60.823951721191406,61.13659222669759,60.3940046633912,61.11770349788862,21792000
2018-08-06,60.87663650512695,60.94214979178429,60.430637248524995,60.888069855397376,21634000
2018-08-07,61.74398422241211,62.18883826239135,61.44327003580824,61.484524902024255,29880000
2018-08-08,61.912479400634766,62.45376416328219,61.534625184974246,61.6569980589856,27406000
2018-08-09,62.08595275878906,62.40614724861714,61.93236285368915,62.12571351517079,16972000
2018-08-10,61.51484680175781,61.91670916684826,61.23600198020277,61.78275504515144,22174000
2018-08-13,61.38561248779297,62.094548467891215,61.31756604050879,61.48352974789801,19946000
2018-08-14,61.73802185058594,61.92540746029378,60.89354277964554,61.39456246545523,26962000
2018-08-15,60.36021423339844,61.39705043625212,60.11814952125007,61.09981743446776,36576000
2018-08-16,59.968040466308594,60.937774396867624,59.772202152772124,60.87465016769565,26864000
2018-08-17,59.693172454833984,60.09379097798295,59.060929046278005,59.746357442028376,27792000
2018-08-20,60.03166198730469,60.19220670611677,59.37834554971811,59.89497372224465,17416000
2018-08-21,59.72597885131836,60.503355658307726,59.663051815009446,60.04309410287292,24112000
2018-08-22,60.009788513183594,60.23395421880383,59.5957495668142,59.645453352843745,17748000
2018-08-23,59.912864685058594,60.70316512019098,59.8562022932535,60.00034213480828,19852000
2018-08-24,60.67185974121094,60.72156353242761,59.961532003990314,60.083855586295655,18932000
2018-08-27,61.724098205566406,61.78722243218599,60.923657528742574,61.01730102580758,23126000
2018-08-28,61.19375228881836,61.76013733399028,61.071481802590874,61.69775636762728,26080000
2018-08-29,62.09589385986328,62.16349283597118,61.4526683282005,61.50689616160916,25978000
2018-08-30,61.58990478515625,62.311366315815555,61.26533412634694,61.84389203851612,26628000
2018-08-31,60.54958724975586,61.56703795498641,60.20637814338066,61.384127087775745,36328000
2018-09-04,59.496341705322266,60.291120724799725,59.27267275894338,59.857696252479776,36620000
2018-09-05,58.973453521728516,59.596250690184206,57.7566833631335,59.33728814406576,41226000
2018-09-06,58.22589111328125,58.9645006863016,57.259634631921536,58.9645006863016,37770000
2018-09-07,57.89735412597656,58.41577223902427,57.518851414361166,57.59117162849591,28026000
2018-09-10,57.887901306152344,58.37997904530406,57.6627420471849,58.26317305802465,22308000
2018-09-11,58.52014923095703,58.58575732594867,57.470389373840966,57.73829762740834,24186000
2018-09-12,57.79743576049805,58.5822716806359,57.57575392258779,58.28951346844066,25910000
2018-09-13,58.419246673583984,58.582279051952234,57.798937142593495,58.19110297365398,28624000
2018-09-14,58.28007507324219,58.672494982344375,58.07131687378648,58.60663660541527,18880000
2018-09-17,57.460941314697266,58.51417847661441,57.360536403877184,58.161276659723235,26130000
2018-09-18,57.71791458129883,58.45652417615115,57.51263380214494,57.51263380214494,24072000
2018-09-19,58.208499908447266,58.31387254946676,57.38787733254418,57.90480508870974,23828000
2018-09-20,58.992835998535156,59.14294470650933,58.32132857658054,58.65087073582832,24508000
2018-09-21,57.95998001098633,59.258262630529835,57.95749235647523,59.247822824326995,88112000
2018-09-24,58.32182312011719,58.55195768996058,57.00664275241397,57.51661188834982,25420000
2018-09-25,58.88249206542969,58.99333678933096,58.05491466290246,58.46000415798648,19554000
2018-09-26,58.67572021484375,59.35865714516256,58.39116063244035,58.90734130166017,29246000
2018-09-27,59.3790397644043,59.749836785180285,58.83179372157158,58.98587660711228,25216000
2018-09-28,59.320892333984375,59.41731928718522,58.875040920513776,59.241363229747776,27612000
2018-10-01,59.4123420715332,60.13753124094128,59.16332256042367,59.639988991164316,27152000
2018-10-02,59.65092849731445,60.14051861989451,58.980911373338365,59.1961314081695,33758000
2018-10-03,59.79208755493164,59.96406563176377,59.338784576600794,59.89398279262164,25124000
2018-10-04,58.064353942871094,59.5216908429741,57.437381634453956,59.41333377944989,44190000
2018-10-05,57.52555847167969,58.3282858536641,56.917672066856,58.030059326477435,23686000
2018-10-08,57.10903549194336,58.05491296975216,56.03511586588369,57.16569788729844,38648000
2018-10-09,56.60453796386719,57.376446537130995,56.5425058719336,56.96886937556295,26174000
2018-10-10,53.741554260253906,56.274001684322386,53.737079515924066,56.219823148525386,53514000
2018-10-11,53.647117614746094,54.99311699761499,53.097884429084075,53.33000232470508,58980000
2018-10-12,55.176025390625,55.42057015509441,53.99911839716315,55.07263984138671,42026000
2018-10-15,54.289794921875,55.34333178106752,54.128256648432185,55.11787292127905,27448000
2018-10-16,55.73271560668945,55.878846342941124,54.79926500021331,54.903147325083644,38570000
2018-10-17,55.454872131347656,56.11594358770383,54.78386143307055,55.990191889367225,29344000
2018-10-18,54.077056884765625,55.760550480278724,53.53627266415581,55.760550480278724,41890000
2018-10-19,54.499053955078125,55.18994691206408,54.06612622281322,54.34546404046237,25352000
2018-10-22,54.73265838623047,55.28288885150374,54.227660758230044,54.82709824030854,30284000
2018-10-23,54.85841751098633,55.06717571499113,53.18386955020798,53.72515056319678,36974000
2018-10-24,52.225067138671875,54.97919642738288,52.12714987324193,54.886250678740765,39648000
2018-10-25,54.454811096191406,55.22075836061928,53.161500065575495,53.272837767368735,50916000
2018-10-26,53.25693130493164,54.99957104374668,51.39897210514196,51.54510662497487,83752000
2018-10-29,50.70262145996094,54.52788339095327,49.497284546449976,53.80368769786843,77614000
2018-10-30,51.50435256958008,51.56797357413086,49.741826627092095,50.12505055609539,64254000
2018-10-31,53.52037048339844,54.27438767448984,52.53770902004414,52.67738172107554,50596000
2018-11-01,53.18386459350586,53.87848517367541,52.809093406174775,53.472151872447895,29640000
2018-11-02,52.57697296142578,53.82878262717908,52.41891210600625,53.3692643282823,36780000
2018-11-05,51.697200775146484,52.61076902449727,50.760269054025116,52.438294195237496,48828000
2018-11-06,52.47856140136719,52.90278991625661,51.596801655777504,51.6668844946411,24666000
2018-11-07,54.34645462036133,54.44934339958209,52.980076311999035,53.13416299068387,41168000
2018-11-08,53.80020523071289,54.340496494023434,53.29346696648831,54.24655340560158,29764000
2018-11-09,52.99250030517578,53.46022102039316,52.344352604906405,53.38218603650532,26864000
2018-11-12,51.6246337890625,52.79219312749181,51.24538784794873,52.75590977851396,29436000
2018-11-13,51.49639892578125,52.51807403500012,51.252843908801346,51.8562593700145,30274000
2018-11-14,51.8746452331543,52.41662394951939,51.24538625611471,52.18977339017768,31318000
2018-11-15,52.920928955078125,53.27581787604029,51.284158574507636,51.926838007846136,36722000
2018-11-16,52.76087951660156,53.03474901648153,52.13907591974725,52.657493970004666,33162000
2018-11-19,50.698638916015625,52.72608861032938,50.51274363362167,52.54764870675646,37172000
2018-11-20,50.98493194580078,51.28216870269331,49.50671927285592,49.704544665124715,48982000
2018-11-21,51.573936462402344,52.11820186577253,51.36815890709118,51.53168805196962,30686000
2018-11-23,50.89148712158203,51.57293749011218,50.81787379629596,51.19567867841016,13830000
2018-11-26,52.121185302734375,52.155481563796855,51.3900310339735,51.61071935869619,38856000
2018-11-27,51.91192626953125,52.56653581333443,51.61767392885967,51.74243206734481,36064000
2018-11-28,53.99057388305664,54.02089217202606,51.48198290903046,52.12814357577908,49508000
2018-11-29,54.09346389770508,54.38895630131813,53.482096250338586,53.486074222302726,29378000
2018-11-30,54.39814758300781,54.45480997762709,53.57553793969409,54.13172966479219,51604000
2018-12-03,54.994606018066406,55.90022225233491,54.85717447980792,55.825171686024,39824000
2018-12-04,52.230533599853516,54.894697681455604,52.18878196147192,54.83007934194403,46904000
2018-12-06,53.12074279785156,53.24351385206053,51.23395931520691,51.40742770451148,55384000
2018-12-07,51.522743225097656,53.44531721288337,51.121131111275346,52.68732203441026,42024000
2018-12-10,51.67036056518555,52.11273071145967,50.86216493807993,51.44668783782355,36154000
2018-12-11,52.276756286621094,52.716638775867075,51.68477422013096,52.51235534256925,27894000
2018-12-12,52.86973571777344,53.76292884857509,52.82550021392138,53.08446277907809,30476000
2018-12-13,52.78125762939453,53.66897855949059,52.38511006917306,53.08793306463763,26596000
2018-12-14,51.79711151123047,52.81605631118377,51.73200018842494,52.188784369469744,33732000
2018-12-17,50.526161193847656,52.3463429104393,50.09721148516394,51.568962338180654,47708000
2018-12-18,51.131568908691406,52.163930353014834,50.77021434122208,51.00134247148431,43850000
2018-12-19,50.84824752807617,52.78622496564763,50.1046664470668,51.394003216636314,49586000
2018-12-20,50.172271728515625,51.40543924127714,49.52362718675577,50.60569623202306,53470000
2018-12-21,48.68759536743164,50.89845274782157,48.39682420930661,50.4650282591496,91920000
2018-12-24,48.522579193115234,49.880504901444056,48.218884346173944,48.40726350852214,31806000
2018-12-26,51.665889739990234,51.6927306209957,48.85957286343819,49.15829616950267,47466000
2018-12-27,51.885581970214844,51.886078742642006,49.5554310829904,50.55697738632508,42196000
2018-12-28,51.54759216308594,52.46613198764803,51.34976675972318,52.17088609599978,28296000
2018-12-31,51.474525451660156,52.32397599469107,50.87707884781986,52.23749208345651,29866000
2019-01-02,51.98350524902344,52.305095277968825,50.48541008222818,50.52815526884994,30652000
2019-01-03,50.5028076171875,52.53671548314275,50.40389301210873,51.74243696843783,36822000
2019-01-04,53.21915817260742,53.225620006789256,51.06734842927748,51.324422490909136,41878000
2019-01-07,53.10383987426758,53.38268469094256,52.42636740862265,53.25842332238457,39638000
2019-01-08,53.49601364135742,53.90756878221173,52.713168475430805,53.48756471708144,35298000
2019-01-09,53.41549301147461,53.81163681589123,53.0049314292169,53.76292656960799,23986000
2019-01-10,53.20026779174805,53.24102588542835,52.57299966820446,53.06755749714106,29128000
2019-01-11,52.547149658203125,52.87445442603151,52.11422197211027,52.844879402172516,30416000
2019-01-14,51.92584228515625,52.26582043439593,51.75510805191009,52.03668320876312,22886000
2019-01-15,53.53925704956055,53.68340070725814,52.05756673218158,52.198229190285204,29272000
2019-01-16,53.7291259765625,54.296007809699574,53.64810656119154,53.68091250373187,26636000
2019-01-17,54.17298889160156,54.267428751675176,53.35783456130506,53.65457079045541,24854000
2019-01-18,54.58851623535156,55.09013506603249,54.22269072410284,54.67500394057345,39112000
2019-01-22,53.209712982177734,54.25301094531051,52.85929501335959,54.0785490156366,32270000
2019-01-23,53.46072006225586,53.925953142959365,52.67439375231596,53.54919485506247,19340000
2019-01-24,53.37771224975586,53.65481646201617,52.721612386821285,53.505951587760414,27226000
2019-01-25,54.22716522216797,54.37677715791698,53.771374600580735,53.929435460184685,22382000
2019-01-28,53.18784713745117,53.83002984047551,52.87569958649458,53.68638296108396,25686000
2019-01-29,52.71763229370117,53.43984078237367,52.481289975335926,53.317069738200075,20436000
2019-01-30,54.13123321533203,54.22766015810915,53.027294889911616,53.10583044067904,25596000
2019-01-31,55.488670349121094,55.53638705199166,54.44686262206701,54.82412150058368,30766000
2019-02-01,55.20932388305664,55.917615192355534,54.91805596668196,55.291336840397484,29244000
2019-02-04,56.3053092956543,56.3053092956543,55.1233360068159,55.30425976610955,51530000
2019-02-05,56.96091079711914,57.00365597754359,55.53230331080248,55.90966073663968,71044000
2019-02-06,55.4320068359375,57.01111757476597,55.30973255027828,56.641814647610246,42112000
2019-02-07,54.61088943481445,54.915577822923495,53.97914272815147,54.881778333170104,40896000
2019-02-08,54.42946243286133,54.62082601057618,54.00647774733986,54.028843884536656,21516000
2019-02-11,54.426979064941406,54.97049743983534,54.32011610259299,54.52340601336566,21304000
2019-02-12,55.737186431884766,55.93227768214048,54.965770918686104,55.0129908434263,32182000
2019-02-13,55.67704391479492,56.40123951723357,55.594534186050076,55.91711772246927,20996000
2019-02-14,55.752105712890625,56.07816669985688,55.19417332055294,55.57217547424374,18952000
2019-02-15,55.35346984863281,56.24914679105507,55.2043584771512,56.170118257150115,28996000
2019-02-19,55.59751892089844,55.76303515173239,55.17204660740363,55.17204660740363,20928000
2019-02-20,55.36092758178711,55.83859138133182,54.9374461114387,55.66860039092852,21756000
2019-02-21,54.5244026184082,55.26848059335507,54.303217510008096,55.21380528187132,28302000
2019-02-22,55.19044494628906,55.23368690560967,54.4563062220311,54.71973974216475,20990000
2019-02-25,55.14222717285156,55.59652368087216,55.036353966836266,55.47027522015861,28262000
2019-02-26,55.427032470703125,55.644736356842216,54.67102445027817,54.960802054126326,29426000
2019-02-27,55.47276306152344,55.568689442424954,54.72470717908519,55.02044984961602,19368000
2019-02-28,55.66511917114258,56.04933665503377,55.22225219795658,55.236666184042804,30850000
2019-03-01,56.712398529052734,56.810812575086935,55.905196299826216,55.91265167954659,29006000
2019-03-04,57.050880432128906,57.57178616581231,56.200436331354496,57.01061911057074,28920000
2019-03-05,57.7581787109375,58.13493700925153,56.97110532449363,57.16321216315103,28864000
2019-03-06,57.550907135009766,58.03333762574928,57.433107603777295,57.78103790865043,21986000
2019-03-07,56.827205657958984,57.495978866834406,56.41018229183215,57.4445344821397,23332000
2019-03-08,56.77850341796875,57.015096047583675,55.833122652295245,56.00360662167492,24248000
2019-03-11,58.440616607666016,58.46199299106435,56.88436887353296,56.88436887353296,34384000
2019-03-12,59.30746841430664,59.64545950317756,58.56488080528061,58.56488080528061,40262000
2019-03-13,59.31343078613281,59.69168318009691,59.24483826811682,59.67751568522143,28718000
2019-03-14,58.92722702026367,59.54008494641327,58.87404203143705,59.372577828662855,23456000
2019-03-15,58.873046875,59.4749682065785,58.78109467722698,59.316410581484256,49236000
2019-03-18,58.86310958862305,59.14841245191686,58.52318071687908,58.81539288856555,25852000
2019-03-19,59.58829879760742,59.645457966354805,58.94313169767177,59.089262432607114,30414000
2019-03-20,60.83687210083008,60.994432380065106,59.45508259667977,59.51373586965694,44548000
2019-03-21,61.2131462097168,61.22557310667049,60.299081007210106,60.44073701444388,24080000
2019-03-22,59.91883850097656,61.13659849893011,59.78587791526177,60.95368762985912,34284000
2019-03-25,59.29753112792969,59.9634716980415,59.001291668920715,59.49286889176449,29936000
2019-03-26,58.88100051879883,59.786119911130825,58.48833413541926,59.57239020352311,38024000
2019-03-27,58.3044319152832,59.027084161573804,57.6259620808811,58.92474524219907,28004000
2019-03-28,58.07926559448242,58.232108441567384,57.628992576812784,58.230864614403416,19234000
2019-03-29,58.318843841552734,58.60116606853141,57.80042577004336,58.39787237397406,25398000
2019-04-01,59.36860656738281,59.479447502486366,58.750777094261046,58.85515998726664,25050000
2019-04-02,59.6698112487793,59.712556429551455,58.93517585620605,59.412835807417956,16558000
2019-04-03,59.93970489501953,60.455635268721885,59.67030635859089,60.01724310358017,20286000
2019-04-04,60.391021728515625,60.42432444083884,59.85073432948923,59.94069943392511,19000000
2019-04-05,60.0008430480957,60.4516659359189,59.89547040790372,60.39052879606303,18144000
2019-04-08,59.83632278442383,60.0773901390909,59.638497384220635,60.037625591646524,17204000
2019-04-09,59.50876998901367,59.75927982154769,59.301502112586,59.44663930333039,17528000
2019-04-10,59.7528190612793,59.8335881905618,59.46825947199202,59.67925502827534,14492000
2019-04-11,59.87509536743164,60.041108386144465,59.651923176736126,59.84229321539487,14204000
2019-04-12,60.5336799621582,60.55753641629632,60.04856080645527,60.142503889965624,18668000
2019-04-15,60.6942253112793,60.84830820025801,60.09826901039699,60.54014242230058,23748000
2019-04-16,60.99393844604492,61.177349859559286,60.64551136741297,60.88806903690433,17126000
2019-04-17,61.451717376708984,61.661469096586565,61.0282321733967,61.28570438146743,24438000
2019-04-18,61.453216552734375,61.73305114371269,61.36573529869566,61.59288546198488,26636000
2019-04-22,62.073028564453125,62.085451667629265,61.05259350438901,61.43432330750853,16146000
2019-04-23,62.853885650634766,63.075070732506155,61.950753366644044,62.16497984229132,26398000
2019-04-24,62.42890930175781,63.02586290419359,62.37920551396274,62.83251224971067,20376000
2019-04-25,62.79920959472656,62.99593906032748,62.23158452573762,62.86481768455966,22146000
2019-04-26,63.23313522338867,63.27737072544519,62.64363695800594,63.07507436087537,24828000
2019-04-29,63.99857711791992,64.08258095568577,62.940618708614195,63.323592326337646,49988000
2019-04-30,59.07286071777344,59.28808074218512,58.402843626234905,58.89988910390499,124140000
2019-05-01,58.05888748168945,59.05148811958985,58.014155208939115,59.05148811958985,52784000
2019-05-02,57.787010192871094,58.36258748120605,57.40885635811732,58.0429883331995,38896000
2019-05-03,58.919769287109375,58.98935534814122,58.10461503603134,58.335739354710825,39614000
2019-05-06,59.118099212646484,59.19066591774695,57.96843115321355,57.96843115321355,31278000
2019-05-07,58.35810852050781,59.17027833427714,57.70896348737612,58.67472319799089,31028000
2019-05-08,57.96892166137695,58.672438650754465,57.94257755362947,58.25422451820465,26186000
2019-05-09,57.77557373046875,58.13742506543789,57.2024803354242,57.609063944707124,23714000
2019-05-10,57.86951446533203,58.28355343685218,56.787445495900485,57.83571497866141,26290000
2019-05-13,56.26704025268555,57.05783750859546,55.773968958166975,56.7606045274869,37212000
2019-05-14,55.69096374511719,56.68406117130293,55.646728244103535,56.524509995165054,36732000
2019-05-15,57.86652755737305,58.22042671128322,55.50337737152706,55.56322138322669,45786000
2019-05-16,58.600669860839844,59.05695725175663,57.79843544513029,57.88144195006511,30628000
2019-05-17,57.7715950012207,58.65881916798002,57.65776965024877,58.07827043960195,24172000
2019-05-20,56.60602569580078,57.00102804920294,56.23786422310848,56.886853814050035,27066000
2019-05-21,57.14183807373047,57.29482881763986,56.56079254641467,57.08517567794686,23196000
2019-05-22,57.230812072753906,57.58371392245589,56.95594521368353,56.99869419071677,18290000
2019-05-23,56.70146179199219,56.96007168008678,56.127572032700094,56.688041350999065,23978000
2019-05-24,56.33861541748047,57.14855171375573,56.24865030481726,57.029011575225866,22240000
2019-05-28,56.372413635253906,57.23911090535729,56.321215736134825,56.364958256417665,27300000
2019-05-29,55.493141174316406,56.121406626891336,55.08357315294986,56.04287107522194,30764000
2019-05-30,55.56719970703125,55.82467194081923,55.277422095023056,55.44741307864527,19038000
2019-05-31,54.855430603027344,55.15216681964088,54.68394930315177,54.73912138258321,30156000
2019-06-03,51.50534439086914,52.96019748361979,50.94716176999183,52.96019748361979,102612000
2019-06-04,52.34137725830078,52.49049242724044,51.37909864342149,51.83687637214559,56670000
2019-06-05,51.803077697753906,52.366231873826955,51.2200450381889,52.26632372310596,43368000
2019-06-06,51.908447265625,52.06501780696714,51.3795931749552,51.94075643565588,34064000
2019-06-07,52.98703384399414,53.22959531165694,52.110245658455675,52.22109037892005,36048000
2019-06-10,53.69980239868164,54.31017269137731,53.29928244556445,53.331986000599414,29284000
2019-06-11,53.61729049682617,54.77391325850074,53.56176954020371,54.3757823798805,28734000
2019-06-12,53.533294677734375,53.72714212564459,53.06159593461735,53.5815081534715,21220000
2019-06-13,54.1168212890625,54.38522630882243,53.68836831921896,53.86183670989837,21154000
2019-06-14,53.946834564208984,54.31166274141284,53.689460924448206,54.000015762440974,22230000
2019-06-17,54.302215576171875,54.63424157372567,53.99305248623437,53.99305248623437,18832000
2019-06-18,54.853939056396484,55.489659886741826,54.62480181996395,55.15664032780775,27734000
2019-06-19,54.79081726074219,55.02293514213093,54.35093093296546,54.95334907574499,26776000
2019-06-20,55.24262619018555,55.675057109665886,54.91060018380125,55.66859527592658,25240000
2019-06-21,55.762542724609375,55.87338365956568,55.07661750257316,55.13427723831542,38952000
2019-06-24,55.44641876220703,55.768501747953714,55.222249246825335,55.64970866613135,27912000
2019-06-25,53.99653625488281,55.38826131001329,53.86978723173933,55.304261261794906,30938000
2019-06-26,53.67097091674805,54.32557666865424,53.295202391701054,54.00399046779281,36218000
2019-06-27,53.48259353637695,54.033817590036215,53.446806956981234,53.879734693564146,20086000
2019-06-28,53.72614669799805,53.73061765016905,53.35137169196909,53.50148040336605,33864000
2019-07-01,54.5731086730957,55.05176599803337,54.36201450919546,54.57559632752603,28726000
2019-07-02,55.23418045043945,55.26002778688653,54.58404561253453,54.78634197551954,19832000
2019-07-03,55.74762725830078,56.005099494647105,55.363910350394946,55.54035937768954,15340000
2019-07-05,56.24516677856445,56.30928834436653,55.47723243565155,55.55974216589707,25286000
2019-07-08,55.487674713134766,55.966328249076724,55.23219335988457,55.92606692703227,24728000
2019-07-09,55.9091682434082,56.06797236491644,55.03138649166197,55.26151727748352,26608000
2019-07-10,56.687042236328125,56.76508101749147,56.214353765885974,56.22678066155011,24190000
2019-07-11,56.87244415283203,57.31282727148478,56.64231335167333,56.82472744929283,23910000
2019-07-12,56.906734466552734,57.028015198736675,56.602542883385105,56.86150542231667,17280000
2019-07-15,57.177127838134766,57.20098808402033,56.633362997381106,57.00415622408868,18076000
2019-07-16,57.338172912597656,57.586695650782936,56.911707044428766,56.961410833634616,24776000
2019-07-17,56.97881317138672,57.575763039739996,56.94998519919044,57.208447196162524,23400000
2019-07-18,56.977813720703125,57.04118443807216,56.30183159295681,56.749670037000435,25814000
2019-07-19,56.17110824584961,57.21689003845276,56.14724800094322,57.070262538524226,32944000
2019-07-22,56.56725311279297,56.62590638919152,55.87984141567537,56.33761910798828,26030000
2019-07-23,56.97185134887695,57.006147608522724,56.25560786805043,56.86200396352102,21874000
2019-07-24,56.55432891845703,56.862001698116515,56.0165253637043,56.26057714323625,31796000
2019-07-25,56.27151107788086,56.74768073193974,55.71482257520227,56.554826845752935,44196000
2019-07-26,62.151065826416016,62.90359267434758,60.83836925255432,60.84035634239027,96116000
2019-07-29,61.60431671142578,61.99996374277586,61.04861793609094,61.68583290079924,44474000
2019-07-30,60.8950309753418,61.37865602351067,60.80357554587108,60.90845141589812,29066000
2019-07-31,60.47453308105469,61.3354170316136,60.031366525254384,60.78866772602136,34510000
2019-08-01,60.09329605102539,61.34088126738306,59.929766904984945,60.34281233586571,33970000
2019-08-02,59.346736907958984,59.988422832882776,59.095726502540074,59.682240346420244,32902000
2019-08-05,57.275543212890625,58.41477130911181,56.67014069356139,58.1563055479124,51950000
2019-08-06,58.15183639526367,58.649378639986615,57.65727478516305,57.82179747357189,34188000
2019-08-07,58.35264587402344,58.574077460705084,57.14154493830424,57.45845922674395,28886000
2019-08-08,59.88404083251953,59.894476845969194,58.30442960635064,58.79202882341863,29360000
2019-08-09,59.04949951171875,59.838309663283106,58.830449415353826,59.545551431694776,21314000
2019-08-12,58.388427734375,58.89790009078085,58.03860514242356,58.612096675160046,20060000
2019-08-13,59.509761810302734,59.883042686041115,58.226890604544714,58.226890604544714,25888000
2019-08-14,57.87051010131836,58.76569027760701,57.684118041533225,58.46795672068337,31574000
2019-08-15,58.018131256103516,58.44459713906718,57.76215313026488,57.831242423539955,24374000
2019-08-16,58.532073974609375,58.78656176387651,58.244283472362696,58.62899768686673,26266000
2019-08-19,59.56841278076172,59.99288774604857,59.152883511129595,59.152883511129595,24632000
2019-08-20,58.785072326660156,59.44962494533887,58.756244355333344,59.409363623110934,18310000
2019-08-21,59.21054458618164,59.595755603200836,59.02067132620043,59.304984443712534,14814000
2019-08-22,59.12505340576172,59.5466463633949,58.58078798951397,59.3507094483695,18950000
2019-08-23,57.22434997558594,59.351207325160196,57.04839772008606,58.75027950085269,33740000
2019-08-26,58.09914779663086,58.12797576641392,57.30735321168444,57.52108291504446,24522000
2019-08-27,58.046958923339844,58.77065779533406,57.729346884921085,58.67771204807546,21544000
2019-08-28,58.205020904541016,58.47342592991353,57.52307745079429,57.74227166484905,16040000
2019-08-29,59.290069580078125,59.449620748188195,58.70703319193848,58.70703319193848,21768000
2019-08-30,59.05397415161133,59.57090192238176,58.840396122945656,59.57090192238176,22596000
2019-09-03,58.07429504394531,58.99383221176594,57.81632983643403,58.503745340229536,29598000
2019-09-04,58.72145080566406,58.824339586400335,58.204026267246626,58.48783881803036,21378000
2019-09-05,60.21109390258789,60.2936036319668,59.22445834921226,59.22445834921226,28162000
2019-09-06,59.890499114990234,60.24265768799104,59.770811085258345,60.049557308991695,21442000
2019-09-09,59.86465835571289,60.63955135428545,59.2786412830676,59.84427930807033,29438000
2019-09-10,59.94368362426758,60.142502573022824,59.376058540335386,59.40438973807233,25202000
2019-09-11,60.64800262451172,60.76878659763656,59.754813277428944,59.814956877747925,26140000
2019-09-12,61.34783935546875,61.72608795909093,60.78965674018415,60.85327774196839,34518000
2019-09-13,61.61177062988281,61.67737872250081,60.98797612070467,61.203696712385366,26028000
2019-09-16,61.20120620727539,61.611767760048174,60.91838721880446,61.112735209675144,21066000
2019-09-17,61.09434509277344,61.38511624096137,60.82295944622924,61.156475777227854,19102000
2019-09-18,61.256385803222656,61.41544021847581,60.46707878895038,61.012834559400474,22702000
2019-09-19,61.569522857666016,61.85432895205997,61.237000062620176,61.238987152435136,19920000
2019-09-20,61.13311767578125,61.798663871096046,60.79264270854284,61.291675317790656,45400000
2019-09-23,61.33690643310547,61.58840982058907,60.8468195345165,60.93777819457171,21248000
2019-09-24,60.577919006347656,61.96865442239135,60.176306897029,61.63364395486791,31664000
2019-09-25,61.95771408081055,62.04618887500041,60.14697849932281,60.43178459176787,29060000
2019-09-26,61.702728271484375,61.882161718531584,61.24932292746949,61.73105946921225,30760000
2019-09-27,60.89255142211914,61.83345747638069,60.363693498165844,61.783256909933485,27078000
2019-09-30,60.58984375,60.937774063277864,60.25682419412605,60.6877610101542,28082000
2019-10-01,59.89895248413086,61.197731821244204,59.823401358018614,60.58984540519646,25470000
2019-10-02,58.483863830566406,59.49534941937295,58.21843944863354,59.49534941937295,32302000
2019-10-03,59.040550231933594,59.101687370394444,57.778054291740034,58.651365057445425,32424000
2019-10-04,60.09280014038086,60.214077085271555,59.10715809015703,59.242356040166186,23248000
2019-10-07,60.02718734741211,60.55027735476759,59.83184959644149,59.864158766099806,16858000
2019-10-08,59.10517120361328,59.94766315534055,59.09920614201518,59.52567202079667,20786000
2019-10-09,59.760276794433594,60.060490415253554,59.52765835583748,59.613148722628765,17354000
2019-10-10,60.076393127441406,60.391024517369,59.51324279503042,59.57487670625622,16932000
2019-10-11,60.413394927978516,61.05657117365159,60.32840132987071,60.74939893281241,25454000
2019-10-14,60.49739456176758,60.95418253226247,60.22998687325544,60.25881484489407,17350000
2019-10-15,61.78325271606445,61.997975973428844,60.65943207404678,60.65943207404678,27634000
2019-10-16,61.8145637512207,62.36628454154591,61.55659854067247,61.69179269763091,21892000
2019-10-17,62.28327941894531,62.79299829966899,62.127706211677555,62.176913230263935,19048000
2019-10-18,61.90652084350586,62.5725599833094,61.6873228408295,62.30266464489303,27056000
2019-10-21,61.9393196105957,62.360764654877485,61.663459225605436,62.24301442030009,20544000
2019-10-22,61.7728157043457,62.1605105974611,61.70223609099362,62.02382611520973,20476000
2019-10-23,62.58449172973633,62.622265398253305,61.75094544629294,61.75094544629294,18230000
2019-10-24,62.67694091796875,62.826552859441605,62.315339856474196,62.67246617356559,20562000
2019-10-25,62.88271713256836,63.1048957717159,62.13118382623269,62.18188116236684,24262000
2019-10-28,64.11886596679688,64.58161518044857,63.25102347947744,63.395663894030676,52264000
2019-10-29,62.75796127319336,63.700854399665616,62.489158063865695,63.434440248826135,37728000
2019-10-30,62.69184494018555,63.09296022695387,62.23008928895765,62.27830275864304,28178000
2019-10-31,62.63319778442383,63.008962523185204,62.17258355499957,62.691350496795465,29114000
2019-11-01,63.310672760009766,63.354411489133675,62.652585772543674,62.87625472704223,33402000
2019-11-04,64.18695831298828,64.32414334966451,63.44064683692606,63.44536807118806,30020000
2019-11-05,64.21977233886719,64.5627349534783,64.17995469785197,64.2625175245361,25654000
2019-11-06,64.20833587646484,64.30426984723493,63.74608718878234,64.09203044190406,23060000
2019-11-07,65.0562973022461,65.79589668926717,64.32986428145725,64.33160108898443,40600000
2019-11-08,65.18104553222656,65.51059145700098,64.83286495376936,64.87834807063369,25028000
2019-11-11,64.57565307617188,64.93526322599934,64.48717449327854,64.7739676643336,20238000
2019-11-12,64.5562744140625,65.11296296818446,64.40566513194051,64.61591744934336,21718000
2019-11-13,64.5165023803711,64.82963586359382,64.29332641996439,64.32116084444249,16534000
2019-11-14,65.1855239868164,65.46088760495844,64.39969824514309,64.4916504446185,23870000
2019-11-15,66.34911346435547,66.34961402898435,65.3256939119803,65.55731881752679,35652000
2019-11-18,65.64480590820312,66.38187217857227,65.48574770026364,66.21739877129707,29748000
2019-11-19,65.38435363769531,65.99273687859366,65.2521363114938,65.99273687859366,25384000
2019-11-20,64.76750946044922,65.36148246629729,64.17603169336365,65.1994436329817,26172000
2019-11-21,64.68301391601562,65.24169712755912,64.2679851674976,64.68947575026395,19910000
2019-11-22,64.38429260253906,65.04983879788401,64.18895862807541,64.89525533574003,27714000
2019-11-25,64.94844055175781,65.17807077578539,64.52296821507574,64.57515586813032,20724000
2019-11-26,65.2894058227539,65.35153650672707,64.8689088120698,65.10599440545373,21394000
2019-11-27,65.2615737915039,65.52848849380759,65.09456723495212,65.3614819372558,19912000
2019-11-29,64.86245727539062,65.12315287344322,64.81325025126804,64.96982081322649,11740000
2019-12-02,64.1148910522461,64.90568450467767,63.67152734520317,64.66561827902797,30218000
2019-12-03,64.38130950927734,64.5394196708053,63.57212025380554,63.600451452941506,22876000
2019-12-04,65.6368408203125,65.89828721456453,64.85796992631991,64.96433989845337,30750000
2019-12-05,66.01410675048828,66.07514529792117,65.43305739711745,66.00764491619245,24254000
2019-12-06,66.6349105834961,66.80291068460541,66.2780307695961,66.2780307695961,26296000
2019-12-09,66.78104400634766,67.57085152020619,66.49673089696276,66.50667393018504,27086000
2019-12-10,66.8357162475586,67.09989299608316,66.40726330550388,66.67864515023591,21882000
2019-12-11,66.85359954833984,67.16077172326892,66.73679357648525,67.14288033390427,17008000
2019-12-12,67.11454772949219,67.3881745071089,66.62893945527402,66.89932773203032,25620000
2019-12-13,66.9932861328125,67.25487665369153,66.79645047167269,66.99924740240199,30992000
2019-12-16,67.65634155273438,67.83080348414785,67.2338498624627,67.42421609636604,27946000
2019-12-17,67.35562133789062,67.84670553053436,67.16689332167832,67.74182966619648,37080000
2019-12-18,67.23136901855469,67.62155157877261,67.15085395306323,67.42919823561188,30452000
2019-12-19,67.40135192871094,67.50374013449209,67.05068370037779,67.19160020877882,29398000
2019-12-20,67.08075714111328,67.77910539616346,67.05142860767121,67.76469520388522,66300000
2019-12-23,67.0434799194336,67.58823827505522,66.92766747995621,67.39290432752804,17662000
2019-12-24,66.78104400634766,67.11406356832865,66.74227300266169,67.02658611204659,6950000
2019-12-26,67.6180648803711,67.66414716165811,66.82627784913319,66.91077467201315,13350000
2019-12-27,67.19507598876953,67.82334520831124,67.06684044513001,67.74679674947791,20768000
2019-12-30,66.4122314453125,67.25025239829058,66.30685501654101,67.1011372431102,21018000
2019-12-31,66.45597839355469,66.5046924345606,66.0615713758947,66.11252278917162,19236000
2020-01-02,67.9645004272461,68.002770862259,66.68112876845233,66.68112876845233,28132000
2020-01-03,67.63098907470703,68.21949378904033,66.87965675921359,66.99477145157972,23728000
2020-01-06,69.298583984375,69.41240176232888,67.10114319704458,67.10114319704458,34646000
2020-01-07,69.25534057617188,69.73498768463804,69.1082124926651,69.48398485337579,30054000
2020-01-08,69.80110168457031,70.16195571004387,69.1310807263238,69.19271085329153,30560000
2020-01-09,70.57201385498047,70.94479798937792,70.09683391576328,70.60879777123672,30018000
2020-01-10,71.0640869140625,71.32249959680215,70.49844891574355,70.9562228270138,36414000
2020-01-13,71.5362777709961,71.60039554495954,70.8796811249898,71.38219488764605,33046000
2020-01-14,71.1212387084961,71.66400997842213,70.9964843646267,71.52533842250335,31178000
2020-01-15,71.53478240966797,71.64388273641546,71.08793750518538,71.08793750518538,25654000
2020-01-16,72.15609741210938,72.17051519067272,71.62028088399627,71.94435856837903,23474000
2020-01-17,73.58211517333984,73.62709772776877,72.48016773097916,72.71327914438791,47924000
2020-01-21,73.78143310546875,74.15172956530859,73.12532942392227,73.5189931497126,40734000
2020-01-22,73.85847473144531,74.71657140247247,73.80777360412793,74.10948512930564,32216000
2020-01-23,73.89326477050781,74.33414843003644,73.66711574572199,73.94247937315839,27024000
2020-01-24,72.90216064453125,74.33290321561466,72.82958636128654,74.23821307805481,35692000
2020-01-27,71.27135467529297,71.47862635207109,70.64010476018741,71.12721481590667,35104000
2020-01-28,72.1988296508789,72.36981795146654,71.20026404289625,71.7236573728387,31548000
2020-01-29,72.50054931640625,72.8385366078875,71.9095569522986,72.50899824026206,21554000
2020-01-30,72.36186981201172,72.43344296644291,71.39561326641002,71.57256285484218,26788000
2020-01-31,71.28775787353516,73.07214937487387,71.00443830178473,73.01101223310602,48344000
2020-02-03,73.85797882080078,74.05978221357088,72.51844509306235,72.66805324571506,60736000
2020-02-04,71.92595672607422,73.04082779616263,70.89359538320127,72.42300217903798,78660000
2020-02-05,71.9836196899414,72.75951002338154,71.10534113827052,72.68893041161448,39724000
2020-02-06,73.37535095214844,73.66214415271976,72.05022742090019,72.08800488247648,33588000
2020-02-07,73.52445983886719,73.85300465278532,72.8842604739778,72.93148040083332,23446000
2020-02-10,74.9882583618164,75.02901645672682,73.28041530822058,73.28041530822058,28398000
2020-02-11,74.99372100830078,76.02956356686624,74.83705187856233,75.14382970829513,26892000
2020-02-12,75.46492004394531,75.58545751351691,74.95992621811281,75.27654090412152,23352000
2020-02-13,75.28549194335938,75.90779233470114,74.78546583154147,75.18757088995828,18590000
2020-02-14,75.58769226074219,75.58769226074219,74.9216455941137,75.33220713779559,23956000
2020-02-18,75.53450012207031,76.12896602869777,75.18259566050938,75.30238227370995,22414000
2020-02-19,75.88343811035156,76.15263568015233,75.62049759794319,75.80291546994543,18986000
2020-02-20,75.4589614868164,76.03006778030607,74.89581113683175,75.65032126810799,21932000
2020-02-21,73.81672668457031,75.16396605469446,73.58460879720211,74.95595111279452,34634000
2020-02-24,70.65947723388672,71.42393787308053,70.1524963728564,70.88413969784028,57342000
2020-02-25,69.01229095458984,71.48210741445193,68.71158051627279,71.226629820699,49566000
2020-02-26,69.24737548828125,70.36672889419503,68.54256539524138,69.39450355236045,44048000
2020-02-27,65.51507568359375,68.1799301419976,65.46934227782602,67.70057882446223,59566000
2020-02-28,66.57079315185547,66.66075826447636,63.174481217107626,63.49756154504397,75782000
2020-03-02,69.04508972167969,69.13257477138542,65.9487484600706,67.18116897476342,48630000
2020-03-03,66.67318725585938,70.090867903578,66.20645627249193,69.55753907551126,48046000
2020-03-04,68.91634368896484,68.99438625784983,66.75867522787087,67.55991226842333,38266000
2020-03-05,65.56228637695312,67.54400633982956,64.86939883210496,67.1110786615198,51226000
2020-03-06,64.5368881225586,64.925075996096,62.67992605650966,63.47569489098918,53212000
2020-03-09,60.418861389160156,62.36727879752302,59.64545872898992,59.90889223163131,67308000
2020-03-10,63.641204833984375,63.67898229147157,60.578409413501305,62.62772840573728,52228000
2020-03-11,60.411399841308594,62.675441966057775,59.450114903408945,62.11576907517007,52170000
2020-03-12,55.41609573364258,59.34076865589522,55.33607365710192,55.96731974197705,84534000
2020-03-13,60.626129150390625,60.62761946775025,55.52708983578505,58.60166384672442,74002000
2020-03-16,53.89613342285156,57.27291198038116,53.40455621769497,54.47618542376152,85048000
2020-03-17,55.65915298461914,56.208882873702365,52.488497255087985,54.33253547999553,77230000
2020-03-18,54.51594924926758,54.99808397914033,51.55753277689336,52.51335331278991,84668000
2020-03-19,55.43498992919922,57.5563791037925,52.69219525335213,54.32956116888597,73022000
2020-03-20,53.2991828918457,56.86150781334008,52.95970149096022,56.45044946553972,72036000
2020-03-23,52.51882553100586,53.249483059421465,50.377353092668415,52.75243753447549,80882000
2020-03-24,56.38782501220703,56.41466589471104,54.20877614184013,54.86239220688562,66890000
2020-03-25,54.79876708984375,57.10555457316273,53.97963483890174,55.99068344869247,81630000
2020-03-26,57.744258880615234,58.15282955839548,54.35341159654071,55.261515397668944,71434000
2020-03-27,55.20733642578125,57.19353119633155,54.96875672615622,55.95091753366301,64170000
2020-03-30,57.00217056274414,57.24125083925356,54.500045261768,55.919604786381996,51482000
2020-03-31,57.79694747924805,58.41825436041338,56.57073858488567,57.02603244942712,49728000
2020-04-01,54.95433807373047,56.150729128428246,54.54825505997632,55.76849877523826,46884000
2020-04-02,55.710845947265625,56.010066024672426,54.496066660826315,54.588515634492126,39298000
2020-04-03,54.56962966918945,55.84504550771148,53.67146888928155,55.62013273340428,46268000
2020-04-06,58.995323181152344,59.38003741675749,56.21286277753327,56.56377752588411,53294000
2020-04-07,58.97494888305664,60.88807661725081,58.76221270128204,60.689257649457076,47746000
2020-04-08,60.15642166137695,60.59332355609591,59.05695803573239,59.96853928476818,39502000
2020-04-09,60.21457290649414,60.91640239725819,59.48317218276934,60.842341589394195,43508000
2020-04-13,60.51826477050781,60.66489606174641,59.02902069154251,60.1017419534528,34796000
2020-04-14,63.08649826049805,63.72470671500128,61.48104357196884,61.88663360180534,49408000
2020-04-15,62.7504997253418,63.644686308005326,61.65352001852975,61.912478764567375,33434000
2020-04-16,62.800209045410156,63.5721214193705,61.76386961322842,63.32857018153501,50362000
2020-04-17,63.78336715698242,64.33906218764388,63.18592048314594,63.862896263310006,38980000
2020-04-20,62.95627975463867,63.701351210065894,62.695826888900434,63.174480417033166,33910000
2020-04-21,60.45763397216797,62.34292719867451,60.128091802956206,61.98157263078473,43060000
2020-04-22,62.78728103637695,63.900809732899994,61.73304649153227,61.90900253130434,41848000
2020-04-23,63.438411712646484,64.28338753433388,62.909557613443866,63.201819089318995,31324000
2020-04-24,63.5875244140625,63.64169915498115,62.103346598335165,62.68588243768549,32792000
2020-04-27,63.41703796386719,64.42455316485619,63.075072703333674,64.41709778596568,32012000
2020-04-28,61.319007873535156,64.02193915017054,61.24594440289188,64.01597788085766,59026000
2020-04-29,66.67765045166016,67.59768054693939,65.87541988517874,66.6766569068319,75872000
2020-04-30,67.03453063964844,67.24130172984289,65.73376050660839,65.85256116525953,53378000
2020-05-01,65.64031982421875,67.20402282893617,65.16265988689771,66.03248940248163,41450000
2020-05-04,65.94798278808594,65.99073555049002,64.56619712507364,65.02497211138252,30080000
2020-05-05,67.15631103515625,68.29106828212649,66.47784877912613,66.50071548121355,33030000
2020-05-06,66.96693420410156,68.1508983972844,66.96644122382165,67.68218791576403,24308000
2020-05-07,68.22248077392578,68.47299063311446,67.36308709652984,67.89343535337171,27952000
2020-05-08,69.00830841064453,69.52473940976701,68.36761603735735,68.74785553892885,27738000
2020-05-11,69.74842071533203,70.40799814324322,68.45072946736778,68.50680029877944,28242000
2020-05-12,68.38054656982422,70.33194483726244,68.33233309113406,69.94027573760584,27812000
2020-05-13,67.06783294677734,68.8647535725025,66.02751566851812,68.44564450985183,36252000
2020-05-14,67.40583801269531,67.46995579323594,65.80435727155309,66.35657108763574,32062000
2020-05-15,68.25379943847656,68.31791722363508,66.55439751218148,67.10115066241539,34154000
2020-05-18,68.7881088256836,69.2048819343181,67.3123837495141,67.68516784901189,36448000
2020-05-19,68.26844787597656,69.18872829696056,68.26844787597656,68.94006145863187,25612000
2020-05-20,69.9203872680664,70.10429927131004,68.95264411206486,69.06844898556592,33108000
2020-05-21,69.72554016113281,70.35628948727917,69.26080384526745,69.98400593742983,27700000
2020-05-22,70.10428619384766,70.22059161030343,69.1802743583316,69.42283580789719,26188000
2020-05-26,70.43233489990234,71.62425502977672,70.18928045462451,71.43885652399406,41212000
2020-05-27,70.47309112548828,70.66693854965564,69.15343604859676,70.44377017624024,33716000
2020-05-28,70.41792297363281,71.61629732348074,69.38754871380293,69.43029389493884,33844000
2020-05-29,71.0238265991211,71.20525094173134,70.24993092186654,70.42836704529746,36418000
2020-06-01,71.16796875,71.47315388352813,70.48105002118528,70.50043552284532,24342000
2020-06-02,71.53578186035156,71.5551673631801,70.52230534549511,71.10484122235546,25562000
2020-06-03,71.39462280273438,71.90021583015454,71.06642684582344,71.49005620753205,25124000
2020-06-04,70.19176483154297,71.5228494393605,69.82146840185673,71.09737714276521,29686000
2020-06-05,71.49452209472656,71.82555454352016,69.88459268519405,70.24097190338459,34698000
2020-06-08,71.9030990600586,71.97169158388346,70.69676862336165,70.69676862336165,28084000
2020-06-09,72.37777709960938,72.9662818306812,71.7341040791656,71.84096704276895,28184000
2020-06-10,72.85941314697266,73.27737699359224,72.38323970622497,72.54577151106733,30504000
2020-06-11,69.77722930908203,72.29401486270497,69.6857700952081,71.69781212594158,39826000
2020-06-12,70.2414779663086,71.42544231915555,68.89150817004708,71.0024575976336,38928000
2020-06-15,70.572998046875,70.81903311599018,68.98593533347287,69.12908163108322,30078000
2020-06-16,71.70974731445312,72.32111113334605,70.87371341644914,71.83400868488002,34184000
2020-06-17,72.12725830078125,72.56863489820253,71.14609107871793,71.93043024633975,30992000
2020-06-18,71.37374114990234,72.141683110734,70.92889089440014,72.02984484109109,31638000
2020-06-19,71.16300201416016,71.96225208538065,70.64756451923488,71.77337235474663,63158000
2020-06-22,72.16405487060547,72.20828658357021,70.74001669194064,71.02780344578962,30848000
2020-06-23,72.78782653808594,73.36097294503574,71.83499433750478,72.35191824459064,28596000
2020-06-24,71.17542266845703,73.33508582434256,71.0650785143627,72.6436923655898,35120000
2020-06-25,71.64065551757812,71.71869050679253,70.58045967033316,71.07253743641537,24610000
2020-06-26,67.59323120117188,71.24899932098543,67.20006796509719,71.1466110865093,85354000
2020-06-29,69.33634948730469,69.36766511171524,66.95252437021095,67.5077187644288,36204000
2020-06-30,70.26285552978516,70.51337299091625,68.78911722509481,69.11120785327184,40848000
2020-07-01,71.47712707519531,71.72366272005128,70.07446166676,70.13808645986579,35504000
2020-07-02,72.80225372314453,73.70936022797545,71.89365310878918,71.91950044513077,37182000
2020-07-06,74.34309387207031,74.88437104432944,73.20783614410247,73.56570948579932,31280000
2020-07-07,73.82019805908203,75.39184944578834,73.73917485827428,74.0597712938583,29164000
2020-07-08,74.3580093383789,74.84908598121807,73.84257188414807,74.27450605898217,24994000
2020-07-09,75.10308074951172,75.68611720902284,73.96459956032923,74.87742469180905,28466000
2020-07-10,76.63148498535156,76.73536730479013,74.38484495989114,74.86250492033803,37126000
2020-07-13,75.12046813964844,78.39062613199559,74.81742179895949,77.04204450848576,36928000
2020-07-14,75.57975006103516,75.69754961132826,73.73670889968594,74.07519679110888,31700000
2020-07-15,75.23478698730469,76.31288172747324,74.4574102062188,75.70648566945317,32214000
2020-07-16,75.45150756835938,75.48580382882268,73.87636724149891,74.55682416155821,30386000
2020-07-17,75.32972717285156,75.7218968007622,74.4782895048286,75.63143870622963,29134000
2020-07-20,77.82340240478516,78.05055253689311,74.7357533135508,75.31530848366864,31146000
2020-07-21,77.46055603027344,78.88061982081402,77.25477848221965,78.88061982081402,24324000
2020-07-22,77.96109008789062,78.03614444469522,76.8482059886867,77.56395273084142,18640000
2020-07-23,75.33618927001953,78.12908958473479,74.92423975381418,77.88554214264798,32552000
2020-07-24,75.14681243896484,75.43340842287792,73.98024664893572,74.50364002381242,30880000
2020-07-27,76.05789947509766,76.59321538006152,75.31282425496016,75.33220975626485,24920000
2020-07-28,74.57372283935547,75.87299898743439,74.44051956000557,75.80838822977442,34044000
2020-07-29,75.65132141113281,76.11019509260704,74.62293409206077,74.87096387579466,22130000
2020-07-30,76.12004089355469,76.43914327889114,74.17012918881476,74.40771537798264,33428000
2020-07-31,73.7098617553711,75.00168251883825,72.27190646046762,74.80584798820625,68798000
2020-08-03,73.28687286376953,74.08313460895614,72.84896985920153,73.89276837848996,46604000
2020-08-04,72.81566619873047,73.83908565844894,72.50153916960902,73.39224075587643,38070000
2020-08-05,73.2451171875,73.68251964865046,72.74061631509628,73.03089070120413,39590000
2020-08-06,74.56178283691406,74.67560818290353,72.86686367075691,73.15266327849417,39908000
2020-08-07,74.28294372558594,75.39408324366401,73.64423853889997,74.5568132044283,31556000
2020-08-10,74.36297607421875,74.75937015592991,73.21877638526297,73.9196123465105,25786000
2020-08-11,73.57864379882812,75.05387610582981,73.46333190389336,74.18106578085045,29088000
2020-08-12,74.8858642578125,75.17246023276782,73.823673803476,73.840078669937,28740000
2020-08-13,75.473876953125,76.4083249498057,74.95471558155182,75.0707707341816,29104000
2020-08-14,74.9410400390625,75.64535722644368,74.6999726638306,75.33519676364334,27096000
2020-08-17,75.45051574707031,75.82976171066711,74.95296967667839,75.28598925542353,27566000
2020-08-18,77.4695053100586,77.66185862569023,75.73531449759304,75.85808175254648,40542000
2020-08-19,76.91928100585938,78.21905006294371,76.74133787719893,77.20656716094116,33212000
2020-08-20,78.62017059326172,78.8249546059087,76.45553964383154,76.7164854880274,34138000
2020-08-21,78.55406951904297,79.41395612036278,77.93698709894733,78.38556884764117,28930000
2020-08-24,78.9407730102539,80.23160028446152,78.56152703635614,79.22805919226481,28198000
2020-08-25,79.93585205078125,80.10484569537806,78.63607537767888,78.63607537767888,44942000
2020-08-26,82.13079833984375,82.47077269087862,79.70620769132327,79.92490890014051,79868000
2020-08-27,81.23363494873047,82.26102864459942,80.80716906861035,82.19541675897041,37232000
2020-08-28,81.73465728759766,81.87184233279594,81.05569446051668,81.19188596077241,29980000
2020-08-31,81.2261734008789,81.9113477055188,81.03382008716446,81.90762380846677,36468000
2020-09-01,82.54484558105469,82.79436188437329,81.12876338933997,81.34795761050812,36506000
2020-09-02,85.90337371826172,86.14692113828796,82.82417347097172,83.19422721156467,50224000
2020-09-03,81.60691833496094,84.98056449032774,80.27582604316629,84.98056449032774,62156000
2020-09-04,79.08192443847656,81.76944814324297,76.92340649465322,80.73310500069755,52172000
2020-09-08,76.16675567626953,77.7312097470165,75.94904798459196,76.22242453036858,52218000
2020-09-09,77.38800048828125,77.9864406979708,76.34872967536002,77.41633548129056,35494000
2020-09-10,76.14835357666016,78.73602207718892,75.83944456773972,77.57089738587088,32372000
2020-09-11,75.58670806884766,78.29461104290279,74.42560289853895,76.34619354923895,31942000
2020-09-14,75.51512145996094,77.7379088739021,75.33917300540455,76.49554547481087,33932000
2020-09-15,76.6165771484375,77.51772236411806,76.1391674520856,76.3461888362917,26622000
2020-09-16,75.59564208984375,77.63849923107817,75.54196033079278,77.31740980593236,26234000
2020-09-17,74.33463287353516,74.96926530273154,73.06567897191184,74.35800013711241,37596000
2020-09-18,72.5681381225586,74.7060798289177,71.43189442204354,74.45790597203919,62078000
2020-09-21,71.1351547241211,71.99007349809688,69.91192660945039,71.57752486774599,57776000
2020-09-22,72.84002685546875,73.04182264102766,71.3026640892738,72.07606670650179,31664000
2020-09-23,70.34237670898438,72.61635843366443,69.96909959070089,72.50800894239521,33148000
2020-09-24,70.99251556396484,71.75891040559021,70.0759664910233,70.13461598444526,29004000
2020-09-25,71.82109069824219,72.071600548698,70.249431486595,71.20823272137471,26460000
2020-09-28,72.79329681396484,73.40366703756992,72.03684516591014,73.27493851790928,40158000
2020-09-29,73.03237915039062,73.39686600447527,72.50923607880637,73.08506736411833,19564000
2020-09-30,73.04580688476562,74.04735322094507,72.5626786188085,72.90662717316646,34032000
2020-10-01,74.06425476074219,74.50911260995139,73.52347052713614,73.77497391367822,35590000
2020-10-02,72.4901123046875,73.72179714303945,72.11732815469473,72.66954956471108,25682000
2020-10-05,73.86195373535156,73.97080378136963,72.78087831663224,72.87730525957215,22266000
2020-10-06,72.2425765991211,73.89873253155969,72.00150923372281,73.34303755608803,24908000
2020-10-07,72.58306884765625,73.01400194403648,71.37574476920572,72.78188403603534,34924000
2020-10-08,73.85749053955078,74.05978692551831,72.82164779571671,72.82164779571671,23756000
2020-10-09,75.31332397460938,75.37793472725488,74.03243988360246,74.2933857170948,28706000
2020-10-12,77.993896484375,79.22210012245397,76.17570914241706,76.69412726936068,49652000
2020-10-13,78.11964416503906,79.03023185460579,77.69815359966466,78.7185848826081,32020000
2020-10-14,77.94071197509766,78.91512170780364,77.0683946745932,78.4631042598593,38586000
2020-10-15,77.495849609375,78.28988158879896,76.79502124233704,76.90039009146055,30800000
2020-10-16,78.18575286865234,78.58935964570976,77.68821438057086,77.82987417051896,28694000
2020-10-19,76.27709197998047,78.93827529246002,75.94854717858597,78.55604873238526,32142000
2020-10-20,77.33679962158203,78.40892558436386,75.83273949233003,75.90133201224288,44834000
2020-10-21,79.19475555419922,80.45824895062577,78.1171612450081,78.20165807218324,51366000
2020-10-22,80.28925323486328,80.62028572036941,78.78171186485989,79.18182985247326,28672000
2020-10-23,81.56517791748047,81.63276931684254,80.54672600186827,80.8230832067555,27516000
2020-10-26,79.0525894165039,81.4279729822838,78.3592089188162,80.77038284991542,37066000
2020-10-27,79.73902130126953,79.86750714227254,78.67137002189794,79.31206241931072,24580000
2020-10-28,75.3829116821289,77.6061920748562,75.28350410454713,77.526169998785,36680000
2020-10-29,77.89895629882812,79.21463727842118,75.66225161078412,75.66821288019602,40062000
2020-10-30,80.57156372070312,83.85156617051157,79.74895410502599,83.11146628182593,86582000
2020-11-02,80.82108306884766,82.54781854811127,80.32403759830662,80.92695247990848,50708000
2020-11-03,82.02294158935547,82.5940478869217,80.35336900977828,81.10688560153403,33234000
2020-11-04,86.93971252441406,88.04489847929796,84.79744773703756,85.00869358113158,71418000
2020-11-05,87.64750671386719,89.15205971819472,87.00830092284946,88.52379808897622,41316000
2020-11-06,87.56698608398438,88.09782724144289,86.50330909504159,87.17929122904432,33218000
2020-11-09,87.6291275024414,90.36585852263367,87.48100587317988,89.0158811789556,45366000
2020-11-10,86.50529479980469,87.62911536400355,85.35761399079746,86.04303858212343,52722000
2020-11-11,87.1176528930664,87.6897527030208,86.8519820339762,86.98295551496706,25280000
2020-11-12,86.97500610351562,87.89106210806271,86.76426081487111,86.86516250703387,24950000
2020-11-13,88.32597351074219,88.52578979751026,86.71206981595692,87.36220463407147,29998000
2020-11-16,88.54268646240234,89.42195850614758,87.86222957357191,88.06154529307908,24936000
2020-11-17,87.98451232910156,88.72262522891631,87.82794177697225,88.3220066615566,22942000
2020-11-18,86.82290649414062,88.14952402361656,86.79109788933248,87.73995600338537,23470000
2020-11-19,87.67485046386719,87.9566759345354,86.33705357021647,86.40539581075554,24998000
2020-11-20,86.59477233886719,88.17587404954686,86.57837505437305,87.73897212051432,46270000
2020-11-23,86.23043060302734,87.17680867977535,85.37849996771469,86.96308275833893,43232000
2020-11-24,87.92137908935547,88.05657703434686,85.87404716605192,86.01371985509947,31560000
2020-11-25,88.04812622070312,88.4015248131851,87.30802632263958,88.12069291597456,20916000
2020-11-27,89.12969970703125,89.66700272281557,88.0983318394989,88.13064100960845,17698000
2020-11-30,87.51679992675781,88.87497596971994,87.2314932353114,88.53295378466312,36476000
2020-12-01,89.37374877929688,90.70235344347958,87.9457365334918,88.19425927970387,34738000
2020-12-02,90.85743713378906,91.24016431712921,88.94495403265353,89.37375591703784,24440000
2020-12-03,90.79878234863281,91.81424594750905,90.59399832717298,90.66159730436907,24546000
2020-12-04,90.85941314697266,91.11638480630795,90.31266767888276,90.68693830767911,27564000
2020-12-07,90.43643188476562,91.07712424976033,89.75548199013656,90.41257163830186,26418000
2020-12-08,90.39019775390625,90.55671131595713,89.27955115738008,89.97019374391972,21926000
2020-12-09,88.67936706542969,91.17155671314377,87.86819459456373,90.06513457308975,30152000
2020-12-10,88.24197387695312,88.53920305704648,86.50181420512405,87.96710324809516,27256000
2020-12-11,88.56208038330078,88.69529125203123,87.48001131796775,87.63210712538749,24414000
2020-12-14,87.48299407958984,89.33846589601443,87.34158456536424,88.2255817410188,32004000
2020-12-15,87.8662109375,88.04763527982024,86.98047698750338,87.69970493811458,29646000
2020-12-16,87.6291275024414,88.12617302703346,87.28517133200418,88.12020417284867,30270000
2020-12-17,86.87857055664062,88.06572010609378,86.41930256474699,87.90298353104528,32494000
2020-12-18,86.03907775878906,87.23695931330944,85.50276823779528,87.19073292593433,80328000
2020-12-21,86.45458984375,86.52815766459643,84.44801615369623,85.16923108026845,36568000
2020-12-22,85.66578674316406,86.356922316508,85.12276519323616,86.20905099106673,18734000
2020-12-23,86.10716247558594,86.88304514013859,85.74232674870505,85.89492309879742,20676000
2020-12-24,86.42874908447266,86.78414236068481,85.94462728061055,86.23738930829073,6936000
2020-12-28,88.27974700927734,89.00732523733315,86.80079098180647,87.0642244781715,27860000
2020-12-29,87.41638946533203,89.0924316226632,87.28566624676921,88.86130726884078,25988000
2020-12-30,86.46205139160156,87.73325033635766,85.77016494794806,87.57991071697518,26122000
2020-12-31,87.07640838623047,87.42682637212828,86.25827343882948,86.25827343882948,20238000
2021-01-04,85.90139770507812,87.51232090446479,84.88792115924691,87.35773744173892,38038000
2021-01-05,86.5316390991211,86.86714631405789,85.39315800785899,85.7403450634496,22906000
2021-01-06,86.2518081665039,86.88355102713716,84.44802363558682,84.62845442043202,52042000
2021-01-07,88.83446502685547,88.89162040861609,86.3392943526505,86.48890250825161,45300000
2021-01-08,89.82654571533203,89.95726890905785,88.15274883265982,88.87073285333992,41012000
2021-01-11,87.81401824951172,89.18561835632889,87.50585247656444,88.7758000470848,24194000
2021-01-12,86.81147766113281,88.37667490837062,85.7557565812386,87.17779993701961,27140000
2021-01-13,87.20166015625,87.73026395862382,86.38699885335058,86.41533384346016,21882000
2021-01-14,86.49485778808594,88.22606793988501,86.15785648307222,87.16288396051263,23590000
2021-01-15,86.2965316772461,87.28118006420229,85.5688549267511,86.39593924583995,26844000
2021-01-19,89.0138931274414,89.92920590953682,86.55848704899071,87.09480413954127,34692000
2021-01-20,93.78751373291016,94.62304707144322,90.73714128504689,91.0318904103252,49806000
2021-01-21,94.00373077392578,96.17134245112908,93.79795320754808,94.33923800538126,41278000
2021-01-22,94.49083709716797,94.98291489565959,93.53203585786042,94.22392237695226,25442000
2021-01-25,94.40882110595703,95.90889947254553,92.82473889691006,95.4660363117623,38546000
2021-01-26,95.29554748535156,95.6812552646977,93.65554616053853,93.88394013700601,26262000
2021-01-27,90.99858856201172,93.94159751430728,89.91552601568348,93.5703075067059,54966000
2021-01-28,92.60504150390625,94.38048344504827,91.58759087600428,91.65220163021664,35462000
2021-01-29,91.24463653564453,92.31526845632465,89.97518185703302,91.76305464724642,32252000
2021-02-01,94.50574493408203,95.55162922057079,91.9996453658914,92.13086155751105,32044000
2021-02-02,95.80601501464844,97.21016695211243,95.15886084118996,95.55997234939007,45474000
2021-02-03,102.89189147949219,105.19966863699202,100.3226603401712,103.03752543531066,82364000
2021-02-04,102.5091781616211,103.31339594380876,101.52602368624942,102.833255849908,37046000
2021-02-05,104.28014373779297,104.5043132526426,102.35806667282309,102.88841487003155,30702000
2021-02-08,104.02714538574219,105.54994632376321,102.98782159168269,104.67330602442463,24838000
2021-02-09,103.55992889404297,104.6345425698708,103.31290024654466,103.31290024654466,17798000
2021-02-10,104.14991760253906,104.79558529166307,102.54496331937904,104.09176867883805,22710000
2021-02-11,104.17527770996094,104.4804628762545,103.2522592471986,104.35520794891193,18914000
2021-02-12,104.5838394165039,104.81795197502099,103.5410419524392,103.89493355840546,17114000
2021-02-16,105.46808624267578,106.99799375343673,104.59626952464103,104.59626952464103,22676000
2021-02-17,105.78668975830078,106.05261092632186,104.32587531039304,104.37955707490315,21418000
2021-02-18,105.23446655273438,106.00662534847878,104.56395270523247,104.89597871210897,22432000
2021-02-19,104.43622589111328,105.89704042877753,104.25082735846594,105.337371215456,29148000
2021-02-22,102.6339340209961,103.95308864622511,102.49774252313924,102.73930287323896,27350000
2021-02-23,102.93115997314453,103.48536841601191,99.50949753969282,100.65221068503982,33348000
2021-02-24,104.13947296142578,104.41831777056655,101.30432826201401,101.488232655531,24966000
2021-02-25,100.96783447265625,104.12506994491243,100.46730777822444,102.76166844856833,36568000
2021-02-26,101.2412109375,102.93861796477633,100.2073553984228,101.92017374841053,41670000
2021-03-01,103.46051788330078,103.70953361247183,101.70047959381692,102.21839711928317,28090000
2021-03-02,103.17869567871094,104.59676495100182,102.95105253470263,103.19609409191618,22692000
2021-03-03,100.73670959472656,103.80884906570522,99.90614396795964,102.74973777140723,29684000
2021-03-04,101.8490982055664,103.84473565415392,100.41661114379788,100.5707016249836,42360000
2021-03-05,104.80403900146484,105.2797119326261,101.716139128832,103.04350005192036,43904000
2021-03-08,100.61045837402344,105.81153692434599,100.48320878536181,104.43571995379011,32948000
2021-03-09,102.02852630615234,103.28803783510574,101.78646540364207,102.88841285032791,33946000
2021-03-10,102.14433288574219,103.13692966469394,101.06773227165255,102.97588439245507,25372000
2021-03-11,105.11369323730469,105.65696511927449,103.00671816067047,103.09022144026294,24782000
2021-03-12,102.48680114746094,103.89542784019707,101.77254856015132,103.63398143520917,34516000
2021-03-15,102.71395111083984,102.7422785162963,101.57173854951405,102.50568590231667,25962000
2021-03-16,104.00776672363281,105.55059793138949,102.88842077891053,103.33526572477435,29832000
2021-03-17,103.9361801147461,104.86565267306639,102.0931317152724,103.1881242905062,25980000
2021-03-18,101.20938873291016,103.1617878099549,101.07667844315648,102.44107340234133,27228000
2021-03-19,101.55633544921875,102.04840561723759,100.28787442177094,101.4991724890406,46298000
2021-03-22,101.32719421386719,102.29146368636684,100.7048938010304,101.48874006697591,39096000
2021-03-23,102.04145812988281,103.00283801438542,101.35851353060539,101.97882687619493,27340000
2021-03-24,101.6487808227539,103.2964877947942,101.47456917384957,102.65828310032305,23080000
2021-03-25,101.61399841308594,102.33520586763949,99.94243108283005,101.63636455096797,28378000
2021-03-26,101.17608642578125,101.94352778213864,100.10594759567616,101.34061290464693,29870000
2021-03-29,102.1900634765625,102.31333129854781,100.18547674023857,100.79485345180285,24596000
2021-03-30,102.16969299316406,102.92719138043151,101.5975931268449,102.2735753225332,20732000
2021-03-31,102.8203125,104.04786363784056,102.22957048481099,102.34762029180055,29198000
2021-04-01,106.25590515136719,106.51387797025919,104.22497784370266,104.27766606540087,33980000
2021-04-05,110.61995697021484,111.20448751080687,106.94530452466958,107.01091641119838,43298000
2021-04-06,110.5802001953125,111.2218861152194,110.08563476749673,110.46836192454357,27060000
2021-04-07,111.8193359375,112.0837629971656,110.60903132882551,110.64879587991763,25798000
2021-04-08,112.6026840209961,113.52544460441538,112.21697621008293,113.22498446918777,27166000
2021-04-09,113.61863708496094,113.77570819779089,112.01984124730315,112.16825865951799,20888000
2021-04-12,112.07332611083984,113.09375744501008,111.26189567804632,112.6429383217843,31318000
2021-04-13,112.69363403320312,113.18769129861346,112.13793147822147,112.40534674212346,23310000
2021-04-14,112.07579803466797,113.22645951626876,111.79497371370489,113.08580086564676,20220000
2021-04-15,114.15444946289062,114.6483626309408,112.63051084526207,113.17626278768722,27472000
2021-04-16,114.20912170410156,114.64055529607809,113.54755733105192,114.46957456482171,22596000
2021-04-19,114.43975830078125,115.23751420223691,113.71630590806315,113.92183319021885,24688000
2021-04-20,114.00384521484375,114.79762690366078,112.914320859955,114.71262951794336,21774000
2021-04-21,113.98694610595703,114.08784779974751,112.26120405042649,113.5873210948691,23930000
2021-04-22,112.72593688964844,114.50744622005782,112.15582417341527,113.98395426831428,21096000
2021-04-23,115.0809326171875,115.60382540222194,113.23739122219044,113.49883761470765,28670000
2021-04-26,115.6495590209961,116.37127458563661,115.00837368329525,115.31107116750975,20834000
2021-04-27,114.67435455322266,116.18188821006764,114.53269477738853,116.10982207932688,31972000
2021-04-28,118.29235076904297,121.89433783226372,118.04084739166741,119.64605190343671,59728000
2021-04-29,120.77658081054688,121.10611916582852,119.40423748036416,119.80436302719026,39554000
2021-04-30,119.7939224243164,120.63989935600992,119.39827919597646,119.51409164271861,39142000
2021-05-03,119.05084228515625,120.27009631301624,118.52049408656106,119.42611405237766,33788000
2021-05-04,117.01692962646484,118.26003626405425,114.90199875473041,117.78685104628052,35120000
2021-05-05,117.14070129394531,118.40618176895076,116.87578125563697,117.72125008445065,21806000
2021-05-06,118.36392211914062,118.43152109288621,116.42484862889455,116.83749588162097,20618000
2021-05-07,119.22579956054688,120.1065656967319,118.79386541586527,119.29091087785633,23272000
2021-05-10,116.39115905761719,118.19742377550031,116.04670991701565,118.04284031628461,26006000
2021-05-11,114.7558822631836,115.41396548001602,113.47549103188132,113.9158741408877,32110000
2021-05-12,111.2924575805664,113.59327993013734,110.84362558942284,112.4172717028483,34934000
2021-05-13,112.43019104003906,113.15741275404699,111.47337704646239,112.38644473095633,26670000
2021-05-14,115.12369537353516,115.37122459189416,113.49139956279193,113.91438427453322,26624000
2021-05-17,115.3846435546875,115.48056993918324,114.07194316293331,114.7837157224017,19842000
2021-05-18,114.4909439086914,116.46520854274708,114.47751967671219,116.15485091742413,17302000
2021-05-19,114.7533950805664,115.15351307581795,112.5072478154266,112.55098654616083,19350000
2021-05-20,117.10838317871094,117.31962902078011,115.36872402994918,115.71417427281592,23832000
2021-05-21,116.5621337890625,117.7500721931285,116.42644285950739,117.60046405068795,22832000
2021-05-24,119.62245178222656,120.2094623901581,117.30820504637038,117.65066708661097,21244000
2021-05-25,119.74173736572266,120.92570161032913,119.43953285669622,120.28500924209851,18838000
2021-05-26,120.95750427246094,121.42542598286352,119.91296249271046,119.92886679488102,21856000
2021-05-27,119.41567993164062,121.27909996068615,119.3903255755835,121.12700416159265,38962000
2021-05-28,119.8655014038086,120.68959758281792,119.673140497219,120.38242536037635,24108000
2021-06-01,120.7726058959961,121.17824523515857,119.53347342887122,120.38441047426824,19166000
2021-06-02,120.34862518310547,121.37849887836452,119.49966766080988,121.04597989742894,17158000
2021-06-03,119.52005004882812,119.77528489996406,118.43748810942927,119.04338362506078,18346000
2021-06-04,121.8636245727539,121.96795437433306,120.17416589215145,120.41026553762681,25948000
2021-06-07,122.57588195800781,122.67082237450747,121.33242643591686,121.84175090228801,23850000
2021-06-08,123.40894317626953,123.98774756149372,122.6827604324616,123.26231566461352,25060000
2021-06-09,123.83390808105469,124.50989022356508,123.63161172759868,124.2365136982278,20126000
2021-06-10,125.33499908447266,125.41750882211903,123.96314860690335,123.96364917154023,31234000
2021-06-11,124.95376586914062,125.60290719062614,124.17638140470618,125.50001840493537,25240000
2021-06-14,125.60537719726562,125.6645272470453,124.3080882031943,124.92691497735412,22550000
2021-06-15,125.28826904296875,126.11237285413934,124.90604244626195,125.77438555220387,22182000
2021-06-16,124.95376586914062,125.7758750253942,123.4163498476623,125.50150493021883,26316000
2021-06-17,125.624267578125,126.44489012936374,124.77332294777486,124.78127889099343,25756000
2021-06-18,124.82551574707031,125.64216415254134,123.86671457716018,124.96270078698784,53306000
2021-06-21,125.70777130126953,126.28608267259929,124.39482072047217,124.99699233723088,26256000
2021-06-22,126.24905395507812,126.51795574731875,125.28180385580231,125.70280144670585,20984000
2021-06-23,125.71424102783203,127.04085103776009,125.50597580831041,125.8022190521019,19694000
2021-06-24,126.52989196777344,126.7818959243756,126.20979605215078,126.30274180374315,18934000
2021-06-25,126.24458312988281,126.7515640544985,125.69683652789213,126.2068056714633,33484000
2021-06-28,126.07012939453125,126.58456573135246,125.22942351557157,126.24955906114164,28110000
2021-06-29,125.27384948730469,126.24954846366856,124.6957808166052,126.02339186634258,20950000
2021-06-30,124.57550811767578,125.05664930862362,124.02030611666464,124.91106084882074,24006000
2021-07-01,125.62178039550781,125.71522670319523,124.11200175042201,124.11200175042201,17120000
2021-07-02,127.95838928222656,128.08664000123755,126.01991493142694,126.09000156030811,21160000
2021-07-06,129.00416564941406,129.11700503796027,127.65021433584587,128.68456275699998,21350000
2021-07-07,129.30886840820312,129.86793840219605,128.9932396691575,129.5708153850668,16680000
2021-07-08,128.4136962890625,129.26414041968383,127.28340619536495,127.49217198157658,19780000
2021-07-09,128.80885314941406,129.08223730832228,128.18158492973188,128.1825860590937,15106000
2021-07-12,129.79249572753906,129.99728733677287,128.8342026599919,129.0663129632654,16944000
2021-07-13,130.220458984375,131.2617699031392,129.86505810706223,130.10812014965975,16618000
2021-07-14,131.30203247070312,132.21013256197034,131.11861345348825,131.1221022373089,17912000
2021-07-15,130.49082946777344,131.81148567571742,129.8262920707709,131.71704582559786,16586000
2021-07-16,131.06642150878906,131.40192113294034,130.04847032526575,130.86313161083828,14856000
2021-07-19,128.49021911621094,130.47143845814074,127.77746069508945,130.38048739527403,25710000
2021-07-20,130.3268280029297,131.22135218567885,128.42503124411968,129.23580944550554,19084000
2021-07-21,131.81695556640625,131.83361071620672,129.82977473329183,130.0141797024396,14742000
2021-07-22,132.54066467285156,132.71561958737274,131.61763870583857,131.86616144899054,13608000
2021-07-23,137.00164794921875,137.98829121487356,133.90456343770214,134.46075144018909,26378000
2021-07-26,138.81932067871094,138.88741262563502,136.83760080839653,137.4330602578176,23052000
2021-07-27,135.98817443847656,139.1836882346222,134.30171141468884,139.1836882346222,42164000
2021-07-28,135.57562255859375,138.85065003321708,135.5443145167073,137.74323423185805,54688000
2021-07-29,135.7336883544922,136.34108564220358,135.33357033997652,135.57473632347734,19284000
2021-07-30,134.42196655273438,134.96906849187096,134.0175710304603,134.71026142506526,23954000
2021-08-02,135.1859588623047,135.21676634373347,133.87375127813922,134.68393798324678,20140000
2021-08-03,135.47471618652344,135.529884473543,133.39060786556087,135.1963719283961,19064000
2021-08-04,135.22471618652344,135.73119659065617,134.6148312626251,135.44440338907074,16528000
2021-08-05,136.1308135986328,136.14074904717114,134.79873540055996,135.22470069193852,11866000
2021-08-06,136.22625732421875,136.27004914666458,135.24260228370383,135.48963852213564,13560000
2021-08-09,137.18653869628906,137.50415451780557,135.6225928697626,136.13976711087273,12374000
2021-08-10,137.28048706054688,137.73280029460147,136.41563272764313,137.26358921210337,16034000
2021-08-11,136.87588500976562,138.0272897624969,136.5383982912348,137.4658838143849,15204000
2021-08-12,137.57174682617188,137.60008181631258,135.97077437734856,136.899245869058,14646000
2021-08-13,137.58815002441406,137.8545565545924,137.18951860534634,137.53992897109532,12580000
2021-08-16,138.0951385498047,138.16919177261371,135.36114574376234,137.18455087703765,18040000
2021-08-17,136.4891815185547,137.89880165929503,135.97921241135907,137.37440719157163,21272000
2021-08-18,135.7630157470703,137.4768276678036,135.61489412448694,136.3052789202125,14934000
2021-08-19,136.10446166992188,136.639777553869,134.55616995514325,134.66700708540313,18296000
2021-08-20,137.6189727783203,137.7954293922054,135.66061228728196,136.27296967596428,15564000
2021-08-23,140.26573181152344,141.3368641519618,137.92808009280503,138.17714888881153,21090000
2021-08-24,141.55706787109375,142.16247803604804,140.51824458118358,140.70712430091726,15126000
2021-08-25,142.10531616210938,142.46617777524324,141.59783460981822,142.03871072523376,12838000
2021-08-26,141.283203125,142.28901952072462,141.25189508173625,141.77577390450756,14922000
2021-08-27,143.6963653564453,144.15413931119207,141.18081564037627,141.27276784931874,24562000
2021-08-30,144.6099090576172,145.62388605919284,143.74555536215163,143.84943009859143,16916000
2021-08-31,144.6024627685547,145.2486158160026,144.14318716945078,145.02246679998305,26756000
2021-09-01,144.980224609375,145.95294308213647,144.7540755659081,144.78935778973963,15824000
2021-09-02,143.36680603027344,145.4603644954258,143.2549829261711,145.08707980079004,21844000
2021-09-03,143.9195098876953,144.517957609369,142.65702531428133,143.2942288702104,19104000
2021-09-07,144.6591339111328,144.9623395715775,143.6869160112608,143.89418011373297,15170000
2021-09-08,144.02737426757812,144.6909257247094,143.34791092386484,144.5343551877221,15486000
2021-09-09,144.0572052001953,144.80873472569155,143.58054632827697,144.0273836834504,14798000
2021-09-10,141.0823974609375,145.15617446900112,140.90395375353276,144.58407459918837,32896000
2021-09-13,142.61724853515625,143.33895647173208,141.44174088991613,142.35481618032117,20176000
2021-09-14,142.55862426757812,143.87230306656951,142.06107818726272,143.30915268158765,18916000
2021-09-15,144.34796142578125,144.72124608951611,141.41539621287026,142.90952082835844,20648000
2021-09-16,143.52040100097656,144.34200956406175,142.56890350360356,144.26348159339636,20292000
2021-09-17,140.62759399414062,143.3971270468662,140.22796140070582,142.94878799865575,60040000
2021-09-20,138.19554138183594,138.53900454136132,136.24314224514947,138.17884072650594,34918000
2021-09-21,138.82131958007812,139.97953502710808,138.0847008659146,139.28904409824526,18130000
2021-09-22,140.10569763183594,140.74687538799043,138.64761360509473,139.2229443624447,22068000
2021-09-23,140.9884490966797,141.41188124321306,140.2627517742921,140.77272092229325,17272000
2021-09-24,141.79017639160156,142.05908577183902,140.01820798114457,140.11314840369118,14950000
2021-09-27,140.6648712158203,141.6579610412998,139.66977913194822,140.74885988794006,18844000
2021-09-28,135.37928771972656,138.78156460489535,134.89813896250934,138.26662015312957,42190000
2021-09-29,133.72610473632812,136.58660387053288,133.45670997217775,136.29950732204898,26338000
2021-09-30,132.47802734375,134.78878515070303,132.2140932902572,133.53126073480007,35294000
2021-10-01,135.65614318847656,136.2610528074894,132.5893808084576,132.76533686504249,28388000
2021-10-04,132.9745635986328,134.8981269903457,130.39142298266788,134.89762642579402,31530000
2021-10-05,135.37232971191406,136.55032509960063,133.2081917006854,133.2081917006854,24126000
2021-10-06,136.54237365722656,137.0374320476441,133.69180994061003,133.82999610774255,19764000
2021-10-07,138.363037109375,139.32625984035377,137.74421796427478,138.04244826165234,18250000
2021-10-08,139.22842407226562,139.48788342916393,138.6054789176851,139.07931647341672,18924000
2021-10-11,138.02703857421875,139.9318687709035,137.98628048365686,138.97390954077832,16584000
2021-10-12,135.90516662597656,138.86955595447264,135.44490501999917,138.8123854046612,22536000
2021-10-13,137.08514404296875,137.73131229984912,136.1671085200007,136.93603645910213,16380000
2021-10-14,140.576416015625,140.81450278045912,138.51566706536337,139.1250363061688,21426000
2021-10-15,140.83782958984375,141.35972123858974,140.23093297685978,141.35972123858974,21250000
2021-10-18,142.11573791503906,142.15376565666742,140.37906692709558,140.37906692709558,16564000
2021-10-19,142.97216796875,143.25547238744062,142.25044476688143,142.44480036556874,15316000
2021-10-20,141.57345581054688,143.39538958819384,141.07343728578368,143.37028551531182,17940000
2021-10-21,141.93679809570312,142.0053906105217,140.80004629273574,141.35177463008554,14850000
2021-10-22,137.8058624267578,140.72203050773152,136.35995879183156,139.52166139934215,30182000
2021-10-25,137.95298767089844,138.3832305541192,135.940459994369,137.99027215147086,21082000
2021-10-26,138.84666442871094,140.0072613336293,138.1840989456318,139.77515105381985,28258000
2021-10-27,145.56224060058594,148.23683275856828,139.07578882786706,139.07578882786706,51850000
2021-10-28,145.26551818847656,146.55336474801925,143.90809314823116,146.42860281128938,32418000
2021-10-29,147.3943634033203,147.73485352870443,144.30871619986272,144.66012773524713,28954000
2021-11-01,142.9244384765625,147.522609819012,142.73108401932961,147.28948322818965,32272000
2021-11-02,145.0010986328125,146.05234498631833,143.78631933839208,143.95372027855845,21150000
2021-11-03,145.922607421875,146.0424092180461,144.1963724497734,145.41065117693066,17886000
2021-11-04,147.80441284179688,149.06392428672578,145.76851059554272,146.33017436921168,24700000
2021-11-05,148.359130859375,149.6810309991204,147.77360677599506,148.47096912954314,20408000
2021-11-08,148.46897888183594,150.14203264860203,148.23884051225767,149.1136454193443,18388000
2021-11-09,148.3665771484375,149.4898895269132,146.63536703341745,148.8611349337028,16876000
2021-11-10,145.75958251953125,147.82131701911584,144.46626015846797,147.13514915820247,22708000
2021-11-11,145.880859375,147.62473540965163,145.82767817901606,146.23773159345805,12464000
2021-11-12,148.76121520996094,148.97395514222882,145.58857643967335,146.95793901546048,17048000
2021-11-15,148.50527954101562,149.58784922285582,147.7741214218874,149.11366279984296,16248000
2021-11-16,148.1951141357422,148.94714422103235,147.47340613162703,148.28905342974764,17254000
2021-11-17,148.18118286132812,148.741860718999,147.68513851153094,148.34720345360168,15290000
2021-11-18,149.81846618652344,150.71414318437468,148.11807843787616,148.26469837184902,26658000
2021-11-19,149.06642150878906,150.95271574714045,149.0018031705206,150.10773237822403,19766000
2021-11-22,146.2094268798828,149.85376503200752,146.1368450062156,149.25457398214286,24608000
2021-11-23,145.88983154296875,146.82129138594215,144.0333585232532,146.2437307661259,18126000
2021-11-24,145.85055541992188,146.13138736082306,144.34103443954368,145.48523423246027,16464000
2021-11-26,141.96214294433594,144.43842067379347,141.64354118366504,144.1585899138974,16992000
2021-11-29,145.25059509277344,145.99417617252257,143.4458171312951,143.4458171312951,26276000
2021-11-30,141.61024475097656,145.76206416882144,141.22652405355038,144.59078848027502,41590000
2021-12-01,140.7811737060547,145.63348022586953,140.66387473134853,143.3603404674943,28476000
2021-12-02,142.9269256591797,143.82011494466778,140.1489285982875,140.98596363584957,21250000
2021-12-03,141.67832946777344,144.35492415984507,140.31592917842198,143.64166512863846,26688000
2021-12-06,142.94680786132812,143.49853628416224,139.81592767231217,142.725634129897,22198000
2021-12-07,147.16172790527344,147.42367484655767,144.84152024497004,145.08755530129238,23258000
2021-12-08,147.8417205810547,148.27513371517927,146.3301973952063,147.4550116445982,18964000
2021-12-09,147.2308349609375,148.7209702357873,146.6572486167207,147.30041343877434,18580000
2021-12-10,147.79649353027344,148.51720045808722,146.48677368570137,148.21898527064758,21634000
2021-12-13,145.83761596679688,147.68463867473733,145.49515393571124,147.56683913833254,24104000
2021-12-14,144.11387634277344,144.58258685896453,141.40198403804226,143.91456060870382,24778000
2021-12-15,146.49771118164062,146.6455749489524,141.86227005444786,143.51295028489534,27280000
2021-12-16,143.98263549804688,147.67369245392248,143.24104150387112,147.20199377450166,27400000
2021-12-17,141.95916748046875,143.60648010271456,140.9501657464064,141.87118945828618,43404000
2021-12-20,141.56004333496094,141.76780797422234,139.42125222008215,139.84830965264146,20264000
2021-12-21,143.3682861328125,143.83704208311764,140.89746916535938,142.3041010632219,19548000
2021-12-22,146.08067321777344,146.43257012165427,143.1123100548206,143.24850912805417,18438000
2021-12-23,146.2730255126953,147.69467443254575,146.08250759891405,146.22032971393128,13818000
2021-12-27,147.18907165527344,147.54943264330586,146.3798862670688,146.59212564681158,13256000
2021-12-28,145.58265686035156,147.49777185785757,145.0731881864675,147.49777185785757,18624000
2021-12-29,145.6387939453125,146.31402522473104,144.64470302926233,145.56424016033347,17022000
2021-12-30,145.13978576660156,146.1935198875572,144.89722426593647,145.58463606552,12978000
2021-12-31,143.82456970214844,145.50011090100622,143.82258261261413,144.68396317280764,17298000
2022-01-03,144.2172393798828,144.68993920795674,142.65453740357015,143.6217798782023,25214000
2022-01-04,143.5631561279297,145.74369160191856,142.96634654326647,144.69045806497383,22928000
2022-01-05,136.84010314941406,143.44534125105673,136.7108664708533,143.32902824035205,49642000
2022-01-06,136.7382049560547,138.86059893208267,135.95536740096014,136.68502375765593,29050000
2022-01-07,136.19493103027344,137.43778738049954,134.9866136361773,137.0901073570235,19408000
2022-01-10,137.7551727294922,137.82077703275542,132.35377704186175,134.3007004019638,34096000
2022-01-11,139.1901397705078,139.5002926464123,136.0050773934451,137.3639890036401,23502000
2022-01-12,140.81097412109375,141.9703422694502,140.27814592155275,140.7180359715624,23642000
2022-01-13,138.30885314941406,142.3393989384988,138.09314016387097,141.00234550880444,26566000
2022-01-14,138.96051025390625,140.36615648174055,136.6875219953001,136.6875219953001,23826000
2022-01-18,135.48513793945312,136.57962991935594,134.81562526522472,135.79281828482556,27382000
2022-01-19,134.8504180908203,137.5816957115338,134.6993234263459,136.12933029299188,20796000
2022-01-20,132.7176055908203,137.09707564042736,132.35774514707785,135.70734144740595,21930000
2022-01-21,129.32327270507812,133.96418900898695,129.2328222011798,132.2260164043068,41920000
2022-01-24,129.6016082763672,130.00571555676993,123.90542636255145,125.28278281998216,55148000
2022-01-25,125.98661041259766,128.5742335903817,125.63122471742528,127.67656958190479,36008000
2022-01-26,128.47630310058594,132.02271178801416,126.4021305407049,129.82080426110235,39630000
2022-01-27,128.35801696777344,131.82635313402716,128.1830620610087,130.58477093977476,30248000
2022-01-28,132.5019073486328,132.58242241557892,127.93405764441074,129.2318397813185,30518000
2022-01-31,134.8966522216797,135.04079965650078,131.4923882521932,133.4050152335704,34056000
2022-02-01,137.0637664794922,137.38336939690126,133.7730850887602,137.0205358997762,51204000
2022-02-02,147.16172790527344,151.2012230784532,144.6973728257203,150.96610943030302,89750000
2022-02-03,141.8075714111328,148.23656534422494,141.36470825242586,144.43644571019777,56930000
2022-02-04,142.17092895507812,143.6811931342586,138.99132722307115,142.1719149157234,49224000
2022-02-07,138.11703491210938,142.99652423521104,137.87944871306328,142.85983974056734,44610000
2022-02-08,138.390380859375,139.01079275423655,136.06421167709095,138.1699504137593,34256000
2022-02-09,140.61715698242188,141.3353913696106,139.54751106306838,140.01746539852522,28628000
2022-02-10,137.7834930419922,140.5952859055322,137.23426746488352,138.67569640091713,33018000
2022-02-11,133.33743286132812,138.46022644463116,132.50089835427477,137.9301285023658,38808000
2022-02-14,134.50051879882812,135.36189952196264,132.51432383751728,132.57744048726042,26792000
2022-02-15,135.61935424804688,137.0851286556655,134.73858813559576,136.6591633758954,26578000
2022-02-16,136.67507934570312,137.13086615251848,134.02697134649486,135.6243184404278,25610000
2022-02-17,131.52667236328125,136.03088869335386,131.42079537684307,135.34546413945972,30968000
2022-02-18,129.69656372070312,133.03323640524778,129.53706563331934,132.25138482026347,31858000
2022-02-22,128.63783264160156,131.12133044834965,126.9861517284834,129.2168947867258,38906000
2022-02-23,126.83110046386719,130.97048929691582,126.75008483766662,130.30396474516908,26432000
2022-02-24,131.8895263671875,132.2508885220446,124.0272715347534,124.26137650965106,43166000
2022-02-25,133.72462463378906,134.58899355144914,130.98639964700195,132.73649490609128,26236000
2022-02-28,134.0939178466797,134.83898543390194,132.04037451261885,132.49690455542566,29676000
2022-03-01,133.3751983642578,135.30671034991695,132.59035855736903,133.68535123203105,24640000
2022-03-02,133.95526123046875,134.8141543567921,132.64405483685408,133.81285816687404,23966000
2022-03-03,133.51438903808594,135.90598090949484,132.6425722164985,135.17501995576754,19780000
2022-03-04,131.34127807617188,133.40601601463462,129.63790226869745,132.59434294116843,24446000
2022-03-07,125.71721649169922,131.12458075459915,125.66304175018959,131.12458075459915,39178000
2022-03-08,126.52641296386719,130.47096830208625,125.11703537175774,125.50448755157188,35250000
2022-03-09,133.07498168945312,133.40552119057426,129.319306053636,130.62354991233454,32258000
2022-03-10,131.89797973632812,132.74940976047176,130.62454342863884,130.68567298266956,24266000
2022-03-11,129.70449829101562,133.40699230076996,129.52655517506847,133.20767659507175,26600000
2022-03-14,125.99207305908203,130.25175623890937,125.66601591330293,129.80143014536003,30254000
2022-03-15,128.8943328857422,129.74600559818148,125.82010034497549,126.98666610021107,30292000
2022-03-16,132.90052795410156,132.98054244983442,128.4375544958061,130.22592018915392,32058000
2022-03-17,133.80514526367188,133.9433314416803,131.93476273178302,132.53321051235014,23994000
2022-03-18,135.9931182861328,136.10445597630317,132.14649210248274,133.09286246893078,45900000
2022-03-21,135.67202758789062,136.76950776259932,133.8160556139762,136.03885038567066,26632000
2022-03-22,139.44859313964844,140.66387299735695,135.69341812112526,135.69341812112526,29776000
2022-03-23,137.68507385253906,139.19758290915195,137.35007478004806,138.31633133050084,25302000
2022-03-24,140.47695922851562,140.5609630583525,137.22369931580215,138.44952118301208,20544000
2022-03-25,140.6852569580078,141.12067235947237,138.87401686594447,140.91638130819473,19270000
2022-03-28,141.1112060546875,141.13755395453921,139.00190271002464,139.8531810563562,23774000
2022-03-29,142.40353393554688,143.31064802893872,141.64205380775243,142.31456995177135,28678000
2022-03-30,141.80160522460938,142.63266379077837,141.32791943749677,142.02576714858625,21046000
2022-03-31,138.82432556152344,141.80162344290062,138.794003478454,141.60678244388754,29516000
2022-04-01,139.8686065673828,140.11712932786807,137.97685143591795,139.18268132146338,23480000
2022-04-04,142.79371643066406,143.19259058526663,139.99235965601554,139.99235965601554,19076000
2022-04-05,140.22946166992188,142.74152245690146,140.11066100037115,142.5521573447116,19256000
2022-04-06,136.3654327392578,139.02214175429938,135.61202225041654,138.3392047022327,23574000
2022-04-07,135.6586151123047,136.88781971126915,134.0603730646976,135.81071090323485,19448000
2022-04-08,133.2186279296875,135.44489663094112,132.96215682426399,135.44489663094112,16434000
2022-04-11,129.02952575683594,132.153655729596,128.85158261879724,132.11468753237315,24188000
2022-04-12,127.61592864990234,131.64099901258749,126.82214694383126,131.64099901258749,23004000
2022-04-13,129.51614379882812,129.88370994031973,127.67966309907034,127.86644955773359,19542000
2022-04-14,126.50106048583984,129.9378840859897,126.36040182723444,129.87749779030244,23484000
2022-04-18,127.20487213134766,127.95144148204578,125.83049617389247,126.6571331079475,14918000
2022-04-19,129.75970458984375,130.13024377676342,126.69839531788737,127.32019520407556,22720000
2022-04-20,127.4876937866211,131.14395423218158,127.1383224402013,130.5082371746128,22610000
2022-04-21,124.19924926757812,129.53751329659462,123.9134496105383,128.58568204753007,30158000
2022-04-22,118.9072036743164,124.71071218196992,118.4365060583995,124.2613795749802,46410000
2022-04-25,122.5217056274414,122.54954005179277,118.06743171573031,118.72377805997198,34522000
2022-04-26,118.79983520507812,122.02466967017772,118.45772204120692,122.02466967017772,49394000
2022-04-27,114.3408432006836,116.80569163490475,112.45580027950223,113.69717019306832,62238000
2022-04-28,118.70589447021484,119.72682633468807,114.46351078309169,116.42296337446865,36790000
2022-04-29,114.28716278076172,118.25706496381653,114.01627389220195,116.88323501833948,33694000
2022-05-02,116.46471405029297,116.64613838357953,112.72941751517195,113.23342540130652,30280000
2022-05-03,117.43145751953125,118.59504256943586,115.9378335761861,116.07501860018996,21216000
2022-05-04,121.85070037841797,122.41534485095637,115.05460282921109,117.30621832059788,33232000
2022-05-05,116.05663299560547,120.5168757427822,114.50187941756911,119.51010385960957,43090000
2022-05-06,114.97657012939453,116.8041998420878,113.4685281782262,114.83639686515552,35310000
2022-05-09,112.41577911376953,114.88002824847455,111.88642447652438,112.63397976872888,34520000
2022-05-10,113.90740966796875,116.00146083387627,112.71330532370177,115.35479968003595,31158000
2022-05-11,113.28759002685547,115.98157541835923,112.97843073429522,113.0385743250516,36502000
2022-05-12,112.4923324584961,114.17780934616736,109.46283959083891,111.27655961493353,41464000
2022-05-13,115.82701110839844,117.38723308731048,113.32637232253705,114.16687339889444,29738000
2022-05-16,114.11419677734375,115.91846682173644,113.6593958883715,114.70220094839283,23282000
2022-05-17,116.01190185546875,116.53479465205461,114.6559634132662,116.53479465205461,21576000
2022-05-18,111.73682403564453,115.01200319885785,111.47935179564423,114.556565234559,27982000
2022-05-19,110.09109497070312,112.91630422537652,109.81523838005924,111.18012630938549,29192000
2022-05-20,108.66707611083984,111.88494828449988,105.74444606025004,111.4231925770686,37586000
2022-05-23,111.00665283203125,111.3436541523698,108.50925264821525,109.45338573014226,31558000
2022-05-24,105.30008697509766,105.76630983475373,101.60405428859403,105.74891900612944,60386000
2022-05-25,105.2140884399414,105.91512156479516,103.59545974598217,104.52070788587457,37900000
2022-05-26,107.65607452392578,108.31143494932303,104.86466838380935,105.42384456068342,30288000
2022-05-27,112.1324691772461,112.20105411150521,108.90266711940586,109.13975271544037,29924000
2022-05-31,113.36515045166016,115.74550219361487,111.90731659754005,112.41082395592835,51302000
2022-06-01,113.46256256103516,116.70528835055075,112.8795261416964,114.25237008504432,28630000
2022-06-02,117.05023956298828,117.20134181776399,112.63846024267922,113.51326516537404,27472000
2022-06-03,113.88703918457031,115.67689891825559,112.99632998741049,115.30709544464487,25052000
2022-06-06,116.31907653808594,118.69296619932041,115.83972526569295,116.05266240987449,23786000
2022-06-07,116.53678894042969,117.05287105684828,114.4452252091988,114.96463683872774,26414000
2022-06-08,116.54522705078125,117.94491176035996,116.00717323148218,116.18586719757477,22544000
2022-06-09,114.23894500732422,117.65066441699251,114.18824388035739,115.65403355939578,23142000
2022-06-10,110.76908111572266,112.82635635687863,110.20593070612016,112.11483403186574,31324000
2022-06-13,106.24496459960938,108.57312087647595,105.95821692877584,106.81109557425415,36756000
2022-06-14,106.56057739257812,107.81660763210951,105.72355002495075,106.25837291743265,25480000
2022-06-15,109.73820495605469,111.40082275284821,107.4798773414125,108.25601036706308,33192000
2022-06-16,106.00588989257812,108.64469973039624,105.16737589016577,107.51044304751402,35314000
2022-06-17,107.22811889648438,108.60393585836623,105.00438342982902,105.90548313081601,43516000
2022-06-21,111.35308837890625,112.00719732073777,108.64767346953633,109.05376025801665,39010000
2022-06-22,111.37197875976562,113.09722767769802,110.07001786939978,110.50613096827152,23922000
2022-06-23,112.01863861083984,112.52761418742989,110.372918806279,112.28256507509586,24710000
2022-06-24,117.8375473022461,117.93645430929878,112.9317036285276,112.9317036285276,39122000
2022-06-27,115.93338012695312,118.54535676697495,115.31530414289445,118.23221566174247,32840000
2022-06-28,111.90631866455078,117.16008570211035,111.77956963395134,115.66348089962362,28232000
2022-06-29,111.59317016601562,112.99284736181295,110.8948218854255,111.48580664530455,18628000
2022-06-30,108.72621154785156,110.67195166524392,106.67589893432358,109.84655097229052,38046000
2022-07-01,108.43643951416016,109.15750283649945,106.47211779969619,107.69683254827201,31028000
2022-07-05,113.21403503417969,113.37865252445056,105.6216609884287,106.87919299530923,36398000
2022-07-06,114.53270721435547,115.6644762658774,111.5872180572882,113.4178360113629,28852000
2022-07-07,118.60102081298828,119.15373516726748,114.85130639928482,115.32251214763836,32184000
2022-07-08,119.45841979980469,119.72333981705387,116.81960255040515,116.8553929186101,29082000
2022-07-11,115.83396911621094,118.09254705211971,115.54766890229732,117.94890017269181,26718000
2022-07-12,114.17085266113281,117.15312555164093,113.93773365825514,116.14809801000277,24970000
2022-07-13,111.52408599853516,114.47653754822669,111.16223844395859,111.97341859905681,38958000
2022-07-14,110.78150939941406,111.32577485780489,108.67950192576599,110.17113148595242,32366000
2022-07-15,112.10065460205078,113.32687103031594,111.16173950432604,112.29549558253132,34330000
2022-07-18,109.26054382324219,114.1216481341003,108.65414771552831,112.76968378749024,33354000
2022-07-19,113.94270324707031,114.13157536332211,109.84704595269017,111.06978111351413,30992300
2022-07-20,114.02222442626953,115.64259746470849,112.59073867215957,113.38600685015139,26780100
2022-07-21,114.3602294921875,114.52922314186691,111.24872739411613,114.40992949157486,27267800
2022-07-22,107.7197036743164,112.51122209358782,106.96419237452436,111.14931466406055,44455300
2022-07-25,107.5705795288086,109.926577783052,106.37767343651258,108.23661863726868,28289900
2022-07-26,104.81696319580078,107.10336807017786,104.14098097548217,106.7952022703149,36626600
2022-07-27,112.9287338256836,113.72400964351094,107.77934224524782,108.95236990517141,41474600
2022-07-28,113.91289520263672,114.02224583008814,111.1900812645855,112.13347881261065,23303800
2022-07-29,115.95076751708984,116.2092332870638,112.56092132973974,112.7299149705907,31336200
2022-08-01,114.7976303100586,116.42793891907093,114.01229752161898,114.84733030873208,22856200
2022-08-02,115.21514129638672,116.38816890726427,113.58483276388733,113.75382640320828,17911000
2022-08-03,118.07811737060547,118.71433494784623,115.46366100114149,115.65253311718023,25302800
2022-08-04,118.16758728027344,118.793861813036,117.01443820295765,117.60095577416112,15757700
2022-08-05,117.52143859863281,118.15765622845093,116.02035907313424,116.2390603054428,15615700
2022-08-08,117.4419174194336,120.14584632067722,117.13375161729476,118.4161299969719,17061100
2022-08-09,116.8056869506836,117.50154758389901,115.87123902809826,117.29278939393438,15424300
2022-08-10,119.93708038330078,121.06040048029249,118.65470208621515,118.88333876845964,20497000
2022-08-11,119.11197662353516,121.61708246567179,118.84357540571452,121.35862428089992,16671600
2022-08-12,121.9252700805664,121.9252700805664,119.68856519456287,120.44407652410945,16121100
2022-08-15,122.15389251708984,122.5316519299202,120.85163580691027,121.48785340457907,15525000
2022-08-16,121.78608703613281,122.4998390749537,120.81684985583003,121.59720732457711,15626200
2022-08-17,119.6090316772461,121.42822007098952,119.48973802404053,120.2154278084939,17589200
2022-08-18,120.14583587646484,120.97093320616418,118.84357912585637,119.51956129240452,15652000
2022-08-19,117.42202758789062,119.29091587288002,116.97468210278002,119.16168677770345,20187000
2022-08-22,114.39004516601562,115.81159552605992,113.9924072696646,115.41395762970889,19316000
2022-08-23,114.0918197631836,115.24496895385242,113.62460336797713,113.6444818507107,14390700
2022-08-24,114.02222442626953,115.03322076790133,113.10766260863866,113.77370169858864,16051200
2022-08-25,117.00450134277344,117.08403043871027,114.37016640259587,114.4695739803609,14874700
2022-08-26,110.642333984375,115.91101186000886,110.56280488223474,115.12567904107719,31698700
2022-08-29,109.68799591064453,111.2984260406055,109.16112890080579,110.12539837208607,20386100
2022-08-30,109.26054382324219,110.71191575150927,108.15710222293085,110.3739208727006,20548200
2022-08-31,108.50503540039062,111.1095489960398,108.405627816123,110.97037686120264,25898000
2022-09-01,109.8967514038086,110.56279048278643,107.55069628640425,108.55472262899056,22784400
2022-09-02,108.03780364990234,111.0151087452055,107.49105059924167,110.68208160615,20618100
2022-09-06,106.84490966796875,108.23663107412492,105.88064013347996,107.49603809391598,20565100
2022-09-07,109.8271713256836,110.3341522487061,106.97909529757035,107.12324273231538,22987200
2022-09-08,108.77342987060547,109.92657901245869,107.42146557258339,108.5348501663404,21660700
2022-09-09,111.1194839477539,111.33818516782348,109.35000328982663,109.39971087050134,21732900
2022-09-12,111.2089614868164,111.97440820998962,110.27451353171385,111.32824755134024,19732900
2022-09-13,104.68771362304688,108.72372796434165,104.37954786110343,108.24656097987936,33015000
2022-09-14,105.24441528320312,105.47305196247501,103.88250790377725,104.81695585639882,22115800
2022-09-15,103.28605651855469,105.58240430383562,102.69953888413475,104.3894981363861,26494900
2022-09-16,103.01763916015625,103.41527704444313,101.25313384715938,102.36154309774793,64540100
2022-09-19,103.2363510131836,103.40534466651727,101.76510054933011,101.93409420266377,19738600
2022-09-20,101.22828674316406,102.5603650215464,100.52248305448668,102.27207772600568,24001700
2022-09-21,99.41903686523438,102.87846908338176,99.39915079925322,101.63585541047871,26596800
2022-09-22,99.97572326660156,101.07916479173838,98.82258174617832,98.86233870868273,21272700
2022-09-23,98.58399963378906,99.51844757218151,97.43085805290954,99.46873998997725,25657000
2022-09-26,98.22612762451172,99.84650078111234,97.7986681983567,98.02731246159361,22437900
2022-09-27,97.51038360595703,99.86638203183438,96.76481534787955,99.31963652649841,24225000
2022-09-28,100.14472198486328,100.8008256641617,97.22209969650464,97.44079333862526,24617000
2022-09-29,97.51038360595703,98.71324040318372,95.94966102242067,98.71324040318372,21921500
2022-09-30,95.58184814453125,98.90609010297804,95.46255449795088,97.15251369510125,26277800
2022-10-03,98.7132339477539,99.37927306117864,96.4467002205976,96.64552296033695,24840000
2022-10-04,101.80486297607422,102.11302875917174,100.44295557537922,100.44295557537922,22580900
2022-10-05,101.61597442626953,102.13289836436944,99.15062562284783,100.0950165415834,18475500
2022-10-06,101.63585662841797,103.11705760497279,100.90023144885146,100.90023144885146,17156200
2022-10-07,98.98163604736328,100.82070279653342,98.62376269695793,100.05525609857935,24249900
2022-10-10,98.126708984375,99.39914408599965,97.29167629305061,99.25997197077892,16529900
2022-10-11,97.47061920166016,99.52838713355159,96.67534342000731,97.6694343549174,21617700
2022-10-12,97.71914672851562,99.0591809497817,97.09286455484346,97.68931762818318,17343400
2022-10-13,99.12080383300781,99.93595807671551,94.7070377608623,95.36314140264038,32812200
2022-10-14,96.60576629638672,100.69148102364304,96.45665112549094,100.03040958064474,22624800
2022-10-17,100.18447875976562,101.16862661803496,98.92198666556651,98.93192211376999,23311600
2022-10-18,100.79088592529297,103.60416527670132,100.05526070859364,103.32582101007522,21610500
2022-10-19,99.69738006591797,101.058286238279,99.04625172165485,100.10495340250134,21573700
2022-10-20,99.93596649169922,102.39137246229471,99.37927796160263,100.22425379030277,25125100
2022-10-21,100.88035583496094,101.01952796520553,97.64956015484607,97.87819683268549,28988700
2022-10-24,102.36155700683594,102.49078611345655,99.70733571385131,101.48675202567222,24680800
2022-10-25,104.30996704101562,104.47896068771482,102.41124962499156,102.68960147076425,29910200
2022-10-26,94.25969696044922,97.95771624841086,94.01117424039063,96.18823569508355,71504300
2022-10-27,92.05281829833984,94.60763167666359,91.35695768335357,93.7527128729308,54036500
2022-10-28,96.00931549072266,96.28765977141086,91.77746612634327,91.9832437019191,35696900
2022-10-31,94.10065460205078,95.78066317940127,93.82230276039353,95.21403163143104,29868700
2022-11-01,89.9652328491211,95.59675910830232,89.89564678454398,95.02515224955759,43220600
2022-11-02,86.55549621582031,90.76050415009433,86.49585318752099,90.37280929752511,43553600
2022-11-03,82.99665832519531,86.0385820473062,82.95689377370815,85.8347915650517,48510400
2022-11-04,86.18767547607422,86.21750457302379,83.38433952341862,85.004712496997,40173300
2022-11-07,88.12617492675781,88.41446224735331,86.44615859044069,86.82391046692118,26899900
2022-11-08,88.38463592529297,89.87079714113172,87.1320791207848,88.63315867943992,30172000
2022-11-09,86.88355255126953,88.96119904423114,86.84378800223472,88.02178337818125,26743900
2022-11-10,93.6135482788086,93.99130771530695,91.10844227907282,91.79435991634944,42371200
2022-11-11,96.15841674804688,96.78469128895381,93.60360342104468,94.15034886917596,30569100
2022-11-14,95.46256256103516,96.60576878830805,94.55098124788799,94.93569551668392,24170100
2022-11-15,98.13666534423828,99.82661702103063,96.44670608313345,98.08695776020396,31831000
2022-11-16,98.40506744384766,99.25998632342841,97.32349896793795,97.4407979458801,24660200
2022-11-17,97.91796112060547,98.89217361402969,96.52623223756181,96.60576133586426,21818700
2022-11-18,97.22209930419922,98.57406362186285,96.16835772512151,98.4249484604138,24969900
2022-11-21,95.26374053955078,98.13666286819996,95.10468234210404,96.98351368964796,18696900
2022-11-22,96.75486755371094,96.9715740877281,93.85212399285302,95.59178303974076,18868900
2022-11-23,98.23606872558594,98.48359792160794,96.76481076227063,96.76481076227063,17568900
2022-11-25,97.02327728271484,98.35536312810876,96.95369121809583,97.8831638492881,8567800
2022-11-28,95.68125915527344,97.25192476216124,95.32338578701261,96.62564257554855,19974500
2022-11-29,94.87604522705078,95.82042862102985,93.83224666796886,95.43273374692794,20220000
2022-11-30,100.85052490234375,100.85052490234375,94.11058940408854,94.5579348868713,39888100
2022-12-01,100.68153381347656,101.98379057770245,100.07513770548307,100.8008274621074,21771500
2022-12-02,100.23419952392578,100.55230834745183,98.58400478766949,98.78282754256865,18821500
2022-12-05,99.27986907958984,101.14875739496252,98.76791283072396,99.22519377222007,19955500
2022-12-06,96.73497772216797,99.61784269019175,96.18823230787926,99.08103272365122,20877600
2022-12-07,94.58775329589844,96.73498575607852,94.46349192992493,96.19817574495552,26647900
2022-12-08,93.39484405517578,95.30350449100071,93.2457364763953,95.12456781215188,25593200
2022-12-09,92.5200424194336,93.93164971778029,92.47033483927991,93.34513971038865,21885300
2022-12-12,93.00715637207031,93.32029748034265,91.35696917005554,92.53993236427122,27380900
2022-12-13,95.28361511230469,99.21027887713507,94.81639115686684,97.49049821329331,34788500
2022-12-14,94.7468032836914,96.64552058387551,93.38490357544744,94.9754475326914,26452900
2022-12-15,90.66108703613281,93.47436610305289,89.89564038031558,92.98726368571465,28298800
2022-12-16,90.32310485839844,91.20784520239056,89.47812906275914,90.6610921429293,48485500
2022-12-19,88.62320709228516,90.66108892901849,88.39953815200259,90.34298013778485,23020500
2022-12-20,89.10037231445312,89.24948747916476,87.51977128772188,88.205696494808,21976800
2022-12-21,89.71671295166016,90.37778437826357,88.38463464913596,89.19978896759572,20336400
2022-12-22,87.73847198486328,88.65303386587868,86.42627219513746,88.4045111209737,23656100
2022-12-23,89.27930450439453,89.56759178585256,87.10225051263735,87.10225051263735,17815000
2022-12-27,87.4104232788086,88.97114586945901,87.01776066486214,88.78226614957175,15470900
2022-12-28,85.94910430908203,87.99692927918228,85.85963976230082,86.98295982743414,17879600
2022-12-29,88.42439270019531,88.836941381303,86.47597522202183,86.5157397727167,18280700
2022-12-30,88.20569610595703,88.30510368722244,86.51573688719586,86.84875645580675,19190300
2023-01-03,89.16996002197266,91.00903444675865,88.49397783590368,89.29919670644814,20738500
2023-01-04,88.18580627441406,90.70085513619036,87.28118746391154,90.47221846747176,27046500
2023-01-05,86.25726318359375,87.68875649209697,86.0485050068223,87.54958437424933,23136100
2023-01-06,87.63905334472656,87.94721908254185,85.06435408856586,86.84377762766032,26612600
2023-01-09,88.27527618408203,90.29327952571856,88.05657496954396,88.66793875795771,22996700
2023-01-10,88.71267700195312,88.94628898918339,86.18768500063301,86.20757106746366,22855600
2023-01-11,91.71483612060547,91.90370824984832,89.209722598814,89.52783140967345,25998800
2023-01-12,91.36690521240234,92.07270889499591,90.03481936118983,91.8540076668631,22754200
2023-01-13,92.25164794921875,92.43058463281527,90.39269504653898,90.98716104056172,18630700
2023-01-17,91.61542510986328,92.42063634814177,90.30321778183607,92.23175664165689,22935800
2023-01-18,91.2376708984375,93.03498609419738,90.85991904824375,92.3908201005749,19641600
2023-01-19,93.35509490966797,93.84219740454516,90.84003816177061,90.84998119595954,28707700
2023-01-20,98.693359375,98.83253151686887,95.34327735161123,95.38303431987698,53704800
2023-01-23,100.61194610595703,100.80082581712875,98.16648323127514,98.54423506930638,31791800
2023-01-24,98.62377166748047,100.49266010178752,98.11678311090671,98.96176656663391,27391400
2023-01-25,96.15841674804688,97.14256462213255,94.69908899129159,96.62563310340249,31000900
2023-01-26,98.57405853271484,98.62375852775719,96.24788185341635,97.6992536756777,24542100
2023-01-27,100.1148910522461,100.97975284333953,98.38517505437072,98.4647041445587,29020400
2023-01-30,97.37120819091797,98.8215865627235,96.94374876731479,98.16151628193343,24365100
2023-01-31,99.27986907958984,99.31963362897807,97.21215801727605,97.28174408262736,22306800
2023-02-01,100.83064270019531,101.58615392585908,97.83842689607496,99.15062661206368,26392600
2023-02-02,108.1571044921875,108.17698297521105,105.9104566949024,106.1589794464154,46622600
2023-02-03,104.59825897216797,107.3817092944591,102.68960602242903,102.89836422777742,36823400
2023-02-06,102.85858917236328,104.08131676229384,101.60603248387551,102.07822415615458,25573000
2023-02-07,107.4015884399414,108.02786301562189,102.9361274702672,103.01764365724162,33738800
2023-02-08,99.40909576416016,102.967943212752,97.8732270548388,102.08320286719595,73546000
2023-02-09,94.89592742919922,100.01549767586984,93.30538332126699,99.94591160815756,97798600
2023-02-10,94.29946899414062,96.44670152211758,93.97141715737777,95.17426630786277,49325300
2023-02-13,94.43865203857422,94.78658239764322,93.49426855191368,94.44859507292277,43116600
2023-02-14,94.3889389038086,94.6126154497836,92.1025341183632,94.10065918346037,42513100
2023-02-15,96.5262222290039,96.76480191486125,93.80241536122416,94.18016716252424,36964500
2023-02-16,95.21403503417969,97.30162462318593,94.40882374889603,94.97545531711647,35642100
2023-02-17,94.03105926513672,95.18420840693332,92.89779618954326,94.50822625795546,31095100
2023-02-21,91.5060806274414,92.86301273431106,91.45637304314947,92.6890437736018,28367200
2023-02-22,91.25755310058594,91.8142416108331,90.33304820503282,91.39075637450243,29891100
2023-02-23,90.53186798095703,91.58560202461928,89.4781339372948,91.58560202461928,32423700
2023-02-24,88.82202911376953,89.59741887836452,88.33492664858004,89.1003733795921,31295600
2023-02-27,89.56758880615234,89.91551910519517,89.08048638749239,89.55764577351921,22724300
2023-02-28,89.76641845703125,90.90961701568112,88.99102112241957,89.0109071892188,30546900
2023-03-01,89.97517395019531,90.66109154792163,89.31907028314782,89.62724363478166,26323900
2023-03-02,91.76453399658203,91.93353522368606,89.23954205065213,89.32901418080274,23328600
2023-03-03,93.46442413330078,93.55389625915029,92.11246747164465,92.19198898046318,30242500
2023-03-06,95.01521301269531,95.73095969656157,93.74277783440503,93.80242086328992,28288200
2023-03-07,93.6135482788086,95.52220119139895,93.28947819042645,94.85616203715844,24101500
2023-03-08,94.0907211303711,95.67132228847962,93.84716608828774,93.84716608828774,25395200
2023-03-09,92.11247253417969,95.35320362207727,91.80927448622937,93.9316532375694,24438900
2023-03-10,90.47222137451172,92.62939696087454,90.26346318076489,91.95341479737004,32850100
2023-03-13,91.1183853149414,92.52999272422582,89.40854756992086,90.02985444911073,31508600
2023-03-14,93.69306945800781,94.26964401336886,92.23175458824979,92.52004186593031,32303900
2023-03-15,95.97948455810547,96.6753451915693,92.49022318902345,92.9872686655868,38367300
2023-03-16,100.47277069091797,101.36745405100645,95.30350085266976,95.99936147478749,54499500
2023-03-17,101.85456085205078,102.87847334747194,100.1546661871799,100.24413073486728,76140300
2023-03-20,101.32769012451172,101.97385075433145,100.19442705622383,100.46282827373959,26033900
2023-03-21,105.2145767211914,105.33387035898312,101.258099204995,101.37739284278673,33122800
2023-03-22,103.60416412353516,106.87472438861377,103.5942210900342,104.51872601350209,32336900
2023-03-23,105.63211059570312,106.46813693076098,104.78713477206793,105.26429419948698,31385800
2023-03-24,105.43328857421875,105.53270374123609,104.12108876330139,105.11517975897551,25236200
2023-03-27,102.45101165771484,104.77718844221486,102.02355224259756,104.69765934537628,25393400
2023-03-28,100.76106262207031,102.39137122709658,99.68744254042502,102.39137122709658,24913500
2023-03-29,101.2978744506836,102.21243635075396,100.43301255004236,102.11302876758326,26148300
2023-03-30,100.72130584716797,101.00959316454625,99.69739326935269,100.84059950466298,25009800
2023-03-31,103.38545989990234,103.57433960939167,100.84058946780772,101.1089906900659,28108000
2023-04-03,104.29010009765625,104.32985706713896,101.77504326418256,102.0633305909676,20719900
2023-04-04,104.49884033203125,105.47304518726759,103.98190880596509,104.22048850336617,20377200
2023-04-05,104.32984924316406,105.91045790468411,103.48686048512424,105.49294149760809,21864200
2023-04-06,108.25650024414062,108.9821823520309,104.19563983836333,105.14499088130714,34684200
2023-04-10,106.31803131103516,107.33200839632084,104.97600995398065,106.75543378581037,19741500
2023-04-11,105.49293518066406,106.58643371747053,104.65789483220188,106.28820339638145,18721300
2023-04-12,104.59825897216797,106.95126921502795,104.34973621566094,106.75543467841395,22761600
2023-04-13,107.55069732666016,107.62525111073265,105.81103824472615,105.84085975835514,21650700
2023-04-14,108.81319427490234,108.93248791903325,106.95424147150061,107.05365663376573,20758700
2023-04-17,105.7911605834961,106.07944787866414,104.69766201913224,104.80701263399986,29043400
2023-04-18,104.49884033203125,106.4174361126796,104.16084547509386,106.36772853291144,17641400
2023-04-19,104.39942169189453,105.10025758797619,103.18663717969046,103.59917822390258,16732000
2023-04-20,105.27423095703125,106.25639176396791,104.02167426218111,104.03161729508402,22515300
2023-04-21,105.2841796875,106.00986185813358,104.8616879858496,105.46310878356391,22379000
2023-04-24,106.14903259277344,106.68584262684091,104.73742523521389,105.42335043168548,21410900
2023-04-25,103.99185180664062,106.80513093206335,103.94214422688783,105.98003364776281,31408100
2023-04-26,103.83280181884766,106.38761538307796,102.65977413657583,104.93624343455728,37068200
2023-04-27,107.7296371459961,108.50502686029249,103.80297340982443,104.60819222293463,38235200
2023-04-28,107.58053588867188,107.65012195960414,105.41341707123638,107.16301946307833,23957900
2023-05-01,107.07354736328125,108.03781690677964,106.8647891504073,107.0834903975075,20926300
2023-05-02,105.353759765625,107.09341888762843,103.8825018567763,107.02383282612077,20343100
2023-05-03,105.49293518066406,107.49105254529977,104.99588970172366,105.59234275958973,17116300
2023-05-04,104.58831024169922,105.67187334489411,104.08132172243144,105.53270121557547,19780600
2023-05-05,105.58737182617188,105.81104836841347,104.12009557447168,104.69766371909814,20710600
2023-05-08,107.60041046142578,107.77934714936319,105.16489048301732,105.16985820779158,17266000
2023-05-09,107.30217742919922,109.94148763530254,107.08844393537115,108.13721017006974,24782400
2023-05-10,111.61653900146484,112.83927429852315,107.8389976594907,107.90858372782328,47533500
2023-05-11,116.209228515625,117.7401294221333,114.25086821584289,115.17537306249038,57115100
2023-05-12,117.22319793701172,117.5611927892448,115.86129824833701,116.30863612277683,31293800
2023-05-15,116.26887512207031,118.09303108198593,115.79171571935811,115.80165116802698,22107900
2023-05-16,119.38037872314453,120.48382028603581,116.13964768201407,116.13964768201407,32370100
2023-05-17,120.76216888427734,121.55743707354654,118.75410096892553,119.4698476482861,26659600
2023-05-18,122.79010772705078,123.16786713253545,120.77210436265678,120.84169042403892,27014500
2023-05-19,122.5217056274414,125.73162150009853,121.99483865446035,123.4660889656929,30268900
2023-05-22,125.12623596191406,126.29926363648893,122.72052999587925,122.78018061276433,29760200
2023-05-23,122.56147003173828,124.67888095398601,122.32289033533432,124.19177852840365,24477900
2023-05-24,120.92122650146484,122.02466809875662,120.03648613380743,121.1598062136513,23087900
2023-05-25,123.6152114868164,125.23558463346622,122.17378260373123,124.47013033387633,33812700
2023-05-26,124.68883514404297,125.25546671390002,122.561480998663,123.33190304491654,25154700
2023-05-30,123.90349578857422,125.63321192337389,122.16383662063609,125.54374737806401,27230700
2023-05-31,122.6410140991211,124.16197217390386,122.37260527162253,122.96905837761207,41548800
2023-06-01,123.63509368896484,124.3011328025747,122.57141668007782,122.7702318355604,25017700
2023-06-02,124.4900131225586,125.9960603064786,123.61520823177699,123.75438035816278,19367500
2023-06-05,125.88172912597656,127.23369336949483,123.6450245798442,123.87366882610158,22672500
2023-06-06,127.15418243408203,128.11845190986426,125.22564348251753,125.85191807715903,19450100
2023-06-07,122.21354675292969,128.78448869686784,121.90537339370177,126.82115295605094,34179300
2023-06-08,121.94514465332031,122.99888630092738,121.28904851831275,121.86064782601017,24815000
2023-06-09,122.14395904541016,123.55059866461696,121.69661356260366,121.83578569032689,20304500
2023-06-12,123.6152114868164,124.01284939452302,121.62702953259559,122.66585278344103,22255700
2023-06-13,123.69474029541016,125.1162906927199,123.11319798528056,124.9075324981333,19287700
2023-06-14,123.64502716064453,124.05260808247226,121.43815166655246,123.06846018523953,24659600
2023-06-15,125.04670715332031,125.41452355177027,122.41236450008381,123.14798971267135,24517100
2023-06-16,123.32691955566406,125.95131902980077,123.05851833903479,125.95131902980077,56699200
2023-06-20,123.11815643310547,124.43533142603165,122.10418705232641,122.80502295697563,22698000
2023-06-21,120.5434799194336,122.68077714189587,120.14584199222693,122.50680817864526,22612000
2023-06-22,123.13804626464844,123.20265701778482,118.89327374512051,119.94701528855379,20781900
2023-06-23,122.29308319091797,122.71060721496806,121.13994146436171,121.31887816486513,29573100
2023-06-26,118.38629150390625,121.99484662551316,118.28688392248642,120.74825871733522,23185000
2023-06-27,118.3067626953125,119.18652770016516,116.21917327695446,117.14367055304128,27221700
2023-06-28,120.36454010009766,120.55341223276498,116.90510008300414,117.26297344974873,19753100
2023-06-29,119.30086517333984,120.195548606249,118.50558932535111,119.38038669068865,18517500
2023-06-30,120.25518035888672,121.30891431195256,120.16570823183312,120.38440944872873,23871800
2023-07-03,119.84760284423828,120.30488377241512,118.99765932679733,119.60902313917038,13888300
2023-07-05,121.90538787841797,122.64102074718419,119.35057407541733,119.35057407541733,17830300
2023-07-06,120.21541595458984,120.43411717174523,118.54534289595361,119.92712867600427,17732500
2023-07-07,119.43009185791016,121.03057897096525,119.38038427429979,120.17566010619126,20997700
2023-07-10,116.17941284179688,118.36640991284808,115.95076858465478,118.36640991284808,32960100
2023-07-11,117.01444244384766,117.52639866598123,115.14555422606084,116.07005909420425,18286600
2023-07-12,118.91316986083984,120.24524817953095,118.29683070162173,118.59506103963656,22059600
2023-07-13,124.09237670898438,124.59438991485581,120.34464953194032,120.82181653119099,31535900
2023-07-14,124.95722961425781,126.33901543058919,124.16196140336227,124.39059807507381,20499800
2023-07-17,124.3210220336914,126.52790533819926,123.76433348275705,125.31511306568142,20675300
2023-07-18,123.34680938720703,124.25142822613341,122.57141964403807,124.16693140379446,21045800
2023-07-19,122.05448150634766,124.72858849853645,121.7463157492327,124.05260637198846,22313800
2023-07-20,118.82369232177734,123.9631408117351,117.98368423940677,121.39839187556149,27541700
2023-07-21,119.59907531738281,120.58323078196825,118.36640470885638,120.15577138600102,56514600
2023-07-24,121.15979766845703,122.6211125231206,120.6627522122755,121.20553106843222,22276100
2023-07-25,122.06443786621094,122.95912130554666,120.81188105114092,121.15981139301797,31820800
2023-07-26,128.89382934570312,130.59371628514688,127.94944602727622,129.5896899398796,46216900
2023-07-27,129.10260009765625,132.81057064384174,128.41667484464537,131.0212037161233,35931600
2023-07-28,132.22402954101562,133.27777867166668,130.14638313146207,130.19609071183814,26971000
2023-07-31,132.32345581054688,133.03920255590327,131.34925086161041,132.2240406414487,18381900
2023-08-01,131.11065673828125,132.13456921851622,129.97739364517537,130.0817689492626,22154300
2023-08-02,127.87985229492188,129.64933287686864,127.09451957671745,129.07275833677247,22705800
2023-08-03,128.00909423828125,129.003185175542,127.01997102535451,127.6114487622026,15018100
2023-08-04,127.78046417236328,131.15043241710285,127.55680277454684,128.83421348704013,20521900
2023-08-07,131.1603546142578,131.27964066724454,128.66517676938224,128.74470586091445,17621000
2023-08-08,131.06094360351562,131.16035876323147,129.36105662018994,130.2060248032799,16836000
2023-08-09,129.3809356689453,131.68723403577403,128.73975790483854,131.40888977338085,17745200
2023-08-10,129.44058227539062,131.86317827044033,129.26661333482159,131.19017679209279,17855700
2023-08-11,129.40081787109375,129.66922667632235,127.98921053436709,128.43853552043555,15205500
2023-08-14,131.051025390625,131.1305544951325,128.8242559702924,129.08272935209817,17526200
2023-08-15,129.50022888183594,131.21006648414559,129.05188987071597,130.8124210134784,14769200
2023-08-16,128.3470916748047,130.124520829252,127.7009385818935,128.51608532727954,17548400
2023-08-17,129.68911743164062,131.70810689160322,129.08272132005092,129.6791668138053,23665600
2023-08-18,127.35299682617188,129.06283453562168,126.24955522494119,128.29738022916894,23627200
2023-08-21,128.16815185546875,128.49620372235717,126.40862161755676,127.09453928504466,21851100
2023-08-22,128.9236602783203,130.17620943934958,128.16318129329818,128.36697176230732,15557900
2023-08-23,132.42286682128906,133.2777856753616,129.73880902617498,130.07681148931968,26497000
2023-08-24,129.64935302734375,134.1724703422871,129.53006695520588,133.9309099787577,18680400
2023-08-25,129.91773986816406,130.62353590034957,127.28338992821801,129.3709868490339,20678100
2023-08-28,131.01124572753906,132.45268980706683,130.07681293266648,131.29954061089455,16715500
2023-08-29,134.68939208984375,136.48371902445933,132.19421402677503,132.21211300373753,30803300
2023-08-30,136.12088012695312,136.43899654373308,134.22316371123173,134.76893086151514,21773400
2023-08-31,136.5384063720703,137.58218979829041,136.0115393499473,136.24017603516813,28147900
2023-09-01,135.99163818359375,137.76111877249252,135.13671940266104,137.61199603628577,16671600
2023-09-05,135.9021759033203,136.5582643802225,134.7589622478817,135.63376710858273,17730200
2023-09-06,134.57009887695312,136.66763157258214,133.89412425247102,136.20538288066786,15814300
2023-09-07,135.3951873779297,135.77294680131996,133.168433308154,133.80465092360768,16976000
2023-09-08,136.3892822265625,136.7024233186809,135.0671393757431,135.0671393757431,17810700
2023-09-11,136.9261016845703,137.44700743867006,135.7431309513147,136.5682283129016,17180800
2023-09-12,135.26597595214844,136.8266910071676,135.12678864378466,136.31971003425542,15212900
2023-09-13,136.6875,136.8863151480935,134.13267908269708,135.09694847800515,16394900
2023-09-14,138.16871643066406,138.72540497528757,136.25011287298818,137.5722557507816,19064600
2023-09-15,137.4827880859375,138.53652211705835,136.36939585327926,137.97983358504166,48958800
2023-09-18,138.13888549804688,139.10313976728756,136.8167427103701,136.8167427103701,16233600
2023-09-19,138.00965881347656,138.35262143057292,136.68751593006346,137.4330841987729,15479100
2023-09-20,133.7947235107422,138.01961087527636,133.72514501830653,138.00967542453614,21473500
2023-09-21,130.58380126953125,132.4029897159303,130.31539243812793,131.60771384016627,22058400
2023-09-22,130.4744415283203,132.22403619782378,129.73880874014148,130.90189337010185,17348700
2023-09-25,131.3889923095703,131.43869988824838,129.26163839230992,129.9972711183246,14650000
2023-09-26,128.68507385253906,130.62852353150438,127.43252468306473,130.14042753180294,20378800
2023-09-27,130.68319702148438,130.94165519603246,128.61548611922944,128.67512914653875,18764200
2023-09-28,132.3433380126953,133.38712141461426,129.91775357634623,129.91775357634623,18201400
2023-09-29,131.07089233398438,134.09292202118758,130.54402536604638,133.28771081240023,23237300
2023-10-02,134.3712921142578,134.56017185016424,131.28464349717936,131.37410805567404,19210400
2023-10-03,132.5123291015625,134.44086800694905,132.03019437521587,134.1326870651468,19628700
2023-10-04,135.46478271484375,135.76301304394028,132.6415527905045,132.8702046383658,22848000
2023-10-05,135.18646240234375,135.6934434335876,133.66052883022076,135.32563455809463,15922900
2023-10-06,137.91024780273438,138.36356218225828,134.14264937875836,134.14264937875836,20826700
2023-10-09,138.67568969726562,139.1429136645743,135.89223195993972,137.17461779995696,16599100
2023-10-10,138.37744140625,139.9083497888794,137.61198721493528,138.68560713858358,19554900
2023-10-11,140.86268615722656,141.37961770422467,139.01367636279514,139.0236269803259,20146300
2023-10-12,139.4610137939453,141.53867542387755,138.62598102987283,141.31997419967416,18173100
2023-10-13,137.76112365722656,140.50480917841037,137.15472757984685,139.81888400595844,19438700
2023-10-16,139.6598358154297,140.07237686418517,138.49675128421578,138.90431702451843,17345600
2023-10-17,140.15689086914062,140.41534905980257,137.71043445604593,139.20255686682265,17424000
2023-10-18,138.4569854736328,141.15097860619974,137.88538621452952,139.91830037487452,18304900
2023-10-19,138.1587677001953,140.17181114583383,137.7810234218255,138.97392962926384,21831200
2023-10-20,135.9320068359375,138.2184039679899,135.4399214833852,137.77106605818074,24970300
2023-10-23,137.08514404296875,138.19853628746458,134.31163680267449,135.42501387854531,20780700
2023-10-24,139.29202270507812,139.87854790908082,137.9301229218992,138.3377038625347,26535200
2023-10-25,125.9215087890625,129.33124890529342,125.34493417216376,129.0031970455773,58796100
2023-10-26,122.7105941772461,124.71865463904317,121.5972095385957,123.73450668299441,33907400
2023-10-27,122.67082214355469,123.70467761973175,120.74228331450207,123.29709669841161,37367700
2023-10-30,125.0069351196289,125.80221090162966,123.14798234018153,123.72455690291648,24165600
2023-10-31,124.55960845947266,125.81215769019965,123.19273330017175,125.52387038284778,21123400
2023-11-01,126.8161849975586,126.98517864256752,124.18681771365603,124.59935879285068,26536600
2023-11-02,127.82023620605469,129.3213083151313,127.35301217283106,128.79444124253894,24091700
2023-11-03,129.599609375,129.9574826604472,128.2476453153796,128.32717439754802,19529400
2023-11-06,130.6732635498047,130.78261417042714,129.16224092901052,129.45053582366307,15360400
2023-11-07,131.6176300048828,132.49243485690616,130.36508092290495,131.20011364422353,19223800
2023-11-08,132.47256469726562,132.7509089711254,131.37907366956665,131.57788884109144,15093600
2023-11-09,130.91183471679688,133.1684253357776,130.7328904648316,132.57196472072482,17976500
2023-11-10,133.267822265625,133.4765880266866,130.09666990004013,130.7527735278073,20872900
2023-11-13,132.85031127929688,133.31753522988973,131.985457024151,132.571967032385,16409900
2023-11-14,134.62973022460938,136.4290475877189,134.3016935591403,134.84843144733819,22317300
2023-11-15,135.5741424560547,136.03141584530934,134.53034381826592,135.83260066873663,15840900
2023-11-16,137.88040161132812,138.05934585687876,135.27588836745016,136.15069319320222,17615100
2023-11-17,136.1308135986328,137.1845475513956,134.6794341749816,137.00561846596364,25565300
2023-11-20,137.10501098632812,137.60703172969664,134.68937745288235,134.69931290087928,19569400
2023-11-21,137.80088806152344,138.14385066626895,136.8913014806493,137.1249134698437,17648100
2023-11-22,139.19261169433594,140.26623168371006,138.17863473182314,138.27804988900758,17306400
2023-11-24,137.4032440185547,138.85163517326544,136.65767585111294,138.7154361055681,8828600
2023-11-27,137.23426818847656,138.8049338185233,136.72727206093367,136.75710874663488,17886400
2023-11-28,137.80088806152344,137.84066019551915,136.23022247843704,136.81674769018824,17046900
2023-11-29,135.593994140625,138.84467566555514,135.48961884222484,138.16372581876269,21014700
2023-11-30,133.128662109375,136.15070718046258,132.0053344489601,135.59400349048624,29913500
2023-12-01,132.53221130371094,132.71114039183908,131.37109864611975,132.53221130371094,24268000
2023-12-04,129.8581085205078,130.67325522982662,128.63536570359295,130.51818638207422,24117100
2023-12-05,131.60769653320312,132.75089502584837,128.96341104068824,129.59962862390907,19235100
2023-12-06,130.6533660888672,132.52226192612778,130.53408002899917,132.11468099674664,16360600
2023-12-07,137.63189697265625,139.17274106820784,135.42501372222753,135.79283770971566,38419400
2023-12-08,135.83258056640625,137.17460935475546,134.76891118641424,134.85837572733794,23016100
2023-12-11,133.904052734375,133.99351728261428,132.1047504773144,133.02926298166093,24502900
2023-12-12,132.85031127929688,133.74498704885303,132.04510005297158,132.48250248915417,26584000
2023-12-13,133.17837524414062,133.98358654385183,132.16439815590695,133.74997454726432,25414500
2023-12-14,132.4129180908203,134.23708174897578,130.28556395877757,133.9736482408709,29619100
2023-12-15,133.04913330078125,134.03328883300313,131.84629170780133,132.1345714181923,58594000
2023-12-18,136.3793487548828,137.56231948953982,132.97955930431507,133.06902385518197,25699800
2023-12-19,137.28396606445312,137.95000517975762,136.63779784671058,137.18455090214687,20661000
2023-12-20,138.83474731445312,142.23254949254328,138.58622457409444,139.50078643837952,33507300
2023-12-21,140.96209716796875,141.1907338350762,139.64294262728902,139.9381847216683,18101500
2023-12-22,141.8766632080078,142.40353020399863,141.21558422432406,141.29015318131982,18513500
2023-12-26,141.97607421875,143.09442651748293,141.6579578395043,142.135117239749,11170100
2023-12-27,140.60423278808594,142.4731287130221,140.21752386731518,141.9860186646691,17288400
2023-12-28,140.4451904296875,141.42934608664692,139.99586537504206,141.0118296418047,12192500
2023-12-29,140.0972442626953,140.5992650964294,139.0733316956564,139.848721500431,14881000
2024-01-02,138.73532104492188,139.78409481296455,136.92608352762693,138.77509317462506,20071900
2024-01-03,139.53060913085938,140.25629129161408,137.6120056714196,137.78101448467874,18974300
2024-01-04,137.22430419921875,139.80397135530865,137.1944826850485,139.02362150968963,18253300
2024-01-05,136.57815551757812,137.98976285155052,136.04135307679252,137.53447659705958,15439500
2024-01-08,139.6995849609375,139.80893556041838,137.06525029429247,137.1845363414998,17645300
2024-01-09,141.7176055908203,141.9561928832049,138.9639693696345,139.2323781774891,19579700
2024-01-10,142.95028686523438,143.67099372913498,141.61820858404766,141.6778516162464,16641900
2024-01-11,142.82106018066406,145.79339789850505,141.37465587409704,144.03882779158968,17471100
2024-01-12,143.3876953125,143.88474082640667,142.51289035406415,143.48709531410614,13998700
2024-01-16,143.2286376953125,144.97823245073823,142.21068641572148,142.58246942340713,19198900
2024-01-17,142.04566955566406,142.5626011489808,139.67972800223902,142.06555562388314,17884500
2024-01-18,144.1332550048828,144.72474034471793,142.50294642304615,142.59241096975455,18876800
2024-01-19,147.0956268310547,147.16520530407385,144.93845146949505,145.4404570427606,27181000
2024-01-22,146.83718872070312,149.12856120157483,146.70795203635896,147.8312797236583,21829200
2024-01-23,147.8014373779297,147.98038163929337,146.32025154817293,146.84711854607121,14113600
2024-01-24,149.4615936279297,150.67438590775683,148.95459749063895,149.40193542400542,19245000
2024-01-25,152.73214721679688,153.8455243308292,150.32644871333386,150.84338030283124,21495100
2024-01-26,152.88125610351562,153.19937252086837,151.8971156706601,151.96669415656496,19494500
2024-01-29,153.925048828125,154.28292219958644,152.01639590320562,152.73214264612852,20909300
2024-01-30,152.1456298828125,154.12386125577916,151.87224575789702,153.09994874398615,26578900
2024-01-31,140.96209716796875,144.72969512543003,140.71357443500995,144.53087997278772,43908600
2024-02-01,141.86672973632812,143.7654319706896,141.41937666261583,142.8409346447498,25526900
2024-02-02,142.6918182373047,143.02982071202462,137.35355431757966,140.057483103588,42136100
2024-02-05,144.0736083984375,145.80333228377611,143.05964645023528,143.18886797189305,29254400
2024-02-06,144.55078125,145.87292414870745,143.66604083430857,145.09753435377007,21517700
2024-02-07,145.81326293945312,146.13137934549903,144.35196310113326,145.25657439749793,21436100
2024-02-08,146.35006713867188,146.73776199253567,145.55479136523687,146.10154440751242,18241300
2024-02-09,149.3323516845703,149.80455097844663,146.55882929176255,147.075760860539,21877700
2024-02-12,147.8511505126953,149.70016038356613,147.68215686255323,148.65636179751206,17236100
2024-02-13,145.5050811767578,147.1652111709064,144.25253209487357,145.20686603961164,18138500
2024-02-14,146.27053833007812,146.9564634963974,144.69489753725608,146.49917499597663,16651800
2024-02-15,143.08944702148438,143.90459367435525,141.04162218804532,143.6063785383192,26724300
2024-02-16,140.92233276367188,143.62626146002236,140.6837606348687,143.35786781511877,21865100
2024-02-20,141.35972595214844,142.48205241783182,139.96800473000422,140.10717685221866,18625600
2024-02-21,142.9900360107422,143.12920813446976,141.07144779302453,141.79712992613094,16440800
2024-02-22,144.4613037109375,145.33609342970553,143.15903182861547,145.25656433370406,23024700
2024-02-23,144.43148803710938,145.09256710751242,143.93444249126554,144.11338677545498,14519400
2024-02-26,137.9301300048828,142.99004969215943,137.9201945553173,142.60235479835018,33513000
2024-02-27,139.27212524414062,139.65982004409747,137.68157391842854,138.58620017453507,22364000
2024-02-28,136.617919921875,138.4569943537666,135.83259469990304,138.27806525330146,30628700
2024-02-29,138.9540252685547,139.1230189019037,136.757092866394,137.53248255758288,35485000
2024-03-01,137.26406860351562,139.17272124608434,137.15969330979547,138.7850264150723,28551500
2024-03-04,133.40701293945312,135.82266202546037,132.07493460224765,135.7331823047747,43571500
2024-03-05,132.98948669433594,133.22807398414722,130.77266811276874,131.9556387757354,28447600
2024-03-06,131.77670288085938,133.94382918715556,131.17030675331034,133.4467836782998,23175200
2024-03-07,134.4408721923828,135.01744679215324,131.87611559421433,133.09884327601418,24107300
2024-03-08,135.48464965820312,138.16373206435964,134.00346384234777,134.23707582364784,26495200
2024-03-11,138.1190185546875,139.15286661471404,136.26007306922938,136.26007306922938,22536400
2024-03-12,138.7949676513672,139.45107129078767,137.39331099994425,137.43306796204996,19019700
2024-03-13,139.93821716308594,141.34982479330554,139.18269817182238,139.23240576366246,19637000
2024-03-14,143.48707580566406,143.8747706470554,140.6489505543424,141.45913705883768,36117900
2024-03-15,141.3299102783203,143.4870858460988,140.29606235180813,142.56258853217557,41039500
2024-03-18,147.6026153564453,152.02631691078824,147.26462808456824,148.4873556673139,47676700
2024-03-19,147.04592895507812,148.73588050706206,146.14130256578787,148.09966291683432,17748400
2024-03-20,148.79551696777344,148.87504605911923,146.79242443340962,147.9107766834083,17730000
2024-03-21,147.86109924316406,150.4109298896597,147.13540189939852,149.43176482685394,19843900
2024-03-22,150.87318420410156,151.65850936206064,149.2031035594325,149.35222629962325,19252900
2024-03-25,150.2568359375,150.56102751520237,147.9207313852727,150.0580207879565,15114700
2024-03-26,150.8035888671875,152.29472524063092,150.13754977395095,150.3463155404274,19312700
2024-03-27,151.04217529296875,151.78774347547167,149.2428731728415,151.24596574975436,16622000
2024-03-28,151.36029052734375,151.7678714786971,150.43579317628,151.10183232748852,21105600
2024-04-01,155.5752410888672,156.07228658755366,150.7538936841584,150.9328379513705,24469800
2024-04-02,154.94895935058594,155.06826058527744,152.5532115682067,153.83558228429766,17598100
2024-04-03,155.4459991455078,155.624943406665,153.22123218444426,154.00457028181484,17266200
2024-04-04,151.04217529296875,155.25711104346615,150.98253226534828,154.163620143636,24184800
2024-04-05,153.03036499023438,153.92504078784202,150.1882501951079,150.7837097100597,16297300
2024-04-08,155.2173614501953,155.72931768640746,153.0800719596687,153.10491816614896,16641500
2024-04-09,157.20556640625,158.94522583632929,155.7144297518963,156.4202411091527,21521500
2024-04-10,156.72837829589844,157.2254237565588,155.27699887657573,156.9470795120789,16339200
2024-04-11,159.8398895263672,160.16794138544907,156.99678858294945,157.40436954441105,17841700
2024-04-12,158.24935913085938,160.74452224435305,157.662849042733,158.46308506945402,16989800
2024-04-15,155.40623474121094,159.87964386386426,155.22729048862053,159.33289082625967,21140900
2024-04-16,155.0782012939453,156.30092901847092,154.13381784543162,154.7203279149835,15413200
2024-04-17,155.95298767089844,157.74334031297948,155.21237962421873,156.2611534277104,16237800
2024-04-18,156.52955627441406,157.5484933565916,155.28694267730828,155.99771401438326,14016100
2024-04-19,154.79983520507812,157.05642578135058,153.00053311417463,156.81783850612027,21479900
2024-04-22,157.0166778564453,158.2443809063645,154.74021603277106,155.08813879808233,17243900
2024-04-23,158.97500610351562,159.53169454970572,157.03155668141167,157.65286345950287,16115400
2024-04-24,160.1480712890625,160.43635101408688,157.88154495006788,158.14993860724132,19485700
2024-04-25,157.0166778564453,157.3447297222249,151.86530642343064,152.45380359070538,36197800
2024-04-26,172.66366577148438,175.377529915832,170.38718891929696,174.9500780728261,56500800
2024-04-29,166.9078826904297,170.3673304961608,166.07284984158113,169.76093434360098,35914600
2024-04-30,163.6671142578125,168.86620507098235,163.52794214783583,166.39092860292428,29420800
2024-05-01,164.59164428710938,167.8124892261671,163.9255900086355,165.1980251988896,25223200
2024-05-02,167.46458435058594,167.53416283614857,164.71094790484528,165.68515288310124,17041100
2024-05-03,167.99142456054688,168.84634333064977,164.00511039324957,168.5381624138424,22767100
2024-05-06,168.8264617919922,168.89604026830736,166.89792299131395,168.22006572753793,15147900
2024-05-07,171.95785522460938,172.44496527047554,168.99546832125176,169.11475438610685,21102400
2024-05-08,170.14862060546875,170.89318773237505,169.51439005683562,169.7410396516332,14569900
2024-05-09,170.56613159179688,171.4210504384506,168.92587237916933,170.13866458415777,11937700
2024-05-10,169.2837371826172,170.3275356890629,166.91781109244718,168.6872917279509,18740500
2024-05-13,169.89013671875,169.9398442998084,164.78050985960223,164.86700135401634,19648600
2024-05-14,170.9140625,171.75904593797182,169.41299051424886,170.57607519226138,18729500
2024-05-15,172.85255432128906,173.01757379743395,171.01347983588076,171.28188866301412,20958200
2024-05-16,174.39337158203125,175.2979980051797,173.02153635812834,173.56828942534028,17247300
2024-05-17,176.24237060546875,176.44616106207522,173.94602303235814,174.51266213150154,16546400
2024-05-20,177.40548706054688,178.88667294702154,176.17778406515936,176.2622733059801,17495100
2024-05-21,178.4790802001953,178.75743961776013,176.26226165733598,177.34581713847192,14706000
2024-05-22,176.9481964111328,177.7951669108366,175.7354041885328,177.34582674011241,16189400
2024-05-23,174.0255584716797,178.8469056242344,173.50862693286606,177.72357800199248,14928400
2024-05-24,175.2880859375,176.25632970061713,174.1647581376284,175.47696567396972,11403600
2024-05-28,176.96807861328125,177.45517348034969,174.64189421681644,174.70155241662275,15655300
2024-05-29,176.3517303466797,177.17682766422985,175.21846725831693,175.76522032038324,15023800
2024-05-30,172.534423828125,175.64593337313383,172.20637199253986,175.64593337313383,18826300
2024-05-31,172.93206787109375,173.3893412124344,169.95973047788317,172.37536419894676,28085200
2024-06-03,173.3893585205078,174.82085205453222,171.4309979452974,172.85255602956144,20742800
2024-06-04,174.0951690673828,174.1548121029323,172.1964515363877,173.41917927102895,14066600
2024-06-05,176.02369689941406,176.91837271289623,174.25420100199176,175.49185458527904,15233900
2024-06-06,177.29612731933594,177.6540006687256,176.16286424103941,176.38155029529918,14255800
2024-06-07,174.91030883789062,178.35980582969552,174.75125063703723,177.4054869618251,14716300
2024-06-10,175.7860870361328,177.61729208316433,173.5468372773293,175.60693915876868,17099800
2024-06-11,177.33865356445312,177.53769497548814,174.60179240153457,176.87089789628342,14402400
2024-06-12,178.70208740234375,181.21005148050455,176.9305931844839,178.89118204119703,18600400
2024-06-13,175.8955841064453,177.65711653682564,175.81596450496525,176.99031945855214,15956900
2024-06-14,177.51779174804688,177.87607237330323,175.01183190829872,175.01183190829872,12361600
2024-06-17,177.9258270263672,179.06037974813532,175.6467748275639,176.1344239957107,15272900
2024-06-18,175.60694885253906,178.05520207243396,174.78091262916476,177.93576508563666,15640300
2024-06-20,176.86094665527344,177.8860243226978,175.61691888549765,175.8657244394528,16753200
2024-06-21,179.39874267578125,181.6399819064703,177.2092569416616,177.6372103708935,58903200
2024-06-24,179.9262237548828,181.21006896047433,179.36890172506085,180.41388812392023,18198300
2024-06-25,184.69334411621094,184.86253007378372,180.23971854209776,180.27953593557731,18797000
2024-06-26,184.4843292236328,185.04165121039085,183.110932952232,183.31992110432364,13375700
2024-06-27,185.96722412109375,186.60416573269256,184.5639571501713,184.7580327717585,13025700
2024-06-28,182.54364013671875,185.68854569273938,182.44909282008098,184.8326540587815,23032400
2024-07-01,183.60855102539062,184.45448079252304,181.85695021648436,183.5985890843218,11815900
2024-07-02,185.71841430664062,186.05678620812816,182.18537247930126,182.59341722362268,12555500
2024-07-03,186.49468994140625,186.72358679841545,184.49926454427174,185.40990137353026,7409100
2024-07-05,191.04286193847656,191.3414164524946,186.42503149573994,186.42503149573994,14303400
2024-07-08,189.56991577148438,190.76319226258218,188.41546958896834,190.45069711592777,12097600
2024-07-09,189.5301055908203,191.9385413323128,189.32110226093286,190.8338441563582,10198500
2024-07-10,191.73951721191406,192.3864055827935,189.7092553720072,189.83863912053747,12052900
2024-07-11,186.40512084960938,191.49070689229055,185.9274184462918,190.42581185047976,16452000
2024-07-12,185.8876190185547,187.7884972463448,185.25067735728157,186.02694953239921,14449100
2024-07-15,187.29086303710938,188.99268444766693,185.59898838135626,185.59898838135626,12186000
2024-07-16,184.61370849609375,189.43058004889969,184.23551922028437,188.05718381074823,12760100
2024-07-17,181.7474822998047,184.34501297780054,180.75226005054782,183.797637703532,17376600
2024-07-18,178.3637237548828,183.1706487993086,177.3585548006131,182.66307575875155,17877200
2024-07-19,178.5329132080078,181.10058835460111,178.00544664695926,179.50822673030132,14485900
2024-07-22,182.4739990234375,183.41945708962345,181.0309146643325,181.47877680937106,16303900
2024-07-23,182.72280883789062,184.3350640027912,182.45409458177846,182.96165245586926,23772600
2024-07-24,173.53689575195312,177.09979316518073,172.7407301149813,174.55202668074418,31250700
2024-07-25,168.35179138183594,174.36292680180097,168.24231633215,173.4174687468147,28967900
2024-07-26,167.8740692138672,169.02853058164533,165.07253154698373,167.96365075090284,25150100
2024-07-29,170.3123779296875,171.33745556868396,168.90911099968386,169.68538309162514,13768900
2024-07-30,171.03890991210938,172.1236986051089,169.30721759432208,171.00905445713784,13681400
2024-07-31,172.32272338867188,175.06954646783507,170.8995628862014,174.08427099128053,15650200
2024-08-01,171.62606811523438,174.84063162092647,169.6953345864165,171.15831245883476,17177800
2024-08-02,167.5954132080078,169.39677815477577,165.5950220433498,167.38642504910325,18907800
2024-08-05,159.87249755859375,165.14717838635832,155.85180645284152,156.61811663197574,34907800
2024-08-06,159.77294921875,161.57431397551537,157.3744754995242,160.17602814017894,36146500
2024-08-07,159.98196411132812,164.00265500347186,159.4744062706463,162.46007278594325,19334200
2024-08-08,163.05718994140625,164.70926231986124,161.25584031798192,161.56833544992278,15733600
2024-08-09,164.5998077392578,164.72919149157096,160.16110981116358,160.8727052629995,13549200
2024-08-12,163.16668701171875,165.90354823547273,162.76860418080008,165.20191471762212,12435000
2024-08-13,165.13720703125,165.74429316110744,163.9827608577529,164.39577137564402,12717600
2024-08-14,161.255859375,164.1718684537156,158.76780375891238,163.4254517688893,22515900
2024-08-15,162.39041137695312,162.73874523594782,160.71844529990557,161.43500652889347,18392500
2024-08-16,163.95291137695312,166.15234394400667,162.30083887346805,162.62926402314056,16853100
2024-08-19,167.5954132080078,167.66508605156648,165.29645234474324,166.20210819569164,13100800
2024-08-20,168.1527557373047,169.59582494285056,167.85418602921922,167.93380563043442,12622500
2024-08-21,166.82911682128906,167.83428586419154,165.7741836268616,166.1921751650751,15269600
2024-08-22,164.69932556152344,168.61054147594697,164.241516672691,168.23235218455866,19123800
2024-08-23,166.63006591796875,167.14758577694397,164.86853334361484,165.75428060188085,14281600
2024-08-26,167.12765502929688,168.57073935308924,165.52536188230883,167.35158609633652,11990300
2024-08-27,165.5850830078125,167.44116278726227,165.36613289768596,166.80920212469354,13718200
2024-08-28,163.71405029296875,166.59024181530037,162.4998780060163,165.98315567182416,15208700
2024-08-29,162.6193084716797,166.82910949443902,161.20808405968256,165.26660328332088,17133800
2024-08-30,164.32113647460938,164.49032242468166,162.62926178800114,163.43538933253365,18498800
2024-09-03,157.85220336914062,162.5994178044896,157.10080570286613,162.5347259278055,26533100
2024-09-04,157.05601501464844,159.63363690188407,156.68778765529643,157.31974829367624,17410700
2024-09-05,157.8422393798828,160.24569419514802,156.767397633428,157.0261499260267,14139500
2024-09-06,151.40316772460938,158.45928992443058,151.2090920941053,157.93182333992914,24999100
2024-09-09,149.02142333984375,154.10374380734285,147.6860737978617,153.0972517267519,28057700
2024-09-10,149.4897918701172,151.7718591542778,149.02441607065467,150.92480069046928,20401800
2024-09-11,151.62237548828125,151.95123295490748,148.18434227300756,150.5660537380805,18991500
2024-09-12,155.00062561035156,155.0703901694335,152.9677064304605,154.27316129669887,20980800
2024-09-13,157.82081604003906,158.72267655824004,155.5686585082356,155.8197835538955,16733900
2024-09-16,158.4386749267578,158.68780800030433,157.0634554949007,157.78095996318476,14157600
2024-09-17,159.7241973876953,161.02965228050664,158.85721914410715,159.53485381590565,12064800
2024-09-18,160.25234985351562,161.0695136032711,159.10634384004203,160.29221965909542,16756500
2024-09-19,162.67393493652344,164.4178664273297,161.9584224478595,164.2484577643565,17548200
2024-09-20,164.06907653808594,164.17869569883612,162.61413269593567,163.94949752849521,46362700
2024-09-23,162.50453186035156,166.0322495638778,162.3849376425891,164.76664926653692,15648400
2024-09-24,163.07254028320312,163.97938829958474,161.4681227180186,163.68042557699044,18774100
2024-09-25,162.42478942871094,163.6475242248566,162.21052344835365,162.404854526983,13607900
2024-09-26,163.2618865966797,164.92609369322952,162.9330291168763,164.45772230131644,18234500
2024-09-27,164.71682739257812,166.39100966747085,163.26189865963033,163.34162307328018,13604300
2024-09-30,166.6102294921875,166.77963815016724,164.0690692107404,164.20858311765755,14070100
2024-10-01,167.83596801757812,169.8489675197396,165.32470236578393,168.2744446621951,18629500
2024-10-02,166.7298126220703,168.29437559381142,165.67349084272,167.1782491049807,12745000
2024-10-03,166.6301727294922,167.32774229896964,164.79654173931067,165.2449934394312,11004300
2024-10-04,167.97547912597656,168.96205155988855,166.38103659730547,168.75277308995237,11422100
2024-10-07,163.81993103027344,169.31081808811405,163.56083812719993,168.55345907506273,14034700
2024-10-08,165.12538146972656,165.52400347076704,163.7402023285943,164.85631351975857,11723900
2024-10-09,162.4945526123047,165.68345289594726,160.56127753869376,164.28332624636454,19666400
2024-10-10,162.61412048339844,163.74121034647428,161.07946755402622,161.54783891424938,12900500
2024-10-11,163.94949340820312,164.69689261111412,161.93649396405095,162.76361757331088,10946000
2024-10-14,165.7731475830078,167.03873260535653,164.2085846355189,164.33813869523786,9981800
2024-10-15,166.32122802734375,168.5036361085776,165.47418473029845,166.56040124373772,14829300
2024-10-16,166.16180419921875,166.69992496042366,164.64308687838846,165.45425956276037,9968500
2024-10-17,163.9395294189453,167.347668189549,163.80001549988702,166.7995875684551,15113400
2024-10-18,164.47764587402344,165.79306049674344,164.1786831669905,164.29826216745371,13091300
2024-10-21,165.22506713867188,165.6436089021509,163.73524093121017,164.00929645176177,11384000
2024-10-22,166.24151611328125,166.88925598902608,164.09896266682662,164.12885741765328,11958600
2024-10-23,163.9096221923828,167.01881318974742,163.065559244841,165.85285706206346,12754300
2024-10-24,163.95945739746094,164.47765844887786,162.20556603111856,164.01924690226363,12764400
2024-10-25,166.41091918945312,166.81948583900834,164.65701276843643,164.79155434851998,14566400
2024-10-28,167.75624084472656,170.01438944494484,165.2150804822965,169.99843848112795,20858300
2024-10-29,170.54652404785156,171.26402846493147,168.0751283922846,168.79760513048487,28916100
2024-10-30,175.52920532226562,183.15267162193112,175.13557079130035,181.77746733615183,49698300
2024-10-31,172.09117126464844,177.8012972832534,171.96161719529277,174.11413068705934,32801900
2024-11-01,172.05130004882812,173.21725625173988,169.7194180547577,170.9451485584291,21752900
2024-11-04,170.08810424804688,171.3238096185649,168.89725620655153,170.64617503871176,16194000
2024-11-05,170.8155975341797,171.5002116658229,169.77919547335438,170.23760700138777,12518300
2024-11-06,177.71160888671875,178.0205314702605,174.43300906747453,174.74194685689258,27061500
2024-11-07,181.6479034423828,181.946866168645,178.2696596091349,178.4888979280021,16730400
2024-11-08,179.23631286621094,181.71768394425402,178.94732516919095,181.36889153203384,15021500
2024-11-11,181.33897399902344,181.45358068141462,179.36584440982864,179.44556881420397,12503400
2024-11-12,182.68431091308594,183.3868528125609,180.36238879915297,180.75103579297752,14065800
2024-11-13,179.86412048339844,181.98175162304454,179.49539319202896,181.51835254660904,13969700
2024-11-14,176.73501586914062,179.81928466548172,175.4195858868207,179.1266873931519,17925800
2024-11-15,173.2869873046875,175.27009189862946,172.14595365397622,175.03091869147002,21708900
2024-11-18,176.18692016601562,176.29653933128537,173.81516833883916,174.3483167883728,18662800
2024-11-19,178.95726013183594,179.54521049958376,174.50873574514665,174.6273263652797,15392900
2024-11-20,176.71505737304688,178.48888347782005,174.7219929671557,178.20985567746527,15729800
2024-11-21,168.6531219482422,174.97113270704511,164.73674233388783,174.84656617691473,38839400
2024-11-22,165.99240112304688,167.6815155521382,165.13538269234175,166.58035156114494,24497000
2024-11-25,168.84246826171875,169.86891056858613,166.8195088136791,167.40747445490453,21395700
2024-11-26,170.02833557128906,170.9003013307693,168.84245970545572,168.90226441618458,14937500
2024-11-27,170.22764587402344,170.5465282862755,169.0816246654878,170.08811676168617,12433400
2024-11-29,169.89878845214844,170.27746036643,168.16481686634478,169.4702716784116,9250700
2024-12-02,172.38015747070312,172.99801785273627,169.6795633828964,169.729393040365,16593400
2024-12-03,172.42002868652344,173.71552376190024,171.91178746442176,172.51967279639754,15721500
2024-12-04,175.4793701171875,175.8181874518231,172.1509558644998,172.1808506172102,18239800
2024-12-05,173.70553588867188,177.09375469777737,173.40657316935733,176.70510772443114,16145500
2024-12-06,175.87799072265625,176.2257795214318,172.9481833340205,173.277040817018,13319500
2024-12-09,176.68609619140625,177.62388647962067,174.99005717397944,175.30432340630412,19887800
2024-12-10,186.09405517578125,187.59054949085362,182.24307586273662,184.1037226081358,34317400
2024-12-11,196.25027465820312,196.42984667209623,185.8246852330827,186.26365934232496,41664500
2024-12-12,193.17745971679688,196.24526989145363,192.82827163510754,195.8412176609105,25197800
2024-12-13,190.93270874023438,193.88578206005207,190.81297885426133,192.25960207158442,18883200
2024-12-16,197.69688415527344,200.1710838877728,193.65634636078929,193.9107552719961,32248600
2024-12-17,196.65928649902344,202.40583397667427,196.23029880161266,198.06599470225058,24129500
2024-12-18,189.70558166503906,198.2256307864751,188.83761987145812,196.36997730758958,27638400
2024-12-19,189.2566375732422,194.14519461975692,189.07706556926655,192.82827236476155,26981200
2024-12-20,192.50901794433594,193.68125953974805,185.93440861298467,186.5729121872973,45319700
2024-12-23,195.5319366455078,196.03076804293926,191.18212625098047,193.576510869401,15235900
2024-12-24,197.10826110839844,197.20801826181327,194.74179551818887,195.7115239524447,6809800
2024-12-26,196.6393585205078,197.6968787310638,195.4122222250492,196.28019927700507,7907900
2024-12-27,193.58648681640625,196.34004594129468,191.52332692544056,196.0108153840525,14693000
2024-12-30,192.23965454101562,193.32710338004287,189.91509830350097,190.41892290770127,12209500
2024-12-31,189.99490356445312,192.7983335598168,189.1369129588324,191.99522232349864,14355200
2025-01-02,190.18446350097656,192.74844896835342,188.2689527611631,191.03746092831022,17545200
2025-01-03,192.6786346435547,194.0454279018482,190.90279595567074,192.27458239970693,12875000
2025-01-06,197.49734497070312,199.09359640075925,194.6041135646996,194.6938995678703,19483300
2025-01-07,196.25027465820312,201.6675768677657,195.4820699670292,197.80662633778735,16966800
2025-01-08,194.93333435058594,197.17807565596954,193.29716796358696,193.49669747944026,14335300
2025-01-10,192.71853637695312,197.15813314082064,191.1522135740279,194.96327785315745,20753800
2025-01-13,191.840576171875,192.04012091355685,188.21907050187193,190.9027859123521,13169100
2025-01-14,190.60348510742188,192.81829778917887,189.19677687544416,192.0500931540871,13651200
2025-01-15,196.51962280273438,197.33771364214047,192.87815951038286,193.89577987401847,12894900
2025-01-16,193.95562744140625,196.51961290604416,193.84588392513763,195.36731359678672,13449600
2025-01-17,197.0883026123047,198.3453523456224,194.85353230772373,197.5871340462902,22109100
2025-01-21,199.16343688964844,203.36358890568238,198.97387851504385,200.0413698339001,19005200
2025-01-22,199.5625,201.64761171687047,198.73443800219633,200.08128894793919,15477400
2025-01-23,199.11355590820312,201.4680408724352,196.36001188825463,199.51261496391953,15170800
2025-01-24,201.42813110351562,202.0965786351782,199.31707911067167,199.3829343605458,12732400
2025-01-27,193.317138671875,198.20568064788733,192.2496320933797,193.7361552506937,24970200
2025-01-28,196.6094207763672,196.76903525923464,192.15983786632293,194.19506333680457,15939200
2025-01-29,196.7191619873047,197.996184495964,194.73382257250486,196.90872037272584,12287800
2025-01-30,202.1564178466797,202.76299853350355,199.00579397760555,199.29311526162687,14571500
2025-01-31,205.11949157714844,206.5960283580682,203.10420832301156,203.23888732975223,17060300
2025-02-03,202.1663818359375,204.7403535931693,201.18867658994463,201.74237211672164,16719500
2025-02-04,207.22454833984375,208.21222477597146,203.7825994771977,204.02204403120282,28285400
2025-02-05,192.84823608398438,194.09531467321975,189.46615955890312,192.64870655433216,43666400
2025-02-06,192.8582000732422,193.37698900958168,190.04479879639024,190.54363021356718,20816600
2025-02-07,186.70262145996094,192.56389058817888,184.66739598425335,192.28953939908743,29565700
2025-02-10,187.7601318359375,189.5459567340878,187.1715144502766,188.6181224342211,16606000
2025-02-11,186.63279724121094,188.35874971464176,185.64510553629137,186.39834586180146,13028100
2025-02-12,184.99661254882812,186.39334965443638,183.20083162081673,184.79708302606318,17632300
2025-02-13,187.44088745117188,187.55063096558857,184.44789911958088,185.49543285713702,12729300
2025-02-14,186.43325805664062,187.710265328906,185.67503974596042,186.39335823950063,12714200
2025-02-18,185.36575317382812,187.34112127548525,183.1509405174052,187.00191957357848,19796000
2025-02-19,186.69264221191406,186.9221003904601,185.06644699762356,185.74984357105208,13120500
2025-02-20,186.20379638671875,186.68267029911405,184.1685708416933,186.06412419463982,12063800
2025-02-21,181.15562438964844,187.03185804052796,180.70667914617334,186.85227080926163,19520800
2025-02-24,180.7665252685547,184.657404101475,180.45725223608233,183.37042578693251,18734000
2025-02-25,176.9554443359375,180.3375205878845,176.3568557953225,179.73393886191508,20832500
2025-02-26,174.29168701171875,177.66379212576618,173.18428070180607,176.53145033526187,23637200
2025-02-27,169.81219482421875,176.17727324661973,169.35525745967232,175.5287985046505,25930500
2025-02-28,171.81748962402344,172.0968339917832,167.99643925122783,169.9019788637596,30049800
2025-03-03,168.2658233642578,174.5910023086314,167.24820297404042,173.32396620083026,24122000
2025-03-04,172.2065887451172,174.75561007301968,167.14843068284262,167.54750496505613,30711400
2025-03-05,174.58103942871094,175.33925776575026,170.530515195884,171.9172812655315,18848000
2025-03-06,173.8028564453125,176.3169559339047,172.10482314675943,172.14673241646634,19082400
2025-03-07,175.33924865722656,176.48655486359908,171.84742862706844,172.83711457416246,16395300
2025-03-10,167.60853576660156,170.24536574432202,165.3662358448488,169.95572060530762,28990700
2025-03-11,165.78073120117188,168.45252282245698,163.044030416552,166.47988777970724,23705900
2025-03-12,168.79710388183594,169.3264663611627,165.28132561649218,168.2677414025092,19880100
2025-03-13,164.5322265625,167.91815603552024,163.87303051854863,167.7783247243221,15206200
2025-03-14,167.41876220703125,168.04801074979082,164.31249524714883,165.11653674517166,18611100
2025-03-17,166.37002563476562,168.2577559168053,165.6109283265474,167.12410882849613,17839100
2025-03-18,162.47470092773438,166.24017903407955,158.60935202299166,165.76075957654993,24616800
2025-03-19,166.0803680419922,167.93114021621946,162.85425014963062,163.71820190289233,24955700
2025-03-20,164.8518524169922,166.82947106241681,162.94414180808522,163.62831699346756,19981500
2025-03-21,166.0504150390625,166.27015214587064,162.83427946538407,163.1838653827072,29882100
2025-03-24,169.72598266601562,170.29530566607272,167.2389817975791,169.06178773975245,18742800
2025-03-25,172.58255004882812,172.70241634620135,170.3452490374626,170.9744823266741,13841600
2025-03-26,166.9393310546875,171.7335712212968,166.66065907251976,171.0943402151135,22498000
2025-03-27,163.8830108642578,167.23897752920905,163.65329126470644,166.50985821904274,21571200
2025-03-28,155.8726348876953,163.61333038479785,155.1525074562642,162.16507427536936,34866500
2025-03-31,156.0424346923828,156.9413633467702,152.02727185371793,154.62414129418428,33591600
2025-04-01,158.6892547607422,159.8878110018008,155.06860690809398,155.11355105258087,20111400
2025-04-02,158.66928100585938,160.0825755197471,156.3420764618875,156.77156814980734,17113300
2025-04-03,152.44676208496094,154.50128410252282,151.99729014847443,152.6515177972455,28416100
2025-04-04,147.56263732910156,152.90620528213597,147.36286524523692,149.72003257441966,39832200
2025-04-07,149.0608367919922,154.74399291339475,142.4887345209642,143.21785385891903,47823000
2025-04-08,146.40402221679688,154.25458634292005,145.03567187522165,153.3906193497636,35304400
2025-04-09,160.86663818359375,161.67566330567902,145.63494645699154,146.15432644221391,46479500
2025-04-10,155.1834716796875,159.83788095466207,152.01727912941968,158.56940133670318,35270500
2025-04-11,159.2086181640625,159.66807259358117,155.39821125744413,155.39821125744413,22582000
2025-04-14,161.27615356445312,163.83307779968658,159.72801131938692,162.11514147155086,18255900
2025-04-15,158.48948669433594,161.85545114666877,157.45574086405986,161.37603168621683,15690800
2025-04-16,155.3133087158203,157.99008382713703,153.72522130692107,155.28334595266895,16921500
2025-04-17,153.17588806152344,156.88144081875564,150.71883464776334,156.42198635455088,19513400
2025-04-21,149.68008422851562,150.87864050474218,148.22183034478553,150.78375333899587,16147800
2025-04-22,153.71522521972656,154.42437951639937,150.6888641849861,150.8886362621129,15910300
2025-04-23,157.53065490722656,159.82789675498066,156.16230449916227,157.72042924654332,18575700
2025-04-24,161.27615356445312,161.51587092668274,157.90020643862147,158.33468177478025,30787500
2025-04-25,163.65328979492188,168.03801860512272,162.80430419831342,166.89938788476556,35148100
2025-04-28,162.22500610351562,164.7519675124574,160.18746191545455,164.06279344811506,20871200
2025-04-29,161.8654327392578,162.4846835071933,159.19864009739626,161.85045135746807,15955200
2025-04-30,160.69683837890625,161.1802508371438,156.9663219285134,159.668076193593,20639500
2025-05-01,162.5945587158203,163.74318724848555,160.73679109542547,162.32489383255603,21904300
2025-05-02,165.61093139648438,166.49986228142632,163.4635187136773,164.75696214937838,16844900
2025-05-05,165.85064697265625,166.89938941322708,164.2725420579775,164.31748620308443,15309300
2025-05-06,165.0016632080078,166.53982286878713,162.93415630768814,163.7631616655552,10691900
2025-05-07,152.61656188964844,166.78952879122355,149.3105380862026,165.87063510873034,78729800
2025-05-08,155.56301879882812,157.22102959109037,153.91500575525347,155.73281288134118,38387500
2025-05-09,154.1946563720703,156.2421829513297,153.6453136535378,155.36324984214707,22871000
2025-05-12,159.38841247558594,160.24738058211028,157.7004390257499,158.90899302371432,31884900
2025-05-13,160.69683837890625,161.86543187366587,157.39081473091227,159.7280017204315,24944300
2025-05-14,166.60972595214844,168.13788781928253,160.7367805863974,161.11632923643336,31769200
2025-05-15,165.201416015625,167.30888337648878,163.64329137735027,166.93933247241503,22717600
2025-05-16,167.22898864746094,170.44512417357606,166.7495691671836,168.72718785873926,36271400
2025-05-19,167.66845703125,167.74836281526606,165.21640257843083,165.5160454583736,21374700
2025-05-20,165.1215362548828,169.4762873279752,164.06279601110305,167.55859416793888,33563300
2025-05-21,169.8558349609375,174.32046979875315,164.69204354414558,164.7519690737049,45567600
2025-05-22,171.77352905273438,177.91615495430474,171.67365824974368,173.14189469389407,45024100
2025-05-23,169.3863983154297,170.99946494467622,169.05679266175375,170.07557238761842,24963600
2025-05-27,173.7711181640625,174.080743544611,171.004454754312,171.09434304405778,24341300
2025-05-28,173.17185974121094,176.2681290031992,172.80729244229028,173.77113028846478,25999200
2025-05-29,172.7523651123047,175.18942304638622,171.5737737985015,174.789909349775,21174700
2025-05-30,172.64248657226562,173.2317745748415,168.3226668701471,172.20301238713458,36258300
2025-06-02,170.1654510498047,170.8566215844937,168.447514840874,168.8070832390332,24742900
2025-06-03,167.5086669921875,169.59615424138852,166.47988950965254,168.66227916887598,25386700
2025-06-04,169.18663024902344,169.37640457405112,167.59354398214708,168.07796230217642,18508700
2025-06-05,169.6061248779297,172.15306641407983,169.14668568533537,171.41394936627097,25375400
2025-06-06,174.70999145507812,175.618902578423,172.09314187053795,172.09314187053795,22258100
2025-06-09,177.6300048828125,177.9149932861328,175.66000366210938,175.8699951171875,18817600
2025-06-10,180.00999450683594,182.44500732421875,176.47500610351562,177.75999450683594,32908000
2025-06-11,178.7899932861328,181.75,178.0,181.22999572753906,18994400
2025-06-12,176.97000122070312,178.1300048828125,176.11000061035156,177.47999572753906,17345900
2025-06-13,175.8800048828125,178.34300231933594,173.57000732421875,173.5800018310547,20873200
2025-06-16,177.94000244140625,178.2449951171875,175.82000732421875,175.90499877929688,18132500
2025-06-17,177.22999572753906,178.71499633789062,175.94000244140625,177.0,17656100
2025-06-18,173.97999572753906,177.82400512695312,172.83999633789062,177.27999877929688,32531800
2025-06-20,167.72999572753906,175.36500549316406,166.27000427246094,174.86500549316406,55402600
2025-06-23,166.00999450683594,168.47999572753906,163.3300018310547,167.32000732421875,36975600
2025-06-24,167.74000549316406,169.25,166.91000366210938,167.68499755859375,27310300
2025-06-25,171.49000549316406,173.36000061035156,168.56100463867188,168.64999389648438,23627400
2025-06-26,174.42999267578125,174.64999389648438,170.86000061035156,173.38499450683594,25909100
2025-06-27,178.27000427246094,178.83999633789062,172.7100067138672,174.6300048828125,74053100
2025-06-30,177.38999938964844,181.5800018310547,175.5,180.78500366210938,43964600
2025-07-01,176.91000366210938,177.22000122070312,174.66000366210938,176.80499267578125,25778500
2025-07-02,179.75999450683594,179.93499755859375,176.08999633789062,176.5449981689453,19325900
2025-07-03,180.5500030517578,180.77000427246094,178.19000244140625,179.82000732421875,13287400
2025-07-07,177.55999755859375,180.33999633789062,176.63999938964844,180.13499450683594,20991400
2025-07-08,175.16000366210938,178.7899932861328,173.9199981689453,178.77999877929688,24108600
2025-07-09,177.66000366210938,180.27999877929688,173.8800048828125,176.11000061035156,31288000
2025-07-10,178.6999969482422,179.58999633789062,175.74000549316406,176.6699981689453,24693700
2025-07-11,181.30999755859375,182.61000061035156,177.54100036621094,177.91000366210938,23975700
2025-07-14,182.80999755859375,184.72999572753906,180.71099853515625,182.07000732421875,20990400
2025-07-15,183.10000610351562,185.41000366210938,182.38999938964844,183.94000244140625,23911600
2025-07-16,183.77000427246094,185.3350067138672,183.0800018310547,184.32000732421875,21152600
2025-07-17,184.6999969482422,185.18699645996094,181.5,183.11500549316406,21654400
2025-07-18,185.94000244140625,187.36000061035156,184.72999572753906,186.6199951171875,21033400
2025-07-21,191.14999389648438,191.25999450683594,187.0500030517578,187.10000610351562,24665000
2025-07-22,192.11000061035156,192.52999877929688,188.4949951171875,192.4199981689453,24855464
