Price,Close,High,Low,Open,Volume
Ticker,JPM,JPM,JPM,JPM,JPM
Date,,,,,
2010-01-04,28.69095802307129,28.78469959137972,27.900868398133348,27.98121831382629,35460500
2010-01-05,29.246700286865234,29.353830954230446,28.64408868656305,28.650785790008957,41208300
2010-01-06,29.407398223876953,29.52122600712493,28.9989642659316,29.09270329084355,27729000
2010-01-07,29.989904403686523,30.210860169743103,29.199815195711658,29.320337451449873,44864700
2010-01-08,29.916257858276367,29.929649506612417,29.514518624977846,29.708691140361204,33110100
2010-01-11,29.815839767456055,30.257754212469106,29.668536655249902,30.210884692103882,31878700
2010-01-12,29.119478225708008,29.56139246907313,28.7512142277403,29.45426182080874,47109600
2010-01-13,29.628341674804688,29.81581962964166,28.70433843960212,29.159644233516687,39622000
2010-01-14,29.922962188720703,29.9899204522931,29.52791737333161,29.59487563690401,37938300
2010-01-15,29.246700286865234,29.748875769051523,29.01904729943959,29.66183130363086,69738500
2010-01-19,28.978866577148438,29.29356396739809,28.724432889138498,29.059216477337333,41731500
2010-01-20,29.059215545654297,29.24669353169207,28.59721257406694,28.798082209706838,39934400
2010-01-21,27.14424705505371,28.891817350595776,26.996941496289114,28.81816457121348,137547700
2010-01-22,26.220258712768555,27.586176792131024,25.99260569954148,27.217915240962864,106634900
2010-01-25,26.253726959228516,26.709032818986792,26.00598783248226,26.621988375569373,56572200
2010-01-26,25.738155364990234,26.675550215968656,25.631024743809455,26.1131138162207,52975300
2010-01-27,26.334070205688477,26.441200818922344,25.490414391550907,25.67789232616135,66314300
2010-01-28,26.43451499938965,26.809473582813727,25.92564500792504,26.56842896162656,65047400
2010-01-29,26.072940826416016,26.682246758885913,25.979201845143056,26.54833538803636,53649000
2010-02-01,26.53495216369629,26.735821837932853,26.07964620652195,26.18007976654199,37408200
2010-02-02,27.15093994140625,27.23798436209984,26.58180904238378,26.648764717258683,45968500
2010-02-03,26.97687339782715,27.51922140215076,26.89652346413709,27.171048572949076,37373300
2010-02-04,25.677892684936523,26.729112640167653,25.677892684936523,26.64207077170824,57211800
2010-02-05,25.644420623779297,26.032770786035595,24.79407006033152,25.872073550640874,75224100
2010-02-08,25.242685317993164,25.637730089556793,24.98824905303787,25.637730089556793,58321000
2010-02-09,25.704683303833008,25.912250046497437,25.336421870366998,25.57076935870099,45173500
2010-02-10,26.02606964111328,26.447897583570285,25.79172220319023,25.872069531307346,39331800
2010-02-11,26.126508712768555,26.36085617756365,25.68459452615794,26.005986429675133,33830600
2010-02-12,26.07964515686035,26.233645319383353,25.684600373276517,25.89216458814838,38051100
2010-02-16,26.829561233520508,26.87643073970762,25.945732610854225,26.33408286691489,46425300
2010-02-17,26.80948257446289,27.084005139732486,26.622001942773416,26.956785683550834,34644100
2010-02-18,27.05721092224121,27.124166621731767,26.62868831543075,26.742513515403935,31809500
2010-02-19,26.802772521972656,27.251383846091162,26.715730630438923,26.856339120635887,40290200
2010-02-22,27.35181999206543,27.653125752750082,26.950080680616722,27.050516785577024,43898900
2010-02-23,26.702333450317383,27.61963955177117,26.62198356896421,27.385292116646454,52233100
2010-02-24,27.35181999206543,27.43216989771217,26.782688875147052,26.816166725401736,44645000
2010-02-25,27.211210250854492,27.244688099586533,26.58181801042528,26.889818305473863,46718100
2010-02-26,28.10173225402832,28.329385172218863,27.18442347985701,27.244684621560264,67699100
2010-03-01,28.007997512817383,28.24234501373946,27.7267779575147,28.14190891094646,34606800
2010-03-02,27.86738395690918,28.389648068683762,27.693297622448295,28.108428538621144,33891600
2010-03-03,27.80711555480957,28.16198778714132,27.679898749525538,27.8874654305424,27562500
2010-03-04,28.068252563476562,28.175385755159144,27.894166235384112,28.061558016094338,25450700
2010-03-05,28.66417121887207,28.704343614038553,28.249037738047516,28.33608218456828,34790800
2010-03-08,28.516862869262695,28.81147147352591,28.436515532499232,28.690949191282826,28524900
2010-03-09,28.40304183959961,28.670869764301397,28.155302669478107,28.382955639215712,37107100
2010-03-10,28.744537353515625,29.119496130085746,28.664189956464064,28.704362377890995,40903700
2010-03-11,28.91192054748535,28.925312201994146,28.65748422021209,28.731137042912003,30119600
2010-03-12,28.891830444335938,29.152961286529752,28.690958208005384,29.019047313708246,31367300
2010-03-15,28.838260650634766,28.93199965500482,28.52356323236703,28.737824543554673,29142000
2010-03-16,28.95209312438965,29.045832144027052,28.58382904124738,29.025743386821382,28553800
2010-03-17,29.320358276367188,29.53461964892741,28.972182907407568,28.998966217526856,32918800
2010-03-18,29.21991539001465,29.320351502660294,28.891828856538897,29.293568198728597,26012000
2010-03-19,29.092689514160156,29.387298103544108,28.878428257481705,29.092689514160153,37014400
2010-03-22,29.286869049072266,29.32034689662952,28.818171520682572,28.838257718377715,23257200
2010-03-23,29.84931182861328,29.95644249576834,29.313655938641414,29.360525445884463,33735700
2010-03-24,30.090347290039062,30.11043604171849,29.59486902134418,29.755563709603486,35849200
2010-03-25,30.090347290039062,30.833567247277408,30.05686944283471,30.117130589480954,45019400
2010-03-26,30.1439266204834,30.726449581300265,29.98992641494317,30.15731827586043,39727000
2010-03-29,30.036787033081055,30.384962307143528,29.76895911328027,30.297917850078825,30628400
2010-03-30,29.84931182861328,30.164006726645688,29.70200620345136,30.063573162923397,30296300
2010-03-31,29.96312713623047,30.13051890794125,29.628343592808896,29.668518537529952,39043000
2010-04-01,30.284881591796875,30.37202340074073,30.157522453381233,30.184333154011426,23894600
2010-04-05,30.392133712768555,30.432353601473302,30.02346034932767,30.351913824063807,21342400
2010-04-06,30.7272891998291,30.79431978498688,30.264772025313455,30.31839598202909,28192100
2010-04-07,30.37872314453125,30.868053553590467,30.177628841186106,30.72058576156552,28890100
2010-04-08,30.67366600036621,30.8144343356923,30.03686770140221,30.27147733185703,28869900
2010-04-09,30.82114601135254,30.982023063302048,30.465879157825444,30.754115397988404,22881200
2010-04-12,30.928386688232422,31.14959224466279,30.767512244513227,30.854651502755633,24645900
2010-04-13,30.747407913208008,31.089270657581988,30.73400128038415,30.86136301368392,27988900
2010-04-14,31.994178771972656,32.12824246829332,31.35737813223875,31.77297584653804,72533100
2010-04-15,32.04780960083008,32.30923243757728,31.83330868057327,31.940559140701676,45412100
2010-04-16,30.532907485961914,32.007603883085515,30.258077900452125,31.953977350764674,121203900
2010-04-19,30.42564582824707,30.63344472925727,29.889393486828816,30.318395359963418,72136600
2010-04-20,30.754104614257812,30.935090275344297,30.539603658241187,30.680369431179642,39310700
2010-04-21,30.398836135864258,31.09596553996568,30.16422650806722,30.861355912168644,46320600
2010-04-22,29.98995018005371,30.244668514229524,29.514023698717704,30.103902715281798,63176900
2010-04-23,30.124006271362305,30.21114808513307,29.66148905744634,29.983240496307854,32483800
2010-04-26,29.420183181762695,30.03687553224683,29.312932671728998,30.016764303640986,42889300
2010-04-27,28.42810821533203,29.74192727394588,28.354373028676104,29.145346301261693,66296100
2010-04-28,29.131927490234375,29.299506459999257,28.676112487909727,28.716332361192073,48578900
2010-04-29,29.493913650512695,29.715119230277196,29.225786139959382,29.42017845725786,36520300
2010-04-30,28.54206085205078,29.527423783246707,28.307448682106607,29.50731511844261,54121100
2010-05-03,29.178857803344727,29.312921529189495,28.74985592628378,28.803482439442842,31230900
2010-05-04,28.46833038330078,29.064911403719886,28.32085999818921,28.80348848978823,48982200
2010-05-05,28.575576782226562,29.071609276831538,27.8985560721414,28.227012094557985,43062100
2010-05-06,27.3555965423584,28.67611730723783,26.336715928107886,28.575571442712384,78226200
2010-05-07,27.32209014892578,28.046032950795137,26.665180508555615,27.50307584939312,72976300
2010-05-10,28.119760513305664,29.024686212833906,27.764491246476176,28.36777675086364,66578300
2010-05-11,27.851640701293945,28.521956975967946,27.583515725656543,27.79131213429114,50771200
2010-05-12,27.945486068725586,28.012519234018704,27.35560955646891,27.979003929899044,47700000
2010-05-13,27.3555965423584,27.88514423245194,27.335485323811245,27.777893776059916,35320800
2010-05-14,26.73889923095703,26.87966494778391,26.28308424185393,26.87966494778391,60719400
2010-05-17,26.705400466918945,26.839464233172233,25.988162258075572,26.76572903388024,56506200
2010-05-18,26.155733108520508,27.228237787459452,25.840683740371567,27.228237787459452,61735000
2010-05-19,26.39704704284668,26.584734720565503,25.820574824649924,25.833981452637385,64600500
2010-05-20,25.358049392700195,26.309896655792308,25.009484849904602,25.840675057527015,76564100
2010-05-21,26.84616470336914,26.919899898356025,24.81510732934704,24.81510732934704,89588800
2010-05-24,25.88760757446289,26.980223554896924,25.807170356857927,26.91989500242994,49141600
2010-05-25,26.10210609436035,26.14902801334628,25.03630347143905,25.250804403104098,66813700
2010-05-26,25.994855880737305,26.477484260192657,25.787059539512892,26.269685361915418,50719600
2010-05-27,27.094192504882812,27.141117013762422,26.410471904845572,26.531129082982634,44843000
2010-05-28,26.531116485595703,27.047257710598977,26.383646102992834,27.03385363677452,41252400
2010-06-01,25.83397674560547,26.785824145810274,25.807163494516,26.356822356588257,37848600
2010-06-02,26.51100730895996,26.557929242130847,25.921128290028545,26.256286416708328,39618500
2010-06-03,26.209354400634766,26.772419939124102,25.88760302964837,26.718795989152667,30950400
2010-06-04,25.217294692993164,25.94123741537308,25.13685746507985,25.80047162726144,52868900
2010-06-07,24.6140079498291,25.55915354622663,24.573788063388765,25.33124597050403,44528300
2010-06-08,25.324554443359375,25.337961079089755,24.50006552384833,24.707864542087755,51017900
2010-06-09,24.882137298583984,25.57926677906402,24.808402105468325,25.57256474198689,42586000
2010-06-10,25.666410446166992,25.720034417794427,25.076531415943418,25.25751711466157,44302600
2010-06-11,25.532344818115234,25.585968785829085,25.15026477883533,25.331250464344777,31147600
2010-06-14,25.022890090942383,25.652986023651614,24.955856976578517,25.45189179466372,48662200
2010-06-15,25.63959503173828,25.659703699780593,24.975980858754493,25.170373173341538,45355600
2010-06-16,25.82057762145996,26.061891837267087,25.465310890995635,25.485419556628525,37217100
2010-06-17,25.766944885253906,26.075292173844407,25.418380275103438,25.874195337834628,34755100
2010-06-18,26.262996673583984,26.323325251675538,25.72674406668915,25.8742119354264,37270800
2010-06-21,26.0551815032959,26.665168944608762,25.91441576077429,26.510996575601396,33665100
2010-06-22,25.693218231201172,26.531113385252034,25.6194830485162,26.09540688232435,42245700
2010-06-23,26.068593978881836,26.21606434626103,25.485419659691654,25.66640532227891,45046000
2010-06-24,25.49211883544922,25.941231923412328,25.08322563145459,25.840683492017547,73843400
2010-06-25,26.43726348876953,26.544513952042426,25.659696990777864,25.99485500813725,70734200
2010-06-28,25.83397674560547,26.571323251199264,25.787054834725083,26.510994714774146,39962900
2010-06-29,24.841917037963867,25.411684733432168,24.72125992835006,25.411684733432168,56694200
2010-06-30,24.540285110473633,25.130164289633303,24.47325193269738,24.815114746720592,35332500
2010-07-01,24.218080520629883,24.627530375528913,23.60054501652085,24.526846992409446,56642900
2010-07-02,24.050275802612305,24.627533940146698,23.721370558162793,24.37246728421881,36796000
2010-07-06,24.385892868041992,24.755070456714684,24.070412580724245,24.62753456496478,35953600
2010-07-07,25.60753059387207,25.6679416441648,24.439584475062556,24.593967701244033,44602900
2010-07-08,25.614248275756836,26.057261903146088,24.936304149202975,26.030411971655735,41498200
2010-07-09,26.077394485473633,26.10424441327174,25.29205330150441,25.33903939487607,30422300
2010-07-12,26.305612564086914,26.40629850851313,25.90958510885369,26.084107071119142,24998900
2010-07-13,27.171512603759766,27.31247092478379,26.67480159808918,26.721787705097185,48564800
2010-07-14,27.08424186706543,27.104380591801636,26.741914273148375,26.949997358423367,37320600
2010-07-15,27.158069610595703,27.41313870830942,26.38615367883577,27.33259151554949,81876200
2010-07-16,26.178085327148438,27.08424879502183,26.08411312284163,27.037262692868424,58507400
2010-07-19,26.204923629760742,26.419717875861288,25.587388251809625,26.198209869261067,35404900
2010-07-20,26.600963592529297,26.60767479565629,25.69479753734891,25.721647470958096,43538200
2010-07-21,25.78876304626465,27.017120304059784,25.73506575354379,27.017120304059784,41115600
2010-07-22,26.41301918029785,26.5808274408094,25.99685541118344,26.151238703587968,35494400
2010-07-23,26.73521614074707,26.822474601908453,26.157955253427787,26.292199827691796,28241000
2010-07-26,27.070825576782227,27.09096174551497,26.513701010038716,26.715070379017526,27209400
2010-07-27,27.312467575073242,27.681647742788122,27.258770271028656,27.346031270720395,44872200
2010-07-28,27.064111709594727,27.45342804060275,26.950003339813335,27.144658944766906,23945400
2010-07-29,26.990278244018555,27.406444546513367,26.78890885666176,27.325894743130103,28994300
2010-07-30,27.037260055541992,27.31246543868891,26.661371274980514,26.661371274980514,26406500
2010-08-02,27.95013427734375,27.990409168431427,27.33931251220574,27.50712071757937,35566700
2010-08-03,27.574251174926758,27.95685375657594,27.433290307568743,27.85616778854172,29967900
2010-08-04,27.715200424194336,27.789036435215852,27.426570141410064,27.668214337280588,23078100
2010-08-05,27.701778411865234,27.809175559182417,27.4802703552142,27.50040908071427,19830500
2010-08-06,27.1446533203125,27.4869834798257,26.829175647693365,27.34602520734375,34906600
2010-08-09,26.72848892211914,27.225202302752848,26.621091780434803,27.218488541088295,37790900
2010-08-10,26.292194366455078,26.66808575374961,26.285483163356332,26.627810853505366,34166500
2010-08-11,25.35247039794922,26.030414592768143,25.339045430852227,25.943156147463668,46201600
2010-08-12,25.379308700561523,25.500130788509885,24.98328131463067,25.07725348069062,35387300
2010-08-13,25.171218872070312,25.533685038359835,25.171218872070312,25.372588110937116,24564100
2010-08-16,25.29876136779785,25.386022342052055,25.023556043349735,25.050405967820218,28334100
2010-08-17,25.157806396484375,25.5538338723112,25.104109101068058,25.48671161290329,33883800
2010-08-18,25.433021545410156,25.634390961685526,25.097404998100863,25.097404998100863,27041700
2010-08-19,24.882610321044922,25.486721123341948,24.83562420981638,25.278637944650523,35384700
2010-08-20,24.929588317871094,25.07726036826662,24.70808280282799,24.909452151199044,30862000
2010-08-23,24.755062103271484,25.110814606421364,24.728212181379178,24.976567557509313,29282800
2010-08-24,24.30534553527832,24.63425082136293,24.110687356994585,24.56041478404492,48709200
2010-08-25,24.318771362304688,24.459729678233735,23.942879959276524,24.130826941065955,36058000
2010-08-26,23.916015625,24.580534392017853,23.909301865830752,24.406015061850713,31873200
2010-08-27,24.567119598388672,24.627530653161347,23.86232566640743,24.077119958810286,38448800
2010-08-30,24.06369972229004,24.567124424099877,24.050277316859503,24.432879885390943,27306500
2010-08-31,24.406024932861328,24.593969296832125,23.98314755337712,24.124105826355215,34784400
2010-09-01,25.332332611083984,25.37260494925447,24.607399797409332,24.66109966237064,36770500
2010-09-02,25.614248275756836,25.64109820724719,25.164523445770193,25.3994539449348,31282900
2010-09-03,26.292194366455078,26.292194366455078,25.822333333025153,25.822333333025153,34135600
2010-09-07,25.694791793823242,26.07068309867746,25.654519462962096,25.996847078031987,31885500
2010-09-08,26.258623123168945,26.46670618684917,25.73506242426016,25.73506242426016,30781000
2010-09-09,26.91643714904785,27.064109200297207,26.258629241605583,26.802328789846225,33438800
2010-09-10,26.688222885131836,27.017128180933327,26.627811812864245,26.79562006243526,21928600
2010-09-13,27.601085662841797,27.836018625069467,27.278894300304657,27.278894300304657,41643200
2010-09-14,27.33260154724121,27.67492916252482,27.15807957823386,27.500409754067494,42754100
2010-09-15,27.507118225097656,27.614515364383283,27.077529667955147,27.1916380082056,25399500
2010-09-16,27.51384162902832,27.587675107715945,27.21849747207511,27.332608412866307,25207500
2010-09-17,26.889585494995117,27.574243222746894,26.84259940627635,27.54067953604795,45938300
2010-09-20,27.6480770111084,27.728626787502254,26.869447096483263,27.010407924897592,33337500
2010-09-21,27.245330810546875,27.856152362335152,27.16478361705532,27.728619092594432,33548900
2010-09-22,26.809038162231445,27.413148730157676,26.681504847024808,27.13794337378018,34546000
2010-09-23,26.24520492553711,26.647946195111626,26.171371458637864,26.600960097743805,33471100
2010-09-24,26.68149757385254,26.71505869391104,26.37944237222736,26.520400612802668,28855100
2010-09-27,26.23177146911621,26.62779624849235,26.18478283099531,26.540537853315836,25684900
2010-09-28,26.144527435302734,26.446582815588428,25.916308099148083,26.419732879440623,31442600
2010-09-29,25.782058715820312,26.097539036487163,25.547128196526245,26.037127965732886,40207000
2010-09-30,25.547121047973633,26.144517824630796,25.479996232279067,25.835751354085502,54885200
2010-10-01,26.05055046081543,26.238494858417532,25.701509036304113,25.735070170083006,38973800
2010-10-04,26.178255081176758,26.57479357128829,26.01695020221017,26.198417229602303,38886100
2010-10-05,26.641998291015625,26.762976290428202,26.258902147493686,26.453811431419915,42379500
2010-10-06,26.816740036010742,26.9309955881126,26.49413039322785,26.58822636795387,31559900
2010-10-07,26.56134605407715,27.09902460499904,26.34627463370839,26.957884466104588,26923900
2010-10-08,26.42020606994629,26.73609077829565,26.299228074798506,26.662159496388274,28178500
2010-10-11,26.702482223510742,26.82346019996587,26.480690975911802,26.56134210559749,24601000
2010-10-12,27.152793884277344,27.21328288181382,26.527741764351624,26.527741764351624,38798100
2010-10-13,26.77642059326172,27.367868350092174,26.601676005303606,27.327541492630825,69607700
2010-10-14,26.023664474487305,26.467249547854554,25.60696140264741,26.379875992294153,76504900
2010-10-15,24.968469619750977,26.17152443525036,24.558488971513786,26.124477727798876,142280400
2010-10-18,25.674182891845703,25.71450719188851,24.874383422939726,24.968479438699582,55058700
2010-10-19,25.331398010253906,25.976614683534383,25.20370018563376,25.47254067982171,70595100
2010-10-20,25.606962203979492,25.741382471235834,25.17681939984187,25.539753352277994,43497200
2010-10-21,25.338130950927734,25.80860072912851,24.336702386416743,25.66745800097046,38250300
2010-10-22,25.338130950927734,25.39861995903718,25.082732631815198,25.203710648034082,24876900
2010-10-25,24.91470718383789,25.586806115290447,24.867660463744528,25.51959724768677,37893500
2010-10-26,25.002079010009766,25.042403302203414,24.719796145385363,24.854216435022995,39188100
2010-10-27,25.2305850982666,25.29107408210641,24.867651195227747,24.907978039071953,30777500
2010-10-28,25.210432052612305,25.512877111672626,25.08945659284236,25.33813250191232,30614600
2010-10-29,25.291078567504883,25.36500984573788,25.08272701647129,25.170100578369695,19803300
2010-11-01,25.14994239807129,25.5397610339767,24.934870931314553,25.27764284410781,36941900
2010-11-02,24.840770721435547,25.250751394515294,24.75339972450474,25.223866827527313,39913100
2010-11-03,25.3515625,25.425493763470776,24.8407660781217,24.85420835910302,35299600
2010-11-04,26.749536514282227,26.78314094752533,25.44566553193087,25.63385240917538,77569400
2010-11-05,27.51571273803711,27.7845531740424,26.736078550244653,26.81000979833873,75684800
2010-11-08,27.226722717285156,27.690472554974775,27.025093579263128,27.46195884818885,32967000
2010-11-09,26.816740036010742,27.340976218789915,26.702481920055728,27.172951538273193,32800100
2010-11-10,27.300640106201172,27.314082383742363,26.608379477869693,26.796566235741796,35587900
2010-11-11,26.897396087646484,27.179676371929112,26.7831379507795,27.065420798915753,25499700
2010-11-12,26.621828079223633,27.058690665750436,26.467245696558496,26.789852742623072,33504800
2010-11-15,26.93771743774414,27.314091073224784,26.689039069898023,26.762970337968323,28772500
2010-11-16,26.621828079223633,26.863784004735287,26.23873205178114,26.70920162207015,46023000
2010-11-17,26.332834243774414,26.668883682756878,26.198413955410675,26.601674820501888,32027500
2010-11-18,26.655439376831055,26.88395308057004,26.45381024149749,26.59495037984563,30987600
2010-11-19,26.487417221069336,26.641999658507952,26.386601361766242,26.487417221069332,26542000
2010-11-22,25.882522583007812,26.279060961063138,25.680893464167706,26.252178958710246,33249500
2010-11-23,25.291078567504883,25.687616962147228,25.270913860080046,25.546474265587207,35340400
2010-11-24,25.64729118347168,25.7010603203814,25.264195056477377,25.425499903352982,24248300
2010-11-26,25.203691482543945,25.526298425858258,25.203691482543945,25.344831539521692,12819100
2010-11-29,25.479270935058594,25.600248950422003,24.94159229114013,25.18354832186694,30911400
2010-11-30,25.136484146118164,25.398602142774138,25.028948492006684,25.196973111796638,33716700
2010-12-01,25.640565872192383,25.667447871078668,25.30451652951019,25.506145622348903,33157200
2010-12-02,26.42020606994629,26.467252783186698,25.761549520727016,25.828758378540858,41526000
2010-12-03,26.621828079223633,26.662152357573643,26.010218407003787,26.25889419095615,30070200
2010-12-06,26.816740036010742,26.917553306008884,26.413479264458704,26.534457239539,25364500
2010-12-07,26.379878997802734,27.19311796432097,26.373159137618604,27.119186683027756,40908200
2010-12-08,27.05869483947754,27.10574411123126,26.252178381839663,26.453807496249134,38115900
2010-12-09,27.428348541259766,27.623255213395485,27.267043727097644,27.33425257075092,43001900
2010-12-10,27.84504508972168,27.892091786421886,27.40146011808209,27.48211123187492,28449000
2010-12-13,27.89881706237793,28.221426707906893,27.663583533193457,27.939143909032346,35730400
2010-12-14,27.41490936279297,27.892098872761192,27.19983796213537,27.85177202369289,34010800
2010-12-15,27.02509117126465,27.55604981970076,26.924277893163126,27.374582842493986,30264000
2010-12-16,26.89068031311035,27.34098798387038,26.76298242395519,27.16624080517989,37123200
2010-12-17,26.662160873413086,26.931001446260474,26.568067442072614,26.924281585673462,52004800
2010-12-20,26.850343704223633,27.065415084128276,26.67559660564293,26.76969257772266,22978200
2010-12-21,27.55604362487793,27.717348422972442,26.870502719718633,26.99148067732632,30757800
2010-12-22,28.335691452026367,28.591089769306357,27.663592506234608,27.67031236759676,47280400
2010-12-23,28.281919479370117,28.409617331745416,28.107172351010732,28.328966191500676,18927900
2010-12-27,28.67845344543457,28.685175868929992,28.093728230147512,28.107170513284995,17203200
2010-12-28,28.63813018798828,28.98089944681282,28.544036766501286,28.698619182351838,20386600
2010-12-29,28.470109939575195,28.74567038723438,28.42978308241025,28.617972518659485,13637400
2010-12-30,28.382720947265625,28.54402572445336,28.26174300533794,28.436490060945687,12901900
2010-12-31,28.510438919067383,28.530603632891196,28.255043139938905,28.302089865770693,12199700
2011-01-03,29.290071487426758,29.59923636815776,28.87336832068095,28.90025289218465,43278500
2011-01-04,29.713979721069336,29.808181239170555,29.16222577207747,29.45828805279542,40036800
2011-01-05,30.07733154296875,30.24554927803368,29.539035304120773,29.552490464142902,50032500
2011-01-06,29.929292678833008,30.144611128070782,29.774532703868253,29.875464349922755,31606200
2011-01-07,29.364070892333984,30.003298439100227,28.697930473874596,29.96965542438569,69579400
2011-01-10,29.202592849731445,29.451554319380783,28.933443511279286,29.115118929714743,30098100
2011-01-11,29.337177276611328,29.619784457388278,29.216060280106834,29.40446592289127,28067100
2011-01-12,30.084049224853516,30.211896304190475,29.774529310202723,29.90237382274159,44296900
2011-01-13,29.90911102294922,30.259004187320215,29.72070543179641,30.238816315568922,42133000
2011-01-14,30.2186279296875,30.911684041585886,29.909107973577388,29.949478579366616,86983800
2011-01-18,30.11097526550293,30.561797573727386,29.942757526589503,30.292650731545304,46237700
2011-01-19,29.411169052124023,30.258987322792347,29.337152886151692,29.976380376970482,44989200
2011-01-20,30.11097526550293,30.272465424251372,29.343902786745552,29.491935218365043,46977700
2011-01-21,30.474321365356445,30.642539077596037,30.178256549063665,30.312831232215057,44767400
2011-01-24,30.29265022277832,30.602170241148855,30.184990974353834,30.420494778157728,27826800
2011-01-25,30.19171142578125,30.568519989697418,29.781259835950753,30.15806839986692,36022400
2011-01-26,30.265727996826172,30.60216339372304,30.19171179882112,30.413760392836274,25639400
2011-01-27,30.346473693847656,30.534879273456003,30.07059675360535,30.265729912186103,26740900
2011-01-28,29.96967124938965,30.8713183805461,29.875469731728337,30.312834287555688,38593900
2011-01-31,30.238798141479492,30.346457314519313,29.87545003671831,29.882177612059543,23574500
2011-02-01,30.904956817626953,30.952057569453984,30.38684598073115,30.413761429431872,28255500
2011-02-02,30.581966400146484,30.93858696314969,30.507950230436972,30.810742485249786,24104900
2011-02-03,30.588701248168945,30.783834366193826,30.171522135024514,30.602158970115283,23322400
2011-02-04,30.003311157226562,30.393574913579922,29.80817799565059,30.279188101703472,38172900
2011-02-07,30.615619659423828,30.783837349860224,30.04368053865939,30.110966588114646,36790900
2011-02-08,30.777118682861328,30.830947024651376,30.487783966192705,30.60890094371906,28649500
2011-02-09,30.35320472717285,30.615623950345174,30.04368474942081,30.521422441185738,33491000
2011-02-10,30.635807037353516,30.642537182834154,30.245543303824636,30.346472384848354,22688600
2011-02-11,31.335582733154297,31.55090111360219,30.54832538591623,30.54832538591623,40812800
2011-02-14,31.315412521362305,31.557646457746696,31.268311763376314,31.355783132893833,28699200
2011-02-15,31.503808975219727,31.853702080627514,31.31540598261487,31.32886370591497,35972900
2011-02-16,32.25741195678711,32.54001891125369,31.692200614651284,31.72584619424773,44327800
2011-02-17,32.17668533325195,32.291074717789904,31.961366856614447,32.143042302552104,22932600
2011-02-18,32.29779815673828,32.38527207878299,31.99500578565918,32.17668120830664,23844300
2011-02-22,30.95877456665039,31.80659294335311,30.85111537544343,31.759492207624913,44561900
2011-02-23,30.92514419555664,31.28849507699862,30.474321950166456,30.97897509656966,36264800
2011-02-24,30.891494750976562,30.992426386017463,30.420484732115877,30.70309177015153,31926900
2011-02-25,31.409624099731445,31.530741106724722,31.032815348330175,31.12028931266968,26782100
2011-02-28,31.416343688964844,31.746051583410495,31.234668224694666,31.497090050950902,25985300
2011-03-01,30.682910919189453,31.416340276708784,30.67618333982081,31.268310429410406,33682600
2011-03-02,30.420486450195312,30.93186966531373,30.32628495446251,30.541603392365555,28600000
2011-03-03,31.00588035583496,31.174098016011676,30.75691637067901,30.763646514492844,23043600
2011-03-04,30.62906837463379,30.978961375853387,30.346461403080557,30.93858821797507,27716900
2011-03-07,30.407026290893555,30.716548766530014,30.11769168186694,30.696360899920176,28110800
2011-03-08,31.221214294433594,31.41634492658951,30.481054681197136,30.534885591308473,32941500
2011-03-09,31.328861236572266,31.69220946984276,30.965510436503717,31.174101281016714,25174700
2011-03-10,30.635807037353516,31.120274840022333,30.454131611352707,31.005888034835767,33783700
2011-03-11,30.777118682861328,30.84440475179864,30.44741078475092,30.467596092072313,20337600
2011-03-14,30.481050491333008,30.642540632669835,30.030228231715505,30.56179427860206,24508900
2011-03-15,30.016769409179688,30.272461054120175,29.50538611929871,29.9763962336211,35606000
2011-03-16,29.478464126586914,30.131146912240936,29.377532502278626,30.036945431845375,41962900
2011-03-17,29.983116149902344,30.016759167990116,29.202586322996336,29.915827546929044,46741800
2011-03-18,30.777118682861328,31.073180979704087,30.11097530646638,30.44068320457679,77421000
2011-03-21,30.703092575073242,31.16737246147725,30.494501721692682,31.140457015854306,28985300
2011-03-22,30.595443725585938,30.756931320441737,30.514697361358998,30.723288285413364,19756600
2011-03-23,30.682910919189453,30.74346940070201,30.12442942683915,30.474322590378513,26688900
2011-03-24,30.77037811279297,30.844394303631315,30.339741257149647,30.750192812309106,21748100
2011-03-25,30.857851028442383,31.207744104038447,30.73000395138345,30.750191818012677,20710400
2011-03-28,30.92514419555664,31.28849507699862,30.91841661632933,31.01934570553079,19039400
2011-03-29,30.96551513671875,30.978972861000845,30.629079730061832,30.837670606236564,17913300
2011-03-30,31.254846572875977,31.523993330403233,31.10008660976821,31.30867489766215,26829100
2011-03-31,31.01934051513672,31.18083062435538,30.925139020925087,30.98569749103231,23340500
2011-04-01,31.187559127807617,31.544182380930543,31.073172329099066,31.322133795016367,25387300
2011-04-04,31.34992027282715,31.47169401468654,31.15372895752951,31.201085125950648,15708000
2011-04-05,31.51228904724121,31.640826861927188,31.153731849276568,31.234913491145715,21058400
2011-04-06,32.22939682006836,32.29028369388835,31.54611308561538,31.667886833255356,31203300
2011-04-07,32.06704330444336,32.337649707676,31.769372905953357,32.22940663023924,29972000
2011-04-08,31.688186645507812,32.24293265947455,31.5461181108691,32.14822030304874,23808000
2011-04-11,31.701709747314453,31.97908268777128,31.627292176337676,31.796422081023977,25641600
2011-04-12,31.55287742614746,31.870842501212984,31.289035164164485,31.491990551788486,27231300
2011-04-13,31.289031982421875,32.04673322350341,31.038720449163403,31.958787532264015,55383900
2011-04-14,30.423093795776367,30.950778371693506,30.38250168196812,30.90342219594289,45214600
2011-04-15,30.36896514892578,30.693694254915403,30.328375623625533,30.60574856295318,32475000
2011-04-18,29.73980712890625,30.003649414395117,29.448903434465194,29.949529177208735,50958800
2011-04-19,30.20661163330078,30.247201171698382,29.604506812979956,29.942766730124564,26705000
2011-04-20,30.145713806152344,30.42308673433317,29.726269802977484,30.375730569574305,35542800
2011-04-21,30.226892471313477,30.3351354916832,29.84804060966086,30.226892471313477,24368100
2011-04-25,30.179550170898438,30.456923199271884,30.023950918954153,30.206611583597887,17358900
2011-04-26,30.524572372436523,30.73429443756471,30.17954841312831,30.341911718431632,25900000
2011-04-27,30.781646728515625,30.869595013198108,30.477212343628487,30.646342270708246,20857200
2011-04-28,31.0184383392334,31.072561173392184,30.720770493516383,30.85607499819458,19859000
2011-04-29,30.86959457397461,31.133436843550125,30.713995352961298,30.991368326196824,23363000
2011-05-02,30.56516456604004,31.113146529433745,30.517808386814213,31.079318475085397,25904000
2011-05-03,31.06578826904297,31.16726727228341,30.348678925967135,30.40956581176775,30025500
2011-05-04,30.781646728515625,31.14696799038019,30.632811566855718,31.10637587882261,22727400
2011-05-05,30.55839729309082,30.92371859449088,30.43662610667563,30.605756052058823,26154500
2011-05-06,30.470443725585938,30.923710623634683,30.281016480694934,30.761347363119533,26332300
2011-05-09,30.41632080078125,30.517799773749363,29.98334866678995,30.274252303199884,22469500
2011-05-10,30.551637649536133,30.781654511753803,30.42986386479039,30.483986693885623,20534200
2011-05-11,29.922473907470703,30.47045593795142,29.841292244676033,30.45692523069922,31519600
2011-05-12,29.8277587890625,29.990124680409807,29.462437469069783,29.834522851706087,29567900
2011-05-13,29.19183349609375,29.834525309632877,29.07682377593132,29.807466476110985,32872500
2011-05-16,29.00916290283203,29.415073654783292,28.90091986359719,29.070049773696486,34951100
2011-05-17,29.638324737548828,29.78039323481172,28.85356210126945,28.87385686353058,36277100
2011-05-18,29.820999145507812,29.929242228873488,29.367729459669967,29.577451562755382,24372100
2011-05-19,29.766862869262695,30.003643700708466,29.597732966596432,29.983348938218114,19518000
2011-05-20,29.178300857543945,29.827759272012145,29.151239445094852,29.651865252529717,29946700
2011-05-23,28.785907745361328,29.0226911478817,28.616777849582803,28.684431356324655,32299500
2011-05-24,28.643835067749023,29.03621502666001,28.2040963706786,28.934738652447855,39341400
2011-05-25,28.596485137939453,28.921214251427262,28.48147545859221,28.488242100110185,26505300
2011-05-26,28.718263626098633,28.812975977268408,28.48148016745618,28.49501087201158,21648100
2011-05-27,28.948274612426758,29.191822083941688,28.77914471062111,28.887387744548025,24747300
2011-05-31,29.252710342407227,29.347422679005934,28.9347452860679,29.25271034240723,28746300
2011-06-01,28.251466751098633,29.08358840672214,28.231171982182364,29.00240416962042,38628700
2011-06-02,28.149991989135742,28.549138812623323,27.622307320386177,28.36647813942882,45964000
2011-06-03,28.1229248046875,28.58295842484661,27.750839471513558,27.798195645878355,31833100
2011-06-06,27.419334411621094,27.899665216257212,27.31109139523487,27.804950318791825,40895900
2011-06-07,27.54788589477539,27.947032662804652,27.50052971727345,27.683187784370567,36312000
2011-06-08,27.324636459350586,27.784670166009608,27.196098616294083,27.453176883125522,38890700
2011-06-09,27.72377586364746,27.89967242366313,27.426108136867228,27.459933604341703,30082300
2011-06-10,27.77113151550293,28.075565878522006,27.128437322622137,27.4599330914024,48545700
2011-06-13,28.190580368041992,28.29205937587573,27.547888587489563,27.93350468810837,31767100
2011-06-14,28.149991989135742,28.711502134983892,28.062043684104655,28.501782628541616,32103500
2011-06-15,27.52082633972168,28.00792143339692,27.22992261218989,27.750843180544067,37336400
2011-06-16,27.304330825805664,27.541111647941687,26.85782800355101,27.486991423189487,50316600
2011-06-17,27.60200309753418,27.777899663803723,27.426109111982473,27.635828566211295,31999600
2011-06-20,27.385520935058594,27.60877370568984,27.14197339644931,27.399051640616687,21565400
2011-06-21,27.676408767700195,27.892894770939684,27.229906063429155,27.520809614166605,34241100
2011-06-22,27.527585983276367,28.095862641097394,27.38551746400058,27.51405527943326,27306300
2011-06-23,27.10814666748047,27.229920431145523,26.803712258317834,27.141972139450075,48307500
2011-06-24,26.71576690673828,27.18256461992193,26.681938853595508,27.094616327043344,36136800
2011-06-27,26.9796085357666,27.135207769636803,26.60752318688411,26.654879363248167,30632700
2011-06-28,26.749588012695312,27.10814260716057,26.546632630558705,27.10814260716057,41558700
2011-06-29,27.36522102355957,27.439638599782583,27.006663845459393,27.08784806354871,44775900
2011-06-30,27.696714401245117,27.7846626810747,27.311098395238616,27.54788182851553,28000100
2011-07-01,28.30252456665039,28.397818842512628,27.751175774994792,27.778403452833796,32136800
2011-07-05,27.92814826965332,28.254872588049015,27.887309352712652,28.254872588049015,23805800
2011-07-06,27.60823631286621,27.669497294047456,27.34957854825934,27.628655774401807,23865700
2011-07-07,28.125547409057617,28.44546613395675,27.975797776709207,28.03705875389044,28550800
2011-07-08,27.73076057434082,27.887315851100535,27.608238601820233,27.703532892319654,20680000
2011-07-11,26.839069366455078,27.37680431972157,26.743775090498843,27.356382263035034,38328000
2011-07-12,26.811843872070312,27.308737349003618,26.709743966620024,26.709743966620024,33808300
2011-07-13,26.96839714050293,27.478904419671476,26.825455725513567,27.002430439799305,34020600
2011-07-14,27.465288162231445,28.071092261290868,27.424449245301506,28.030250747786866,65327400
2011-07-15,27.21342658996582,27.737547429673555,26.886702416493385,27.64225320364904,46544900
2011-07-18,27.111343383789062,27.227057130236805,26.49873355972893,27.084115703480943,47603200
2011-07-19,27.492517471313477,27.560586664531012,27.029657343731127,27.17259875462662,34837400
2011-07-20,27.880508422851562,28.152780057634093,27.649078312258837,27.696725458859564,31250900
2011-07-21,28.785804748535156,28.96277946493564,28.064286850588477,28.295716923773313,45552200
2011-07-22,28.71772575378418,28.806214380078398,28.425034802373148,28.772181091987832,19986100
2011-07-25,28.37739372253418,28.527143337909102,28.105124763258132,28.261679999071006,22522300
2011-07-26,28.207237243652344,28.445475610536786,28.105137312051998,28.248078774237573,24350600
2011-07-27,27.68310546875,28.180001481348427,27.628652711832878,28.04386569419437,32361100
2011-07-28,27.689908981323242,28.071088601272052,27.649067473144317,27.6967146010662,23370200
2011-07-29,27.53335189819336,27.73755423212126,27.15898051989662,27.390410524101185,37793400
2011-08-01,27.52654266357422,28.159571692923656,27.199818422067,28.01663032412177,34039300
2011-08-02,27.118144989013672,27.485710829008266,27.118144989013672,27.295119691655074,42119000
2011-08-03,27.158973693847656,27.240654087574818,26.784599813071285,27.063676871830918,41110100
2011-08-04,25.81124496459961,26.94797577611285,25.7431783708164,26.75738723626057,59931100
2011-08-05,25.593429565429688,26.376208401789903,24.994436250612782,26.069903526841376,85507800
2011-08-08,23.18382453918457,25.675098492637314,22.931972560032833,24.660890151948486,107650300
2011-08-09,24.77661895751953,24.905946522878935,22.931984166535546,24.082328803148563,78985700
2011-08-10,23.39484405517578,24.40224468271056,23.136188926825998,24.1776228505569,83975700
2011-08-11,24.974010467529297,25.3892233919863,23.571819066138673,23.571819066138673,69583500
2011-08-12,24.443082809448242,25.763593733546195,24.21846100841642,25.27350862376145,44072800
2011-08-15,25.10333824157715,25.280312905857546,24.769805770936113,24.86510002066968,34827900
2011-08-16,24.52476692199707,24.89233275712507,24.347792221698825,24.68813038091199,42266600
2011-08-17,24.892335891723633,25.362001675814383,24.722166790688295,24.81746107181618,30131400
2011-08-18,23.95299530029297,24.143586407986874,23.483329642215203,24.007450644369435,57130300
2011-08-19,23.3812255859375,24.164004226262755,23.319964626289668,23.66030271398351,52960800
2011-08-22,22.741397857666016,23.946195367456262,22.70055633990938,23.905353849699626,50971400
2011-08-23,23.673917770385742,23.687531606184642,21.99264929611379,22.659711670817746,55807900
2011-08-24,24.38863754272461,24.5111569103189,23.6058586157101,23.701152899713712,41959800
2011-08-25,24.313764572143555,26.253691491591308,24.10955955192826,25.722764670810804,55387600
2011-08-26,24.64728546142578,24.831068353595764,23.701145924996915,24.014256365031525,35114200
2011-08-29,25.620655059814453,25.620655059814453,24.82426504936705,25.06250071149047,27943900
2011-08-30,25.22586441040039,25.6751106609335,25.014853824326504,25.457294454406778,28818700
2011-08-31,25.56620979309082,25.886125976392638,25.33477968358805,25.470912903763427,30051100
2011-09-01,24.70854949951172,25.743177800869653,24.701743878913717,25.607042019743123,36862300
2011-09-02,23.571823120117188,23.99384173710491,23.49014008722337,23.86451416321774,41677300
2011-09-06,22.761808395385742,22.802649897132074,22.312562262469356,22.537186627214208,57071200
2011-09-07,23.701147079467773,23.810055176809616,23.054504115499526,23.21105934314256,36145900
2011-09-08,22.80946159362793,23.762409449045617,22.761814460514444,23.44249075822022,44815300
2011-09-09,21.836101531982422,22.598458420898584,21.73399902692978,22.516777974801208,67187400
2011-09-12,22.067527770996094,22.067527770996094,21.243909945346203,21.339205524740088,53377600
2011-09-13,22.11517906188965,22.74140015120159,21.89736020846093,22.33299531874377,50137600
2011-09-14,22.326181411743164,22.59164474486184,21.686346644827022,22.278534279982065,44442500
2011-09-15,23.01365852355957,23.02046414166746,22.550798595029832,22.714159395350265,35847800
2011-09-16,22.7550048828125,23.32677297731477,22.475927753149104,23.177023386958073,52683800
2011-09-19,22.11517906188965,22.387448084669998,21.87013512378512,22.251312274992525,33154800
2011-09-20,21.951805114746094,22.326176465605386,21.944999495962485,22.30575701268119,34085100
2011-09-21,20.651718139648438,22.087945485077434,20.597264089969407,21.938195874744885,57389200
2011-09-22,19.92339515686035,20.16843773642007,19.419694862176453,19.97784920768329,86285600
2011-09-23,20.14120864868164,20.28415002599103,19.64431533952976,19.71238192017987,51731300
2011-09-26,21.54340171813965,21.652309807529388,20.393058563387836,20.46112644382813,58696100
2011-09-27,21.488943099975586,22.550798692962186,21.271126967553684,22.203652446770764,58242900
2011-09-28,20.74021339416504,21.781648952069336,20.70618008699241,21.52299244200999,38725900
2011-09-29,21.366430282592773,21.85651808713756,20.719788526899784,21.495759153046215,51014100
2011-09-30,20.501977920532227,21.06693939582208,20.495170999349522,20.92399664756021,42420600
2011-10-03,19.501379013061523,20.896766441565237,19.494572093123,20.44071319198203,51002700
2011-10-04,20.778573989868164,20.895307603114656,19.1237042024837,19.39837114255918,69800000
2011-10-05,21.176849365234375,21.403449839951804,20.188046698414794,20.757981305111098,51117200
2011-10-06,22.23431396484375,22.289246051118667,20.88844379850603,21.087576867827888,53214000
2011-10-07,21.080711364746094,22.392247341598903,21.046377173638536,22.37164813664984,49320600
2011-10-10,22.179384231567383,22.19311791107282,21.684983556813457,21.698717236318895,37324800
2011-10-11,22.179384231567383,22.440318903307666,21.568249900448755,21.959650598343416,38161700
2011-10-12,22.797388076782227,23.25745458031165,22.44718577700961,22.495252348440097,55462500
2011-10-13,21.698715209960938,22.309850793723772,21.231780628107316,22.28238343727796,78830000
2011-10-14,21.897844314575195,22.193111793978648,21.561377117727083,21.884111948570578,51899600
2011-10-17,21.314178466796875,22.03517944838879,21.266110599604016,21.726178279297702,40865400
2011-10-18,22.570781707763672,22.948448672245632,21.382846104137286,21.53391393770253,64392400
2011-10-19,22.14504623413086,23.353580938079556,21.993978413850677,22.502113960609798,50119300
2011-10-20,22.74932098388672,22.790519404493242,21.746784608127253,22.193118730814028,41657100
2011-10-21,22.948450088500977,23.37418626038061,22.666916230028992,22.989651123679064,48445300
2011-10-24,23.738117218017578,23.82051666077904,23.051449082999582,23.078916437063757,45697200
2011-10-25,22.996517181396484,23.518383815706276,22.90724958967719,23.470317255418443,38679100
2011-10-26,23.47031593322754,23.628249282337748,23.003381414366523,23.422249375647517,36350900
2011-10-27,25.420459747314453,25.777527563136005,24.51405783770266,25.10459297081401,76438300
2011-10-28,25.193849563598633,25.392983924802536,24.850515541977025,25.138917482243144,39891200
2011-10-31,23.868579864501953,24.720049384748343,23.847980661565813,24.67198283161023,46429800
2011-11-01,22.460908889770508,23.099510317672344,21.863508483466692,22.296110042239327,74052400
2011-11-02,23.099517822265625,23.16818621390471,22.701251628484133,23.147584386697336,34325900
2011-11-03,23.60765266418457,23.703785789877905,22.550183042695437,23.429117471241614,40084700
2011-11-04,23.32611846923828,23.38791870904031,22.96905070809669,23.339852146908864,30858700
2011-11-07,23.511524200439453,23.580189983998213,23.147588213169172,23.367321863875283,25925900
2011-11-08,24.0471248626709,24.15699168901111,23.36045654318663,23.710656233573634,30193100
2011-11-09,22.34418296813965,23.339852342432785,22.23431616528579,23.236851068756145,52990400
2011-11-10,22.481517791748047,22.817983739442194,22.165648432194963,22.605115656613354,30427400
2011-11-11,22.852313995361328,23.243714610781012,22.67378143827362,22.852313995361328,29983400
2011-11-14,22.351049423217773,22.64631695926244,22.124450278945883,22.62571775144626,27596300
2011-11-15,22.454055786132812,22.73558970757942,22.0283221384547,22.0351876694711,31260500
2011-11-16,21.609445571899414,22.309848688296988,21.56137901237103,22.206847421061287,40761800
2011-11-17,20.936511993408203,21.630046990589808,20.833512031586604,21.561379912803552,55130100
2011-11-18,21.02577781677246,21.183711165579695,20.82664343893385,21.060110697916482,39029900
2011-11-21,20.538246154785156,20.73051372600455,20.32537937538504,20.61378007735629,39658100
2011-11-22,20.194908142089844,20.668709484340194,20.17430762817794,20.531375344358363,36466200
2011-11-23,19.487634658813477,20.016369262469194,19.453301787288858,19.98890322719252,44468500
2011-11-25,19.556306838989258,20.030108186601137,19.418974007168796,19.418974007168796,21423200
2011-11-28,20.02324104309082,20.648108889087247,19.789773791870683,20.400907961979943,45280100
2011-11-29,19.611236572265625,20.002637099938852,19.55630318785035,19.899637167874612,45104700
2011-11-30,21.266109466552734,21.28670997996637,20.462707779436357,20.703041863733894,61412600
2011-12-01,20.915908813476562,21.266109686843706,20.620642643114845,21.19057708964206,33189700
2011-12-02,22.199979782104492,22.84544681972466,21.156242700041254,21.204309255000695,90515100
2011-12-05,23.010244369506836,23.415378609109883,22.811112632986855,23.099511946214122,52207600
2011-12-06,22.817983627319336,23.05831906535119,22.440316646905014,22.838582834790454,38782900
2011-12-07,23.346721649169922,23.47718768009637,22.467787084125174,22.536452864732436,44722800
2011-12-08,22.12445640563965,23.140725310419647,22.028323249967922,23.037724003953066,47788900
2011-12-09,22.783649444580078,22.872917037591414,22.220581770689087,22.220581770689087,39104600
2011-12-12,22.000850677490234,22.385383209148475,21.808583101945406,22.351050321597764,35977900
2011-12-13,21.48584747314453,22.405982917378623,21.19744679197093,22.22744772791599,49475100
2011-12-14,21.636913299560547,21.93218081001093,21.16997875370557,21.20431163690027,41291500
2011-12-15,21.808578491210938,22.16564489928135,21.678111188613144,22.042044434685064,33457300
2011-12-16,21.897844314575195,22.385378015197336,21.84291092141051,22.08324500764928,52596800
2011-12-19,21.080711364746094,21.904712305595375,20.888443823690192,21.88411310064631,47388000
2011-12-20,22.117578506469727,22.275511852525497,21.451510931985318,21.561377721390674,49091600
2011-12-21,22.193113327026367,22.254913562320077,21.904712665560893,21.973379739188957,30893000
2011-12-22,22.969051361083984,23.037717131957812,22.34418341617962,22.447182072490367,35543200
2011-12-23,23.05144500732422,23.140712582534054,22.74931202433095,23.08577788411859,21958800
2011-12-27,22.68064308166504,23.133843854487658,22.68064308166504,22.811111677409624,16891600
2011-12-28,22.419719696044922,22.721852786900712,22.36478497801758,22.653187008798064,19242700
2011-12-29,22.948450088500977,23.017118480464458,22.46091629300118,22.46091629300118,19792000
2011-12-30,22.83171844482422,22.94845078556091,22.70125242527767,22.735585312586615,18196900
2012-01-03,24.0196533203125,24.163853013640846,23.353584328132076,23.38791983367518,44102800
2012-01-04,24.171817779541016,24.31014058045689,23.743019471161006,23.819094505291144,36571200
2012-01-05,24.67668914794922,24.842674367393105,23.791427608815162,24.005825403787476,38381400
2012-01-06,24.455371856689453,24.738932336230672,24.303216552154602,24.683602175204438,33160600
2012-01-09,24.41386604309082,24.67667894319584,24.199468336780185,24.510691154106773,23001800
2012-01-10,24.932579040527344,25.140061837986618,24.732011193059055,24.94641157879622,35972800
2012-01-11,25.354455947875977,25.409786087255906,24.662845035344404,24.759670140973025,29852900
2012-01-12,25.485857009887695,25.62417969800729,25.01556145325258,25.4651095300698,39420700
2012-01-13,24.84266471862793,24.84266471862793,24.29629405868794,24.386201585013964,61571500
2012-01-17,24.144140243530273,24.67668103760326,23.860579835079633,24.10264263316434,55115100
2012-01-18,25.271467208862305,25.368292329171968,23.881327586454514,23.88824517406901,55502100
2012-01-19,25.541194915771484,25.69335018285115,25.38903964869182,25.478949819083134,37000400
2012-01-20,25.838586807250977,25.866251879824247,25.32679351779161,25.43745116979816,34716500
2012-01-23,26.04606819152832,26.239718412682326,25.77634034398199,25.804005415085815,27499200
2012-01-24,26.04606819152832,26.205138392945738,25.451282354228006,25.714095253141576,25403800
2012-01-25,26.00457000732422,26.156725256729583,25.672597076310428,25.83858486096049,29860700
2012-01-26,25.92850112915039,26.350381681211957,25.762513305396876,26.19822903424877,33284600
2012-01-27,25.734851837158203,26.046077401409494,25.69335685411625,25.748684377601297,27674600
2012-01-30,25.596527099609375,25.70718477634411,25.146981442125114,25.354464256216858,24423600
2012-01-31,25.797096252441406,25.963084094982804,25.541200856882035,25.95616650580465,29649500
2012-02-01,26.00457000732422,26.301962919369434,25.935409969387056,26.205137810942865,41957800
2012-02-02,25.969993591308594,26.391876740799827,25.880083418887505,26.066818713168217,26784200
2012-02-03,26.47486686706543,26.627022123451102,26.315796661883343,26.467951918269016,41074400
2012-02-06,26.378047943115234,26.502538156950706,26.14981764327492,26.322720424903398,23106200
2012-02-07,26.19131088256836,26.364213652711538,26.073738265248707,26.184395932608865,21091900
2012-02-08,26.48870277404785,26.523282799003685,26.260472498709913,26.31580001098189,23258700
2012-02-09,26.184398651123047,26.751519585009298,26.170566111481044,26.696189426441286,28608400
2012-02-10,26.011497497558594,26.122155183361034,25.665691899640052,25.741769553308107,22618800
2012-02-13,26.48870277404785,26.516367849327235,26.129064710276236,26.336550136584822,24828000
2012-02-14,26.225893020629883,26.46104091249002,25.893919991819175,26.440293422654076,27031900
2012-02-15,25.86625099182129,26.557861952690452,25.804005899811607,26.336546656275235,26534900
2012-02-16,26.281219482421875,26.364212068382923,25.62418846770398,25.693351154577133,22139600
2012-02-17,26.606271743774414,26.723844328525697,26.440283969570416,26.696179259777335,28009300
2012-02-21,26.599353790283203,26.952076816240613,26.564773773968156,26.73076154588096,22804200
2012-02-22,26.32963752746582,26.550952894977282,26.21206489272604,26.48870778297173,23416900
2012-02-23,26.620101928710938,26.640849409297992,26.108308755180786,26.322709061628785,31361400
2012-02-24,26.47486686706543,26.751512308078205,26.41262177475188,26.737679772198923,17586400
2012-02-27,27.014333724975586,27.13190635956499,26.13598720703718,26.329637493790212,34030400
2012-02-28,27.118064880371094,27.353212710325156,26.86908451473898,27.0627373759453,37900900
2012-02-29,27.13881492614746,27.622940482075702,26.986659672406354,27.201060017379152,41187700
2012-03-01,27.920331954956055,27.975662094642708,27.297883713198846,27.3255461447559,44376700
2012-03-02,28.10015869140625,28.273061460005103,27.82351320633333,27.96183594886979,34897900
2012-03-05,27.94109344482422,28.15549122762596,27.66444791040523,28.148576276494786,30806900
2012-03-06,27.194150924682617,27.574536539564846,27.05582816337438,27.284061115276057,33927500
2012-03-07,27.62986183166504,27.705939468895824,27.235643746275304,27.29097125807884,22875100
2012-03-08,27.968740463256836,28.183140766107073,27.816587877695078,27.989490581781624,22052300
2012-03-09,28.376794815063477,28.660355182852015,28.010241876730696,28.183144604364838,33494200
2012-03-12,28.03791046142578,28.342218350429597,27.80276261683165,28.25922576948066,30763800
2012-03-13,30.009004592895508,30.24415246761591,28.23156431332456,28.369887058151896,77277600
2012-03-14,30.140413284301758,30.430888682621752,29.7876901425852,30.168075723460568,68028700
2012-03-15,30.915010452270508,31.06716306949781,29.690858735976686,30.181901884588285,57117700
2012-03-16,30.825101852416992,31.067164645480602,30.583039059353386,31.032584623369594,48844500
2012-03-19,31.12250518798828,31.36456806191321,30.576131685943498,30.735201951420944,41509300
2012-03-20,31.38532829284668,31.537481017583392,30.686799251948482,30.797456978251684,34796200
2012-03-21,31.20549201965332,31.58587759609844,31.02567429492385,31.489052464452808,27267900
2012-03-22,30.88043785095215,31.191660747221412,30.714450019759745,30.928850418740126,27457200
2012-03-23,31.233156204223633,31.295401306829465,30.735195383376972,30.74211297160367,30639300
2012-03-26,31.931682586669922,31.931682586669925,31.39914437193515,31.454471886927486,33529400
2012-03-27,31.73802947998047,32.15299767749298,31.69653450702989,31.758776966455752,33026400
2012-03-28,32.00084686279297,32.02851194080244,31.371480848656404,31.64812371388991,29755800
2012-03-29,31.585878372192383,31.82794384554121,31.309235509019913,31.758781151032817,32262300
2012-03-30,31.800273895263672,31.90401660198717,31.468300927349762,31.869436579174877,25945800
2012-04-02,31.904029846191406,32.0561825373854,31.440648905627867,31.641216814801457,27669300
2012-04-03,31.618595123291016,32.01539633229541,31.305335064136845,31.841361785851344,31036400
2012-04-04,30.915496826171875,31.228759541916745,30.602234110427005,31.103454455618795,41342900
2012-04-05,30.866792678833008,31.138286369940882,30.497839986359093,30.720604176783944,28832300
2012-04-09,30.553512573242188,30.825006112109513,29.982679323429576,30.066215184106337,29376400
2012-04-10,29.906112670898438,30.63705764662214,29.697271628628513,30.546561543491862,38841000
2012-04-11,30.63704490661621,30.77627309541929,30.3307450156949,30.344668100130892,32142200
2012-04-12,31.2148494720459,31.31927130601008,30.630093044073114,30.713628917909926,33631100
2012-04-13,30.08013916015625,31.291421125815784,29.975719995110026,31.291421125815784,58183900
2012-04-16,30.163673400878906,30.490856591622748,29.82256447010194,30.19847978429121,40387600
2012-04-17,30.560466766357422,30.630079521228573,30.045323351419228,30.414275732237805,26887000
2012-04-18,30.13582992553711,30.56743496065256,30.121906839816344,30.365554201037064,20242900
2012-04-19,30.087100982666016,30.414284208410944,29.77383818732971,30.240249617174896,25961800
2012-04-20,29.73902702331543,30.33770634589275,29.732064153672425,30.288974225061782,26178100
2012-04-23,29.829524993896484,29.906100631531746,29.09858031243084,29.182116164598007,25536300
2012-04-24,30.128862380981445,30.149748334101076,29.801679211749416,29.920021438681783,21420400
2012-04-25,30.04532814025879,30.553508767373508,29.92002303707359,30.386437066831114,31694000
2012-04-26,30.49085807800293,30.553510633422018,29.975717205052167,30.08709923073533,28100300
2012-04-27,30.170642852783203,30.623133942354315,30.094067192496617,30.588324892727577,26242900
2012-04-30,29.92002296447754,30.191516468867796,29.613723077188467,30.163672955882824,23518000
2012-05-01,30.483903884887695,30.797166723863985,29.90610768682504,29.933953862635708,26359700
2012-05-02,30.07317352294922,30.302897769080705,29.82256332312816,30.254168303066248,22462200
2012-05-03,29.940908432006836,30.205441741202684,29.704221293369915,30.198481526341443,19536400
2012-05-04,29.06376838684082,29.7111770926928,29.035922222909125,29.46752979718135,31279900
2012-05-07,29.08466148376465,29.516269203491973,28.799244846168065,28.84101410614217,25910100
2012-05-08,28.80620002746582,29.12642296844541,28.506860383119864,28.8897358695569,28049700
2012-05-09,28.291061401367188,28.55559471121196,27.92906914988408,28.34675374262166,38769900
2012-05-10,28.360673904418945,28.820125050178582,28.221445721191873,28.70178016499072,35827100
2012-05-11,25.729270935058594,26.446295189959667,25.492583806795913,25.854576041524535,217294200
2012-05-14,24.91478729248047,25.38816148999065,24.893901340302065,25.130588439057156,96488500
2012-05-15,25.22804832458496,25.94506978636389,25.144509832597162,25.193239291811867,89903700
2012-05-16,24.685062408447266,25.743192897153186,24.685062408447266,25.61092758189873,68729600
2012-05-17,23.619977951049805,24.43445866736861,23.58517155946957,24.39269205969531,95429200
2012-05-18,23.313674926757812,23.661744107980756,22.9516826596191,23.661744107980756,82650100
2012-05-21,22.63144874572754,23.46681500729114,22.45741421854996,23.334549722636392,99554800
2012-05-22,23.675662994384766,24.072464278214962,22.96560424788509,23.19532851162159,84721000
2012-05-23,23.849700927734375,23.961082967904048,23.11875612314856,23.40417276705568,52512900
2012-05-24,23.64781951904297,24.002848892880074,23.404169514338694,23.9750027228184,37843800
2012-05-25,23.320632934570312,23.759200804955466,23.174444529627547,23.66870208284748,28796400
2012-05-29,23.4111270904541,23.668697466385463,23.22316946837781,23.654774384503185,35855200
2012-05-30,22.944713592529297,23.278859597598398,22.937753379229612,23.18140067806446,34203600
2012-05-31,23.07698631286621,23.29975036226799,22.90991194803641,22.944718332838512,42124900
2012-06-01,22.227697372436523,22.728917826198305,22.116315344440242,22.561843456425372,50472200
2012-06-04,21.580286026000977,22.394766514250566,21.461942468876288,22.387806300106487,60492400
2012-06-05,22.269466400146484,22.366926675287466,21.482830622624377,21.50371392404285,46502800
2012-06-06,23.02129554748535,23.188369923743707,22.464385385886043,22.770685310876384,47980500
2012-06-07,22.840301513671875,23.550362989572047,22.833338642665396,23.508593730204787,53888800
2012-06-08,23.44593620300293,23.44593620300293,22.65929924598712,22.812450509005238,34238200
2012-06-11,22.847261428833008,23.975004861354684,22.819415256287492,23.926275387178617,46404900
2012-06-12,23.508590698242188,23.51555091279378,22.63145495355661,22.88902803643238,43334400
2012-06-13,23.87754249572754,24.413569290507066,23.411131122348678,23.45289771963228,72456600
2012-06-14,24.121192932128906,24.28826463545798,23.717431447229426,23.954118573242987,44428000
2012-06-15,24.385717391967773,24.41356355398495,23.954112502926233,24.28825848046383,40917100
2012-06-18,24.100309371948242,24.573683671005835,24.016773511984287,24.162961930810486,31084400
2012-06-19,24.629371643066406,24.803406202842485,24.17688072542595,24.35787815470479,32489000
2012-06-20,25.374238967895508,25.71534521285581,24.94263400964597,25.081859530944367,61149700
2012-06-21,24.71987533569336,25.77800610455149,24.664185640257383,25.402093357575637,95637000
2012-06-22,25.054014205932617,25.402083295089156,25.03312825480487,25.07489750150396,44193500
2012-06-25,24.587604522705078,24.692026329839276,24.11423026666195,24.545835268740024,33115800
2012-06-26,24.859102249145508,25.144518894070135,24.76860616688068,25.102752288580927,35053600
2012-06-27,25.603965759277344,25.631811928540362,24.712909587315707,24.810368524179403,34156800
2012-06-28,24.977432250976562,25.01223861995937,24.260408303263226,24.58759401392422,69904800
2012-06-29,24.873022079467773,25.617889876147313,24.53887600151819,25.548277105741683,56063200
2012-07-02,25.255903244018555,25.311595597173056,24.775568648069996,25.24894302765302,34274900
2012-07-03,25.185697555541992,25.36820142667211,24.947036999326833,25.2418515629289,26705900
2012-07-05,24.13279151916504,25.0312773459792,24.020480790813266,24.99618074543783,58519800
2012-07-06,23.79585838317871,23.950283954929372,23.676526732868016,23.80989488067515,32057200
2012-07-09,23.837970733642578,23.95028144573977,23.54315611852442,23.732680947256917,30545000
2012-07-10,24.041542053222656,24.181931155496684,23.73268817037932,24.020484625076346,33175500
2012-07-11,24.28019905090332,24.42760638102795,23.950285112120476,24.01346006470232,35144300
2012-07-12,23.894128799438477,24.26615755253666,23.823932926788704,24.0976928135747,39301500
2012-07-13,25.319074630737305,25.410327937461272,24.46972455083467,24.61011363555637,83001000
2012-07-16,24.631168365478516,25.164643615799505,24.378468576174285,25.101468668473448,52368300
2012-07-17,24.56096839904785,24.90491871257558,24.055568959760365,24.876840370904485,43998300
2012-07-18,24.539915084838867,24.729439926941364,24.32231457100542,24.392507766880964,28944900
2012-07-19,24.18895149230957,24.687330304560664,24.08366166479576,24.582040477046856,34384700
2012-07-20,23.79585838317871,23.957304881376466,23.79585838317871,23.901148180595225,36301200
2012-07-23,24.17490577697754,24.217023303215612,23.2343024459186,23.332576673807434,41248300
2012-07-24,24.378463745117188,24.49077444280714,24.020474233011157,24.27317397223812,29920400
2012-07-25,24.687320709228516,24.883866464054652,24.420584441040738,24.553952575134627,32127700
2012-07-26,25.136566162109375,25.227816774679034,24.806652274161635,25.11550606269449,28900500
2012-07-27,25.894672393798828,26.112275650394462,24.925990470427372,25.276961910143157,63636200
2012-07-30,25.368209838867188,25.634948826076524,25.227820757299167,25.62090965014982,30698200
2012-07-31,25.26993751525879,25.50157989444415,25.206762564362684,25.34715164165391,19681600
2012-08-01,25.26993751525879,25.550715669841235,25.14358761346658,25.403305665951038,22180200
2012-08-02,24.687320709228516,25.157623657967612,24.39952434156379,25.003195424396775,36675000
2012-08-03,25.333114624023438,25.47350371327297,24.918968283471852,25.143589755191442,24516300
2012-08-06,25.480520248413086,25.83149160907359,25.347152095333723,25.43840539886117,18979200
2012-08-07,25.97890281677246,26.58257407567358,25.670048937248357,25.670048937248357,37225800
2012-08-08,26.084184646606445,26.30880604490911,25.79638831267501,25.866581495507734,18672400
2012-08-09,25.915729522705078,26.15439020605142,25.684089767583377,25.77534309060686,23406700
2012-08-10,25.95081901550293,25.971876436831423,25.55071194407033,25.80340903310786,15492700
2012-08-13,25.964868545532227,26.035061763090784,25.72620785705368,25.880633471222428,14453500
2012-08-14,26.042070388793945,26.42112004999503,25.957838023315468,26.266691815202304,18065100
2012-08-15,26.021015167236328,26.259675787689133,25.936782794634997,26.021015167236328,17521300
2012-08-16,26.042070388793945,26.217556045531637,25.831488136248442,26.098227084245345,15894100
2012-08-17,25.957836151123047,26.112264374777734,25.831486273168924,26.112264374777734,17079800
2012-08-20,26.231590270996094,26.322843545041042,25.83148326332732,25.915715612915978,17922100
2012-08-21,26.7019100189209,27.277503014182933,26.36497772981872,26.414113521289885,36880600
2012-08-22,26.55449676513672,26.800175668097328,26.3649718924103,26.58959336874549,16899400
2012-08-23,26.13332176208496,26.596603754763482,26.11226434168544,26.54044974113194,16429500
2012-08-24,26.091211318969727,26.280736187055844,25.740239936076733,25.929764804162847,20019300
2012-08-27,26.13332176208496,26.280729060278485,25.901682104594915,26.189478453414928,17618200
2012-08-28,26.063133239746094,26.315833040555955,25.90168673982844,26.042073137879335,18050500
2012-08-29,26.182464599609375,26.315835438690137,26.01399983551672,26.19650377623362,13681900
2012-08-30,25.901683807373047,26.063130289012566,25.768312995545788,26.01399451971787,13700700
2012-08-31,26.07015037536621,26.25265696935754,25.873607284328276,26.07015037536621,16771600
2012-09-04,25.97890281677246,26.140352023157124,25.817456288087175,25.95784538885245,13631400
2012-09-05,26.04908561706543,26.175435476496958,25.92975400418097,26.028028199726187,13537500
2012-09-06,27.158151626586914,27.284501478081122,26.3228410996622,26.37899777930312,41346800
2012-09-07,27.586341857910156,27.747788324130717,27.37575962708761,27.403837971916843,28082400
2012-09-10,27.207286834716797,27.923268419538,27.186229419124288,27.537200626721088,20853500
2012-09-11,27.796937942504883,27.81799805047217,27.186248365447188,27.235384154538057,22378900
2012-09-12,28.021554946899414,28.253197353352977,27.930304311962477,27.993479270295335,29882200
2012-09-13,29.06043243408203,29.18678234987624,27.78991502646214,27.965400723098625,47018600
2012-09-14,29.179752349853516,29.5447628066913,28.9410917695249,29.453509523057253,43471600
2012-09-17,28.913013458251953,29.08849910053299,28.74454874117326,28.77964533408979,19740100
2012-09-18,28.962158203125,29.011296661680802,28.54099360215458,28.814750860555275,25186600
2012-09-19,29.0183162689209,29.313130967852626,28.807733958584045,29.011298018912726,22887200
2012-09-20,28.955137252807617,28.97619467758235,28.46377681237169,28.751573220988607,20997400
2012-09-21,28.6954288482666,29.271021859118584,28.618214694520624,29.15169016395665,28287400
2012-09-24,28.941102981567383,29.109570441411545,28.491859992248855,28.50589917037749,20499500
2012-09-25,28.463764190673828,29.16570660069142,28.44972502114974,29.16570660069142,21988200
2012-09-26,28.246187210083008,28.519944548858735,27.867137351301224,28.183012233619376,23782700
2012-09-27,28.555023193359375,28.77262634817479,28.225109337474343,28.35848013591212,20843400
2012-09-28,28.414640426635742,28.519932903648957,28.190018974859882,28.372522900290672,21380700
2012-10-01,28.758590698242188,29.130619439033744,28.639259057534407,28.695415753796574,21956400
2012-10-02,28.723493576049805,28.948117700227538,28.470796457035217,28.877921824641103,26946100
2012-10-03,28.893211364746094,28.992208719019825,28.5820737399137,28.871998416680466,22419100
2012-10-04,29.572052001953125,29.692264999021504,28.928566516400362,29.10534827284316,24326500
2012-10-05,29.494264602661133,30.010466955361615,29.31748286416883,29.72761779225909,22774400
2012-10-08,29.458906173706055,29.58618922989505,29.069986923117455,29.225555702342902,18631300
2012-10-09,29.260913848876953,29.66397599323705,29.204342398277177,29.536692926862784,19947500
2012-10-10,29.536678314208984,29.69931710800835,29.22554358226331,29.381109599499197,25797600
2012-10-11,29.77004051208496,30.1518896739488,29.593258792422997,29.96096509301688,27755000
2012-10-12,29.430625915527344,30.00339977473397,29.098278049299267,29.416483051382986,44564000
2012-10-15,29.968040466308594,29.98925341131215,29.508406876413364,29.635689941385113,26268000
2012-10-16,30.2862491607666,30.484243847480506,29.890257089863496,30.25796343481453,28588100
2012-10-17,30.632736206054688,30.78830498274639,30.243816961800395,30.35695715462846,26177500
2012-10-18,30.413528442382812,30.653951709406503,30.229676625235385,30.47009989225907,23630400
2012-10-19,29.925613403320312,30.279176891258857,29.74176157648142,30.265034028044273,29747500
2012-10-22,29.76297950744629,30.067044373798055,29.345774413903808,29.876119734637008,27993000
2012-10-23,29.225553512573242,29.515475408286445,29.027556163628383,29.324550838308266,22896400
2012-10-24,29.494264602661133,29.61447758752303,29.2326283849856,29.473051657234137,18918900
2012-10-25,29.465974807739258,29.89732262168565,29.275052930312878,29.869039597514075,17311700
2012-10-26,29.105350494384766,29.45891403425702,28.900282993864682,29.289202348229015,21892700
2012-10-31,29.47304344177246,29.550827816623112,29.09826712382787,29.310404611391327,19423500
2012-11-01,30.29330825805664,30.335736831598595,29.402329793470116,29.48718424307971,23325400
2012-11-02,29.996326446533203,30.45596008167282,29.93268760525819,30.43474713458115,17029200
2012-11-05,29.890256881713867,29.95389841592519,29.600334936412334,29.932685470346506,13252500
2012-11-06,30.321596145629883,30.441806399731046,29.989245706098057,30.102385879506304,17190900
2012-11-07,28.624494552612305,29.706397769478478,28.50428428294933,29.706397769478478,47631200
2012-11-08,28.567930221557617,29.345768797439394,28.567930221557617,29.190200003272928,27830900
2012-11-09,28.723482131958008,29.154829795489412,28.186067095451406,28.504274609324895,27553200
2012-11-12,28.695201873779297,28.928552274716843,28.49720456975515,28.886123702967197,12816000
2012-11-13,28.313356399536133,28.652776924016717,28.28507068146078,28.41235371532532,19793500
2012-11-14,27.783018112182617,28.54671380448079,27.669877909713435,28.43357360201161,30986600
2012-11-15,27.853731155395508,28.08708435228337,27.556739120238596,27.620380655982984,24858700
2012-11-16,27.952726364135742,28.051723701622084,27.457739676704023,27.882014750924107,32458000
2012-11-19,28.7022762298584,28.780060607584307,28.34871283835853,28.34871283835853,26781200
2012-11-20,28.780059814453125,29.119480337242173,28.4618522313776,28.518423667246374,19375900
2012-11-21,28.801271438598633,28.97805312140182,28.532562525444952,28.949767404759456,13030200
2012-11-23,29.055835723876953,29.14776294862891,28.97098127659205,29.06290580386976,8316700
2012-11-26,28.90735626220703,28.90735626220703,28.348725212404286,28.843714716058923,20376600
2012-11-27,28.815418243408203,29.13362585552975,28.737633860725737,28.900272707482355,19875000
2012-11-28,28.871999740600586,28.90735555482307,28.200228480470578,28.631576427421713,26106900
2012-11-29,29.147775650024414,29.239700217359047,28.928565310085176,29.098276976082555,18915000
2012-11-30,29.048768997192383,29.23262077044538,28.886127466366258,28.985127480013546,20066600
2012-12-03,28.857845306396484,29.253834582898556,28.81541672785356,29.183122982801653,18955500
2012-12-04,28.68814468383789,28.935638076498414,28.4265084262431,28.836640719434204,24031100
2012-12-05,29.133628845214844,29.338696293789894,28.638639475282844,28.772992615310436,25515600
2012-12-06,29.32456398010254,29.381132749813194,29.069997772714533,29.1689951428152,20541700
2012-12-07,30.095314025878906,30.10238410615532,29.508397556385525,29.58618192679784,34552900
2012-12-10,29.918542861938477,30.173106303473666,29.7064026144462,30.081181740200666,22394500
2012-12-11,30.151897430419922,30.470105147164283,29.99632861390586,30.123611700603607,21955000
2012-12-12,30.243812561035156,30.675160326387843,30.194313902467595,30.406451395967803,23110600
2012-12-13,30.250885009765625,30.349882334649653,30.052890359997576,30.158960463787484,18457000
2012-12-14,30.272098541259766,30.48423603659434,30.201384244498502,30.24381282255526,16208600
2012-12-17,30.745874404907227,30.76708734672583,30.272100721126485,30.40645384843562,23879800
2012-12-18,31.02165985107422,31.071158523866245,30.625670468738008,30.99337682196117,33858600
2012-12-19,30.781232833862305,31.389362394322696,30.703448443923183,31.106513255196372,34348500
2012-12-20,31.488370895385742,31.495443677420436,30.69638924848707,30.89438398584274,25014900
2012-12-21,31.11357307434082,31.25499894599174,30.646869586124673,30.986290059602403,38973500
2012-12-24,31.057018280029297,31.127732602464597,30.908522249128545,30.91559503010987,8621200
2012-12-26,31.085298538208008,31.24086732271106,30.915589589182044,31.078228455946554,11498900
2012-12-27,30.851951599121094,31.127730696039645,30.33574921559847,31.085302105177014,19567000
2012-12-28,30.576160430908203,30.894365295588496,30.4700903443652,30.4771604246467,15401200
2012-12-31,31.09238052368164,31.113593474221776,30.44182216653317,30.477177983258695,24209600
2013-01-02,31.7972354888916,32.03931038712344,31.48396320953522,32.02507036769733,31413000
2013-01-03,31.733156204223633,31.86131366081016,31.469722639465083,31.854195009224664,24227700
2013-01-04,32.295616149902344,32.34545484576289,31.640589022012737,31.647710387710084,24487700
2013-01-07,32.331233978271484,32.388194073563504,32.053560303739964,32.103399029117064,24456900
2013-01-08,32.39530563354492,32.39530563354492,32.01083322253608,32.324108246027535,19624200
2013-01-09,32.37394332885742,32.89369180424762,32.13898708759567,32.43802205683736,25920600
2013-01-10,32.858089447021484,32.865208097777625,32.41665705198315,32.67297193529428,23413600
2013-01-11,32.85097122192383,32.85809258936664,32.37394281147911,32.72993513545489,19723900
2013-01-14,32.665855407714844,32.87945025235523,32.38106047085713,32.672974058933676,19079500
2013-01-15,33.000492095947266,33.08593222152318,32.28850734551901,32.38818749202424,29898000
2013-01-16,33.33512496948242,33.342246337773275,32.445144053560725,32.687218971331674,43453600
2013-01-17,33.06455612182617,33.37070964558424,32.95776008637887,33.03607880864327,41086800
2013-01-18,33.078800201416016,33.178477599818045,32.87944540461196,33.021842852045744,28679100
2013-01-22,33.135765075683594,33.14288372688596,32.84385148828224,32.92928888273962,24257300
2013-01-23,32.915061950683594,33.06457812943002,32.6943456515768,32.915061950683594,19105100
2013-01-24,33.01472473144531,33.320878322923065,32.80825126417424,32.92216869011905,20008200
2013-01-25,33.577205657958984,33.577205657958984,33.18561453085435,33.27817332249945,26009100
2013-01-28,33.20695877075195,33.46327364171748,33.09304135210122,33.34935622306674,19706800
2013-01-29,33.5487174987793,33.5771975379376,32.92929158511928,32.950650256485,19907400
2013-01-30,33.55583953857422,33.71247432506968,33.43480072773046,33.491760807187774,18631300
2013-01-31,33.498863220214844,33.61990197238388,33.37782718405057,33.470383194292154,19536000
2013-02-01,34.068458557128906,34.17525732266441,33.61278889405425,33.748067692533276,24520000
2013-02-04,33.947425842285156,34.03998460048594,33.73383100613434,33.84774843314849,20822600
2013-02-05,34.73773193359375,34.74485058509383,34.12542469636203,34.13254334786211,28067500
2013-02-06,34.60956954956055,34.766207020313665,34.40309337738699,34.47429074627175,28282600
2013-02-07,34.339012145996094,34.70924441231476,34.10405867306628,34.638047048640345,21429600
2013-02-08,34.623802185058594,34.6665195108803,34.360366001135,34.41020740793523,15218300
2013-02-11,34.64517593383789,34.816053459546325,34.44582108384983,34.538377140769356,13935900
2013-02-12,34.9869270324707,35.107965841403434,34.60245465022231,34.74485213061128,16388000
2013-02-13,34.6594123840332,35.20764088103853,34.53125493195373,35.1364407876578,21635600
2013-02-14,35.04388427734375,35.09372298404897,34.43869571362834,34.460057099363304,18017800
2013-02-15,34.80180740356445,35.21475705206369,34.58109120363884,35.136438312864094,20016200
2013-02-19,35.207637786865234,35.371393913240674,34.97268157336638,34.97268157336638,20445900
2013-02-20,34.60956954956055,35.27171540100988,34.4315734113431,35.13643659772108,24786700
2013-02-21,34.35325241088867,34.49564985527477,34.05422022208268,34.467169823196485,24437700
2013-02-22,34.82316970825195,34.82316970825195,34.467177377267575,34.6238148720226,23584100
2013-02-25,33.961666107177734,35.0296430117053,33.92606742022796,34.958442921800035,32775500
2013-02-26,33.89045715332031,34.360366759768695,33.35646884071964,34.331889447260465,39401400
2013-02-27,35.08660125732422,35.17204136737707,34.004384307373535,34.06846303191028,31921200
2013-02-28,34.830284118652344,35.27883516155564,34.7092480445387,35.00116161176023,24711500
2013-03-01,34.82316970825195,35.186280690813405,34.43869733894739,34.6024534852795,25923400
2013-03-04,34.958431243896484,34.986911270344805,34.410205672792735,34.69499778926153,17695200
2013-03-05,35.23612594604492,35.67755572396732,35.10796847567935,35.23612594604492,25561100
2013-03-06,35.62059783935547,35.73451529604314,35.3286841868429,35.51380175146438,19607900
2013-03-07,36.04777145385742,36.211527542305305,35.606339163949215,35.63481919220232,24245400
2013-03-08,35.74162673950195,36.20441509052795,35.321555725367354,36.019300293318686,32711900
2013-03-11,35.94097900390625,36.14745517091495,35.53514803620251,35.762982870141265,19473000
2013-03-12,35.798587799072266,36.07626138162738,35.63483165336043,35.84842650794083,18003400
2013-03-13,35.71315002441406,35.905386206314134,35.67755133502647,35.80570878962652,16680200
2013-03-14,36.311214447021484,36.311214447021484,35.734505945689094,35.77722599927117,26378700
2013-03-15,35.613468170166016,35.805704328112796,34.99404236078565,35.577869485214144,60880800
2013-03-18,35.25035858154297,35.357157364703305,34.85164891855692,35.022523712406404,28011400
2013-03-19,35.02964401245117,35.59211251674597,34.65941168238393,35.35003763616377,24411500
2013-03-20,34.972686767578125,35.34291912759068,34.91572940542559,35.293080417204955,19385300
2013-03-21,34.42444610595703,35.05099316487228,34.42444610595703,34.737720993417184,23535900
2013-03-22,34.730613708496094,34.887251215729506,34.417341410035434,34.623817630296536,22791500
2013-03-25,34.545494079589844,35.115081232244734,34.2891791818937,34.91572640781697,23581400
2013-03-26,34.63093948364258,34.865895766211494,34.40310456988228,34.70213959169668,16417500
2013-03-27,34.011505126953125,34.395977467983485,33.86198901077657,34.31765872636555,26530100
2013-03-28,33.790794372558594,34.12542806219191,33.6626369048695,34.06134932834736,27506700
2013-04-01,34.054222106933594,34.168139525546565,33.81214725288034,33.854864587356765,17442200
2013-04-02,34.37461853027344,34.44581862590723,34.089826295756076,34.1823823460711,17273700
2013-04-03,33.56504821777344,34.43910160373592,33.33578876128956,34.41044348842836,33467400
2013-04-04,34.0235595703125,34.05938083711551,33.600862062867066,33.64384648983568,21514000
2013-04-05,34.324466705322266,34.41760419954872,33.493400617501635,33.522058728492524,22961500
2013-04-08,34.80448532104492,34.811648483291144,34.09521200718553,34.30297924117334,18672300
2013-04-09,34.876129150390625,35.076730496477126,34.71851224532931,34.91911632440418,20066700
2013-04-10,35.28449630737305,35.50659259795513,35.01941557750868,35.06240001679097,20388900
2013-04-11,35.32747268676758,35.535237123463894,34.98358361262937,35.255827421538314,22584700
2013-04-12,35.1125373840332,35.52090853731908,34.71133485629406,35.033731696789616,37805900
2013-04-15,34.33879470825195,35.34896985931955,34.31730249216152,34.66835477558174,31527300
2013-04-16,34.7400016784668,34.761493895564165,34.09520783566641,34.69701451128413,23865500
2013-04-17,33.52205276489258,34.51789871426722,33.22831401196202,34.46774839544888,43466300
2013-04-18,33.41459274291992,33.908935600401335,32.99189516412534,33.529222455830926,26106800
2013-04-19,33.83728790283203,33.93042539197295,33.45757751839342,33.77997441696759,19746100
2013-04-22,33.92326354980469,34.02356694477591,33.57937439458184,33.95908755735987,15230100
2013-04-23,34.510746002197266,34.56089907315826,33.9519263887954,34.159693636389385,20568500
2013-04-24,34.90475845336914,35.04804344915929,34.50355335939284,34.618182995816625,16459300
2013-04-25,35.105377197265625,35.556732812181245,35.02656877036111,35.11970625061076,19058800
2013-04-26,35.01940155029297,35.169852493493515,34.82596345204062,35.00507249860903,13929000
2013-04-29,35.04806137084961,35.17702011939219,34.85462598102325,35.162693798876354,13496300
2013-04-30,35.1125373840332,35.28448327662658,34.904772960591394,35.07671612019753,13802600
2013-05-01,34.3961067199707,35.04090050490159,34.28147701742606,34.933433963083885,17686400
2013-05-02,34.44625473022461,34.56804757565207,34.1811713613755,34.56804757565207,15529300
2013-05-03,34.08087921142578,34.89045310586093,33.658181627568986,34.84030277667351,43257900
2013-05-06,34.517913818359375,34.66836484064761,34.080887077722345,34.18118775924784,20829500
2013-05-07,35.20568084716797,35.38478992981167,34.575216111025576,34.79731235737935,24291600
2013-05-08,35.649871826171875,35.81465459286911,35.18418983516379,35.26299827150043,23559300
2013-05-09,35.134037017822266,35.6856933000766,35.04806269355755,35.60688486932775,18103100
2013-05-10,35.07672119140625,35.27015932366986,34.847461790128115,35.14120056882746,16199600
2013-05-13,35.58538055419922,35.606875496100834,34.825960020685606,34.99073999933454,23979500
2013-05-14,35.986602783203125,36.12272472568853,35.57823422275872,35.65704267003539,24188400
2013-05-15,36.60274124145508,36.846329763084775,35.92929190894398,35.965113187686036,27467000
2013-05-16,36.516761779785156,37.01110187938234,36.42362428867689,36.44511650470657,21389500
2013-05-17,37.46961975097656,37.49111469944507,36.71736214628438,36.7245253071154,26080300
2013-05-20,37.462459564208984,37.70604804661741,37.19021297022593,37.45529366982135,22020000
2013-05-21,37.98546600341797,38.45114811860502,37.577097390766745,37.63441089330258,37112600
2013-05-22,38.42247009277344,39.37532871647618,38.17888170131034,38.27918232138569,46968300
2013-05-23,38.22187423706055,38.53710794765919,37.7275341904229,37.842163885280364,25294200
2013-05-24,38.4439697265625,38.4439697265625,37.77052062386085,37.899479369716744,18342300
2013-05-28,39.11742401123047,39.153248015481914,38.709055506251865,39.08876863401225,27162300
2013-05-29,39.167572021484375,39.3753392087104,38.62308162470642,38.752040380019984,20482600
2013-05-30,39.848182678222656,40.04878668271965,39.06726707171923,39.11741738959664,24890800
2013-05-31,39.11025619506836,39.99863837480082,39.11025619506836,39.91266405441583,24990100
2013-06-03,39.03861999511719,39.30370069351175,37.99978668564066,39.11742570210849,28279600
2013-06-04,38.71622085571289,39.68340883116553,38.594425255544344,39.07443902928613,22022600
2013-06-05,37.992610931396484,38.88099302471571,37.756188405803385,38.529938083092965,24326000
2013-06-06,38.32933807373047,38.34366712620249,37.448121844105984,37.856490274103,23940900
2013-06-07,38.881004333496094,39.03145532381378,38.264868583065955,38.52278612817513,21691000
2013-06-10,38.94548034667969,39.28936946604479,38.70189187883927,39.146081649729055,16007000
2013-06-11,38.322181701660156,38.72338430998901,38.04993512244572,38.30068675265125,17600800
2013-06-12,38.1000862121582,38.75920635790278,37.949635231019265,38.61592127090638,18479100
2013-06-13,38.80935287475586,38.85950592986613,37.94963150523107,37.97112371957291,17090200
2013-06-14,38.06426239013672,38.780698709069526,37.90664552541545,38.71621933104607,17185300
2013-06-17,38.5800895690918,38.87382831161144,38.357996088764324,38.47262577528449,16856600
2013-06-18,38.76637268066406,38.881002391321296,38.486962931748806,38.70905645884151,13259100
2013-06-19,38.36515808105469,39.05293617924693,38.34366586954469,38.680391759133215,20840000
2013-06-20,37.59857940673828,38.10008539949224,37.44812842880843,38.02844285752215,31857100
2013-06-21,37.22602844238281,37.956793775735186,37.03259031887887,37.94246472218073,44412200
2013-06-24,36.480934143066406,36.860647230702504,35.900622504148785,36.452278768876205,30736500
2013-06-25,37.31201171875,37.65590088762935,36.90364042690584,36.90364042690584,20951400
2013-06-26,37.61290740966797,37.827837762554246,37.16871764930464,37.720373952604966,19332000
2013-06-27,38.0786018371582,38.322190361396785,37.88516365029329,37.99262748767041,17093600
2013-06-28,37.8206672668457,38.064255681672215,37.67021632230241,38.057089789272716,18256000
2013-07-01,37.605751037597656,38.422488165798576,37.562763866065104,38.12874932613003,23511100
2013-07-02,38.10369873046875,38.63051090911797,37.612969049797506,37.937717037435554,23935300
2013-07-03,38.08204650878906,38.11091360585732,37.6779154085871,37.75008315125775,10442300
2013-07-05,38.96247100830078,38.969686405610624,38.32740868124424,38.507823896085036,17070200
2013-07-08,39.474857330322266,39.62640547992801,39.00577657820743,39.35939168020576,21786900
2013-07-09,39.61197280883789,39.81403701279755,39.10680954602042,39.741872012217186,20508700
2013-07-10,39.568660736083984,39.79959195872309,39.28721072763258,39.52536009949516,16915000
2013-07-11,39.7923698425293,40.31918181371329,39.36658992706319,40.29753287403577,21322600
2013-07-12,39.66970443725586,40.30476410932187,39.5109381427803,40.05939926918605,32569200
2013-07-15,39.61197280883789,40.052186469965704,39.402690453069205,40.04497107107499,28292000
2013-07-16,39.69855880737305,39.98722422425467,39.532577156187216,39.61917843300217,19222700
2013-07-17,39.88618850708008,40.109904322352925,39.575874175828176,39.72742226702082,19166600
2013-07-18,40.68001937866211,40.795484998967915,40.04495984343895,40.05939063717433,24563100
2013-07-19,40.52846908569336,40.81713449737178,40.34805389162369,40.78104925622394,17762600
2013-07-22,40.8171272277832,40.89650758658549,40.37691379218907,40.53567726271056,15999700
2013-07-23,40.89651870727539,41.05528497388592,40.75218874081235,40.9326039518088,10577100
2013-07-24,40.86764907836914,41.08414675297137,40.687233890714396,41.0769286038315,16665000
2013-07-25,40.773841857910156,40.773841857910156,40.33362825756142,40.737759362601786,13870200
2013-07-26,40.44908905029297,40.57177282315087,40.12434112557217,40.456307200240985,16762300
2013-07-29,40.18928146362305,40.412997260939065,39.96556841922399,40.398563717281554,10049100
2013-07-30,39.92949676513672,40.405792823334956,39.749081549865906,40.31919153790421,14207400
2013-07-31,40.2181510925293,40.60784853715826,40.059384855180355,40.109903637632684,19404900
2013-08-01,40.80269241333008,40.97588942176088,40.55732769062242,40.67279328054856,15979400
2013-08-02,40.766624450683594,40.78827339621798,40.42022480462661,40.60785817565063,11007300
2013-08-05,40.48517608642578,40.83157574696225,40.42022649418993,40.65116051885355,9370200
2013-08-06,40.044960021972656,40.48517080872033,39.9150608544348,40.40579043115169,10588600
2013-08-07,39.9078369140625,40.03052066689931,39.53257301261631,39.734639884420965,12828400
2013-08-08,39.568660736083984,40.21815376741248,39.063497654216945,39.99443794107952,18587100
2013-08-09,39.344947814941406,39.79959489748415,39.207833251661704,39.467628831625746,12652500
2013-08-12,39.03463363647461,39.20061529375738,38.738752812115315,38.99855114626836,15133000
2013-08-13,39.17896270751953,39.474843504369055,38.68101502905078,39.128446675344044,15078100
2013-08-14,39.07794189453125,39.58310236173242,38.9696916498921,39.207841086931005,15785800
2013-08-15,38.457313537597656,38.738760873861665,38.16864805003974,38.62329522942212,16933200
2013-08-16,38.457313537597656,38.810925869292085,38.29854724414899,38.29854724414899,17139000
2013-08-19,37.403682708740234,38.21194207980677,37.38203101152722,38.16864143829838,22793300
2013-08-20,37.61296463012695,37.78616445415497,36.55934039663348,37.36759981862266,18701500
2013-08-21,37.259342193603516,37.68512211079833,37.00675930036625,37.468621701475804,17136200
2013-08-22,37.67789840698242,38.00264622016788,37.47583432451887,37.52635034513476,14658500
2013-08-23,37.757286071777344,37.82945103768243,37.454189911475574,37.7212035888248,11126800
2013-08-26,37.38203048706055,37.916060713167774,37.37481509003586,37.64182882663068,16548400
2013-08-27,36.51604080200195,37.20161921440392,36.47995830722667,36.8191398145337,23596800
2013-08-28,36.50160217285156,36.84078085444989,36.17685428373206,36.321186984775984,18748100
2013-08-29,36.588191986083984,36.93458873441328,36.40777684093852,36.50880888175332,13576000
2013-08-30,36.465511322021484,36.682011716733506,36.29231430975212,36.674793568687434,15863100
2013-09-03,36.89851379394531,37.32429373358764,36.68201612612589,36.98511231048964,15277200
2013-09-04,37.43253707885742,37.59851869771551,36.75417706010042,36.92015867895851,19923800
2013-09-05,37.60575485229492,37.90163574983218,37.46142210285567,37.54802065135193,13913200
2013-09-06,37.93048858642578,38.03873604310976,37.00676098913614,37.822238376824615,22339900
2013-09-09,38.147010803222656,38.38515756352677,37.90164588941054,38.089276586834416,19936400
2013-09-10,38.73153305053711,38.91916639646943,38.46451933062142,38.84700141906003,20233200
2013-09-11,38.435646057128906,38.7964763919807,38.29131612552178,38.515029171263016,16028600
2013-09-12,37.69956970214844,38.76040943968885,37.58410405884751,38.55834525214174,21976700
2013-09-13,37.952144622802734,38.10369274224441,37.69234627352117,37.73564691604066,11942900
2013-09-16,38.34907150268555,38.60165454661034,38.23360583352295,38.572787441090014,17055300
2013-09-17,38.31296920776367,38.47895084939436,38.1614211114379,38.385134181371,13207000
2013-09-18,38.54390335083008,38.8758666592749,37.930492769881276,38.024306692104275,20844500
2013-09-19,38.0676155090332,38.78927646655042,37.90884921744563,38.70267792246542,22452200
2013-09-20,38.10369873046875,38.58721301271166,38.10369873046875,38.211948977320816,30792200
2013-09-23,37.13666534423828,37.80059473386936,37.0861493067891,37.584097037241804,28189500
2013-09-24,36.313968658447266,36.999546920373064,36.299535113121564,36.81191358405622,34906900
2013-09-25,37.309871673583984,37.45420441419854,36.12634815579709,36.24181379770513,39175500
2013-09-26,37.446983337402344,37.93049756774737,37.194403125749005,37.47585043385353,22298700
2013-09-27,37.69956970214844,37.81503534544937,37.08615623536629,37.16553938130782,23026000
2013-09-30,37.30265426635742,37.591319753343264,37.1222390252208,37.331521365639624,21350600
2013-10-01,37.49748229980469,37.5912989440791,37.12943662290751,37.26655113921889,19188000
2013-10-02,37.868255615234375,38.12996794187095,37.28667420781915,37.30848264397257,23841200
2013-10-03,37.75920867919922,37.948224373818725,37.439339591718685,37.80282832561886,18614500
2013-10-04,38.28989028930664,38.29716161477156,37.81008541695202,37.85370505014721,17407200
2013-10-07,37.679237365722656,38.064534473636414,37.679237365722656,38.013646281013784,16159300
2013-10-08,36.98133850097656,37.7737439551804,36.959530067025554,37.67923889259362,19536000
2013-10-09,36.89411544799805,37.32303236906039,36.53062662585028,37.19944472746634,24721200
2013-10-10,38.180850982666016,38.209930742407224,37.35209724243136,37.68650615985964,24328700
2013-10-11,38.173587799072266,38.7842490179072,37.91914678005734,38.500728232947964,32498800
2013-10-14,38.3189811706543,38.41348901675176,37.62835203046318,37.75920819484461,18881600
2013-10-15,38.028194427490234,38.5588876753462,37.93368657499012,38.46437982284609,17566500
2013-10-16,39.256778717041016,39.29312703158374,38.224472163394914,38.24628059748082,24864000
2013-10-17,39.40944290161133,39.46760242284764,38.973257585133396,39.10411373471649,17791000
2013-10-18,39.474884033203125,39.67843965166013,39.11139522484361,39.445804262966476,24796600
2013-10-21,39.45307159423828,39.87471712714507,39.176819351382576,39.45307159423828,19471700
2013-10-22,38.98051834106445,39.75111520410456,38.98051834106445,39.729306774602776,24820900
2013-10-23,38.34805679321289,38.791513438704,38.32624835923746,38.75516512434542,21034400
2013-10-24,38.15177536010742,38.44983599678019,37.88279448632928,38.413487679761325,17759000
2013-10-25,38.36259841918945,38.46437481330401,37.85371367541793,37.91914175351996,20889600
2013-10-28,38.29716873168945,38.595229347584436,38.166312580984474,38.44983331644572,14836800
2013-10-29,38.33351516723633,38.52253083041154,37.984566373526505,38.4062145658416,23363100
2013-10-30,38.239013671875,38.704281580448416,38.16631703442235,38.52980576808351,16157200
2013-10-31,37.46842575073242,38.31898820208879,37.46842575073242,38.27537132142401,23738000
2013-11-01,38.173587799072266,38.3189838555947,37.293945678250246,37.40299341394186,25794400
2013-11-04,37.831912994384766,38.35533495328156,37.80283322633513,38.34079784245606,18891300
2013-11-05,37.76647186279297,37.89732800063474,37.555647777025854,37.69377246777067,14532200
2013-11-06,37.875526428222656,38.05000224745137,37.67924494473907,37.99184271664211,14013000
2013-11-07,37.54838562011719,38.049999051823264,37.497497421532465,37.89733445606909,17348900
2013-11-08,39.227718353271484,39.23498968369471,37.65744653905691,37.679257757126564,31183100
2013-11-11,39.32948684692383,39.365837945295034,39.038697472350314,39.191362101991366,12062800
2013-11-12,39.234954833984375,39.31492275840974,38.96597131124494,39.205875084521054,15964800
2013-11-13,39.358551025390625,39.40217066223752,38.63884504320602,38.90782587076604,22121900
2013-11-14,39.547576904296875,39.62027354464044,39.03869210229471,39.44579772533719,17634000
2013-11-15,39.88924789428711,39.95467596913652,39.39490305613575,39.453062577423495,20530100
2013-11-18,40.521732330322266,40.71074528465039,40.201860413952375,40.33998793173008,22318800
2013-11-19,40.819786071777344,41.17600347927789,40.55080241102913,40.68892990525091,22979900
2013-11-20,40.78343200683594,41.030604439679735,40.54353090115744,41.023335885713195,17682800
2013-11-21,41.59765625,41.72851243070362,40.914295578947964,40.914295578947964,22843600
2013-11-22,41.77211380004883,41.8157334351551,41.48132455226838,41.619449236974226,16730600
2013-11-25,41.91025161743164,42.26646901932306,41.73577580707743,41.80120388931039,18649600
2013-11-26,41.561283111572266,42.13559573637953,41.561283111572266,41.89569471445614,16263300
2013-11-27,41.786659240722656,42.04110298624807,41.67761429823914,41.859358642243606,11238900
2013-11-29,41.59765625,42.055650109263375,41.583116366233014,41.85936861140723,7128800
2013-12-02,41.423160552978516,41.98293333016446,41.365003818999654,41.51039704054577,12465300
2013-12-03,41.3359375,41.5976498209588,40.81251285808239,41.357745935680285,20426800
2013-12-04,41.57583999633789,41.779395571193646,40.863402417340055,41.030606900586584,20287200
2013-12-05,40.57987976074219,41.248700435768484,40.52899156269874,41.22688922717929,21324900
2013-12-06,40.75435256958008,41.26323451263126,40.434480750292366,41.125109809974305,18661200
2013-12-09,41.08148956298828,41.09602944303213,40.7761604016631,40.91428510228184,12714000
2013-12-10,41.2196159362793,41.48859677691259,40.96517220210317,41.06695135969271,14543700
2013-12-11,40.761627197265625,41.27051198934764,40.681659230527146,41.10330750125765,17836100
2013-12-12,40.936100006103516,41.146921352783345,40.645307925360655,40.74708432166101,15325300
2013-12-13,40.83431625366211,41.11783974850528,40.73981119524621,40.979712277715365,11461300
2013-12-16,41.016056060791016,41.39408457230223,40.95063076905077,40.9578993215114,26379200
2013-12-17,40.50718307495117,41.190540857221926,40.463563431027964,41.190540857221926,18338500
2013-12-18,41.6121826171875,41.63399104915447,40.27454425031191,40.59441326968711,27685900
2013-12-19,41.60492706298828,41.83029111380713,41.30686636258887,41.510419199974,16790000
2013-12-20,41.946590423583984,42.164683057171075,41.58310177653941,41.59037032927305,22001700
2013-12-23,42.339176177978516,42.44822115285806,42.019304262653215,42.142891895356016,13990600
2013-12-24,42.346439361572266,42.37551912713083,42.19377475218846,42.21558318975784,4532600
2013-12-26,42.31007766723633,42.49909053722285,42.1065221458683,42.41912259381379,6677000
2013-12-27,42.2664680480957,42.41913264539828,42.208311294779946,42.28827648393925,8943700
2013-12-30,42.12833023071289,42.360962718026045,41.95385447862902,42.2664549034307,8815800
2013-12-31,42.513641357421875,42.56452955756176,42.20104082902033,42.310088556862326,11017400
2014-01-02,42.5941276550293,42.80633064781962,42.41851350269957,42.66730254461387,15627600
2014-01-03,42.92341613769531,43.13561917229934,42.59413604802306,42.652675971225754,14214100
2014-01-06,43.17218780517578,43.51610273685132,43.04779470557844,43.289264812994,17550700
2014-01-07,42.67462158203125,43.48684476876732,42.52095849030735,43.38440270761805,17851200
2014-01-08,43.07706832885742,43.1063382830387,42.65998125145182,42.83559818520303,14687400
2014-01-09,42.996578216552734,43.17219515384117,42.681935972444165,43.15756017645576,13242500
2014-01-10,42.799007415771484,42.99657260635493,42.57216948290019,42.93071661238173,12694900
2014-01-13,42.22093963623047,42.930717823141315,42.09654373684562,42.81364080736887,20711600
2014-01-14,42.25020980834961,42.864864842194535,42.11849781600168,42.659977970022055,30272400
2014-01-15,43.530738830566406,43.64781584139372,42.24288892012979,42.24288892012979,35186600
2014-01-16,43.164878845214844,43.772215051325084,42.98194581581568,43.01853186342821,21689400
2014-01-17,42.52095031738281,43.34048944039068,42.46241041292839,43.32585446427707,20997900
2014-01-21,42.56486129760742,42.762429329183135,42.133141973575924,42.50632417232769,19548300
2014-01-22,42.14044952392578,42.68193247750152,42.016053622003994,42.68193247750152,15433500
2014-01-23,41.320919036865234,41.781908322135294,41.13066709798884,41.77459222818015,26234600
2014-01-24,40.31113052368164,41.24043083365163,40.31113052368164,40.97700677207437,26833100
2014-01-27,40.31113052368164,40.830659761049546,40.018436501631996,40.30381442923208,23935000
2014-01-28,40.7867546081543,41.225792817561064,40.42088850320304,40.5306466598863,18041000
2014-01-29,40.63309860229492,40.88188772580648,40.13552035527181,40.21601136454577,25459000
2014-01-30,40.97698974609375,41.26236476378316,40.70624970255969,41.0282107599695,17031100
2014-01-31,40.508697509765625,41.05749669324401,40.37698548242385,40.611139577401005,18174000
2014-02-03,39.74037551879883,40.91846197848414,39.65988453275334,40.61113580413234,28549900
2014-02-04,40.20867919921875,40.50137036256759,39.95257129103504,40.040381152242475,20709300
2014-02-05,40.39892578125,40.574542701310456,39.93793659984678,40.318434809194635,19491600
2014-02-06,41.32823944091797,41.37946047795645,40.39162300211462,40.50138117090973,20881600
2014-02-07,41.4306640625,41.657501981928164,41.167240102218514,41.45261792008078,23388500
2014-02-10,41.51848602294922,41.65019525017944,41.26237807958587,41.54043709559812,14715200
2014-02-11,42.023380279541016,42.125822340464524,41.401409028884395,41.423360101557485,18774100
2014-02-12,42.0892333984375,42.228261501380736,41.82580937910369,41.957521388770594,13437900
2014-02-13,42.4624137878418,42.51363481264232,41.67946064722067,41.75995162657478,16605500
2014-02-14,42.550228118896484,42.60876524281303,42.25753412530339,42.35997618565993,13067300
2014-02-18,42.799007415771484,42.916084428242044,42.367285408910746,42.45509247042963,14983800
2014-02-19,41.89897537231445,42.835594281401825,41.869708212136885,42.70388229092604,18669900
2014-02-20,42.133140563964844,42.41851566958104,41.906302581669955,42.096551721635166,12457000
2014-02-21,42.155094146728516,42.323392224387874,41.97947718363265,42.140459167192446,16790100
2014-02-24,42.4624137878418,42.60876076927322,42.13313656879173,42.16240373200881,16151400
2014-02-25,41.73068618774414,42.425832331263535,41.65019519968002,42.3672952071585,17991800
2014-02-26,41.52579879760742,41.986790825745416,41.13798165801166,41.9794719412229,23661700
2014-02-27,41.481895446777344,41.628242438107506,41.0794433141219,41.54775145330908,16277500
2014-02-28,41.5770263671875,42.038018467875055,41.26238127527947,41.394093304047345,18599000
2014-03-03,41.13065719604492,41.28432025414154,40.7501562012322,41.19651319113436,19151000
2014-03-04,41.89897537231445,41.972150251098896,41.44530228919576,41.67214022642321,17157000
2014-03-05,42.55753707885742,42.65266302953005,41.97215198113417,42.05995904795857,17761500
2014-03-06,43.09904098510742,43.23806914109222,42.733174772301204,42.81366299439492,19420600
2014-03-07,43.46488952636719,43.757580702809925,43.2234165842488,43.42830068689237,18602200
2014-03-10,43.318546295166016,43.52343041555871,43.077073332128805,43.27464135879467,16945200
2014-03-11,42.57948684692383,43.501470790090586,42.535584710521,43.479516930552926,19420000
2014-03-12,42.381919860839844,42.41118981335771,42.0160538283754,42.22094070466417,17932100
2014-03-13,42.01605987548828,42.68925492360656,41.84776181129289,42.44046587407061,17192500
2014-03-14,41.56239318847656,42.096557421035875,41.43068115400033,41.789231201482764,18635800
2014-03-17,42.133140563964844,42.22094764461519,41.74532060769702,41.862397645676396,13581400
2014-03-18,42.48436737060547,42.55753946517271,42.162403455302055,42.30875043577302,12554800
2014-03-19,42.65998458862305,43.12097663336269,42.35997451313715,42.43314940431462,21450700
2014-03-20,43.984413146972656,44.26247210233046,42.535584050112824,42.70388208349523,33736500
2014-03-21,44.028324127197266,44.78201017406894,43.903930995883904,44.60639322189723,35144100
2014-03-24,44.68688201904297,44.77468909515795,44.160033979679795,44.1746689575884,25810500
2014-03-25,44.584449768066406,44.986901979364326,44.313709595569584,44.716161806867504,24053500
2014-03-26,43.830753326416016,44.92835146188884,43.82343444236447,44.81127443909186,22745200
2014-03-27,43.84537887573242,44.30637080443285,43.18682176892492,43.86001385028405,24632600
2014-03-28,43.93319320678711,44.335645278354576,43.66976922064513,44.057586316167345,14708700
2014-03-31,44.42345428466797,44.65029223627815,44.34296330856963,44.51126414477691,15216700
2014-04-01,44.394187927246094,44.84786386721439,44.174668841865376,44.59907482609316,14584400
2014-04-02,44.534095764160156,44.7476362509581,44.32792029217876,44.453097454758854,14012200
2014-04-03,44.6666259765625,44.76971368493876,44.38681447602024,44.65926377264822,11925200
2014-04-04,44.04075241088867,44.96118276115772,44.03338739508543,44.93172831580579,16966900
2014-04-07,43.44429016113281,44.18063406216896,43.32647524932419,43.95236644163329,18685700
2014-04-08,43.3338623046875,43.459042300298385,42.892056834258824,43.29704565030689,16956500
2014-04-09,43.643131256103516,43.77567346774941,43.076145752714034,43.51795125224645,15308400
2014-04-10,42.26614761352539,43.73147063137866,42.251420396143764,43.7020161966154,29977200
2014-04-11,40.71982955932617,41.272087653192976,40.167571465459375,40.631469050807866,47241300
2014-04-14,40.46946716308594,41.19108397449482,40.116022366207886,41.12481289952209,31081500
2014-04-15,40.3516731262207,40.970202543284614,40.02031757977021,40.56521367937002,26691400
2014-04-16,40.69038009643555,40.75665118816143,40.27066411848171,40.49893183641092,27049400
2014-04-17,40.66093063354492,40.91864999905535,40.50629620530825,40.74929115758701,17955400
2014-04-21,40.52102279663086,40.80083439549345,40.49157116169562,40.690381635462586,12384800
2014-04-22,41.095367431640625,41.294180686352696,40.45474600792506,40.52838210722396,16257600
2014-04-23,41.27207946777344,41.323623321597346,40.9112724910061,41.08799347299396,11379000
2014-04-24,41.375179290771484,41.4267231596883,40.94810111847067,41.2868187739041,15360600
2014-04-25,41.01437759399414,41.49299969806014,40.970195925293815,41.46354806119047,15937700
2014-04-28,40.859737396240234,41.01436899086016,40.263297634082,40.96282512598685,21394100
2014-04-29,41.30890655517578,41.46354096469592,40.91864504637322,41.03646000047947,13453400
2014-04-30,41.22053909301758,41.49298560178583,41.02909087821735,41.4119901167474,14388100
2014-05-01,41.029090881347656,41.3751706706971,40.86709429339923,41.17635744246847,12744600
2014-05-02,40.926002502441406,41.50771215088241,40.82291197882432,41.11008850979187,15153800
2014-05-05,39.924583435058594,40.30748275624723,39.541684113869955,39.67422629462488,25232300
2014-05-06,39.27658462524414,39.80675314407294,39.261857409840104,39.792025928668906,25327400
2014-05-07,39.799407958984375,39.85095183411182,39.202970887100946,39.43123581725662,18502600
2014-05-08,40.02767562866211,40.152852808345834,39.80677290579461,39.90986065587074,16090800
2014-05-09,39.76995086669922,39.9908563841784,39.52695872997459,39.924585290720714,12366500
2014-05-12,40.2412109375,40.27802758505882,39.78467551919407,39.96139935997865,12825500
2014-05-13,40.219112396240234,40.37374678603186,40.130751894166245,40.30747570724394,12310700
2014-05-14,40.02767562866211,40.27803279696008,39.9834939605164,40.23385112881437,10325800
2014-05-15,39.401771545410156,39.90985077200067,39.283956601796234,39.90985077200067,19763000
2014-05-16,39.25449752807617,39.40176407296748,39.00414046925993,39.335493004194674,19992400
2014-05-19,39.63740539550781,39.69631146456476,39.070420085068946,39.08514730456566,12068900
2014-05-20,39.556400299072266,39.79203015269129,39.328132649472224,39.556400299072266,16888200
2014-05-21,39.8509407043457,40.20438552462088,39.74785298288166,39.79939684361368,13210200
2014-05-22,40.16757583618164,40.20439248465954,39.777314306241465,39.88776425167517,11800900
2014-05-23,40.152835845947266,40.19701749542862,39.88038936313558,40.16756306244105,10876500
2014-05-27,40.602012634277344,40.81555309431593,40.2706572323088,40.3148388888812,14503700
2014-05-28,40.83027267456055,40.94072258193367,40.49891733458266,40.56518840257824,11374900
2014-05-29,41.029090881347656,41.17635744246847,40.786095999425015,41.05118030372986,11741000
2014-05-30,40.91864013671875,41.14690781181764,40.727191912615936,40.926005150489864,11991900
2014-06-02,40.75664520263672,40.97755068190097,40.51365310794783,40.97755068190097,9440000
2014-06-03,40.94073486328125,40.984916524841616,40.565200571273536,40.565200571273536,9131500
2014-06-04,40.999637603759766,41.03645424508001,40.68300943233221,40.881822666177165,9727800
2014-06-05,41.69916915893555,41.721258584131874,40.85973729431567,41.169000482784064,16803400
2014-06-06,41.94953155517578,42.0673465192625,41.713901627002336,41.79489713255608,15399800
2014-06-09,42.28086471557617,42.46495068764105,41.89796836553875,41.90533056849258,11999700
2014-06-10,42.63433074951172,42.66378238303282,42.25879363058282,42.317702515485486,11609200
2014-06-11,42.17042922973633,42.5533285195613,41.956888755019136,42.3250608249743,14232200
2014-06-12,42.001075744628906,42.28088453087341,41.87589576431503,42.023165172771805,11670200
2014-06-13,42.001075744628906,42.464970589211795,41.883260779649554,41.993710729294385,12040800
2014-06-16,41.875885009765625,41.93479388159151,41.478261360659324,41.86115779180915,11199100
2014-06-17,42.28086471557617,42.40604463722338,41.73597181126437,41.81697008840156,11200500
2014-06-18,42.54595947265625,42.568051704832044,41.934795355100384,42.18515245129826,13729400
2014-06-19,42.19252395629883,42.479697757516625,42.126252863023154,42.479697757516625,11624400
2014-06-20,42.37660598754883,42.53860260214673,42.22933659327164,42.479693720863835,17124800
2014-06-23,42.84787368774414,42.86996592675608,42.14834885181572,42.36925157942104,16007700
2014-06-24,42.28086471557617,42.79630599914364,42.19250423548515,42.6195850389616,12322900
2014-06-25,42.36188507080078,42.516519502713415,41.87589796362081,42.133620144188214,14836600
2014-06-26,42.25878143310547,42.33241751797965,41.677069002781856,42.22196479513309,11854400
2014-06-27,42.36188507080078,42.48706505768906,42.14834736670039,42.214618463539956,10178600
2014-06-30,42.42814254760742,42.545957480954115,42.25142155205218,42.295600396476196,11549000
2014-07-01,42.68767547607422,42.99910345022885,42.32434613955446,42.37625033048585,14472200
2014-07-02,42.2427864074707,42.620945959920675,42.13156151221487,42.465233369415785,19189900
2014-07-03,42.302101135253906,42.74699785466508,42.265027115777904,42.435569868220625,12599800
2014-07-07,42.02033615112305,42.25761611360945,41.8201358675885,42.1834652414054,13916100
2014-07-08,41.34556579589844,41.872026923347434,41.24917393513321,41.78304590462707,18343400
2014-07-09,41.538352966308594,41.61250098273473,41.23434157325662,41.434544611885805,10914300
2014-07-10,41.197269439697266,41.382642317763384,40.7523728351992,40.826523683565036,12436600
2014-07-11,41.375244140625,41.45680869566339,40.92293366527891,40.997084546480586,10230000
2014-07-14,41.73856735229492,42.14638721064263,41.671832987942295,41.9165237715244,14004400
2014-07-15,43.20671844482422,43.518143577661064,42.82855612230389,42.969441344977255,36178000
2014-07-16,43.53296661376953,43.733169664303,43.23637170186363,43.38466774353374,20507500
2014-07-17,42.9027099609375,43.64420165655393,42.82855909423605,43.421754713582274,17013500
2014-07-18,43.17705154418945,43.362424427083226,42.932360809623844,43.25120239448639,12803300
2014-07-21,43.184478759765625,43.31053099370181,42.93237146332683,43.09549771732858,9141400
2014-07-22,43.50331497192383,43.5997096811348,43.280868036377655,43.31794205420764,10375200
2014-07-23,43.747989654541016,43.88887199277222,43.39207414593187,43.57003048595393,11122100
2014-07-24,43.87406539916992,44.00753414017958,43.740599486726815,43.79991735574969,9844100
2014-07-25,43.75541305541992,43.94820243331598,43.6293608555819,43.688678705927536,10500600
2014-07-28,43.88888168334961,43.940785863030136,43.50330575674739,43.70350880490041,12382800
2014-07-29,43.48107147216797,43.84440363834562,43.33277257110431,43.84440363834562,13498800
2014-07-30,43.6812744140625,43.95562554151847,43.45882747751533,43.762838950795256,11815700
2014-07-31,42.761817932128906,43.51072600967079,42.75440426092023,43.48848216747886,15955900
2014-08-01,41.87944793701172,42.62835608544227,41.50128844112431,42.554205223507175,23915400
2014-08-04,42.005489349365234,42.25018004288765,41.77562599484942,42.1982758706688,13543900
2014-08-05,41.56802749633789,41.96843088173527,41.226939150053965,41.84237864506136,16863300
2014-08-06,41.69406509399414,42.03515049195461,41.397470202597624,41.44195788059608,12190600
2014-08-07,41.456790924072266,42.0351534066799,41.28624821326657,41.99066572559666,11743800
2014-08-08,41.7756462097168,41.79047638446484,41.25660140780181,41.441974349302406,12213200
2014-08-11,41.760799407958984,41.95358877435806,41.64957455591602,41.923928436671204,9066800
2014-08-12,41.78304672241211,41.93134559461625,41.6199205086967,41.69406853051591,11289600
2014-08-13,42.05739212036133,42.14637029426271,41.90167678032748,42.03514545546212,7012600
2014-08-14,42.25019454956055,42.26502472222436,42.04257778939958,42.09448197943983,8275900
2014-08-15,42.07964324951172,42.63576188276517,41.812705852979555,42.442975334472855,12727400
2014-08-18,42.435569763183594,42.583868669286915,42.08706775812575,42.16121862546059,8881400
2014-08-19,42.680259704589844,42.79889825353561,42.517130639077116,42.70991722040169,9040500
2014-08-20,42.73957443237305,42.89528698609596,42.55420153644598,42.57644537881614,8121400
2014-08-21,43.37725067138672,43.57745370622098,42.709907221939204,42.75439772809086,12745500
2014-08-22,43.369850158691406,43.80733036859132,43.251211601527004,43.3327733113674,10228600
2014-08-25,44.00010299682617,44.363435053882405,43.64418743830714,43.73316562079554,13996800
2014-08-26,44.29668426513672,44.45239673382595,44.03716065542362,44.17062929388993,10281100
2014-08-27,44.18547821044922,44.45241560067754,44.14098770255597,44.3782647541888,11410900
2014-08-28,43.86663818359375,44.02235072384405,43.607117283176585,43.93337253349612,9096100
2014-08-29,44.08167266845703,44.22997154233753,43.91854362433191,44.00010814639447,8897900
2014-09-02,44.24479675292969,44.27445709199032,43.85922365940389,44.089084215709775,8671100
2014-09-03,44.267051696777344,44.76384974036899,44.089092457711494,44.504328796487705,11791800
2014-09-04,44.27445983886719,44.593301432136556,44.06684310969301,44.215141985631334,9811900
2014-09-05,44.42276382446289,44.42276382446289,43.91113561362054,44.20773057104675,9600900
2014-09-08,44.40794372558594,44.652637378819634,44.29672165203433,44.370869701068735,8090000
2014-09-09,43.7924919128418,44.25221588133484,43.58487235564672,44.21514186958901,14868700
2014-09-10,43.911128997802734,44.16323622934294,43.688679277540544,43.85922481735907,9153800
2014-09-11,44.31154251098633,44.37086320438164,43.725766220822436,43.88147879813563,11467000
2014-09-12,44.51173782348633,44.793505410701805,44.304121090046436,44.34119510265129,14359100
2014-09-15,44.44500732421875,44.48208416860525,44.0816780091863,44.32636877645381,10685600
2014-09-16,44.48207473754883,44.63778726812011,44.207720855800765,44.27445520155496,10947900
2014-09-17,44.7193603515625,44.92697709877285,44.356028215378345,44.452422917397165,15091800
2014-09-18,45.468265533447266,45.52758622026494,44.88990297980511,44.88990297980511,16973700
2014-09-19,45.31255340576172,45.86125562123063,45.21615870304624,45.77969391892714,18739300
2014-09-22,45.16425323486328,45.56465937764825,45.08268870630717,45.18649707771823,13225200
2014-09-23,45.18648910522461,45.52757733069436,45.06043691319865,45.09751092093773,14328800
2014-09-24,45.6981315612793,45.70554523327179,45.24582119844972,45.36445975029304,13728200
2014-09-25,44.6007194519043,45.601731948618344,44.6007194519043,45.59431827742333,16340100
2014-09-26,44.90473175048828,45.142008833223905,44.726772524153596,44.73418902405743,11948900
2014-09-29,44.734188079833984,44.860240289879044,44.28929143767086,44.51173834446948,10686500
2014-09-30,44.66746520996094,45.03821109280781,44.58590066316396,44.78610377932927,14384800
2014-10-01,44.3189582824707,44.78609883528769,44.28929793626124,44.66746027901614,18995800
2014-10-02,43.92332077026367,44.40853874185276,43.75162900200293,44.15473290015784,24559100
2014-10-03,45.0131950378418,45.08037902578759,44.080085676163385,44.22938374355669,18321100
2014-10-06,44.92361068725586,45.386432064810926,44.78924273125224,45.37150197551904,11578000
2014-10-07,44.24430465698242,44.72951971582751,44.184584303364026,44.72951971582751,14542000
2014-10-08,45.087825775146484,45.11021947879275,44.17711052523113,44.31147844235381,15834100
2014-10-09,44.10246658325195,45.03557561372744,43.960632188141105,45.03557561372744,19189500
2014-10-10,43.684452056884766,44.65488530878376,43.67698558666589,44.0651594569503,16689400
2014-10-13,43.415706634521484,44.154730406061454,43.37838283442063,43.66951246188008,17169300
2014-10-14,43.2888069152832,43.68444433825706,41.84808596099816,42.31837098722702,29096800
2014-10-15,41.45244598388672,42.83344943487006,40.504406608193676,42.56471350505174,37866900
2014-10-16,41.11652755737305,41.78836451204266,40.519335356391004,40.87018534732444,31965100
2014-10-17,41.95259094238281,42.38555213806454,41.48230309994328,41.60174096574755,20183500
2014-10-20,42.27358627319336,42.36316397236416,41.855552264356774,41.87794597724354,10807600
2014-10-21,43.2440185546875,43.3037360704043,42.609505356125254,42.72147676595313,14020400
2014-10-22,42.88569641113281,43.49034930809185,42.8782299433844,43.32612403672701,13750700
2014-10-23,43.3410530090332,43.744153980756,43.25147248409656,43.3858404238785,12641900
2014-10-24,43.848670959472656,43.878528291163434,43.296269032653456,43.296269032653456,13758000
2014-10-27,43.774017333984375,43.88599157447365,43.48288772586013,43.63218576397142,11087100
2014-10-28,44.51305389404297,44.55784132505683,43.90093432411181,43.94572175512567,13625000
2014-10-29,44.25923538208008,44.62501258657346,43.8635951527247,44.505574725241694,16712100
2014-10-30,44.33386993408203,44.550351883936955,43.98302007380835,43.997950158035145,14709800
2014-10-31,45.147552490234375,45.19234275429928,44.6921947722554,44.87881660109117,18347600
2014-11-03,45.44615936279297,45.64771132758065,45.0579855247897,45.378975374530405,11841200
2014-11-04,44.97586441040039,45.065442098198595,44.35627852137301,44.9684007895936,15295800
2014-11-05,45.647708892822266,45.707426408301664,45.080376833837946,45.38643657568192,14063800
2014-11-06,45.70741653442383,45.76713688462587,45.25952529840064,45.59544514922955,10421600
2014-11-07,45.88658142089844,45.94629893217545,45.43122365096452,45.587985321643046,12384600
2014-11-10,46.229949951171875,46.229949951171875,45.68501466721155,45.72233845560999,10801000
2014-11-11,45.811920166015625,46.20009386443464,45.75220266882496,46.06572593622718,12539800
2014-11-12,45.20726776123047,45.41628327479474,44.96092560799589,45.10275715682553,17219600
2014-11-13,44.960941314697266,45.259537450634795,44.78178591123379,45.16249327931153,12240400
2014-11-14,44.99825668334961,45.25206249702495,44.92360908717232,44.97586297402108,6803400
2014-11-17,45.07290267944336,45.18487406266017,44.707122659973294,44.78923671623941,9017600
2014-11-18,45.184879302978516,45.4013613223097,44.93853995323393,45.050511349436626,8897800
2014-11-19,45.237125396728516,45.37895979415428,44.901208418372974,45.12515401981761,9210100
2014-11-20,44.87882614135742,44.97587031031598,44.60262657330092,44.938546506139225,10917300
2014-11-21,45.12515640258789,45.587977716361806,45.013182172141526,45.587977716361806,12340500
2014-11-24,45.505863189697266,45.767135442162015,45.31177775290377,45.31177775290377,8335000
2014-11-25,45.0131950378418,45.655174734296345,44.751925555621355,45.655174734296345,14802600
2014-11-26,45.04305648803711,45.214748273701275,44.938548692208826,45.214748273701275,7626600
2014-11-28,44.90867614746094,45.20727220846074,44.811632000492544,45.087834353585436,6759600
2014-12-01,44.78924560546875,44.94600728165824,44.453325693903025,44.774315515218774,12771600
2014-12-02,45.595455169677734,45.67756639781646,44.789247350509214,44.79671097211322,12546600
2014-12-03,45.938838958740234,45.99855647475891,45.39390345481034,45.505874865204234,12115500
2014-12-04,45.81938552856445,45.9612170726437,45.416281753657906,45.61036717437807,11515200
2014-12-05,46.80475616455078,47.07349205899361,46.19263678170798,46.28967808432764,20071100
2014-12-08,46.78236770629883,47.14814781430107,46.47630796189845,46.73011381195903,15528200
2014-12-09,46.61814498901367,46.91673828072433,45.95377156899946,46.17025078001194,19676400
2014-12-10,45.296844482421875,46.46136556421067,45.06543242038037,46.40164522008793,29620600
2014-12-11,45.6402473449707,46.32701735659128,45.61785363020419,45.66264105973721,16886200
2014-12-12,44.819095611572266,45.699950802993165,44.759375264129474,45.184872772979226,17405400
2014-12-15,44.16218948364258,45.39389469361734,43.88598997416345,45.341640809327316,19209900
2014-12-16,43.61725616455078,44.68473330472654,43.37838043994309,43.60978969636871,20709700
2014-12-17,44.6175651550293,44.66235543713905,43.550087636219864,43.721779446204174,17856400
2014-12-18,45.89404296875,45.89404296875,45.11769542385516,45.26699346673852,18173400
2014-12-19,46.229949951171875,46.54347319086582,45.81191611729076,45.83431266842784,22756400
2014-12-22,46.2374267578125,46.528559224652284,45.99108740602294,46.40165489075443,17073400
2014-12-23,46.64052963256836,47.00630968973833,46.229962156544744,46.319539841875304,13552600
2014-12-24,46.64052963256836,46.931659245610135,46.48376797133406,46.83461793967839,7412500
2014-12-26,46.692779541015625,46.94658533417848,46.5882717757644,46.78235721871339,6086500
2014-12-29,46.998836517333984,47.28250246931086,46.468831253931484,46.59573271941256,10601200
2014-12-30,47.14068603515625,47.237727358366634,46.70772192499135,46.81969618730952,7518100
2014-12-31,46.715179443359375,47.39448281378834,46.715179443359375,47.252648395679316,18529400
2015-01-02,46.94807815551758,47.30118224188948,46.632535101846656,46.71517739842575,12600000
2015-01-05,45.49058151245117,46.79031208527067,45.25016908660838,46.62503033371762,20100600
2015-01-06,44.31106185913086,45.640844842911505,43.837748591629364,45.55820252538589,29074100
2015-01-07,44.378662109375,44.99471915312649,44.07814522005851,44.99471915312649,23843200
2015-01-08,45.370357513427734,45.75351663724377,45.054817402935534,45.054817402935534,16971100
2015-01-09,44.58151626586914,45.67088654615703,44.543952366398905,45.61829651371033,15396200
2015-01-12,44.198360443115234,44.62659520735432,43.77763731248479,44.536438408399455,15455200
2015-01-13,44.20586395263672,44.8519732300296,43.85275705314495,44.52140409316366,21644700
2015-01-14,42.680747985839844,44.20586441281227,41.523761726647685,44.20586441281227,49602300
2015-01-15,41.31341552734375,42.530503852202195,40.94528236979337,41.86936821514352,42458100
2015-01-16,42.019615173339844,42.07220520056523,41.05045118714371,41.065477318628325,29368900
2015-01-20,41.85432052612305,42.365197409957375,41.636445970911765,42.102247337075376,23477700
2015-01-21,41.989566802978516,42.38774929343861,41.46366361602973,41.659000477496726,21842400
2015-01-22,43.26675796508789,43.37193802570831,42.042155403703674,42.35769845150663,31423500
2015-01-23,42.58308792114258,43.47712136987847,42.56806178764173,43.36442966753501,15458300
2015-01-26,42.65070343017578,42.8159880301903,42.22246866281259,42.38023876322179,12577700
2015-01-27,42.222469329833984,42.53049790185511,41.89190012458268,42.109774761508874,15220500
2015-01-28,41.133087158203125,42.58307566538402,41.133087158203125,42.53799727785541,24354400
2015-01-29,41.824275970458984,41.98956054152366,41.0805011325507,41.52376195554484,20393300
2015-01-30,40.8551139831543,41.696557218248174,40.847599485034685,41.313400926446015,26943700
2015-02-02,41.67401885986328,41.809251164669455,40.77247111646925,40.96780507566634,20308900
2015-02-03,42.6131477355957,42.6582232781399,41.974549845442795,42.00460211776721,18812500
2015-02-04,42.35770034790039,42.87608904099906,42.28256968270663,42.312621948784134,14934100
2015-02-05,42.65070343017578,42.85355193039127,42.41780266342276,42.71831959691428,11293900
2015-02-06,43.49213790893555,44.12322104704337,43.22918779553282,43.38695786357446,25214000
2015-02-09,43.43955612182617,43.649916252429875,42.996295228095626,43.13903919301359,14372400
2015-02-10,43.920387268066406,44.10820965925651,43.612358661152335,43.89033499764985,16367300
2015-02-11,43.85275650024414,44.07063108935128,43.45457408052104,43.619858646870085,13061900
2015-02-12,44.754302978515625,44.85948302104092,43.987987555335486,44.27347828929072,23211300
2015-02-13,44.82944107055664,45.24265256970221,44.581517037011174,44.67167097048753,16479100
2015-02-17,45.152496337890625,45.18254860474115,44.56649146401485,44.596543730865385,15308800
2015-02-18,44.604061126708984,45.152502170842,44.416238733542514,45.152502170842,14278100
2015-02-19,44.498870849609375,44.68669319974242,44.175816178105194,44.43876918785644,11256500
2015-02-20,44.92710876464844,44.99472493012901,43.83773848343561,44.29602550881038,15379000
2015-02-23,44.589027404785156,44.72425973413142,44.175818783312366,44.70172196788764,16814000
2015-02-24,45.69341278076172,46.01646739337006,45.13746033065047,45.26517812980483,22937700
2015-02-25,45.93385696411133,46.03152543855685,45.640854406717864,45.64836604354763,18307900
2015-02-26,46.2644157409668,46.354569692056636,45.76105021000183,45.851204161091665,15444800
2015-02-27,46.03901672363281,46.5198415145937,45.92632502534362,45.92632502534362,15225900
2015-03-02,46.40714645385742,46.45222484947201,45.85119103837721,46.03901338785893,13047300
2015-03-03,46.557411193847656,46.572437327748354,46.20430421203635,46.31699878332055,13706900
2015-03-04,46.677616119384766,46.70766552042031,46.091608377091845,46.3094830137656,16625500
2015-03-05,46.5799446105957,46.75274083539942,46.27942769253775,46.730203069624686,10931300
2015-03-06,45.74601745605469,47.233570330583404,45.67840128603329,46.70015547038239,22719200
2015-03-09,46.20429992675781,46.30196835508294,45.678396752777104,45.70844901779125,13001500
2015-03-10,45.04731369018555,45.83616702121521,45.04731369018555,45.648344663068066,16357700
2015-03-11,45.257686614990234,45.56571523533145,45.04732357884674,45.1750443007134,13015600
2015-03-12,46.10663604736328,46.16674058332156,45.56570955344883,45.56570955344883,18159600
2015-03-13,45.82865524291992,46.47476461145275,45.40042049697453,46.129172161381334,16506200
2015-03-16,46.46725082397461,46.519840855619634,46.016478305319616,46.20430066574949,15182900
2015-03-17,46.28694152832031,46.32450542605372,45.7685499953976,46.08409304142991,11718300
2015-03-18,46.39212417602539,46.61751044093917,45.89627324683834,46.12165951175212,15697900
2015-03-19,45.97892379760742,46.317004688622504,45.6483545415294,46.25690014535655,11523800
2015-03-20,46.39212417602539,46.655074340767825,45.94135164619784,46.069069478803634,18368300
2015-03-23,45.93385696411133,46.640071195719266,45.9188308245087,46.39214419119058,15112900
2015-03-24,45.422950744628906,46.008958352041816,45.41543911258444,45.80610989554596,12128700
2015-03-25,44.78437042236328,45.55819773983193,44.76934428748769,45.475555430987285,14950900
2015-03-26,44.73177719116211,44.919599564790495,44.22841173954821,44.671672655948875,14039600
2015-03-27,44.73928451538086,44.91208073856056,44.326075906390976,44.69420898425501,11755800
2015-03-30,45.798606872558594,46.174251619608995,45.5356566960001,45.73850520332036,20656500
2015-03-31,45.51311111450195,45.78357287855359,45.392902064779236,45.61829116706784,17346700
2015-04-01,45.33916473388672,45.80805936857928,45.17278155690298,45.687054208497635,18100600
2015-04-02,45.7702522277832,45.90638341262553,45.376984681015486,45.42992426567739,12697800
2015-04-06,45.732425689697266,45.94418396832975,45.11227397228199,45.316467806683214,12025200
2015-04-07,46.01982498168945,46.511410145352194,46.01982498168945,46.24671221722059,11505500
2015-04-08,46.17107391357422,46.55677983695256,46.08788232676749,46.178638358733295,11734000
2015-04-09,46.48871612548828,46.571907715641395,46.004695475496305,46.33745895111813,11728500
2015-04-10,46.662662506103516,46.723163646983345,46.284520999384675,46.39796172040588,9869700
2015-04-13,46.94248962402344,47.093746814054725,46.511408507678375,46.617287675202995,15468700
2015-04-14,47.676082611083984,48.10716370473985,47.44919828047418,47.615578584259616,33775400
2015-04-15,48.5609245300293,48.765124145115905,47.653384469042564,47.70632692646633,28732200
2015-04-16,48.2584228515625,48.60630948000303,48.14497923914356,48.462619622922055,16640500
2015-04-17,47.52482986450195,47.94834943682721,47.26013193491808,47.83490581843923,20221200
2015-04-20,47.82733917236328,48.039097493518405,47.75170913981449,47.81221316585352,12755300
2015-04-21,47.12398910522461,48.099591865383516,46.987857950785624,47.89539801871538,14985100
2015-04-22,47.6004524230957,47.75927405049892,46.91223498765104,47.38113253904601,14484700
2015-04-23,47.494571685791016,47.80464759949558,47.343314509229856,47.48701012520876,12851300
2015-04-24,47.34332275390625,47.524831974386984,47.146690409627375,47.36601320958583,9597500
2015-04-27,47.14670181274414,47.75929233441547,47.12401423656842,47.41896426682029,11146400
2015-04-28,47.46432876586914,47.479454774921905,46.71561007020049,47.260134856134954,12307800
2015-04-29,48.099609375,48.31893219087921,47.23744700636189,47.31307705579855,17601200
2015-04-30,47.84246826171875,48.31136586703899,47.58533188895934,48.08448151107271,16840900
2015-05-01,48.10716247558594,48.303794787759536,47.89540415709272,48.175228061528856,11640100
2015-05-04,48.94664764404297,49.0600912734432,48.12986043634056,48.160112455512795,14972500
2015-05-05,48.70462417602539,49.40040312011605,48.62143258814704,48.787815763903744,17692400
2015-05-06,48.341609954833984,49.2113365944463,47.96346843934877,48.80294306532448,18087900
2015-05-07,48.7802619934082,48.8558891525798,47.83490807880727,48.15254560931741,15039900
2015-05-08,49.52897262573242,49.64998067671934,48.85588120956668,49.13570799998784,16802600
2015-05-11,49.498714447021484,49.642410047173186,49.21889346143856,49.35502461685051,13798800
2015-05-12,49.4306526184082,49.56678377619988,48.97688401576291,49.392836164029085,12762200
2015-05-13,49.55165100097656,49.63484257810269,49.20376157389477,49.47602386812928,11874100
2015-05-14,49.952510833740234,50.0508255787771,49.695371529052885,49.78612759599841,11855500
2015-05-15,49.823917388916016,50.0356814562602,49.49115682305114,50.01298812155911,11152100
2015-05-18,50.23233413696289,50.32309020787287,49.76344219555345,49.76344219555345,10510900
2015-05-19,50.67853546142578,50.81466665912927,50.34576902926559,50.49702335116611,14282700
2015-05-20,50.27769088745117,50.69364303003196,50.217186869263905,50.63313901184469,12446000
2015-05-21,50.4062614440918,50.42894901014766,49.92224080162936,50.0205555111985,12934500
2015-05-22,50.2701416015625,50.54240399552475,50.15669797574782,50.391143904444334,9296900
2015-05-26,49.71047592163086,50.133992485314565,49.392832728887655,50.06592402616229,15571300
2015-05-27,50.2701416015625,50.406272798543625,49.77855640302053,49.87687113473593,10963700
2015-05-28,50.06593322753906,50.21719329235434,49.71804373343617,50.18694127939128,11797400
2015-05-29,49.748291015625,50.081057356592964,49.430653564690644,50.0508053465067,14310700
2015-06-01,49.975181579589844,50.41382710047768,49.89198998873245,49.90711310980591,11899300
2015-06-02,49.92980194091797,50.209628732705255,49.5970413390423,49.78611209214632,12784200
2015-06-03,50.44408416748047,50.76928615516813,50.11888217979281,50.239890254273135,12927300
2015-06-04,50.16426086425781,50.70878563526462,49.92225049603061,50.14913197062857,13863300
2015-06-05,50.98859405517578,51.306231502845336,50.678521052445284,50.950783370442295,20801100
2015-06-08,50.58778381347656,51.086933505202516,50.527279771452264,51.01886501542942,14558700
2015-06-09,50.80710220336914,50.87516491721801,50.270141859736604,50.633154540228944,13263500
2015-06-10,51.623878479003906,51.80538478088963,51.02641422489954,51.11716449085175,17478900
2015-06-11,51.82051086425781,51.941518919086704,51.54068983493385,51.69950857941055,13739900
2015-06-12,51.616329193115234,51.83565201688321,51.32894364989324,51.66170433941792,11804700
2015-06-15,51.419673919677734,51.58605708464197,50.89784263044897,51.109600924046816,14082300
2015-06-16,51.70708084106445,51.82051869713609,51.13986848077627,51.2533063368479,11692800
2015-06-17,51.533138275146484,51.94153190734255,51.457511106958265,51.737337976236056,14521900
2015-06-18,52.01714324951172,52.04739526157956,51.351616293963154,51.69194133225906,16759600
2015-06-19,51.487735748291016,51.93393984230905,51.36672772755256,51.77512114257483,21606400
2015-06-22,52.15327835083008,52.40285314172004,51.99445960298604,52.08521564603196,14306700
2015-06-23,52.7507438659668,52.80368344980003,52.32722719530091,52.44822948549892,15736900
2015-06-24,52.19864273071289,52.7658549004047,52.11545692087355,52.56922550263088,16995000
2015-06-25,51.91883087158203,52.538982721895955,51.911266425729714,52.42553911403748,13314300
2015-06-26,52.14570617675781,52.402845375622356,52.00957501735444,52.13814750177716,14489200
2015-06-29,50.822227478027344,51.62389157383559,50.791981228358594,51.18524594386277,19934400
2015-06-30,51.245750427246094,51.51044838901219,50.79198166850667,51.344065164478415,20677400
2015-07-01,51.81665802001953,52.06025012854833,51.59590176421312,51.854721646352836,13964400
2015-07-02,51.397987365722656,51.862335784305586,51.1467871487358,51.72531484426973,12822900
2015-07-06,51.25334548950195,51.35230277393566,50.65197628172822,50.91079032149015,13527100
2015-07-07,50.849910736083984,51.16962433525313,49.70807147531289,51.07066121572829,22421500
2015-07-08,49.80702209472656,50.3627196823535,49.639551429751485,50.24092072321016,17707200
2015-07-09,50.324649810791016,50.77377034958808,50.233300602769255,50.61391359131997,14984700
2015-07-10,51.04020309448242,51.30663101974456,50.87273245354817,51.169610114225,12356100
2015-07-13,51.831886291503906,51.86994992246781,51.519786586839686,51.67964338303766,16175600
2015-07-14,52.555049896240234,52.60072160313093,51.5806814312777,51.7481521001358,20185100
2015-07-15,52.66924285888672,52.85193552150364,52.41042292979231,52.699692603938715,16891600
2015-07-16,52.95087814331055,53.24775581556528,52.83669889066905,53.00416373044105,18035700
2015-07-17,52.68446731567383,52.89760973340873,52.46371100939259,52.79103852454128,14040700
2015-07-20,52.72252655029297,53.11074771832403,52.6616270623958,52.90521920628964,11512900
2015-07-21,52.60072708129883,52.93566845389789,52.425648314854605,52.64640460064083,11659900
2015-07-22,53.34672546386719,53.50658224489344,52.67684279172578,52.7377422724103,15493000
2015-07-23,53.011775970458984,53.750166088977984,52.87475506385037,53.430452576122306,14331800
2015-07-24,52.45610046386719,52.95089284992003,52.28101588169978,52.859549422437055,12413900
2015-07-27,51.7709846496582,51.93084142126804,51.43604333331732,51.87755583073143,16801600
2015-07-28,51.801448822021484,52.220119776411124,51.58830059279019,52.18206194839138,14932400
2015-07-29,52.478919982910156,52.60071311753561,51.885164658339654,52.00695779296511,13059200
2015-07-30,52.555049896240234,52.867149572816906,52.17443685163336,52.47131456181119,10197200
2015-07-31,52.16682815551758,52.555055125802,52.06787084484281,52.53221927008434,11911800
2015-08-03,52.16682815551758,52.40280640819304,51.763379217319624,52.21249986695289,9980600
2015-08-04,52.11353302001953,52.48653214644055,51.999347954631226,52.1211469064304,10964000
2015-08-05,52.319068908691406,52.84431093332517,52.18965606650038,52.56266101208943,11302900
2015-08-06,51.95369338989258,52.4789413793299,51.76338682069883,52.33430652828007,10803400
2015-08-07,51.801448822021484,52.32669098717906,51.42083569565158,52.01459124355736,11453300
2015-08-10,52.44086837768555,52.532217605356095,51.93084825717106,51.93084825717106,12661400
2015-08-11,51.9384651184082,52.067872175912946,51.64919545140362,51.9384651184082,14800300
2015-08-12,51.18484115600586,51.42082519539959,50.29420801601655,51.31425400639373,21069000
2015-08-13,51.420814514160156,51.611120998953204,50.97930207559394,51.19244440933128,11930600
2015-08-14,51.679649353027344,51.69487713024988,51.30665011881019,51.321872088337365,11248800
2015-08-17,51.81665802001953,51.9460650572424,51.30663795023953,51.47410861379571,10326500
2015-08-18,51.92324447631836,52.037429581208706,51.641588658614914,51.74816568215608,10617500
2015-08-19,51.45889663696289,51.99936661218343,51.27620395140705,51.710102709412034,15198200
2015-08-20,50.19525146484375,51.03259902285326,50.19525146484375,50.857514462471286,20972300
2015-08-21,48.41398620605469,49.8146454643639,48.39115034879176,49.54821164244273,28235500
2015-08-24,45.863868713378906,47.89634083761907,38.11458742709278,45.133092415035044,36339100
2015-08-25,45.60505294799805,48.20083368560411,45.4680320254625,48.03336302387245,31772500
2015-08-26,47.888736724853516,47.942022322761446,46.09224255582247,47.04377523824592,33576800
2015-08-27,49.0838737487793,49.27418032133432,48.06382749988257,48.703257699821386,29045700
2015-08-28,48.81743240356445,49.06863843460332,48.41398346094162,48.93923137898747,16687300
2015-08-31,48.794593811035156,48.984900343689496,48.31502343951622,48.42159463318709,14223400
2015-09-01,46.777347564697266,47.84306243390228,46.42718423212336,47.84306243390228,23637300
2015-09-02,47.629913330078125,47.88873030113389,46.845851434165176,47.667974051500195,17757900
2015-09-03,47.71365737915039,48.45965868997245,47.53857570553528,47.8659031965084,17065400
2015-09-04,46.815406799316406,47.13512037873336,46.24448720420279,47.043774056592405,20189000
2015-09-08,48.079044342041016,48.109494085486354,47.44722813671071,47.78216660306736,13385100
2015-09-09,47.33304214477539,48.97728760549034,47.19602120574126,48.67279888840684,13889500
2015-09-10,47.698429107666016,47.957246107575074,46.777346188872436,47.089448785482126,15751100
2015-09-11,47.62230682373047,47.698428273729874,47.18840817027007,47.4852858906538,12766700
2015-09-14,47.48527526855469,47.7212534530746,47.287354896674046,47.68319273658879,10202800
2015-09-15,48.39874267578125,48.63472083929824,47.58422831547781,47.774534784815394,14023500
2015-09-16,48.82503890991211,48.939223980184586,48.11709844345545,48.634732395355954,12235900
2015-09-17,47.69080352783203,49.20564143414295,47.49288316879322,48.82502848628745,21249200
2015-09-18,46.38911819458008,47.066611873121985,46.26732213288043,47.066611873121985,31008000
2015-09-21,46.777347564697266,47.12751089727117,46.49569470187455,46.83063316296516,13136400
2015-09-22,46.36627960205078,46.50330052635126,45.993277551711245,46.130298476011724,14811900
2015-09-23,46.16074752807617,46.54897444242757,45.91715542269162,46.28254358076845,11712200
2015-09-24,45.841041564941406,45.96283763778973,45.26250804102631,45.68118185995195,17293400
2015-09-25,46.792564392089844,47.08944207535975,46.33582703765038,46.64031860727669,18384300
2015-09-28,45.65833282470703,46.44239463586231,45.43757659893725,46.37388418316985,17452200
2015-09-29,45.551761627197266,45.77251785283372,44.70680034578271,45.65833279713305,19334900
2015-09-30,46.411949157714844,46.434785007996034,45.75729434708501,46.20641779364408,18743800
2015-10-01,46.75449752807617,47.09704979420637,46.08462076747335,46.526130318604906,16863200
2015-10-02,46.62417984008789,46.66251520216538,44.87605866630774,45.68878179643363,20435100
2015-10-05,47.55189895629883,47.72057802337272,46.93852451893929,46.95385924547328,13471100
2015-10-06,47.57490158081055,47.81258546486493,47.245212258490014,47.620905762343696,12134800
2015-10-07,47.63623046875,48.32627549778828,47.35254246283916,47.958250897341294,12773100
2015-10-08,47.63623046875,47.72823588766187,47.09952682963165,47.42154725822294,13964600
2015-10-09,47.48287582397461,47.95824046386822,47.21452552519569,47.83556562374088,12112000
2015-10-12,47.32187271118164,47.5442188813157,47.0765229942894,47.4138781238164,10857400
2015-10-13,47.19153594970703,47.65923483012255,47.0075250974516,47.068861073270156,15621900
2015-10-14,45.9954719543457,46.746856188368525,45.650447835457484,46.5858429830202,28989400
2015-10-15,47.45222473144531,47.5058948119541,46.07979741603475,46.3634854699241,18147900
2015-10-16,47.866241455078125,48.03492047957133,47.60555701940648,47.866241455078125,17456600
2015-10-19,47.70524215698242,48.126936889791246,47.46755828858474,47.53656309393891,14510400
2015-10-20,47.93524932861328,48.16526433375721,47.59789418272214,47.81257446421655,11545100
2015-10-21,47.58256149291992,48.272606537846684,47.574892668367625,48.21127056542634,12113400
2015-10-22,48.4489631652832,48.74798597415063,47.85858929875055,47.85858929875055,15295700
2015-10-23,48.970314025878906,49.21566665798655,48.68662897520339,48.7863032077972,16985200
2015-10-26,48.99333190917969,49.062336717353745,48.6176384147209,48.94732772879696,13880200
2015-10-27,48.793983459472656,48.96266252966445,48.54096777898505,48.70964392437676,8831900
2015-10-28,50.220069885253906,50.404080717174786,48.832308122519855,48.839976946649564,17962000
2015-10-29,49.99772262573242,50.473090296120596,49.74470406651295,50.03606089819565,12753700
2015-10-30,49.26167297363281,50.09739348942465,49.16966463031668,50.06672989125165,15731400
2015-11-02,50.2507438659668,50.41175408962431,49.36901619866185,49.41501744839274,15253300
2015-11-03,50.43475341796875,50.680103159558655,49.967054559063115,50.05906290575905,11519500
2015-11-04,50.48843002319336,50.71844799489265,50.319750957227214,50.61110783465965,11388400
2015-11-05,50.940799713134766,51.1171417640216,50.41176186127363,50.44243131568881,12715900
2015-11-06,52.489559173583984,52.92658857922981,52.21353998584987,52.42055730145005,23262700
2015-11-09,51.6691780090332,52.68891538822156,51.43149705959835,52.67357773687734,17143800
2015-11-10,51.89152145385742,52.021862227958565,51.316482433247124,51.515830931613195,13239700
2015-11-11,51.63851547241211,52.267224720933086,51.56184475422191,52.21355463323986,8513900
2015-11-12,50.60343551635742,51.293483534227676,50.56509724052034,51.26281408347793,13576900
2015-11-13,50.26607131958008,50.7337701500676,50.013058618338405,50.48075159922703,11837000
2015-11-16,50.99448013305664,51.04815022676257,49.967073675483896,50.189422877866065,11041100
2015-11-17,50.703121185302734,51.17082020472414,50.519110278357,51.11715011313158,12354800
2015-11-18,51.71518325805664,51.79185982149968,50.88713135911657,50.97147089922351,12911400
2015-11-19,51.876197814941406,51.99886978351194,51.40083004392976,51.814858905855964,12839500
2015-11-20,51.78417205810547,52.22120140174972,51.66149428113946,52.12919306902521,11209600
2015-11-23,51.27814865112305,51.81485529380593,51.20147794491118,51.60783795247398,11339000
2015-11-24,51.20145797729492,51.47747709169524,50.63408795307099,50.73375924731646,10910000
2015-11-25,51.262813568115234,51.46216207118466,51.02513263919371,51.31648364398782,7772000
2015-11-27,51.50049591064453,51.623173715777504,51.09413591794105,51.37015512989053,4052500
2015-11-30,51.12480926513672,51.76885024236416,51.12480926513672,51.58483937024205,15147500
2015-12-01,51.837852478027344,52.00653153025099,51.36248477172428,51.63083515044394,12708800
2015-12-02,51.109474182128906,52.04486613430175,50.971464574496885,52.00653370693717,13440900
2015-12-03,50.45009994506836,51.39316080385802,50.28142087124249,51.23981938198011,14626900
2015-12-04,52.052528381347656,52.13686790033082,50.626431232576564,50.68010130378412,17786000
2015-12-07,51.37015151977539,51.94519052932511,50.91012148205547,51.87618865598681,11686000
2015-12-08,50.57276153564453,51.33948018691191,50.373413048427274,50.79511064646396,13084500
2015-12-09,50.189395904541016,51.048122791931284,49.86737551536905,50.30440485770196,16770200
2015-12-10,50.30442428588867,50.98680359536231,49.898064230763985,50.25075420029863,12839000
2015-12-11,49.12367248535156,49.95939900559026,48.694308911386734,49.68337977409859,17889300
2015-12-14,49.277015686035156,49.65271211724843,48.76331548368273,49.24635208107112,17638200
2015-12-15,50.68009948730469,51.101797067106,49.89038024658481,49.89038024658481,18126600
2015-12-16,51.77650451660156,51.93751471565719,50.53442416685859,51.301142743084526,21720000
2015-12-17,50.818119049072266,52.13687626705736,50.664777635185615,52.060205560114035,18122100
2015-12-18,49.37666320800781,50.58041079079101,49.37666320800781,50.58041079079101,23819600
2015-12-21,50.2507438659668,50.26607566601062,49.70637429562012,49.85204686963441,18869300
2015-12-22,50.35808181762695,50.60343155481787,49.82138109552158,50.54209265812035,12149500
2015-12-23,51.163143157958984,51.25514566133189,50.641774190313804,50.69544426714788,12524500
2015-12-24,51.06346893310547,51.28581807844902,50.84878861335307,51.078806584287776,4468200
2015-12-28,50.894779205322266,50.94844927401657,50.381079140734116,50.82577733825764,6610600
2015-12-29,51.423824310302734,51.600172189705596,51.1708057288289,51.24747643089987,9820800
2015-12-30,51.05580520629883,51.40850102351468,50.9484650357029,51.40083219715766,7190700
2015-12-31,50.626434326171875,51.20147334550522,50.603433701334446,50.749112124770704,14654300
2016-01-04,49.10586929321289,49.445487580152786,48.63503290931457,49.36058521673314,25393200
2016-01-05,49.190773010253906,49.49951609446367,48.65818920250832,49.16761808865377,16566700
2016-01-06,48.480655670166016,48.727651286789715,48.117879570066215,48.411187968964356,22961500
2016-01-07,46.52012634277344,47.85544734271558,46.373473612520854,47.43864112694079,27630900
2016-01-08,45.47810745239258,47.29198491209317,45.42407734815323,47.183924703614466,22373300
2016-01-11,45.408660888671875,45.70968671699314,44.79888896009129,45.408660888671875,20925500
2016-01-12,45.50898742675781,45.97210644035786,44.845185568358524,45.88720114064351,22971600
2016-01-13,44.258575439453125,46.06473297356622,43.92667448209411,45.89492235973034,28808100
2016-01-14,44.92237091064453,45.83316834516166,44.219976578373185,44.89149572266294,31296300
2016-01-15,44.02702331542969,44.436109364495664,43.39409650786992,43.57162447151026,38131700
2016-01-19,44.00385284423828,44.74484262758931,43.61792183090919,44.55959444564656,22818900
2016-01-20,42.846065521240234,43.363214679203274,42.1899838888072,42.9386910967807,34646100
2016-01-21,42.6453857421875,43.625651070949246,42.4987329869569,43.02359950856824,31301100
2016-01-22,43.957550048828125,44.119640393731544,43.455838473360856,43.563898703296466,22732200
2016-01-25,42.96184539794922,43.880360258973255,42.91553261084789,43.59477209956583,21114400
2016-01-26,44.057891845703125,44.11192195931325,43.077626586116125,43.10849883359308,17535700
2016-01-27,44.02702331542969,44.97641352676934,43.656529789864514,44.05789851199865,20560000
2016-01-28,44.21226119995117,44.74484794607875,43.71055258964093,44.397509403913006,15497900
2016-01-29,45.9257926940918,45.956667883236044,44.389785894996656,44.63678446373053,26992200
2016-02-01,45.431800842285156,46.0415725698979,45.107617249414815,45.66335886895251,16807900
2016-02-02,44.019287109375,44.75255656813462,43.80316670046806,44.6753715490735,22448200
2016-02-03,44.312599182128906,44.61362490379236,42.46784939497492,44.2817239941583,31543200
2016-02-04,45.076751708984375,45.169374344542284,44.042456287922796,44.042456287922796,21651300
2016-02-05,44.575035095214844,45.64792291471105,44.320319195634795,45.2156820345803,22001300
2016-02-08,43.64108657836914,43.93439207478631,42.8692244299484,43.756864133979995,28267600
2016-02-09,43.3786506652832,43.7568614458996,42.55275845276303,42.67625627114679,26300000
2016-02-10,42.85378646850586,44.31260544548364,42.81519395029775,43.66424112855791,22389600
2016-02-11,40.96271514892578,41.611079331578445,40.522754054742165,41.603362007303204,44334700
2016-02-12,44.37435531616211,44.43610275569579,42.58363245895946,42.95412887384302,37011400
2016-02-16,45.03815460205078,45.231120136668686,44.490133190396826,44.945531969871894,23730700
2016-02-17,45.362335205078125,45.732828653497556,45.069026787588506,45.42408264093793,21580100
2016-02-18,44.6213493347168,45.431803955804405,44.18910549607395,45.41636636037928,17037800
2016-02-19,44.62906265258789,44.899213187217846,44.05788639525028,44.38206703680622,15658200
2016-02-22,45.20796203613281,45.44724034222657,45.092181545734505,45.16164925108946,14882800
2016-02-23,43.31689453125,44.837463610504706,43.19339672926717,44.6908108907813,31772500
2016-02-24,43.332332611083984,43.386362716031876,41.935264262545736,42.606783384340915,25560100
2016-02-25,44.00385284423828,44.01929043810184,43.25514868058542,43.324616380761455,14473300
2016-02-26,44.4129524230957,44.85291364875803,44.10420636026359,44.490137466593396,20947500
2016-02-29,43.45582962036133,44.466969891260305,43.448112295975456,44.31259690376445,19554100
2016-03-01,45.69422912597656,45.69422912597656,43.741416343385254,43.810884038329924,23958100
2016-03-02,46.12647247314453,46.23453562797694,45.508983453344584,45.694231631494524,20943100
2016-03-03,46.28084945678711,46.28084945678711,45.6170475990794,45.9875439873415,15790600
2016-03-04,46.35031509399414,46.73624611550021,45.94894647829744,46.38890760726074,18459000
2016-03-07,46.26541519165039,46.35032049738696,45.78686149363201,45.956672105105135,12832400
2016-03-08,45.370059967041016,45.925801702972265,45.29287492345975,45.70196095439766,14132900
2016-03-09,45.63248825073242,45.95667187607275,45.29286997389907,45.655646116812676,13238800
2016-03-10,45.23884201049805,46.05701402185044,44.621352866716855,45.99526657968257,21139200
2016-03-11,45.80229568481445,45.93351082434746,45.26971191263085,45.84088819971121,21055000
2016-03-14,45.63248825073242,45.77914393969938,45.23111959024555,45.655646116812676,13436100
2016-03-15,45.69422912597656,45.7019464501172,45.099895056876576,45.18480034452225,10910500
2016-03-16,45.47810745239258,46.11875432325896,45.130771909259565,45.524420232206246,17423900
2016-03-17,45.34689712524414,45.640205539598256,44.76028324095606,45.362334720149114,19405700
2016-03-18,46.68222427368164,47.0604380372696,46.04929752189815,46.35032330086584,29570200
2016-03-21,46.666778564453125,46.94464937194143,46.280847541701604,46.481533322407614,12684400
2016-03-22,46.496978759765625,46.759412017280745,46.0184220908483,46.304013215840406,12042700
2016-03-23,46.26541519165039,46.705376371903164,46.20366775210949,46.57416122261601,11658700
2016-03-24,45.91035079956055,45.93350571703999,45.43951451467961,45.77141540584421,12921200
2016-03-28,45.84860610961914,46.11875664441256,45.678795519508995,45.94894605430241,11159700
2016-03-29,45.563011169433594,45.794572116083984,45.177080184242605,45.794572116083984,15933400
2016-03-30,46.087886810302734,46.48925546892242,45.83317383996775,45.89492127891367,13307100
2016-03-31,45.709678649902344,46.257700083944876,45.62477334009453,45.88720659567301,14904700
2016-04-01,46.211387634277344,46.35804333208808,45.2002500685492,45.55530596270686,15417500
2016-04-04,46.032535552978516,46.32023806593544,45.84591586287011,46.21915227686758,12305000
2016-04-05,45.37937545776367,45.74483744605761,45.26273776943423,45.558217737974424,12886600
2016-04-06,45.729278564453125,45.78370868635918,45.06056224821398,45.23940450107946,12167900
2016-04-07,44.57069778442383,45.433808426571524,44.37630360254263,45.301618840458005,19226800
2016-04-08,44.89727020263672,45.550434607289986,44.85838900311357,44.87394088967902,13547700
2016-04-11,45.25497055053711,45.78372301413986,45.02947256566121,45.02947256566121,17627800
2016-04-12,46.09474182128906,46.18027572545153,45.254960600698254,45.36382085464341,17779200
2016-04-13,48.046470642089844,48.334173224303896,46.950087485102166,47.0278439777373,37516800
2016-04-14,48.66852569580078,48.91735000211542,47.90650088693474,47.96870548040354,24249900
2016-04-15,48.108673095703125,48.90957917195414,47.7820922817479,48.89402728087723,19290700
2016-04-18,48.419700622558594,48.660750463203996,47.84429256943265,47.92982647953972,13813100
2016-04-19,49.23615646362305,49.36056861711809,48.6374220479845,48.6374220479845,19255600
2016-04-20,49.951515197753906,50.00594531817927,49.10395961792493,49.36055833332748,14594400
2016-04-21,49.453880310058594,50.27811570239345,49.25171165939186,49.967083814669344,15395800
2016-04-22,49.7415885925293,50.06039199404105,49.484986826047056,49.484986826047056,12444700
2016-04-25,49.453880310058594,49.726033953372166,49.103973144143865,49.453880310058594,10687200
2016-04-26,49.710472106933594,49.819332355969806,49.243927335001466,49.61716374579103,12048000
2016-04-27,49.850433349609375,50.26254797402333,49.45386764600197,49.656039211116884,15284100
2016-04-28,49.453880310058594,50.09149301029509,49.259486121786004,49.48498409207499,12852500
2016-04-29,49.142860412597656,49.461666821257936,48.75407196465974,49.05732647945604,16376400
2016-05-02,49.60161590576172,49.764906292641754,49.09618988973925,49.52385645994773,10247300
2016-05-03,48.64518737792969,48.91733796907208,48.05422757113624,48.909563509133285,19120300
2016-05-04,47.875396728515625,48.411923578597786,47.64212431396772,48.01536077048831,17030200
2016-05-05,47.618797302246094,48.209754275323085,47.47883326221371,47.89872241609121,14033900
2016-05-06,47.89872741699219,47.96093498182125,47.11337619145502,47.198910109985,11057900
2016-05-09,47.595462799072266,48.12421512242529,47.47105066217857,47.719874935965954,11197100
2016-05-10,48.2408561706543,48.41192101695396,47.70432638274212,47.85984230628507,11897200
2016-05-11,48.06201934814453,48.67630271817338,48.06201934814453,48.18643150784631,11254000
2016-05-12,48.030906677246094,48.645192899804535,47.719874852446566,48.41969497513585,11071700
2016-05-13,47.58769226074219,48.52078484746646,47.44772822442257,47.976480591359,15122300
2016-05-16,47.945377349853516,48.201979074719134,47.432176866341884,47.59546725513658,10951300
2016-05-17,47.945377349853516,48.33416568482353,47.548814553320724,47.76653507171366,12180900
2016-05-18,49.79601287841797,49.89709571434576,47.9687058427315,47.976483270861166,24007100
2016-05-19,49.29058074951172,49.93597075849986,48.90956987234228,49.39944100013156,16076200
2016-05-20,49.38388442993164,49.912639677218465,49.27502418963283,49.65603799689776,11862000
2016-05-23,49.34501647949219,49.663822806611876,49.11174406363724,49.33724201765889,9347500
2016-05-24,50.18479919433594,50.363638506985005,49.61716857891285,49.71825141073888,13839400
2016-05-25,50.94681930541992,51.47557166272162,50.480274503668774,50.49582935877592,18935200
2016-05-26,50.56581115722656,50.99348070932776,50.47250575126945,50.98570328135156,9428400
2016-05-27,50.876834869384766,50.90016121713735,50.58135791045471,50.70576707594796,10116000
2016-05-31,50.752418518066406,51.180087991096656,50.51137168732476,51.11010894956711,15139400
2016-06-01,51.07902145385742,51.25786079416255,49.967086402062456,50.355874798739855,14031000
2016-06-02,51.17232131958008,51.17232131958008,50.666901204694796,50.946823362083194,10637600
2016-06-03,50.262550354003906,50.43361815316765,49.414991751395156,49.9592959581913,20261700
2016-06-06,50.76020812988281,51.133447571620046,50.23145571467822,50.26255949585963,13193500
2016-06-07,50.589134216308594,51.117886567931215,50.57358529380747,50.89238863081167,9924100
2016-06-08,50.73687744140625,50.915722684806276,50.48027571791719,50.48805314565784,9428000
2016-06-09,50.34809112548828,50.464728816513976,49.974851700693954,50.37919490525776,10817800
2016-06-10,49.64049530029297,49.81933758049602,49.438326668912886,49.7104773200437,16678400
2016-06-13,49.1972770690918,50.02928091604187,49.189499641181996,49.36056746056182,14314900
2016-06-14,48.2719612121582,49.35279231143288,47.96092935693085,48.73850602877963,19509300
2016-06-15,48.186424255371094,48.971775339120185,48.139768590172565,48.528556901502085,16982100
2016-06-16,48.38082504272461,48.44302963862978,47.354423997420696,47.782090605260684,16791200
2016-06-17,48.42747497558594,48.76183318731597,48.15532432241947,48.44302686522683,15751500
2016-06-20,48.49745559692383,49.648268701177074,48.47412924624518,49.33723981599,12213200
2016-06-21,48.948455810546875,48.98733405385359,48.31861759058676,48.77738798053355,11611600
2016-06-22,48.7618293762207,49.53940600017403,48.738503026692314,48.94844907110605,12643500
2016-06-23,49.803802490234375,49.8815589932345,49.39945918272829,49.531648797293045,16583600
2016-06-24,46.343563079833984,47.976475681029896,46.14139447374154,47.027831302227106,44108700
2016-06-27,44.796199798583984,45.682636873534804,44.360755723950206,45.65153308972809,37300700
2016-06-28,46.281368255615234,46.30469460879366,45.301619895043146,46.02476650577306,29088700
2016-06-29,47.58769226074219,47.595466722217914,46.654599674017916,46.93452774665715,21483000
2016-06-30,48.31861114501953,48.35748938313999,47.44772615299952,47.92204837023971,21343600
2016-07-01,48.005157470703125,48.59287978688823,47.92679569093589,48.31861056839263,14217800
2016-07-05,46.66515350341797,47.48796418693866,46.312519499248985,47.37042151175594,23357700
2016-07-06,47.16667556762695,47.24504033952151,46.04608473867312,46.24199218444393,20429800
2016-07-07,47.472293853759766,47.91112462060406,47.143167789316145,47.42527499046485,13771400
2016-07-08,48.45183181762695,48.71826307905726,48.06001691885,48.06001691885,16998800
2016-07-11,48.796630859375,49.32949939369325,48.6947581424084,48.91417354266511,13151400
2016-07-12,49.52540969848633,49.80751693747582,49.282483356176314,49.39219106260316,16588100
2016-07-13,49.49405288696289,49.70563326961558,49.086565074740314,49.4313640639418,18526900
2016-07-14,50.246341705322266,50.92026376838415,50.19148786198563,50.73218832384093,28985900
2016-07-15,50.29336166381836,50.779214300436315,49.84669290931932,50.740030418317396,17607100
2016-07-18,50.12096405029297,50.46576309443676,50.073948172862906,50.25417968875898,10824400
2016-07-19,50.0426025390625,50.23067202844637,49.72914940434186,49.84669507718976,9737400
2016-07-20,50.09745788574219,50.33254923846059,49.92505835756489,50.23851150164894,10411100
2016-07-21,49.90938186645508,50.293361791296014,49.86236599069001,50.152308185379795,9808700
2016-07-22,50.18364334106445,50.22282123626583,49.83884438302173,50.07393566870899,8195700
2016-07-25,50.05044174194336,50.285530118148586,49.901553134519254,50.13664151072448,8168300
2016-07-26,50.25416946411133,50.35604514931063,49.92504643182133,50.136626805140615,8067800
2016-07-27,50.41090774536133,50.69301495879445,50.19932434597596,50.21500029040061,11806800
2016-07-28,50.23065948486328,50.30118926240786,49.93288236948118,50.15229771540692,10013400
2016-07-29,50.12879943847656,50.37956073621162,49.95639992529228,49.99558081756767,13210400
2016-08-01,49.99558639526367,50.39523632395586,49.84669779228243,50.26985865041119,11422600
2016-08-02,49.8780517578125,50.1601590421094,49.666471294589826,49.83103288065926,13550000
2016-08-03,50.66950607299805,50.677338066442815,49.878038295747366,49.9093812160788,13122300
2016-08-04,50.591148376464844,50.7948938403691,50.36389497030665,50.53629451833163,9873000
2016-08-05,51.954654693603516,52.009508536828996,50.990787472789506,51.045641316014986,20752700
2016-08-08,51.79792404174805,52.103539158656815,51.59417863760208,51.774416106388976,11359200
2016-08-09,51.617706298828125,51.93899146533675,51.47665267048673,51.86062966706309,10097000
2016-08-10,51.155357360839844,51.77442568046133,51.06132560201528,51.65688000330913,11556100
2016-08-11,51.29639434814453,51.47663179183037,50.9515954012427,51.14750280677882,9604500
2016-08-12,51.186710357666016,51.210218300625705,50.82624128216541,50.91244105876581,7685400
2016-08-15,51.500144958496094,51.58634470398307,51.29639956201595,51.37476133647134,8371600
2016-08-16,51.492313385009766,51.6882208347984,51.12400642282779,51.218044151029865,10128900
2016-08-17,51.633365631103516,51.7038954200568,51.35909640433127,51.56284182077097,11868100
2016-08-18,51.680381774902344,51.7117276836432,51.35125870105462,51.42178849037672,9313600
2016-08-19,51.6098518371582,51.649035713087606,51.1083293140862,51.50014415889996,9084900
2016-08-22,51.562843322753906,51.625529163113015,51.25722817850241,51.523659441236155,9055600
2016-08-23,51.539329528808594,51.98599827751322,51.531497535383224,51.77442086123037,8949600
2016-08-24,51.680381774902344,51.89980313608827,51.539328174878925,51.7117276836432,10167200
2016-08-25,51.7744140625,51.829267902379186,51.554998702983255,51.649036419327636,9978700
2016-08-26,51.891963958740234,52.40915649439731,51.60201879358873,51.978163711119855,14038600
2016-08-29,52.46400833129883,52.58155398719337,52.080031435422384,52.103539370877215,14583100
2016-08-30,52.895015716552734,52.9733775070752,52.46401690074708,52.46401690074708,13791200
2016-08-31,52.895015716552734,53.10659314882554,52.39349308286328,52.86366980461947,14952300
2016-09-01,52.667762756347656,53.06741566338694,52.22893194304739,53.00472383902363,12226500
2016-09-02,52.887184143066406,52.95771394810544,52.487537169459614,52.81666031664948,13720700
2016-09-06,52.84799575805664,52.93419551456308,52.275943372024884,52.89501163301618,16649400
2016-09-07,52.62858581542969,52.96554092566485,52.4718562516466,52.62858581542969,10070400
2016-09-08,52.69910430908203,53.03606536388345,52.5031968581189,52.67559637154581,12253000
2016-09-09,52.22893142700195,52.840161761951364,52.221093454378625,52.52670862185333,19686900
2016-09-12,52.550209045410156,52.73828448974339,51.53149395906414,51.82927111132765,16453000
2016-09-13,52.1348876953125,52.39348695454829,51.57851127547293,51.805764626441885,18876100
2016-09-14,52.03302764892578,52.699111882195716,51.88413605163867,51.931151933467525,12648600
2016-09-15,52.221092224121094,52.44834559587286,51.79009341931237,51.94682297497974,12531300
2016-09-16,51.57849884033203,51.92329776951829,51.28072175151978,51.79007619684772,25161500
2016-09-19,51.86845779418945,52.22108880879133,51.602020556290896,51.83711188510604,13466900
2016-09-20,52.080047607421875,52.38566282047567,51.907648055725424,52.30730101841972,10092200
2016-09-21,52.3778190612793,52.605072447175814,51.96249617549731,52.3778190612793,14116800
2016-09-22,52.808815002441406,52.83232294131269,52.37781619439693,52.49536186737463,12781700
2016-09-23,52.69910430908203,53.208464877310355,52.64425046195719,52.80881200333171,13967400
2016-09-26,51.54716873168945,52.34647449811242,51.3590992484339,52.189744946548565,16408100
2016-09-27,52.001670837402344,52.04085471646291,51.02213364709356,51.25722496421589,13711400
2016-09-28,52.275943756103516,52.32295963140849,51.711729337959966,52.17407403340242,11278000
2016-09-29,51.44528579711914,52.66774609231087,51.21019451945018,52.268093311721444,18727200
2016-09-30,52.18190383911133,52.55021078988135,51.782256958532585,51.782256958532585,21680100
2016-10-03,52.11922073364258,52.44050584930404,51.92331327965209,51.99383709335057,14901700
2016-10-04,52.56913375854492,53.02694448730586,52.17447058314732,52.26129696350136,17226900
2016-10-05,53.429500579833984,53.72944241377623,52.72700063611726,52.798037114387036,16280000
2016-10-06,53.57158660888672,53.65051804693509,52.924339181557734,53.461081391202455,17485000
2016-10-07,53.76103210449219,53.81628472241945,53.200610973491735,53.508447847955594,18497000
2016-10-10,54.17934799194336,54.510863539053034,53.85572739274033,53.942547731390285,13027500
2016-10-11,53.91888427734375,54.32144242618604,53.61894241429248,54.06885821991063,15657100
2016-10-12,53.77680969238281,54.1398991422817,53.71366815220087,53.879425986584074,11899800
2016-10-13,53.46897506713867,53.571591365587444,52.74279613728282,53.247964612146305,17890000
2016-10-14,53.29530715942383,54.4871915146203,53.12166043838093,54.30564984468587,24163800
2016-10-17,53.01905059814453,53.5084351133762,52.67964001963014,53.21638218979052,14963400
2016-10-18,53.4373893737793,53.839947482549114,53.31110029425423,53.555789526015346,11870300
2016-10-19,53.950443267822266,54.06884339939039,53.524206407425545,53.524206407425545,12705800
2016-10-20,53.87940216064453,54.21091768281191,53.626818045362675,53.737323219418464,14122000
2016-10-21,54.06095504760742,54.09252882135009,53.437386565873176,53.52421293814513,12175700
2016-10-24,54.36091995239258,54.50299896779602,54.0688669701512,54.43985140048705,10197100
2016-10-25,54.305667877197266,54.40827815853334,53.974146156566206,54.36880942305141,9945100
2016-10-26,54.566123962402344,54.660845284635585,53.96624032117011,53.96624032117011,9801300
2016-10-27,54.64506149291992,55.071292388422776,54.54244522148856,54.85028199161932,14210700
2016-10-28,54.550331115722656,54.897636551382604,54.04516285771582,54.88184665589952,12766500
2016-10-31,54.66874694824219,54.9213311498056,54.64506812029599,54.80293098799223,14336300
2016-11-01,54.439849853515625,55.07920239362144,53.934681373565766,54.8424080560668,15564500
2016-11-02,54.2109489440918,54.34513301538379,53.6821015887054,54.18727011057954,12449800
2016-11-03,53.97413635253906,54.613494823126864,53.847847261686766,54.35301566926081,10369700
2016-11-04,53.48476028442383,54.1162178116493,53.390038945402786,54.06096520274104,13571300
2016-11-07,55.158138275146484,55.22918079758424,54.463533064877915,54.52668063547064,16515100
2016-11-08,55.27650451660156,55.68695745129212,54.65293618964942,55.01602546444179,17531700
2016-11-09,57.81815719604492,58.528552140754094,56.294757045422834,56.40526225659066,50948400
2016-11-10,60.50186538696289,60.97545998828069,58.58380213285602,58.58380213285602,56192300
2016-11-11,60.533443450927734,60.55712227935849,59.80725858725035,60.2256066371629,27574300
2016-11-14,62.759342193603516,63.493415968280054,60.97546288766482,60.97546288766482,46130700
2016-11-15,62.64092254638672,62.68039126196326,61.393785807966175,61.859491359031274,28126300
2016-11-16,61.09384536743164,61.84370280297749,60.68339239603848,61.74109257116951,26054900
2016-11-17,61.583251953125,61.93055754624206,61.25173626264966,61.51221545748745,19306700
2016-11-18,61.338531494140625,61.898952311497695,61.212242447592715,61.535863022312,19770000
2016-11-21,61.60692596435547,61.70164127520244,61.00703623330122,61.56745723678101,11983500
2016-11-22,61.98579025268555,62.009469076959554,61.37801168202079,61.84371128496007,14410100
2016-11-23,62.24627685546875,62.54621870250784,61.48062932735925,62.254171805204095,13373700
2016-11-25,62.22257995605469,62.71195830002886,61.93842206893659,62.43569536035305,6185700
2016-11-28,61.82003402709961,62.254165890061344,61.583233734196554,61.70952882963328,13007200
2016-11-29,62.29362487792969,62.4830675097934,61.87528293787283,61.87528293787283,14144100
2016-11-30,63.2802848815918,63.56444281723982,62.90930057549123,63.0829533163963,25351900
2016-12-01,64.55901336669922,64.94578165478644,63.65918166342838,63.65918166342838,23823600
2016-12-02,64.40902709960938,64.59057480459414,63.85650107936351,64.5668959783096,16931500
2016-12-05,65.71931457519531,65.74299340251815,64.95366704065157,64.96156199045326,18529800
2016-12-06,66.0587387084961,66.15345403722529,65.06418560225535,65.98769618986573,16130000
2016-12-07,66.35867309570312,66.37445697467389,65.39569388225154,65.94822599955272,18996900
2016-12-08,67.18746948242188,67.48741136498307,66.25606403205693,66.48496942483371,20844900
2016-12-09,67.47950744628906,67.48740239591017,66.41391808655953,67.10852310116437,14567200
2016-12-12,66.87960815429688,67.716291956428,66.53230271699837,67.37688146690827,14511300
2016-12-13,66.9032974243164,67.6215812102679,66.1613287913295,67.07695017008625,16669000
2016-12-14,66.87960815429688,67.97677103440188,66.11396081593281,66.20867610095554,22622600
2016-12-15,67.88204193115234,68.26881001876372,67.01378445970477,67.40844749418821,19438900
2016-12-16,67.04540252685547,68.11099221965688,67.00593378849527,68.11099221965688,23008500
2016-12-19,67.43215942382812,67.44005437457683,66.45339630389111,66.93488592415238,21685100
2016-12-20,68.30039978027344,68.30829472899453,67.5268634238868,67.71630003862292,14587300
2016-12-21,68.47406768798828,68.5214253466426,67.90575169580545,68.221483471694,11400500
2016-12-22,68.5845718383789,68.80558227143494,68.04782963435025,68.22937735983636,13924200
2016-12-23,68.71085357666016,68.78978499851362,68.19779030149041,68.67138485469269,10759400
2016-12-27,68.77400970458984,68.79769455604853,68.47406782902344,68.71086816694827,6946400
2016-12-28,68.27674102783203,68.97924111849046,68.15834085053476,68.79769939910673,9455600
2016-12-29,67.79522705078125,68.41090052519668,67.1243009830742,68.33986405757075,14689000
2016-12-30,68.11096954345703,68.21357979811391,67.61369612492945,67.96099561411994,13617800
2017-01-03,68.85293579101562,69.27127776643576,67.86627791612597,68.9397561436907,20550700
2017-01-04,68.97993469238281,69.1942293652756,68.57514913758148,69.01961575122783,15266600
2017-01-05,68.34496307373047,69.13865675146009,67.67032465874072,68.90054622598032,14300800
2017-01-06,68.3529052734375,68.74975213301421,68.21004016177378,68.56719991323182,12893300
2017-01-09,68.40052795410156,68.86880436231459,67.87668716992823,68.0433681870036,12806600
2017-01-10,68.59895324707031,68.97199029035664,68.03543139320905,68.31322300350644,13989000
2017-01-11,69.11486053466797,69.11486053466797,68.18624020196106,68.598958331363,14713100
2017-01-12,68.44813537597656,69.26563882714515,68.27352181254217,68.86085944507636,21337400
2017-01-13,68.81326293945312,69.97999401306491,68.33704778124944,69.13868036505826,28296000
2017-01-17,66.31312561035156,67.63859292694428,66.09882487329543,67.40842097678208,30024600
2017-01-18,66.62266540527344,66.85283735429009,65.90040107676563,66.37661618782602,21270100
2017-01-19,66.11470031738281,67.20205701955304,65.97183518175564,66.71790328522778,16555600
2017-01-20,66.40834045410156,66.53533433362583,66.10673907333363,66.21785569021664,18436800
2017-01-23,66.44010162353516,66.67027353261751,66.04325475726958,66.11469034200674,12179200
2017-01-24,67.24175262451172,67.46398596234653,66.32106473301975,66.60679504035144,15175300
2017-01-25,68.28147888183594,68.39259553304355,67.59890170704446,68.13067511716704,17551000
2017-01-26,68.85293579101562,69.0116721257213,68.21797834138684,68.21797834138684,15962800
2017-01-27,68.99581146240234,69.03549857984758,68.47197057806403,68.78151677224827,12535400
2017-01-30,68.28147888183594,68.65451594892004,67.717956992025,68.4084728005894,13661900
2017-01-31,67.17029571533203,68.37671353151181,66.7417003902736,67.94017957393314,15655100
2017-02-01,67.42428588867188,68.33703496976378,67.2099912270466,67.89256837948729,15430900
2017-02-02,67.1385498046875,67.39253761181668,66.79726731351356,66.9401263719198,11081400
2017-02-03,69.1942367553711,69.29741478587194,68.15449964937211,68.40848146363919,17885200
2017-02-06,68.86881256103516,69.40852462016129,68.74182469410145,68.88468982902906,11828400
2017-02-07,68.8291244506836,69.36883645451914,68.63863964209543,69.1624743795636,9392800
2017-02-08,68.22591400146484,68.50370560279518,67.75763759570839,68.40052759527327,13970900
2017-02-09,69.2100830078125,69.31326705650248,68.22590458941256,68.22590458941256,13749100
2017-02-10,69.05134582519531,69.43232143205596,68.96403904144395,69.43232143205596,10992500
2017-02-13,69.9640884399414,70.43236473317894,69.39262810857261,69.40056673967531,18739100
2017-02-14,71.08320617675781,71.194322810861,69.93235272837383,70.08315646982918,17932100
2017-02-15,71.90071868896484,72.1229580402872,70.91654006900701,71.49593920942765,17381800
2017-02-16,71.85308837890625,72.25787385402081,71.24987948241818,71.74991037973685,17672700
2017-02-17,71.61497497558594,71.80545974083701,71.18637971221989,71.28955769852224,15776600
2017-02-21,72.23408508300781,72.34520174695753,71.79755100648819,71.83723812450053,14068300
2017-02-22,72.27375793457031,72.46424881290298,71.76579436982323,71.84516254142683,11839000
2017-02-23,72.32931518554688,72.49599016005895,71.84516147393421,72.36900229846067,11067000
2017-02-24,71.6943588256836,71.86103378870868,71.21814378055436,71.57530355055057,15062300
2017-02-27,71.77373504638672,72.01184562337784,71.44831766152576,71.68642823851688,12361000
2017-02-28,71.9245376586914,72.0832740038634,71.10702792038572,71.31339001343206,15183500
2017-03-01,74.28973388671875,74.59134138757358,73.50397876869711,73.6468438861013,24451400
2017-03-02,73.13094329833984,74.54371723650094,73.0436364994285,74.50403618134307,16862500
2017-03-03,73.65478515625,73.90082829015432,73.13094435521154,73.13094435521154,12817500
2017-03-06,72.9563217163086,73.27380039984163,72.30549313999687,73.21824208437852,15059200
2017-03-07,72.55155181884766,73.09125777964974,72.39280942855025,72.73409799843589,11156800
2017-03-08,72.39280700683594,73.69446428671588,72.30550020894374,73.55953780102898,17378400
2017-03-09,72.67854309082031,73.13094832747096,72.34519313863632,72.70235293663298,13726200
2017-03-10,72.4483871459961,73.01984779324275,71.85311664768162,72.98016067119325,13729900
2017-03-13,72.51187133789062,72.84522130489206,72.17058273679766,72.47218422283655,10004300
2017-03-14,72.63090515136719,72.74202177417818,72.04356751033559,72.24199091612691,10237700
2017-03-15,72.80552673339844,73.45635533383576,72.32930566274472,72.86108505092105,16601400
2017-03-16,72.73410034179688,73.66272064719378,72.67854201725355,73.04364044359583,14492000
2017-03-17,71.97218322753906,73.05160771792696,71.94837337274318,72.88493267895015,21734700
2017-03-20,71.45621490478516,72.36102488459797,71.26573018677193,71.64669962279838,14623600
2017-03-21,69.36090087890625,71.94040573565016,69.09898047092473,71.71817243993365,33089200
2017-03-22,69.47201538085938,69.90061074738949,68.26560350334726,68.96405184765396,21741000
2017-03-23,69.36090087890625,70.24190148364181,69.12279031612248,69.21803575231662,16090100
2017-03-24,69.28153991699219,69.916491391463,68.86881570595257,69.67838685931287,16093200
2017-03-27,69.24183654785156,69.36883044617943,67.64651657407366,67.88462105033487,16689300
2017-03-28,70.32125854492188,70.65460843584115,69.03547866411829,69.06722108243252,16264400
2017-03-29,70.05936431884766,70.49589842607541,69.90856658168171,70.32128478318431,10207600
2017-03-30,70.66256713867188,71.00385575880829,69.94030883653438,70.00379974659862,11631000
2017-03-31,69.71806335449219,70.43238901496923,69.64663381614618,70.4085791688539,16987600
2017-04-03,69.46407318115234,69.97997532115876,68.73387639658463,69.83711020631704,19831800
2017-04-04,69.69557189941406,69.98294389717127,69.22460484709853,69.36030659876272,14280800
2017-04-05,68.80154418945312,70.67744068884475,68.75364478724833,70.58164797463253,17635500
2017-04-06,69.03302001953125,69.37626953992138,68.05116475742135,68.63389295350531,14379600
2017-04-07,68.79352569580078,69.29642349213196,68.41834536464503,68.5939622081813,13097100
2017-04-10,68.55408477783203,69.20067497466187,68.17092608138249,68.71373930985074,15081600
2017-04-11,68.43433380126953,68.48222710339587,67.69195716733073,68.28266355760798,14690500
2017-04-12,68.1709213256836,68.60995755516248,67.8755650297017,68.59399514817301,14730600
2017-04-13,67.37266540527344,69.44014115786669,67.37266540527344,68.2507439337501,30529800
2017-04-17,68.53809356689453,68.71371043321405,67.34869673163296,67.40457427180779,19071700
2017-04-18,67.97933197021484,68.35450633603813,67.64406057088466,68.13898037736533,14127000
2017-04-19,67.42054748535156,68.58599786032505,67.3407232851855,68.25073256550995,17588500
2017-04-20,68.29063415527344,68.47422917019288,67.49238013167093,67.8356296054278,15635800
2017-04-21,67.46843719482422,68.39441491999267,67.4604590383697,68.2507289312664,19820600
2017-04-24,69.84723663330078,70.28627884250268,68.98512070806565,69.08889764307466,25468300
2017-04-25,70.45389556884766,71.14837260995543,70.45389556884766,70.68538994594836,18253800
2017-04-26,70.58963012695312,71.08455000038842,70.35813564213002,70.52576831937492,12832200
2017-04-27,69.93505096435547,70.54172586174174,69.45609966229102,70.54172586174174,13329000
2017-04-28,69.44810485839844,70.12661960736672,69.40818971837871,69.92705608765867,10755600
2017-05-01,69.49602508544922,70.03883831301454,69.09689789136289,69.73550383798008,15712300
2017-05-02,69.0489730834961,69.35230742017886,68.66580847224874,69.2166056977309,14414200
2017-05-03,69.44810485839844,69.5279290482426,68.66581318145698,68.6977440754337,11540500
2017-05-04,69.52793884277344,70.03084288100773,69.10486509582445,69.99891198253285,11540100
2017-05-05,69.44810485839844,69.71950832190763,68.98511603102891,69.64766837810647,9436000
2017-05-08,69.52793884277344,69.70355573928724,69.16872689277423,69.48004554015918,8162200
2017-05-09,69.24855041503906,70.11864455171488,69.0489868691744,69.65566175385788,10273900
2017-05-10,69.7913589477539,69.83127409039982,69.02503571247902,69.07292901149755,8334900
2017-05-11,69.57583618164062,69.8312772717027,68.92924616445535,69.51995254331219,10907400
2017-05-12,69.3842544555664,69.48803140056813,68.92126555222596,69.1926751504655,8738800
2017-05-15,69.71951293945312,69.83925227724738,69.33635436674633,69.52793365309974,8835600
2017-05-16,69.93505096435547,70.31820956992853,69.71951891979892,69.73548741431226,9795000
2017-05-17,67.26888275146484,69.9350551047922,67.029410131353,69.9350551047922,24679700
2017-05-18,67.02141571044922,67.6919523434142,66.5424644527289,67.1092241515541,23350100
2017-05-19,67.6760025024414,68.12302298749013,67.17310445676159,67.2209977686747,13412900
2017-05-22,67.61212921142578,68.08310236264933,67.22098635343072,67.99529391225504,11636000
2017-05-23,68.45829010009766,68.70574698288576,67.46047223053664,67.6520515562372,11753000
2017-05-24,68.41836547851562,68.62591327190994,68.04318503706303,68.55406722834432,9833800
2017-05-25,68.1310043334961,68.71373266113385,67.91547834887216,68.64188660612781,12238500
2017-05-26,68.13898468017578,68.29863309740767,67.86757506264547,67.93942111353755,8113500
2017-05-30,66.97352600097656,67.97134371228373,66.87773330822051,67.95537521839306,12603200
2017-05-31,65.57658386230469,66.90966691698046,65.16947251434037,66.83782696214946,28327900
2017-06-01,66.3030014038086,66.31896990060663,65.17746598743072,65.82405003321807,17123500
2017-06-02,65.96771240234375,66.247100094171,65.44086791064021,65.6883247105165,14998500
2017-06-05,66.08747863769531,66.66222274647824,65.9198459543332,65.96773926666597,9080200
2017-06-06,66.22314453125,66.43069225588886,65.5605923154144,65.68831586602111,12196800
2017-06-07,66.98149871826172,67.14114708851187,66.33490881130022,66.50254142712136,13711100
2017-06-08,67.81169128417969,68.43433467071318,66.96554378815166,66.98151228252739,17951000
2017-06-09,69.41618347167969,69.48802951551619,68.16292463987435,68.25871733492431,19120200
2017-06-12,69.43214416503906,70.03881289493931,69.36029812927468,69.41617567256012,16053400
2017-06-13,69.66362762451172,70.12661643090969,69.43213931150775,69.88714387222437,12557200
2017-06-14,69.51995086669922,69.6955677537933,68.50617077783227,69.2645097827976,16175700
2017-06-15,69.10485076904297,69.5119620274505,68.84142547888545,68.84940972439792,12509700
2017-06-16,68.79352569580078,69.41616280274252,68.66580214043103,69.3283543809744,16936600
2017-06-19,70.30224609375,70.42996968712451,69.32837500995588,69.42416770498676,15972300
2017-06-20,69.86318969726562,70.18249252580256,69.74345646548481,70.0467908029877,11197800
2017-06-21,69.54391479492188,69.88716437759143,69.25654276802658,69.83128682181717,10005900
2017-06-22,69.46407318115234,69.7354827579908,69.16872304453487,69.39223323122782,12180600
2017-06-23,69.33637237548828,70.24638183476836,69.13680879073041,69.97497828279236,18812000
2017-06-26,69.63967895507812,69.98292842706674,69.14476536071885,69.45608394110448,10082400
2017-06-27,70.28630065917969,70.99674657081181,69.84725831370025,70.01489100282942,15415200
2017-06-28,71.69920349121094,71.89876707319384,70.7253322367028,70.7253322367028,17466200
2017-06-29,72.76085662841797,73.95823768289486,72.09032007100953,73.71077479030372,27697800
2017-06-30,72.9604263305664,73.43937757497278,72.76884705084295,73.4074466799863,16892700
2017-07-03,74.44532012939453,75.03125364532396,73.36977882107665,73.49017066626516,13208100
2017-07-05,75.19178009033203,75.28007152581893,74.33295022816453,74.74230087235878,17535400
2017-07-06,74.95099639892578,75.85798927099238,74.54967385339431,75.07942255286996,16596100
2017-07-07,75.3282241821289,75.58507031043843,74.83058825310752,75.41651561283169,12817800
2017-07-10,74.79849243164062,75.19178678237026,74.71822302954854,75.04731043177837,13987200
2017-07-11,74.5095443725586,74.9108669132398,74.06808712833089,74.9108669132398,13262300
2017-07-12,74.25269317626953,74.50953934000967,73.899527404741,74.3329564542454,13540100
2017-07-13,74.72622680664062,74.95096636228237,74.11621506726046,74.39714563550625,12820100
2017-07-14,74.04400634765625,74.33295905744521,72.70359057506046,72.88819550850042,22235200
2017-07-17,73.35372161865234,73.83530736475402,73.24135181535179,73.69885919270263,14374200
2017-07-18,73.09687805175781,73.50622870601387,72.49489431702048,72.59923595984468,14719400
2017-07-19,73.20122528076172,73.53834085194917,73.04069872205963,73.31359509659231,11651200
2017-07-20,73.20122528076172,73.61860413130022,72.9604354427086,73.16109670293403,11561700
2017-07-21,72.95240020751953,73.32964431997424,72.65541936663718,73.08884838156206,10971300
2017-07-24,73.26543426513672,73.47412367876004,72.968459535741,73.0085881113293,10725100
2017-07-25,74.48545837402344,75.06335762953391,74.06005138055026,74.14032077942525,16447700
2017-07-26,73.78716278076172,74.79849730073899,73.58650150986044,74.7262560588926,11815500
2017-07-27,73.4821548461914,73.8914994018747,73.16912377481215,73.70689447449493,12332400
2017-07-28,73.26543426513672,73.64267839309971,72.968459535741,73.40188244478854,9351900
2017-07-31,73.68281555175781,74.1322948049996,73.4420195954094,73.45004776027316,11520300
2017-08-01,74.6700668334961,74.75835827748679,74.06808305557537,74.23663777854969,12523700
2017-08-02,74.73429107666016,74.81455436764071,74.2527052070803,74.54165795356752,10165600
2017-08-03,74.24466705322266,74.75033122970332,74.0359776257896,74.40519361358916,11078800
2017-08-04,75.17573547363281,75.76969107349039,75.02323096032924,75.04730933112548,14324000
2017-08-07,75.46469116210938,75.60114548592934,75.21587313556661,75.3603495014906,7978300
2017-08-08,75.19178009033203,76.42785406345352,75.12756702385154,75.40849153508482,13745400
2017-08-09,75.07137298583984,75.19177093991523,74.50952403174715,74.62992198582253,11214400
2017-08-10,73.99586486816406,74.70219045796603,73.89954523713317,74.56574224011175,13252300
2017-08-11,73.37779998779297,74.3811061770497,73.2333236515922,73.9476771684474,10679500
2017-08-14,74.23664093017578,74.56572834878403,74.10822090308919,74.14032744078482,10994800
2017-08-15,74.42926788330078,75.09545852862152,74.36505481849797,74.89479729388391,8812700
2017-08-16,73.91557312011719,74.83059402927589,73.74701840949973,74.67808952380024,11085400
2017-08-17,72.75975799560547,73.81122080568501,72.63936004151603,73.6506942826953,13837500
2017-08-18,72.83200073242188,73.47411913911438,72.39054968605387,72.48686316047127,13040700
2017-08-21,72.74371337890625,72.99253749039704,72.36647537678566,72.9202962568367,11502100
2017-08-22,73.49018096923828,73.61057895500109,73.04070168766611,73.09688659786264,9211800
2017-08-23,73.5784912109375,74.11626207784897,72.9122941600903,72.93637866235137,8811300
2017-08-24,73.45807647705078,73.93966843351298,73.36979115030856,73.7871639057202,8623200
2017-08-25,73.75505065917969,74.22861440697895,73.68281554649765,73.7470224943165,11794600
2017-08-28,73.52229309082031,73.99585690446754,73.1450488978377,73.97177853022549,7292900
2017-08-29,73.12097930908203,73.28953407272468,72.48688884183751,72.59925868426595,10886100
2017-08-30,73.2895278930664,73.74703539114789,73.19321439264712,73.24137114285676,9165300
2017-08-31,72.95240020751953,73.72293863726539,72.88016510021293,73.69083210389742,13217400
2017-09-01,73.60255432128906,74.1323030345859,73.00057048728605,73.24136647036575,9815800
2017-09-05,71.84473419189453,73.12896458332851,71.4514338503823,73.05672337059815,16897300
2017-09-06,72.32633209228516,72.6554133154324,71.94908801124973,72.2380406638005,11845700
2017-09-07,71.05815887451172,72.3423896137045,70.69697108413396,72.32633940858125,14592300
2017-09-08,70.9698486328125,71.77249339759987,70.82537233020304,70.8815572187904,14242200
2017-09-11,72.06950378417969,72.4387197928788,71.39527872034505,71.74844452157728,13219000
2017-09-12,72.95240020751953,73.2413528841361,72.3183099518162,72.37449485428637,14003800
2017-09-13,73.16110229492188,73.44202685597051,72.49490539036643,72.72767320486277,12485400
2017-09-14,73.01661682128906,73.46609606288537,72.83200577637892,73.2012217425038,10562800
2017-09-15,73.53836059570312,73.61059572940421,72.84808518530518,73.1049314224046,18171800
2017-09-18,74.58177185058594,74.75835473018843,73.72294194645184,73.78715501607009,11318700
2017-09-19,75.40046691894531,75.73757632090995,74.26070646078249,74.41321095754047,12626100
2017-09-20,75.93022918701172,76.48405629441814,75.21587550072923,75.52890661612508,15311600
2017-09-21,76.27535247802734,76.54825495915684,75.60113362528736,75.81784507832656,10851500
2017-09-22,76.11482238769531,76.23522035542389,75.79376318165077,76.0104746246062,8358300
2017-09-25,75.54495239257812,76.15495820603022,75.00717556872254,75.85798346423516,10463400
2017-09-26,75.2078628540039,75.47273727513372,74.9189100534437,75.27207594828344,9358100
2017-09-27,76.39574432373047,76.82917331873924,75.91415859273009,76.22718962406508,15090200
2017-09-28,76.55628204345703,76.95760456520156,76.17904401692155,76.72483676774625,10270400
2017-09-29,76.66062927246094,76.66865131377781,76.26732879489064,76.49207454937181,11438400
2017-10-02,77.72816467285156,77.76027121835705,76.6205164095504,76.86933448259622,13797200
2017-10-03,78.13749694824219,78.20171002402925,77.67196133432991,77.72012420301817,9633500
2017-10-04,77.3428726196289,78.20973068852824,77.27865955000036,78.09736087852596,12166600
2017-10-05,78.38430786132812,78.6345863968151,77.14101491254156,77.50431392024693,14236200
2017-10-06,78.24707794189453,78.8283613993747,77.88377886071478,78.75570404693504,10231900
2017-10-09,77.83536529541016,78.36820452732142,77.6173808500203,78.27939696208743,7765100
2017-10-10,78.41661834716797,78.4569876495129,77.69808911376147,77.87570418889399,10631500
2017-10-11,78.1825180053711,78.31976998691131,77.61738452665125,78.17444906959864,14283600
2017-10-12,77.49626159667969,78.71534195051964,77.19755090776239,78.55387704621253,18251600
2017-10-13,77.39131927490234,78.07755443946567,76.66471479969152,77.08453345625422,13190600
2017-10-16,78.98981475830078,79.07862228242377,77.77880978515806,77.77880978515806,12434000
2017-10-17,78.8122329711914,79.26433967892999,78.57002942947891,79.1755321242682,10335700
2017-10-18,79.11094665527344,79.56305953943952,78.82030485812815,79.24012352489008,10158600
2017-10-19,79.20781707763672,79.28047443595851,78.38433005970911,78.46506867049939,9133900
2017-10-20,80.33808135986328,80.64486710608227,79.70835968318238,80.15239119801326,15326600
2017-10-23,80.20083618164062,80.7256063428707,80.12010373210317,80.33808812129449,9238600
2017-10-24,81.4764404296875,81.69442484724662,80.53993280609494,80.63680929435066,13000800
2017-10-25,81.5571517944336,81.90430682637034,80.88706700584987,81.74284194804686,14632700
2017-10-26,82.1384506225586,82.68743993514728,81.79937061876626,81.82358973910979,13054400
2017-10-27,82.16266632080078,82.53404668223831,81.58138897829207,81.88817475568482,10400400
2017-10-30,81.8720474243164,82.29185995053885,81.43608470891668,81.64598789228168,8839500
2017-10-31,81.2261734008789,82.10616774548403,81.19387918279813,81.83975122542911,8690200
2017-11-01,81.4764404296875,82.10616224131716,81.32305060345199,81.62176132156296,8418200
2017-11-02,82.01736450195312,82.16268541121826,80.86287848214282,81.43608702438516,8731800
2017-11-03,81.8720474243164,81.96892392141027,81.32305802264554,81.62176876800822,7103500
2017-11-06,81.3633804321289,82.0980596844772,81.26650398354802,81.81548695081133,8121500
2017-11-07,79.72453308105469,81.33920716877226,79.3208645591253,81.18581115940138,18822600
2017-11-08,78.82836151123047,79.41772006187045,78.43276821968595,79.33698145750198,18524700
2017-11-09,78.8202896118164,79.29662152702507,78.15827368181613,78.40855227841361,13697800
2017-11-10,78.72341918945312,79.39350410413523,78.71534409617027,78.9656165525157,9314000
2017-11-13,79.00598907470703,79.1593850558667,78.00489304909273,78.0614063853897,9303100
2017-11-14,78.5296859741211,78.94142966679618,78.19060583167995,78.58619933119462,11043800
2017-11-15,79.27242279052734,79.71645444925404,77.46398345768215,77.81921371225755,15384100
2017-11-16,79.49845123291016,79.97477696170006,79.36927439558302,79.54688946716252,9808000
2017-11-17,79.23204040527344,79.4500248107989,78.77185863298712,78.97369285170026,9017900
2017-11-20,79.93444061279297,80.04746730359419,78.92526933100154,79.48232769009539,9483200
2017-11-21,79.8698501586914,80.37040131925674,79.85370612876658,80.33003200520585,13389400
2017-11-22,79.63568878173828,80.3461428352217,79.59531948436843,79.95054959085515,7342200
2017-11-24,79.37735748291016,79.84561432614929,79.32891924377896,79.78910099399913,3680000
2017-11-27,79.0625,80.03130178111654,79.0625,79.36928579347222,13076200
2017-11-28,81.8316650390625,82.10615661630439,79.09479356248512,79.28855268521419,16773000
2017-11-29,83.74505615234375,84.14064949359438,82.31606644454364,82.67937173137875,21105500
2017-11-30,84.38285827636719,86.11056507696162,83.99533997603172,84.56047339714274,23945900
2017-12-01,84.600830078125,85.02871762729158,82.50982441323724,84.68963762525294,19683500
2017-12-04,86.34468841552734,87.5153307439953,86.19936751128624,86.97441644023377,23576600
2017-12-05,85.35165405273438,86.71605532081661,84.0599163051818,85.23862738479174,17193900
2017-12-06,84.71385955810547,85.38395065068569,84.39092357232656,85.21441064403737,15476200
2017-12-07,84.46361541748047,84.92379734969025,83.74508584191597,83.92269484213372,13371800
2017-12-08,85.52118682861328,85.52926192121016,84.23751812331086,84.56852916538256,13506900
2017-12-11,85.27091979980469,85.62614382320679,85.020641189361,85.3516522524192,10591200
2017-12-12,86.26392364501953,86.68374217094603,85.20631455766832,86.31236803462035,15508800
2017-12-13,85.18214416503906,86.47388236925643,85.15792503613086,86.14287118219474,15020300
2017-12-14,84.4958724975586,85.94099995011305,84.47972231223352,85.67458348715907,13034200
2017-12-15,85.69073486328125,85.99752065637209,84.9318362346721,85.40816819076448,29350600
2017-12-18,86.3527603149414,86.89367459868866,85.96524202429855,86.53845052551473,12713100
2017-12-19,85.98944091796875,86.78062750160339,85.93292759056628,86.66760084679844,12149900
2017-12-20,85.69073486328125,86.97440368913094,85.65036555599679,86.86944595398793,13091500
2017-12-21,87.05513763427734,87.24889676167793,86.02981634282054,86.05403546380916,12323700
2017-12-22,86.74836730957031,87.56377948998549,86.23167206798863,87.35387012325133,14573400
2017-12-26,86.40117645263672,87.18429408726686,85.90063160868058,86.54649731431542,7403700
2017-12-27,86.5626449584961,86.6191582830744,86.11860729431625,86.11860729431625,9496500
2017-12-28,87.02286529541016,87.0632284540404,86.51424514831845,86.70800432442579,7440600
2017-12-29,86.33661651611328,87.41844508649177,86.33661651611328,87.26504909297846,8925700
2018-01-02,87.15200805664062,87.20852138818067,86.23164456613638,86.89366051824454,13578800
2018-01-03,87.24081420898438,87.58796928561952,86.77256353775995,87.07934930987128,11901000
2018-01-04,88.4906005859375,89.29402597852923,87.8089016228458,87.93875140308357,12953700
2018-01-05,87.9225082397461,88.90448007716739,87.46804643778943,88.66913201784621,14155000
2018-01-08,88.0523681640625,88.19844607319597,87.40313163645187,87.76832950507475,12466500
2018-01-09,88.49871063232422,88.96940056891034,88.04424262959658,88.23090012579188,13292300
2018-01-10,89.47256469726562,89.83775636225585,88.77463762017385,88.83956250910755,15834500
2018-01-11,89.9513931274414,90.02443519268667,89.31027982000006,89.81343234946439,13676800
2018-01-12,91.43648529052734,91.58256317748902,89.95136113834651,90.6087147254628,18884200
2018-01-16,91.11189270019531,92.05328516794391,90.13804397428501,90.49512472985575,22703300
2018-01-17,91.69618225097656,91.94776462777061,90.33279064926302,90.80348676937813,14940300
2018-01-18,91.91532135009766,92.2886302223613,91.1118896767247,91.50955002917034,14572900
2018-01-19,91.71243286132812,92.79177983610893,91.54200965478378,92.46716774264094,18785500
2018-01-22,92.78367614746094,92.83236672698553,91.29855155616823,91.42840135700618,12475700
2018-01-23,92.686279296875,93.03524286138556,91.9883521678539,92.248045551333,12320800
2018-01-24,93.8711166381836,94.13892714102896,93.0514631960123,93.21376921445196,15904500
2018-01-25,93.89546966552734,94.27689565105294,93.39231725192187,94.17139734952428,13510000
2018-01-26,94.39865112304688,94.39865112304688,93.29495250302857,93.89549239605685,13883900
2018-01-29,94.30125427246094,95.2345295663831,94.15517634652896,94.15517634652896,11679900
2018-01-30,93.41667175292969,94.6258685265748,93.31117344099381,93.75751816833373,14279100
2018-01-31,93.8711166381836,94.67454814671972,93.45723443368917,93.85488851297072,13141400
2018-02-01,94.84496307373047,94.94234419969274,93.71691962643476,93.95226147522838,13800600
2018-02-02,92.74309539794922,94.8855675528321,92.58890030924245,94.5366039568394,16477300
2018-02-05,88.29583740234375,92.99466361018717,84.38420231598177,91.7043138474769,30097600
2018-02-06,90.98204040527344,91.28231339302044,86.51855615315758,86.71332464142607,33114800
2018-02-07,91.59881591796875,92.88104852634626,90.2029616488092,90.52757992863819,21878300
2018-02-08,87.54920959472656,91.79357992968035,87.51674714916997,91.79357992968035,27425800
2018-02-09,89.30211639404297,90.12177585948703,86.21014217914137,88.53926464254593,28188000
2018-02-12,90.68177032470703,91.48520197378183,89.32649563977631,90.21919128050283,18043300
2018-02-13,91.24172973632812,91.74488834956185,89.91891760021117,90.34091700465552,16358200
2018-02-14,93.35173034667969,93.54649880795195,91.32287414965865,91.40402715922394,15186900
2018-02-15,93.74128723144531,94.130824211213,92.69439653700435,93.92793856170688,12130200
2018-02-16,93.06770324707031,94.19574693703507,92.92162533512487,92.96220494072358,13214300
2018-02-20,93.09203338623047,93.64388249805423,92.4914937088738,93.04334282069756,13461500
2018-02-21,93.48158264160156,95.31566423533896,93.05957707393287,93.32738758515593,14212500
2018-02-22,93.31118774414062,94.48792225027766,93.13264734920567,93.73318724814887,17070400
2018-02-23,95.20203399658203,95.26695887253774,93.57894924715083,93.57894924715083,12162500
2018-02-26,96.38690185546875,96.49240634510883,95.21016768445614,95.8756322995985,16511200
2018-02-27,95.24266052246094,96.84140077907705,95.23454336107253,96.50055429972397,17563300
2018-02-28,93.73316192626953,96.15967234985317,93.603312149912,95.6159403424068,17735600
2018-03-01,92.05326843261719,94.65831918282805,91.42026625669766,93.71693307780309,18690000
2018-03-02,91.9639892578125,92.15875771020428,90.1785983624699,91.20925453926965,18353700
2018-03-05,93.37609100341797,94.0821353051893,90.80350240803435,90.9333521979789,13933000
2018-03-06,93.4572525024414,93.99286742010865,92.77555347172618,93.84678949863961,10674400
2018-03-07,93.10829162597656,93.40855844601758,91.7935902945874,92.31297709898283,13006500
2018-03-08,93.11639404296875,93.51405436573481,91.87473488425566,93.41666702701237,11173700
2018-03-09,95.79447937011719,95.82694181375959,93.87112137745633,94.58528275443321,15366600
2018-03-12,95.48609161376953,96.37066994913478,95.1533562234615,95.76201308629814,12339300
2018-03-13,94.34182739257812,96.1434529579535,94.00098098604188,95.92433298833828,13312300
2018-03-14,93.28681182861328,94.61774108936011,93.00277317996209,94.5933958039869,12905100
2018-03-15,93.52215576171875,94.13892979401098,93.18942655706732,94.03343149820986,8748000
2018-03-16,93.6844711303711,94.6258572403842,93.60331192455398,93.60331192455398,19888900
2018-03-19,92.94597625732422,93.69259398961245,91.94778229149034,93.40855530793529,13214900
2018-03-20,93.03523254394531,93.69257999357032,92.88103748624938,93.22189004492343,9921200
2018-03-21,93.11639404296875,94.65020902627062,92.6862774655404,93.17320177599554,13633000
2018-03-22,89.22911834716797,92.19125047231306,88.89638905621398,91.86663215050902,22550400
2018-03-23,86.84318542480469,90.01631413895076,86.64029975129016,89.48881014949708,23081500
2018-03-26,89.52127075195312,90.21108698092381,88.1741131272519,88.61234691598486,20217500
2018-03-27,87.7845687866211,90.64120244119907,87.07853062907681,90.1380437587868,18039900
2018-03-28,87.6466064453125,88.59610986249108,86.55102510306192,87.87383739729584,19189300
2018-03-29,89.24534606933594,89.90269363348607,87.46806568735485,88.052377385079,13274600
2018-04-02,87.52484893798828,89.86209507498585,86.08842157593962,89.2372039430224,18822500
2018-04-03,88.72593688964844,88.86389761915163,87.04604427820976,87.93873972830583,14050700
2018-04-04,90.07310485839844,90.25164520800445,86.85127998117596,86.91620487041055,15302600
2018-04-05,91.25580596923828,92.03068472804212,90.85613533034642,91.05189148897034,16627000
2018-04-06,88.98013305664062,90.98665732163506,87.9442500785945,90.17099927741772,18906000
2018-04-09,90.04862976074219,92.15302855110109,89.63264250614202,89.73052369045254,15974300
2018-04-10,91.7696762084961,92.06331356357161,90.88060582146849,91.4597222098185,13951400
2018-04-11,90.22807312011719,91.19870172475326,90.14650235717717,91.07635802629424,14503300
2018-04-12,92.47113800048828,93.3031063171149,90.94585549320094,90.99479297565665,16435500
2018-04-13,89.96709442138672,93.92303511578619,88.94752175669728,93.81699557595276,39152800
2018-04-16,89.89363861083984,90.92136910375432,89.55106385419326,90.48907149803723,16580500
2018-04-17,89.89363861083984,91.28841259687928,89.71419291269886,90.83980457450151,15501400
2018-04-18,89.16773223876953,90.59513373761196,88.8169990501349,90.15467767121196,16081400
2018-04-19,91.12531280517578,91.24766274983757,89.3145510485159,89.33901979285292,17911000
2018-04-20,90.92139434814453,91.95727722551561,90.44015291287899,91.59839195256359,15584400
2018-04-23,90.4809341430664,91.3129024909754,90.23623427563523,91.00295471880854,11285800
2018-04-24,90.05679321289062,92.0877796749895,89.38794774979092,91.14977182990756,16453100
2018-04-25,89.7142105102539,90.15466652218467,88.58044652921903,89.94259372614928,13548200
2018-04-26,89.8039321899414,90.39120686475347,89.18403045286469,89.69789890481316,10299500
2018-04-27,89.23297882080078,89.85288059027172,89.01274769474972,89.3553287549429,9384000
2018-04-30,88.72724914550781,89.96705241171769,88.70278040865726,89.51843815954146,13744900
2018-05-01,88.72724914550781,88.88222610952775,87.71583527684435,88.45808059420209,10503400
2018-05-02,88.02580261230469,89.30638531785317,87.87083183669994,88.18077961088562,12162100
2018-05-03,87.47116088867188,87.90345862662566,85.79090742478309,87.75663993986998,15379100
2018-05-04,88.44178009033203,88.69463203009524,86.4434208658686,86.81046440571684,11967900
2018-05-07,89.20851135253906,89.46136332319456,88.38469508872517,88.7109595101048,9356700
2018-05-08,90.52986145019531,90.81534044812135,89.1350872977777,89.33900175672137,12543200
2018-05-09,92.5037612915039,92.69135911525257,90.56249159356581,90.89691430464698,11368100
2018-05-10,93.22154998779297,93.34389992769104,91.96543596926054,92.3243274668345,9159700
2018-05-11,92.87081146240234,93.58043609455122,92.71583446592732,93.38467371280085,10253000
2018-05-14,92.90343475341797,93.55595733049338,92.77292650421738,93.07472216326185,8710700
2018-05-15,92.19381713867188,92.91160011773367,91.81861522824245,92.91160011773367,11536200
2018-05-16,92.44666290283203,92.73214814468064,91.86754654369712,92.07961933899223,7571100
2018-05-17,92.13672637939453,92.50377621097415,91.51682456068738,92.33248255578434,8617200
2018-05-18,90.6440658569336,92.00621936460428,90.40752430437972,91.9654339778626,11806300
2018-05-21,91.4760513305664,91.79415747145788,91.28844724141082,91.39448677035935,9441900
2018-05-22,92.17749786376953,93.22153894432836,91.59022320021127,91.63916068118255,11507600
2018-05-23,91.75335693359375,91.98174015366376,90.63590957496889,91.76967357672791,11453900
2018-05-24,90.72562408447266,91.47602780213049,89.82024338619891,91.46786948131505,14084800
2018-05-25,90.26070404052734,90.60327885681318,89.8854959392896,90.09756873064664,8283500
2018-05-29,86.40263366699219,89.06983201712148,85.61144458092124,89.05352159872766,30643800
2018-05-30,88.37654113769531,88.5804556332705,86.98992505697458,87.79742471701894,17490800
2018-05-31,87.2835693359375,88.24604608014053,86.80232785234747,88.05028366835286,19808200
2018-06-01,88.4173355102539,88.8577916122091,87.92794191574053,88.36839179471855,13594200
2018-06-04,88.45811462402344,89.11880188802877,88.31129592346416,88.89857072570128,9415400
2018-06-05,87.9605484008789,88.34390862459958,87.33249453134108,88.28681281827795,10415200
2018-06-06,90.01602935791016,90.32597719888895,88.48259435409965,88.62941306255856,15453600
2018-06-07,90.37490844726562,90.94586655528302,89.74684830546984,90.6848562454784,13444400
2018-06-08,90.62776947021484,90.65223821685844,89.77132599982515,90.22809875475572,10383200
2018-06-11,90.39936828613281,91.28028032856007,90.35042457956949,90.6359098284314,12642900
2018-06-12,89.87734985351562,90.97032849944193,89.33085430757627,90.65222240261406,15294100
2018-06-13,89.69789123535156,90.90506132104755,89.3797851841901,90.09756182371271,14979700
2018-06-14,88.11552429199219,90.01600874320586,87.91160981155234,89.95075461595084,20487300
2018-06-15,88.00949096679688,88.40100328421624,86.67996457216272,87.92792641924919,26028600
2018-06-18,88.23788452148438,88.41733028088746,87.02255581867733,87.48748063941404,9786800
2018-06-19,87.7240219116211,87.99318432683006,86.94914306438724,87.19384295782461,12707200
2018-06-20,87.7158432006836,88.61306556311214,87.63427866282197,88.2378637105684,8876900
2018-06-21,87.69139862060547,88.26235676591116,86.89205099420045,87.35697583337138,11048700
2018-06-22,86.25584411621094,88.39287057950384,86.06008791455109,88.2215831251793,19478900
2018-06-25,85.47278594970703,86.21503134945674,84.79578844780997,86.18241051201815,16907600
2018-06-26,85.5298843383789,85.81536334692309,84.10248307268229,85.40753441386691,17086800
2018-06-27,84.2085189819336,86.39448238022597,84.20036688356063,85.38306833712825,16276800
2018-06-28,85.58698272705078,86.0192804134809,84.42875001567651,84.56741036359261,14491300
2018-06-29,84.99156951904297,87.19385007070106,84.9507903487947,87.01440429727218,18972400
2018-07-02,85.70934295654297,85.71749505588781,84.32272064179823,84.60004759393782,11130000
2018-07-03,84.51033020019531,86.28030665720796,84.43691774049269,85.97851716447774,8311700
2018-07-05,85.05977630615234,85.60103271036522,84.90395712977913,85.39601011273442,10723400
2018-07-06,85.33860778808594,85.69944957795649,83.8132390940975,84.56772704171713,12173700
2018-07-09,87.97930145263672,88.12691798219323,85.87166927089812,85.87166927089812,13900800
2018-07-10,87.43804931640625,88.89780937116102,87.36423791960057,88.58617098410517,14575900
2018-07-11,87.24945068359375,87.79890996110908,87.10183410459605,87.1838419247513,10186500
2018-07-12,87.62665557861328,88.20891899578389,86.9049782989074,88.09410684348508,12456800
2018-07-13,87.22481536865234,88.40574754579869,86.22430408043594,87.99570234615545,21289100
2018-07-16,90.68560791015625,90.8414208486782,87.7332833967231,87.79068948076673,24662600
2018-07-17,90.6200180053711,90.97265723973621,90.00495000985953,90.77583723307515,14821900
2018-07-18,91.46467590332031,91.94853246424611,90.3739542341758,90.55437511259584,14244900
2018-07-19,90.11974334716797,91.103849431376,89.98853212244404,91.07924771778988,16775300
2018-07-20,91.25965118408203,91.63689198615312,90.02951568554003,90.20993655974637,13578100
2018-07-23,92.9572525024414,93.6871325121836,90.97263508846363,91.07924459594727,18140000
2018-07-24,93.61333465576172,94.12998943393146,93.014665819678,93.12128159224854,14000400
2018-07-25,94.45802307128906,94.73685083516764,92.98185768371448,93.39190292950809,13329100
2018-07-26,94.18739318847656,94.79425840989141,93.9659715052556,94.65484452575993,11897800
2018-07-27,95.15506744384766,95.37649530755915,94.15455637206527,94.45799200660657,12802700
2018-07-30,95.72916412353516,96.45084149077654,95.17969874883734,95.36011965484613,13411600
2018-07-31,94.26937866210938,96.01617502731854,94.16276917422039,96.01617502731854,15843800
2018-08-01,94.8516616821289,95.6963538198906,94.5400233158758,94.92546681721406,13531600
2018-08-02,95.25350952148438,95.33551731728026,93.7609451135415,93.95776507481041,11058100
2018-08-03,96.02439880371094,96.05720317628968,95.08129968344805,95.130503113919,11016100
2018-08-06,96.04898834228516,96.38522214729812,95.27810137661709,95.77835701304512,9857400
2018-08-07,96.40162658691406,97.00849171567816,96.22120570238589,96.55743950435772,10562100
2018-08-08,96.59844970703125,96.99208959824344,96.1802018479242,96.2212088709557,8997100
2018-08-09,95.85218048095703,96.54105979109563,95.70456393284121,96.36884152775956,9694200
2018-08-10,94.90906524658203,95.08947987982923,94.04796781931387,94.72044170059615,12630600
2018-08-13,93.40011596679688,95.03209447453095,93.34270987627742,94.76966573832851,10336300
2018-08-14,94.02339172363281,94.34322656791423,93.2033010958764,93.7117532807366,10597600
2018-08-15,93.24429321289062,93.76095426473975,92.6456306140359,93.34270633152721,10152100
2018-08-16,94.12178039550781,94.5646299996836,93.73634313069707,93.77734390008013,10118600
2018-08-17,94.12178039550781,94.36781003898116,93.73634313069707,94.01517088695937,8505100
2018-08-20,93.99876403808594,94.35140316087403,93.58051618157141,93.97415607034361,8618700
2018-08-21,94.57283020019531,95.45032672916393,94.21198840095056,94.61383722530715,10976700
2018-08-22,94.28580474853516,94.64664656673841,94.12998555307577,94.56463251220573,8314700
2018-08-23,94.0889663696289,94.43340280680272,93.84293676776609,94.27758364183676,9265400
2018-08-24,94.0479736328125,94.49082322934252,93.859350075167,94.29400327203817,8845700
2018-08-27,95.71273803710938,96.18018925722683,94.44979822594466,94.49080524360807,13768000
2018-08-28,95.24529266357422,95.97517257388031,95.10587880582874,95.9505708644891,8302600
2018-08-29,94.93365478515625,95.43391036820037,94.60561741412515,95.41750505841297,7221700
2018-08-30,94.46623229980469,95.16330801478826,94.294014035406,94.79426351382448,8991800
2018-08-31,93.96595001220703,94.17916898971077,93.34267961945994,94.17097259143242,13065700
2018-09-04,94.43341064453125,94.50721577714013,93.18686973492922,93.76913316708539,10174200
2018-09-05,93.97415161132812,94.8844524140113,93.6953238914108,94.31039166312684,11462400
2018-09-06,93.57231903076172,94.06437204907235,93.08026601245109,93.9003564619,9877600
2018-09-07,93.75273132324219,94.12176948889518,93.1868669629008,93.900347840862,10955600
2018-09-10,93.25247192382812,94.28578750538492,93.21147116085399,94.18737441202002,8276900
2018-09-11,93.84294128417969,93.96595609103149,92.8178283217364,93.11306135546351,9333800
2018-09-12,92.73585510253906,94.2120145646065,92.54723149415287,93.69535969140219,10800800
2018-09-13,93.0966567993164,93.59691242958947,92.39958123055996,92.97364824825993,12470800
2018-09-14,93.08026885986328,93.8921566777519,92.85884718472776,93.3344949047955,10337900
2018-09-17,93.3591079711914,93.84296466354157,92.9162645670669,93.31810719655482,9561300
2018-09-18,93.7363510131836,94.03158410746089,93.12947951006123,93.760952728241,7944200
2018-09-19,96.45903015136719,96.81986565423422,93.85114256289984,93.85114256289984,16052800
2018-09-20,97.28731536865234,97.7875709796136,96.836269433007,97.18070587625459,15590000
2018-09-21,96.64765930175781,97.77938813905698,96.55744885076169,97.69737408775602,24788200
2018-09-24,95.72093963623047,97.14789498872501,95.48311270134931,96.57383428852387,12492500
2018-09-25,95.4503173828125,96.74606166522898,95.39291130735319,95.98337737310212,9308300
2018-09-26,94.32682037353516,95.84399302619826,94.03159350654225,95.74557989933737,14023600
2018-09-27,93.91676330566406,94.93368005219685,93.62153647563176,94.65484602273007,13283000
2018-09-28,92.53898620605469,93.6871138744022,92.27655756101461,93.20326360193148,15815100
2018-10-01,93.08026885986328,93.99056978714202,92.70302799239187,92.97365935061933,10146300
2018-10-02,93.46571350097656,93.58872832498588,92.51440553588456,92.96545780498747,13753100
2018-10-03,94.34318542480469,94.85164364472098,93.883936875714,94.26117764915168,17142000
2018-10-04,95.19381713867188,96.4656013827544,94.31843571506808,94.59922235886741,16357400
2018-10-05,94.65702819824219,95.87925812284512,94.16152310926425,95.65628587329219,13777600
2018-10-08,95.235107421875,95.6149900297457,93.60821461601847,94.3514659360302,14370900
2018-10-09,94.57444763183594,94.99562447202906,93.87249043192038,94.69832391431738,14069500
2018-10-10,92.05563354492188,94.92952973155556,92.05563354492188,94.72307141869823,23086400
2018-10-11,89.29735565185547,92.05564224874006,88.67798065472186,91.64272558398433,33705600
2018-10-12,88.32286834716797,91.52710556296576,87.20799465945409,91.14722300347997,32075700
2018-10-15,87.81912994384766,89.8919737594574,87.80261604638325,88.52934724639746,18903200
2018-10-16,89.7020263671875,89.8341564351522,88.14120174191333,88.49631035669368,19302800
2018-10-17,90.70127868652344,91.50233804715786,89.37994658163554,89.50381654411841,18794500
2018-10-18,89.26432037353516,90.70952868092897,89.03308805244946,90.03234561177447,17582500
2018-10-19,89.11567687988281,90.197516516462,88.58713775677724,88.90095845180319,15234500
2018-10-22,87.83566284179688,89.47080985340185,87.62920444028845,89.31390575267051,16199100
2018-10-23,86.9189682006836,87.67047964362317,85.63892386845842,86.05184058200085,21407500
2018-10-24,85.30033111572266,86.73727944183966,84.98651669755718,86.51430720009738,23168900
2018-10-25,86.59688568115234,87.4557531221785,85.65543616515622,86.03531875050479,17464700
2018-10-26,85.4076919555664,86.34914156322908,84.83787117236578,85.88667685788154,19174900
2018-10-29,86.58863830566406,88.0586208781779,85.6389285524506,86.26656375553392,18445200
2018-10-30,88.11641693115234,88.34765556430446,86.59688657408952,87.29884366948504,18019700
2018-10-31,90.0323486328125,91.23807086283145,89.01657714530063,89.2560695717779,20860000
2018-11-01,89.99934387207031,91.02337571923879,89.45429069980659,90.52787684484178,13065000
2018-11-02,89.50382232666016,91.51059775644384,88.76883109893693,90.75909263285882,19009200
2018-11-05,90.09014892578125,90.2553193611099,89.53684214379798,89.69375248220823,10276400
2018-11-06,90.51133728027344,90.5691453649081,88.99180688381443,89.74331198406507,10825000
2018-11-07,92.06390380859375,92.2703621442511,90.30487475640375,91.14722829422644,12679600
2018-11-08,92.80714416503906,93.2613550011596,91.66749647705672,91.67575657424294,11662500
2018-11-09,91.90701293945312,92.79065455135377,91.5271302773903,92.68329846227397,10432200
2018-11-12,89.97453308105469,92.44377911770238,89.68549269399449,92.01434228497762,13279700
2018-11-13,90.50306701660156,91.76659723987754,90.09841046961168,90.09841046961168,13746100
2018-11-14,88.63671112060547,91.42802608406953,87.52183715505498,91.03162953217182,18361400
2018-11-15,90.89948272705078,90.90774282527951,88.20726405989325,89.38820608224628,19100000
2018-11-16,90.83341217041016,91.46930740462999,89.64421638149199,90.38746138683757,13798600
2018-11-19,91.52710723876953,91.8326615310113,90.4535214157688,90.80862999101291,13987000
2018-11-20,89.5616226196289,91.24632337833297,89.17348624486706,90.65998246682359,18936200
2018-11-21,88.89270782470703,90.5196006519019,88.89270782470703,90.04061576154433,10619600
2018-11-23,88.07514190673828,88.68625691779967,87.58789687719585,88.14946389564965,6488400
2018-11-26,90.23055267333984,90.82515368742843,88.73579004053153,88.95876857111892,13948300
2018-11-27,90.61043548583984,90.86644180621188,89.71027386482116,89.8176362318998,9238200
2018-11-28,91.61793518066406,91.99781768811795,89.90846074681804,90.6764858577116,13977300
2018-11-29,90.89118957519531,91.50231060970245,90.54434118303067,91.06461377127764,11144300
2018-11-30,91.82440948486328,91.93176554896671,90.49481732666806,90.71778955230079,18652700
2018-12-03,92.69154357910156,93.22833657544156,92.27862685893375,92.80715975669982,16034500
2018-12-04,88.55412292480469,92.16301104075565,88.14120620302657,92.16301104075565,23555900
2018-12-06,86.86939239501953,87.00978252052381,84.96171350489247,86.7207421737188,27213900
2018-12-07,85.30033111572266,88.3476583233891,84.98651669755718,86.84464181430819,19248600
2018-12-10,83.70647430419922,85.46549718588453,81.98873931233413,84.95348450797336,23636400
2018-12-11,82.8888931274414,85.60588552371408,82.75675677110326,85.16818856880015,16860700
2018-12-12,83.42567443847656,84.97824502358979,82.63287525273289,83.9542135295802,22621500
2018-12-13,83.50826263427734,84.21021965452712,83.13663388195134,83.86337119284245,17250900
2018-12-14,82.82282257080078,84.18544877851738,82.4677139991002,82.57507006008574,19879500
2018-12-17,81.76575469970703,83.04579250150654,81.29502998280643,82.39338345516923,25113500
2018-12-18,81.37763214111328,83.3183395653312,81.03078359052648,82.10436333766793,20837200
2018-12-19,80.34532165527344,83.0623139393387,79.77549466816257,81.27025720961736,28767900
2018-12-20,79.65161895751953,81.16289540283607,79.02399018837826,79.78375530930171,31825200
2018-12-21,77.76872253417969,81.2867742552083,77.37232606738134,79.8415659395975,41313900
2018-12-24,76.09229278564453,77.81002785588234,76.09229278564453,76.71166786668718,17009300
2018-12-26,79.24695587158203,79.24695587158203,75.24166597242751,76.54648398594571,22542900
2018-12-27,80.13887023925781,80.22971241316583,77.25671356880007,78.3055191667265,20304700
2018-12-28,79.96546173095703,81.19595191892951,79.64338716028377,80.8903912464865,17963300
2018-12-31,80.61787414550781,81.60061179444654,79.91591058119583,80.5930938462722,13237200
2019-01-02,82.01351165771484,82.40165435775401,79.2304571755432,79.23871097297602,15670900
2019-01-03,80.84794616699219,82.32986609883663,80.49828095084857,82.12173113421184,16286400
2019-01-04,83.82844543457031,84.02825323414928,81.8220212058708,82.51303085447668,16935200
2019-01-07,83.88672637939453,84.47782897631838,83.01255689911555,83.61198667396106,15430700
2019-01-08,83.72852325439453,84.76919795247132,82.87933549554457,84.61101336579587,13578800
2019-01-09,83.58702087402344,84.49448646429425,83.19572604086945,83.92835898581588,14230300
2019-01-10,83.57868194580078,83.86174882113505,82.64623495004301,83.27063988918492,14376100
2019-01-11,83.17906188964844,83.39551768368698,82.37981802076325,83.16240753516844,15439900
2019-01-14,84.03657531738281,84.38624053339292,82.13838545701358,82.31321806501865,21258500
2019-01-15,84.65267181396484,85.31037921005209,82.08844695747247,82.32988433212044,26504900
2019-01-16,85.3353271484375,86.12623739593276,84.75255184520672,85.12719220417301,18533000
2019-01-17,85.68501281738281,86.16788752795604,84.8524728412673,85.01065746929756,14247600
2019-01-18,87.07536315917969,87.3334549009377,85.61009720443387,86.39268055360273,16428700
2019-01-22,85.70165252685547,86.24279833742399,85.02729094224762,85.81820759544944,17083700
2019-01-23,85.48519897460938,86.3343868955951,84.89409639545526,86.11793109034463,12146700
2019-01-24,85.53514862060547,85.82653631890607,84.86912050331486,85.02729876709208,11296800
2019-01-25,86.0763168334961,86.84225216905914,85.53516452075694,86.1762239279604,14369400
2019-01-28,86.4842529296875,86.78396783788617,85.41027556727161,85.66004010802921,12283100
2019-01-29,86.72571563720703,87.50830549863204,86.35940224929195,86.48427820438914,9743300
2019-01-30,86.92549896240234,87.61650229143864,86.4009947303706,86.70070961959567,12526300
2019-01-31,86.16786193847656,86.41762639784844,85.52680914202404,86.09293641172944,17520600
2019-02-01,86.4842529296875,87.29181774612412,86.18453802148882,86.58416001634576,13000800
2019-02-04,86.79231262207031,86.79231262207031,85.75996459096255,86.40934490652675,9871500
2019-02-05,86.4093246459961,87.04205680460392,85.99305465908125,87.01707526989725,12763000
2019-02-06,86.36767578125,87.10031485942383,86.14289283339409,86.34270060390763,8745000
2019-02-07,85.23544311523438,86.16789020408221,84.45285983258864,85.95975520358925,13177500
2019-02-08,84.38626098632812,85.20214668810023,83.30395636766129,84.98569084578813,12892600
2019-02-11,83.98663330078125,84.92740757025766,83.89505339221671,84.71927256929754,10978500
2019-02-12,85.41860961914062,85.68502218655726,84.82750693367797,84.87745730513839,12852300
2019-02-13,85.8265380859375,86.45927020939965,85.66835981890365,85.66835981890365,10754100
2019-02-14,85.26874542236328,85.83487287740891,84.37792787490079,85.31037496314539,11518500
2019-02-15,87.87458038330078,87.99945627465587,86.30108063447926,86.50088841242216,14716900
2019-02-19,87.56656646728516,87.72475111613544,86.4259842632458,87.34178343892977,12764900
2019-02-20,87.99115753173828,88.08273744289778,87.31679579031136,87.59153552378987,10030300
2019-02-21,87.8079833984375,88.24090134736282,87.3833862751514,87.79132904360847,8400100
2019-02-22,87.41667938232422,88.32414471944129,87.23351960923922,87.9994547041632,10647300
2019-02-25,88.33246612548828,89.30653610768958,87.99112813121675,88.04107848360424,11230700
2019-02-26,87.65814208984375,87.807999551997,86.53421429958264,87.00043469215875,15465400
2019-02-27,87.5499038696289,87.73305732246529,87.00875163375926,87.5665518737865,9968800
2019-02-28,86.88387298583984,87.59153069982771,86.7340155350844,87.4250252442221,15156900
2019-03-01,86.94214630126953,88.17430820885227,86.75065932003936,87.49994653736834,13813300
2019-03-04,86.74234008789062,88.18263065543508,85.97639850067063,87.3500906990542,12466300
2019-03-05,86.67571258544922,87.04203210254306,85.96805507887856,86.69236058541979,10856600
2019-03-06,86.35104370117188,87.05870138070253,86.20951343562088,86.46759878477572,9070800
2019-03-07,85.72664642333984,86.14291643114336,85.05229104326655,85.95975661142562,12705700
2019-03-08,85.75992584228516,85.94308561300102,84.91073169656154,84.91073169656154,10582400
2019-03-11,86.87554168701172,87.04205348649566,86.30109344617527,86.56750597357389,9763200
2019-03-12,86.61746215820312,87.24186715673247,86.37602479655865,87.07535534605897,10219100
2019-03-13,86.90882873535156,87.40003051756987,86.5425091928006,86.74232331697816,13022200
2019-03-14,87.69973754882812,88.14098896858647,86.96710482762604,87.00040718110448,10926500
2019-03-15,88.70713806152344,88.91527305805279,87.60818553391945,87.75804298549164,24811700
2019-03-18,89.23995971679688,89.7394824189255,88.66550511587228,88.70713465428956,12935500
2019-03-19,88.91525268554688,90.24731508777379,88.70711773670595,90.08080331763632,12889300
2019-03-20,87.01707458496094,88.7903887803965,86.92550103219433,88.60722897131153,14920700
2019-03-21,85.64339447021484,86.15956521944388,85.15219255362042,86.15956521944388,19751000
2019-03-22,83.05416870117188,85.18546846613864,82.85435458437549,84.76919858380768,31115200
2019-03-25,82.3631820678711,83.72854715332683,81.6638451682267,82.91265516237104,21032300
2019-03-26,83.1873779296875,83.58699984114149,82.27158539099997,83.10412521740223,15987100
2019-03-27,82.90432739257812,83.62863306338565,82.48805742939199,83.15408555942447,12753200
2019-03-28,83.8450927734375,83.92002466754538,83.03752805216307,83.25399020519367,12454100
2019-03-29,84.27803039550781,84.9107562477603,83.74519893037335,84.53611577335353,14523400
2019-04-01,87.11698150634766,87.15028386719015,85.01898358747732,85.04395877016523,17499300
2019-04-02,87.53326416015625,87.78302872674189,86.85890872286252,87.08369175136818,10295400
2019-04-03,87.70807647705078,88.54894354766823,87.24185616943333,88.09104406570444,11499200
2019-04-04,88.55537414550781,88.69799376872761,87.62418314868287,87.70807930365147,11952100
2019-04-05,88.34564971923828,89.01678058072741,88.07719865471829,88.75672041208004,9933700
2019-04-08,88.63089752197266,88.63089752197266,88.01010553065242,88.17788507412946,8056300
2019-04-09,87.97654724121094,88.25338284444665,87.45642042233249,88.15271767977157,9092200
2019-04-10,88.37080383300781,88.68959382847062,87.64095600208476,88.19463344622027,10882300
2019-04-11,89.11746978759766,89.53692505904372,88.5553948595715,88.68123272108123,11183800
2019-04-12,93.29522705078125,93.83212920761211,91.34056423586775,91.81035842337869,25834100
2019-04-15,92.22981262207031,93.11905560949937,91.54190634115042,93.05194124053682,15163800
2019-04-16,93.20296478271484,93.4462496205913,92.16271744864784,92.19627464011836,11583200
2019-04-17,95.8874740600586,96.1894823563406,93.1274577081575,93.70630160904862,17791900
2019-04-18,95.18278503417969,96.43275989327495,95.07372897277513,96.0804190176179,12501900
2019-04-22,95.30022430419922,95.57706628432892,94.51165284616431,94.65426608427525,7975900
2019-04-23,95.41767883300781,95.94619654621746,94.67104899725943,94.7968868528036,9193100
2019-04-24,95.2582778930664,95.76162284988857,94.63747959261998,95.01499311052038,9245700
2019-04-25,95.30862426757812,95.7616367144195,94.37743308246743,94.80527923788082,9311800
2019-04-26,96.03005981445312,96.12234045635964,95.30020557402266,95.59382288900821,7889300
2019-04-29,97.41429138183594,98.28675908616123,96.01330595640611,96.13914381383002,14242200
2019-04-30,97.35552978515625,97.91759807449239,96.69278996922,97.67431335215807,11389100
2019-05-01,96.60889434814453,98.1524859264308,96.5669462811878,97.07868197625315,10412900
2019-05-02,96.81866455078125,97.12905734169809,96.12236729484589,96.61732142110743,8613300
2019-05-03,97.41429138183594,97.8840792224806,97.03677780956423,97.31361981582096,8185400
2019-05-06,96.5501937866211,96.86898383130658,95.4008906476859,95.78678865933507,9387000
2019-05-07,94.97305297851562,95.66095930382879,94.20125688677479,95.66095930382879,15017700
2019-05-08,94.46969604492188,95.35893897739643,94.34385821098839,94.51164412302573,9575800
2019-05-09,94.39419555664062,94.57875686902341,92.76671373005645,93.23650150675557,12205900
2019-05-10,94.38579559326172,94.66263111609057,92.73314134914733,93.74822200052608,13189000
2019-05-13,91.81875610351562,92.65766664406992,91.42447352577388,92.34727384030771,13783700
2019-05-14,92.54859161376953,93.72306740995919,91.86068536748931,91.90263344607322,10503600
2019-05-15,92.19627380371094,93.035184381724,91.11407839002851,91.61742345676039,10142000
2019-05-16,93.3791275024414,94.10059105834458,92.77511090676627,92.80028359856881,9672700
2019-05-17,92.92610931396484,93.74824438514221,92.13753782978372,92.2801510726232,9570100
2019-05-20,93.41266632080078,93.79856431428576,92.59053776088264,92.76670816657939,8518200
2019-05-21,93.73146057128906,93.89084919292844,93.30361448082894,93.48817579045402,7967900
2019-05-22,92.96806335449219,93.78180758106319,92.90933987424373,93.4546329910533,7918900
2019-05-23,91.13922119140625,92.10396938752524,90.1828638910109,91.97813155318309,14558000
2019-05-24,92.03684997558594,92.2465775545296,91.60061942754938,91.87745496746788,8537300
2019-05-28,91.0385513305664,92.13752827711241,90.97144336466829,91.60901064315892,11665500
2019-05-29,90.7868881225586,90.937892256579,89.81374894767625,90.14092350465735,9966400
2019-05-30,89.81375122070312,91.5922436885786,89.37752060048098,91.14762217170444,10367800
2019-05-31,88.89096069335938,89.41947203324582,87.95137857762617,88.55539519485612,10952800
2019-06-03,89.31041717529297,89.64598267833841,88.33728425687875,88.75673953559065,11680700
2019-06-04,92.06201934814453,92.19624807535094,89.8724628385195,90.47647931019233,12858600
2019-06-05,92.38919067382812,92.59891825254864,91.1392160967596,92.16268770497618,8340500
2019-06-06,92.59053039550781,93.00998553771753,91.38249753782303,92.40596910887513,8726700
2019-06-07,91.5754623413086,92.29691939700085,91.40767642107215,92.02846832500096,10618900
2019-06-10,92.56536865234375,93.29522299019696,92.46470350255592,92.90932498179427,11380600
2019-06-11,92.85062408447266,93.59725399534909,92.59056385045812,92.96807105469728,9847700
2019-06-12,91.6677474975586,93.0351757084839,91.34896381176908,92.86738976829534,9670500
2019-06-13,91.89424133300781,92.4143680588189,91.48317704991894,91.82712696831385,8406900
2019-06-14,92.1291275024414,92.53180725654288,91.13082221235588,91.91939993060008,9077400
2019-06-17,91.62579345703125,92.59054168178662,91.49156472298118,92.02846685842484,8128600
2019-06-18,92.87577056884766,93.46301169509972,91.4244591461693,91.44962543436696,11057300
2019-06-19,92.20464324951172,93.61400654831037,92.02846643678359,92.96804836969432,13126500
2019-06-20,92.43951416015625,93.19452819677323,91.46637528572512,93.01835782820416,13638000
2019-06-21,91.81036376953125,93.6811305310678,91.51673998509712,92.43954662124047,27089500
2019-06-24,91.15601348876953,92.08719820931489,91.05534192961758,91.67613387677412,13039600
2019-06-25,90.40099334716797,91.42446513679259,90.325488077249,91.17278943756791,18660100
2019-06-26,91.00499725341797,91.70128797710007,90.73654619840875,90.85399313495165,10324600
2019-06-27,91.30699920654297,91.90263118597132,90.97144018763655,91.30699920654297,10906600
2019-06-28,93.79019165039062,94.31870293415093,93.03517095903386,93.1526179109806,21634700
2019-07-01,95.3673324584961,96.07201410702251,94.86398750949462,94.98982534683957,12724500
2019-07-02,95.4679946899414,95.80355368960339,94.9814251799028,95.2247099349221,10174900
2019-07-03,95.3159408569336,96.20303560123129,94.84282709767697,95.75525985543023,6849400
2019-07-05,95.8819808959961,96.54096256366003,95.40041687380392,95.89888149786447,7929400
2019-07-08,95.35818481445312,95.87354363011148,95.04558811531383,95.43421819101347,6917200
2019-07-09,95.76370239257812,95.88198082280233,94.7498854347446,94.85971356404107,8947300
2019-07-10,95.48490142822266,96.16923400501145,95.24834456540819,95.78060395243182,9242300
2019-07-11,96.39733123779297,96.61699392301576,95.56938229806856,95.7805946830969,11595200
2019-07-12,97.41116333007812,97.45340194347521,96.25371703538852,96.42268438035893,10783400
2019-07-15,96.22837829589844,97.63927569187621,95.91578159886917,97.61393123319384,12946600
2019-07-16,97.25909423828125,97.58013478552502,95.40042113685647,95.87354132494728,16945000
2019-07-17,96.30439758300781,97.10700851611568,96.08474134276777,96.67613344447632,13120900
2019-07-18,96.87889862060547,97.21683973765873,95.93267122768513,96.25371174375586,9397200
2019-07-19,95.92423248291016,97.25909651094793,95.80595404454644,97.06477825038387,10402800
2019-07-22,96.54096221923828,96.69303540705596,95.27368780265463,95.39197267823816,9061100
2019-07-23,98.30667877197266,98.38271212564455,97.00560989506323,97.05629879751116,12752200
2019-07-24,98.70377349853516,98.74601210820363,97.5970162158974,97.64771157146623,10011000
2019-07-25,97.75756072998047,99.05017977558879,97.42806985347998,98.75448366151039,10138400
2019-07-26,98.18843078613281,98.43343796667911,97.60548244463673,97.80824456292999,12800400
2019-07-29,97.8758316040039,98.99948319626874,97.82514268713797,98.3911904111121,8500400
2019-07-30,97.6561508178711,98.07013171464467,96.95493063011067,97.3182161737076,7121100
2019-07-31,98.00255584716797,98.15462903648259,97.03942779673902,98.08703951996696,13648000
2019-08-01,95.41731262207031,98.67843248215159,95.13006041613892,97.43650258133168,15664500
2019-08-02,95.40885925292969,95.83128402489064,94.11624048203963,94.96109002596155,11025500
2019-08-05,92.5701675415039,93.76140853446856,91.47186051731057,93.60088505282889,15855300
2019-08-06,93.29674530029297,93.35588451681987,91.53100621423353,92.97570475995997,10203500
2019-08-07,91.26911163330078,91.48032405731404,89.50337886248188,91.24376717372985,17320900
2019-08-08,92.81517791748047,93.00104586148356,91.85204988554717,92.1308518015518,10903300
2019-08-09,92.71378326416016,93.31362564175221,91.4887540550298,92.38429247147847,9980800
2019-08-12,90.9734115600586,91.67463832415726,90.57633118892583,91.61549910584118,9393700
2019-08-13,92.3758544921875,93.2122602581103,90.4242539297498,91.20151403432253,12124700
2019-08-14,88.54023742675781,90.32287053335101,88.24453492099755,89.80751178050517,19491800
2019-08-15,88.87818145751953,89.87510431194643,88.15161023586818,88.55714090787714,13365600
2019-08-16,91.00719451904297,91.22685720674396,89.44422414133828,89.86664891616066,11830600
2019-08-19,91.82669067382812,92.72222904664649,91.59857770804501,92.62084479011068,8265400
2019-08-20,90.66082763671875,91.61551201133516,90.60168841007199,91.11704729043333,8374000
2019-08-21,90.91426086425781,91.60703723951126,90.77908184192027,91.42116930664244,8189300
2019-08-22,91.85205841064453,92.31672186808827,91.18462638872819,91.55636231123641,9343400
2019-08-23,89.57096099853516,91.90274793994081,88.80215113496257,91.24376621525242,14762300
2019-08-26,90.28909301757812,90.39047085999373,89.56252173370409,90.07788058495642,8209500
2019-08-27,89.33440399169922,90.87203016237181,88.57403798517068,90.69461250179708,14331800
2019-08-28,90.22993469238281,90.57631965679212,88.7429976767203,88.77679243226837,10585500
2019-08-29,92.27447509765625,92.84052278731788,91.26065170195368,91.36203597523122,10002200
2019-08-30,92.81517791748047,93.4065700614076,92.48568708790808,92.79827731583059,10170300
2019-09-03,91.71687316894531,92.0801587652915,90.66926143940626,92.07171490994448,9868800
2019-09-04,92.82364654541016,93.11934267575597,91.71688896369834,92.46880474330295,6929200
2019-09-05,94.9357681274414,96.07631399358857,93.94728902746797,93.98953409297758,13224700
2019-09-06,95.13850402832031,95.45110066809822,94.58935055657653,95.18074908218148,7836600
2019-09-09,97.49564361572266,98.05324099130785,95.97491178105246,96.06784575126512,13985100
2019-09-10,98.73756408691406,99.07549873276274,97.77443616572688,98.25600012632047,14333100
2019-09-11,99.00791931152344,99.01636316599699,97.47873726636236,98.75446187212711,9919200
2019-09-12,99.61620330810547,100.08931694491595,97.9349482353013,98.46720752240297,12283500
2019-09-13,101.57626342773438,101.71988630313061,100.32588326753829,100.53709565336469,16257200
2019-09-16,100.67227935791016,101.27212178808138,100.01329126909297,100.45261666163776,11993900
2019-09-17,100.17383575439453,100.20763051826714,99.0501840269759,100.04710700129529,10735400
2019-09-18,101.17919158935547,101.44954320803969,99.4810420602219,99.962606082431,10665600
2019-09-19,100.858154296875,101.66920923081896,100.61314711177343,101.12850594152299,9382600
2019-09-20,100.45262908935547,101.66920825575797,100.42728463005211,101.16229973261596,21862800
2019-09-23,100.43572998046875,100.63849854929593,99.42191291909955,99.5063965999317,9135100
2019-09-24,99.1261978149414,100.75675768068851,98.88119067550174,100.3258826116263,11696500
2019-09-25,99.69225311279297,99.99639948540253,98.94878778290902,99.07551006675388,9389400
2019-09-26,98.87275695800781,99.7345072406627,98.8051674366836,99.59087789642587,9899200
2019-09-27,99.45570373535156,100.23296388128162,99.08396781960613,99.65846585044387,10207800
2019-09-30,99.43035125732422,100.34278392449495,99.03327091492937,99.99639894105303,9755000
2019-10-01,97.62239074707031,100.53711979304566,97.50411229826327,100.03021123448804,11250300
2019-10-02,95.67919921875,97.07320208590947,95.40884765538554,96.99716228444055,12548700
2019-10-03,95.54295349121094,96.15611902865874,94.12074756511544,95.61107794189695,12735200
2019-10-04,97.61238098144531,97.88489826792792,95.61107505238984,95.67068800576652,9453100
2019-10-07,97.39949798583984,98.36182344326033,97.14401013121264,97.24620657252873,6771600
2019-10-08,95.22785186767578,96.28385556298562,95.09159647021231,96.28385556298562,10806300
2019-10-09,95.91768646240234,96.36904924116139,95.44078269293807,95.95175194555358,7273700
2019-10-10,97.26321411132812,98.2766408093346,96.23275792560896,96.35198383157154,10994100
2019-10-11,98.90685272216797,100.4823437466017,98.67691886344927,98.81317428042036,15076500
2019-10-14,99.17084503173828,99.52852928275725,98.4980729938823,98.65987588398649,8779000
2019-10-15,102.16001892089844,103.54815289489866,100.38014173639493,101.21472312045522,23379000
2019-10-16,101.92156219482422,102.72208456322974,101.66607439719385,102.16001400737278,11087700
2019-10-17,102.49215698242188,103.53113129248752,102.09189574847933,102.83280525581927,10818500
2019-10-18,102.6709976196289,103.06274086667045,102.07486800398429,102.19409392711322,10417400
2019-10-21,105.21733093261719,105.40468130030656,103.8888033885717,103.93990485005521,12714600
2019-10-22,106.27333068847656,106.53732998982566,104.85113126259778,105.13216005225256,12549100
2019-10-23,106.55436706542969,106.57991454681193,105.7453266701512,105.77087415153343,8828300
2019-10-24,106.47772216796875,107.01424528667233,105.66017024606224,106.69914451056587,8020500
2019-10-25,107.329345703125,107.85735085879688,106.23927641158026,106.45218077312651,9055700
2019-10-28,107.73811340332031,108.3342429529071,107.64443497448171,107.78920836547782,9522200
2019-10-29,107.66999816894531,108.51309765421014,107.25270742333505,107.35489736256368,9797300
2019-10-30,107.07386016845703,107.52521635766179,106.3840456459189,107.34637748065568,8513700
2019-10-31,106.38404083251953,107.07385532384667,105.4813284949537,106.86946247595164,11589100
2019-11-01,108.83670806884766,108.99851095926809,107.32082361472158,107.47411500907927,11682600
2019-11-04,109.70536041259766,110.21632305910119,109.48393157059415,109.92677625995081,9159900
2019-11-05,109.94381713867188,110.9657554718019,109.72238828681556,110.19078047960667,13747600
2019-11-06,110.1141357421875,110.57400343442023,109.50097015611007,109.5946485927233,11231100
2019-11-07,110.71025848388672,111.80883917735012,110.6421275346925,111.07644771682457,13528900
2019-11-08,111.03386688232422,111.05088987204682,110.07153518240327,110.60805823558378,9293400
2019-11-11,110.64212799072266,110.79542587570396,110.15671284335666,110.36961718747243,8679000
2019-11-12,109.99491882324219,111.2382730895061,109.86716840214271,110.39518008564747,9099000
2019-11-13,109.41580200195312,109.70536179941425,108.51308961986679,109.11774370305415,8023300
2019-11-14,109.51802062988281,109.72240052250969,108.65787859957013,108.7685930378446,8483400
2019-11-15,110.31002807617188,110.31002807617188,109.34769601777629,110.05454019402707,10163600
2019-11-18,111.2382583618164,111.26380584372353,109.85013086447935,110.3355460153647,8749300
2019-11-19,111.20423126220703,111.7748135127805,110.86357641470917,111.55339760789718,8824500
2019-11-20,110.39517211914062,111.23826506215869,109.80755401058211,110.96575424051825,11782800
2019-11-21,110.65064239501953,111.32342741711439,110.19077471728718,110.71026185037108,7705500
2019-11-22,111.38306427001953,111.74926660866542,110.79545901998479,110.8380295058229,8167900
2019-11-25,111.97917938232422,112.4731190459371,111.45116774486185,111.77478652317905,10068500
2019-11-26,112.13247680664062,112.2602272308709,111.01685993948391,112.2602272308709,10490700
2019-11-27,112.464599609375,112.77969391106507,112.11543333230424,112.66046798653494,6607900
2019-11-29,112.20912170410156,112.7626808984978,111.94512234746516,112.30280015271309,5712000
2019-12-02,111.96214294433594,113.04370070331461,111.85995301250034,112.67749845648618,8615600
2019-12-03,110.5229263305664,110.67622424918687,109.50949935104853,110.514414833008,10361300
2019-12-04,112.70304870605469,112.81376313136141,110.70175552212727,111.03388580339656,10318200
2019-12-05,113.31622314453125,113.52912752079699,112.56679558178726,112.99260433431873,9587400
2019-12-06,115.00239562988281,115.63259711628854,114.67026539933157,114.70433736867722,10170600
2019-12-09,114.46591186523438,115.3601128436294,114.46591186523438,114.65326875574198,8498200
2019-12-10,114.54254150390625,114.77248184282513,113.1629254596938,113.47801974271752,7532900
2019-12-11,114.27003479003906,114.98540339650903,114.1252613682178,114.36371323882368,9011900
2019-12-12,117.54022979736328,117.92345500434186,114.2955697864821,114.53402160391987,13717400
2019-12-13,116.50978088378906,118.23005176580516,116.0073297086077,117.48062425390685,10592100
2019-12-16,116.96114349365234,118.2385697345039,116.94412049992354,117.84683296431437,11372000
2019-12-17,117.676513671875,118.09381097374207,116.86747955120917,117.2932883509968,11546800
2019-12-18,117.55728912353516,118.39188373717884,117.28477824565515,117.65096758038686,10381500
2019-12-19,116.96965026855469,117.71055321774041,116.75674592732663,117.31880351223491,9350400
2019-12-20,116.8759765625,118.27262857761968,116.58641677079267,117.54023709440752,29992600
2019-12-23,116.8418960571289,117.44655008414634,116.5693852664607,117.1825507887758,9738400
2019-12-24,117.16552734375,117.20811081409474,116.72268264253604,116.95262298667704,3324300
2019-12-26,118.40887451171875,118.45998246990135,117.335841293583,117.42951972494286,6770900
2019-12-27,118.4940414428711,119.03056454924355,118.09378023568053,118.63030334205298,7868200
2019-12-30,118.0597152709961,119.2945578074152,117.92345337872452,119.14125992994737,6963000
2019-12-31,118.7154769897461,118.78360795064673,117.7701810235594,117.95753791737313,7201600
2020-01-02,120.15469360351562,120.1632180939326,118.59623223126029,119.04758840525965,10803700
2020-01-03,118.56909942626953,119.33190431938809,117.48917736531554,117.84915138563353,10386800
2020-01-06,118.4748306274414,118.50912134385446,116.99207755544985,117.04350055199299,10259000
2020-01-07,116.46068572998047,118.15770995639626,116.40926273494908,117.66059920763284,10531300
2020-01-08,117.36919403076172,117.9177277769573,116.22070354311411,116.3064041758495,9695300
2020-01-09,117.79773712158203,118.47482835990155,117.45489535439555,118.32055937322477,9469000
2020-01-10,116.6235122680664,117.63486585734273,116.4006618935608,117.6005882263815,10190900
2020-01-13,117.59199523925781,117.59199523925781,116.3577914200096,116.72634456956915,12355200
2020-01-14,118.9633560180664,120.64323466458113,118.0119915015953,118.2262626712683,24906000
2020-01-15,117.18061828613281,118.79194166663288,116.69207374193145,118.1491281577833,16293400
2020-01-16,117.63488006591797,118.1919799133243,117.28347218527081,117.80629439757567,10783800
2020-01-17,118.44908905029297,118.5262235255202,117.69486349572712,117.88341007581376,14697700
2020-01-21,117.28345489501953,118.33767838154448,117.15489743474735,117.58343973975231,8474200
2020-01-22,117.1463394165039,117.76344149362255,116.88922444943417,117.6263178705439,7549100
2020-01-23,117.02635192871094,117.19777934984042,115.4664644054261,116.31498305894313,9345700
2020-01-24,114.12081146240234,116.93204795844045,113.40944273937042,116.88062497393919,15166400
2020-01-27,113.16089630126953,113.94084654737891,111.17246652043836,111.65243187863639,12860500
2020-01-28,115.21788024902344,115.68071327180219,113.54656784026359,113.85511882942491,13062800
2020-01-29,115.04647064208984,116.16924945802513,114.58365067846483,115.54358131595319,9326000
2020-01-30,116.46923065185547,116.67493567258245,113.72656243253068,113.72656243253068,9048900
2020-01-31,113.44374084472656,115.5607412759406,112.68093592144413,115.26933559245646,12785200
2020-02-03,114.30936431884766,115.05503678394221,113.70084160104683,113.70084160104683,10021100
2020-02-04,115.95497131347656,117.07776313991005,115.77499086881676,116.17782168239118,9157100
2020-02-05,117.9262924194336,118.0462837662004,116.57209688987906,117.05207535502224,10150700
2020-02-06,117.94342803955078,118.52623936770794,117.51488568246762,118.48339559445952,8992300
2020-02-07,117.56629943847656,117.99484176189948,116.8206399807043,117.18918010137257,6379800
2020-02-10,118.05484771728516,118.14912755455804,117.20632918182916,117.37774350103234,5960700
2020-02-11,118.2776870727539,118.9805027951547,118.08912739494268,118.50052438376967,6578600
2020-02-12,118.2776870727539,119.3833205671247,118.10627275058219,118.7919431173435,7958000
2020-02-13,118.17484283447266,118.5690944734631,116.90634805996731,118.06341763828748,7447500
2020-02-14,117.81485748291016,118.44052559292395,117.36916981916652,118.1405407450425,6627600
2020-02-18,116.25494384765625,118.0291150827208,115.74926711925431,117.7119849170192,8996400
2020-02-19,117.84056854248047,118.6119394655237,116.85491338739926,117.34345789591379,7071200
2020-02-20,117.84056854248047,118.58622797329382,117.0177615569041,117.56629518793056,7422800
2020-02-21,116.40068054199219,117.35204515998508,115.63787561967901,117.0349279800127,9772800
2020-02-24,113.27230072021484,114.1636629250391,112.10666517355374,112.65519877915469,13618400
2020-02-25,108.21553039550781,113.3323212398813,107.64127860072975,112.27811058102013,20797200
2020-02-26,108.54122924804688,110.52109323871464,108.28410116708591,108.78978464923216,24825600
2020-02-27,104.02437591552734,107.66698601387343,103.96438024605726,105.34428718290667,23005500
2020-02-28,99.51610565185547,101.5559648963412,96.55916603429388,100.72459168598472,45931400
2020-03-02,104.1529312133789,104.2043607425892,98.10191524563947,99.96178749931612,27355400
2020-03-03,100.24461364746094,105.37854855087194,99.62751169157809,103.68152471123062,32547700
2020-03-04,102.72161102294922,103.0130232525561,98.30762303593096,101.41884501616474,25795900
2020-03-05,97.68193817138672,99.79036561630522,96.4905910363194,99.13897945427804,25025600
2020-03-06,92.63370513916016,94.55357281226705,90.01102181656458,91.07381142869146,38159400
2020-03-09,80.08598327636719,85.04850365709862,79.70886397795836,82.76865559167983,40352000
2020-03-10,86.30841064453125,86.80552124757305,81.06305743972199,84.85136954075892,31102700
2020-03-11,82.24585723876953,85.7513374973012,81.03737106202611,83.7371829709986,38127000
2020-03-12,75.46630859375,83.10292968254987,73.98354922205719,76.78621324492062,49725200
2020-03-13,89.05967712402344,89.12823893251701,78.85179488640419,82.27156111630795,38543300
2020-03-16,75.73199462890625,80.54881236180164,72.46650444499417,73.0236041953037,38589700
2020-03-17,80.3602294921875,83.5143001227061,74.99487969667298,77.90039508408418,35239800
2020-03-18,71.90083312988281,77.81471871717218,68.87532526213293,75.14061216717914,41525600
2020-03-19,73.10932159423828,75.51772731335181,65.9183820677639,69.90382036819449,32175100
2020-03-20,71.56657409667969,76.67479824153065,70.69235055974104,73.96641392751268,30150800
2020-03-23,67.73540496826172,71.78084592831864,66.92974323191754,70.86376553145267,32536600
2020-03-24,75.7920150756836,77.22334523468234,71.05233680583687,72.76650654040934,34363200
2020-03-25,78.62036895751953,81.55159656066556,72.45792892632011,76.48622371152995,38111700
2020-03-26,84.09716033935547,84.4828458718588,80.17171050691378,80.63453706934051,29826300
2020-03-27,78.10611724853516,81.28590033003756,77.60901315017374,79.87171597118373,30041500
2020-03-30,80.13741302490234,80.64308981862128,76.53766018913107,77.69472313355493,21656900
2020-03-31,77.16333770751953,80.7116679901345,76.5719471474045,78.8946525354653,23379300
2020-04-01,72.30364990234375,74.18923321174464,71.35228557159955,72.93789060982792,28029600
2020-04-02,75.00347900390625,75.34631416920638,71.10374125931149,71.57514042897877,24018000
2020-04-03,72.78655242919922,75.7569020779804,71.67807830435527,74.47523238109173,21199400
2020-04-06,77.47156524658203,78.79653061066129,75.94741901668598,77.06454836073013,26820800
2020-04-07,78.49341583251953,81.83614128554626,78.26825634516398,81.792839097098,22563800
2020-04-08,81.6629638671875,82.14791677188734,78.41549722252714,79.75777947146074,22903300
2020-04-09,88.9892349243164,90.4007978427183,83.90586549493997,83.9318441672132,42055900
2020-04-13,85.03165435791016,89.29232828948437,84.26092293314522,89.29232828948437,26911900
2020-04-14,82.70214080810547,88.331082329076,81.0913970135457,87.48240823884,46151300
2020-04-15,78.6233139038086,79.69714076029153,78.05175674354412,78.93507115359174,30118600
2020-04-16,75.62699890136719,78.432808013312,75.38452246795048,78.13837423187378,32449600
2020-04-17,82.42503356933594,82.87534603648518,78.77055005217021,79.67118159345651,30191900
2020-04-20,79.4200210571289,82.01799363972515,78.33753248104713,80.07817596134268,23679400
2020-04-21,77.11650085449219,79.13425485433036,76.49298628010956,76.74412446184628,23035000
2020-04-22,77.36763000488281,79.55859270648527,77.22907488546558,78.5367230987095,16662400
2020-04-23,77.41094207763672,79.0476646895376,77.29836561580316,77.71403763410214,16638800
2020-04-24,78.55403900146484,78.89177494650065,76.6315380177308,78.49341989868886,15809200
2020-04-27,81.94005584716797,82.81470184054339,79.27280246817652,79.61920012636782,22870200
2020-04-28,82.52027893066406,85.17887089939042,82.29511943230992,84.70257323113869,20238900
2020-04-29,84.74588012695312,86.12280265109747,84.23494199927968,85.80239020828974,20462600
2020-04-30,82.92731475830078,83.86258018332448,81.87946625478288,82.78875300230428,19127600
2020-05-01,80.753662109375,81.17799585656171,79.53261160746656,80.97015986301943,18547700
2020-05-04,79.79242706298828,80.2514013328022,78.6320020492692,79.68850574252558,15725900
2020-05-05,79.67117309570312,81.58501243918536,79.58457531590956,81.10005958675174,18064100
2020-05-06,78.17300415039062,80.32932648328351,77.87857038367481,79.80973320808758,20978000
2020-05-07,78.98702239990234,80.45921076742297,78.44145055835988,79.09959882870092,16771900
2020-05-08,80.27738189697266,81.4724539859079,79.76645025841925,80.36398630288687,20487800
2020-05-11,77.9132080078125,78.900437177195,77.35897431998326,78.900437177195,31907600
2020-05-12,75.3671875,78.62331515685909,75.2546110607232,78.06908150551963,27962900
2020-05-13,72.76922607421875,75.21998230444744,72.22365409723326,74.80430369794377,35451600
2020-05-14,75.7915267944336,76.30246490241464,71.35765725608933,71.63477410223584,35152500
2020-05-15,74.38861846923828,75.58368351405296,73.86902525875303,75.21130716859108,26099000
2020-05-18,78.32888793945312,78.9350856394949,76.10329120211429,76.80474844634854,30504400
2020-05-19,76.78742218017578,78.97837840429847,76.7181413128786,77.982494016597,19597300
2020-05-20,79.09095764160156,80.00890596445414,78.25960709519015,78.55404085648745,20552400
2020-05-21,78.08641052246094,79.46333971224693,77.65341500228718,78.17300830509824,14621400
2020-05-22,77.48021697998047,78.25094845288956,76.83072372031637,77.94785291977708,13557900
2020-05-26,82.97926330566406,84.43412855426317,80.19943278917758,80.4419092294462,41233900
2020-05-27,87.78550720214844,88.83335548533445,85.5599106685909,88.39169823969843,39402000
2020-05-28,86.47786712646484,89.15377631028342,86.07951203471454,89.14512115677981,24713900
2020-05-29,84.26958465576172,85.88899025347243,83.81061046893662,85.43867782686681,26526400
2020-06-01,85.38670349121094,86.17475840069295,84.33019351044827,84.65061252974091,15176800
2020-06-02,85.67249298095703,86.96281776748953,84.80650194975641,86.84157955168043,21195000
2020-06-03,90.296875,90.85977044856334,87.51704479560327,87.96736379724862,25941100
2020-06-04,92.17608642578125,92.32330331373231,89.01521787648885,89.90718757135222,26784700
2020-06-05,96.32418060302734,100.2557738785096,94.85199195769593,99.52834461918275,42231000
2020-06-08,98.24666595458984,98.887503984093,96.93902443941151,98.21203213238789,24881800
2020-06-09,95.72664642333984,96.67057344682276,94.40168124366868,95.82190596238692,17031100
2020-06-10,91.84700012207031,95.70066390100462,91.66514281129167,95.65736170972966,24913300
2020-06-11,84.18299102783203,87.96737437802052,83.60277859725711,86.6250855782248,36259200
2020-06-12,86.48652648925781,87.57767042932859,84.28690848162725,87.21395578263834,24856800
2020-06-15,87.68157196044922,87.83745057488055,83.02254365109033,83.49883464569639,22153600
2020-06-16,88.3830337524414,91.51792335256515,86.00155865315313,91.24946827379019,22193600
2020-06-17,86.14879608154297,88.79872668859636,85.91497478857494,88.79006492778593,15639800
2020-06-18,85.68114471435547,87.04940536222091,84.97968756841995,85.44732346338148,16591900
2020-06-19,84.70257568359375,87.1186913118881,83.76731044601759,87.05807220753606,40371200
2020-06-22,83.78462982177734,84.82381638607434,83.60277250337472,84.21762532473227,16216900
2020-06-23,84.80648040771484,86.57310245545568,84.73719955714017,85.70711164422893,15381400
2020-06-24,81.97472381591797,83.86257814302935,81.67162163379685,83.78464211241855,22919800
2020-06-25,84.83248901367188,85.04898679288408,81.6283245241264,81.7062605532886,25743600
2020-06-26,80.18211364746094,82.58957448144677,79.67118206427247,82.36441494304768,41896300
2020-06-29,80.53713989257812,81.82746426240661,79.82702774060039,80.88353751458838,18499700
2020-06-30,81.45512390136719,81.97472386704862,80.1647989624311,80.38995850709387,19137000
2020-07-01,80.7623062133789,82.8839810924631,80.5631254164962,82.17386888003219,18755700
2020-07-02,81.02466583251953,83.03585030422396,80.38632916389766,82.8434746870675,27845600
2020-07-06,83.07083129882812,83.24571459090924,81.74170093344965,82.57240657788995,18625300
2020-07-07,80.72734832763672,82.28383210096935,80.44753109503051,82.03899285636005,25757200
2020-07-08,81.58429718017578,81.61926849887189,80.27265257387951,80.70112127728618,18762200
2020-07-09,79.81792449951172,82.30130777372901,79.38070974509164,81.77664473133073,25600800
2020-07-10,84.18135070800781,84.67977540819098,80.33386507147723,80.44753853945947,28954200
2020-07-13,85.3880615234375,86.80463336749851,84.14637295079639,86.33244720039096,32079200
2020-07-14,85.87773132324219,87.39923697888617,84.50487710038736,86.01764326330387,42731700
2020-07-15,87.20689392089844,88.57100238404819,86.26250805962377,88.22122910157196,22508400
2020-07-16,87.45171356201172,88.50977266695463,86.17504703857557,86.37616212762272,16886900
2020-07-17,85.83402252197266,87.51292594421257,85.8165301920125,87.44296996711029,16137700
2020-07-20,85.08199310302734,86.03511805671725,85.04701512242849,85.19566653644786,14458100
2020-07-21,86.92706298828125,87.48669748387515,85.37931862439704,85.44052843887233,17798100
2020-07-22,86.2974624633789,87.55663659614703,85.28312088863125,87.13691410901387,14271200
2020-07-23,86.55106353759766,86.87459829017607,85.6678875818366,86.13133430305314,12870200
2020-07-24,85.93894958496094,87.26808646085051,85.64164669013013,87.09319651856549,12744200
2020-07-27,84.73224639892578,85.37057639770791,84.09390972877391,85.26564909454906,11959100
2020-07-28,85.0994873046875,85.59791190338743,84.38245530881449,84.38245530881449,11754300
2020-07-29,87.16315460205078,87.18938642618522,84.81968268974731,84.88089250318411,12743500
2020-07-30,84.83715057373047,85.46674090652323,83.98895952849524,85.29185766802209,14834800
2020-07-31,84.50489044189453,84.75847586976565,83.28943362403032,84.36498515111332,14535000
2020-08-03,84.03267669677734,85.31808917632571,83.81406931376212,84.83715026514507,12962800
2020-08-04,83.5517578125,83.90152434413932,83.09705064717853,83.86655302807056,13366200
2020-08-05,85.00331115722656,86.10509445784874,83.70041275962916,83.83157855016954,15260900
2020-08-06,85.02952575683594,85.78153568747403,84.4174277534644,85.32683526659345,10482100
2020-08-07,86.90082550048828,86.99701330597526,84.4349338908674,84.75847529762991,14743700
2020-08-10,88.00260925292969,89.2268122336791,87.46920657325579,87.53916255418308,14989900
2020-08-11,90.78327941894531,92.82944812081325,90.51220838192228,90.81825740297543,31518600
2020-08-12,90.01380157470703,93.06555956727475,88.93825003515597,92.8294664676204,19240800
2020-08-13,89.51538848876953,90.38107219494039,88.87705174616163,89.19184703410929,13598600
2020-08-14,89.55033874511719,90.33732004984037,88.6846486357322,88.75460460502221,12134400
2020-08-17,87.18939208984375,89.19183707573592,87.03199446344354,88.75462218810976,14988000
2020-08-18,85.97393035888672,87.3642770917796,85.7990470823048,87.3642770917796,13246500
2020-08-19,86.17504119873047,87.95887174194517,85.99140510883598,86.49857588649924,13533000
2020-08-20,85.14321899414062,85.72033910468387,84.64479435129327,85.04703119715526,13672600
2020-08-21,85.0994873046875,86.19252429055298,84.767206462677,85.05576315670555,12228300
2020-08-24,87.49543762207031,87.62660341730299,85.1869436429052,86.0876052074031,17898300
2020-08-25,87.88016510009766,89.1743237006551,87.26806711620623,88.55347288237822,13648900
2020-08-26,86.64720916748047,87.67903616353375,86.61223786102256,87.39047952136977,12052400
2020-08-27,89.49786376953125,89.76019530501685,86.56852608965981,86.56852608965981,22163900
2020-08-28,89.8651351928711,90.28486437427493,89.02568350143244,90.18867657585675,13756700
2020-08-31,87.60912322998047,89.34923665273783,87.46046509470119,89.29677299991566,14219400
2020-09-01,87.56537628173828,88.2037128008758,86.60350509257479,87.049466039606,11595600
2020-09-02,88.88578033447266,89.13936574802325,87.0582187924594,87.39924584173144,14475700
2020-09-03,88.60594940185547,91.80635813989554,88.00259086730878,90.34606236781542,23281200
2020-09-04,90.52095031738281,91.99873849353841,88.64093199244623,90.98440361476334,26325500
2020-09-08,87.37300109863281,90.56467036579404,86.98825662407536,90.04876012136484,22108600
2020-09-09,88.2037124633789,88.92074443852461,87.05820519877473,88.14250266079458,13434000
2020-09-10,87.2943115234375,89.55908106182746,87.1281677589768,88.6671657750444,15922800
2020-09-11,88.37860107421875,88.63218646357204,87.08444230637582,87.41672983032701,13784300
2020-09-14,89.60282135009766,90.46850497132901,88.64094991857728,88.7633695550597,19017400
2020-09-15,86.8133773803711,89.93509106454988,86.69095775913813,89.83016377284677,23683000
2020-09-16,87.18061065673828,88.43104499636286,86.35865153704151,86.94451764833008,19270600
2020-09-17,86.18377685546875,86.86583085716956,85.44051305031707,86.30619646237052,18290100
2020-09-18,86.00015258789062,86.99700183019809,85.20442509544492,85.59791575953574,20121600
2020-09-21,83.34188079833984,83.98896348831138,82.03898259738543,83.24569301121889,28378800
2020-09-22,82.43247985839844,83.64794320496173,81.90782340465606,83.03583844945499,19257000
2020-09-23,81.0946044921875,83.37686642982244,81.0246551898937,82.87844179237165,19952700
2020-09-24,81.02466583251953,82.45873012412433,79.90539012100653,80.727356241086,18366500
2020-09-25,81.73292541503906,81.95153278731793,80.33383956672787,80.49123714162336,13293100
2020-09-28,84.08517456054688,84.75848258547975,82.50245205231698,83.12329642297122,20894100
2020-09-29,83.37686157226562,83.97147397101809,82.48494630982118,83.97147397101809,12848200
2020-09-30,84.18135070800781,84.99457065792453,83.2981814469934,83.37687692374195,16400600
2020-10-01,84.79344940185547,85.4929891617188,83.97148334586264,84.92461519163272,15778700
2020-10-02,85.59791564941406,86.21001371973868,83.14951002537836,83.28942196794891,15149600
2020-10-05,87.40713500976562,87.59246839182086,86.07449204362608,86.77170242370507,13871900
2020-10-06,86.5069351196289,89.01336286245014,86.05684265660959,88.3161524943165,19220400
2020-10-07,88.0160903930664,88.56326320406421,87.08058944748653,87.336527940778,16358500
2020-10-08,89.82530975341797,89.94886535069921,88.16612978044479,88.70448205428809,15659000
2020-10-09,89.31343078613281,90.11654888437249,88.35146126620168,90.01946852671111,13689100
2020-10-12,90.40778350830078,90.90200585148628,89.00453545064988,89.22517138718263,16058000
2020-10-13,88.9427490234375,91.09615770959789,88.48382928264081,90.90199702697375,21697300
2020-10-14,88.44853973388672,89.95768880718214,88.34263205508056,89.16339804932277,15204100
2020-10-15,89.77235412597656,89.82530459797947,87.40713653290995,87.46008700491285,17171200
2020-10-16,89.58702087402344,90.31070650333041,88.88981048075732,89.4987678427957,13275000
2020-10-19,88.077880859375,89.90474639970084,87.86606548276086,89.66645578432878,11725700
2020-10-20,88.5809326171875,89.81648867592418,88.3602966448023,88.5279754051877,11257100
2020-10-21,87.69837188720703,89.12808840442284,87.66306933041137,88.57208828475827,10730500
2020-10-22,90.79610443115234,91.11382074030274,87.64542330980665,87.65425063319273,14837200
2020-10-23,91.6168441772461,92.18167151308971,90.84020827377935,91.34325783017985,15087600
2020-10-26,89.34871673583984,90.63722964956656,88.4750004125932,90.5931065072801,12410700
2020-10-27,87.66307830810547,89.06631973475093,87.51304747631474,88.7044802737689,10391700
2020-10-28,85.20075988769531,86.75403850783964,84.78596331868461,86.04800093506313,16389500
2020-10-29,85.75678253173828,86.47164761422103,84.05347266680053,84.83011554818671,14208800
2020-10-30,86.52459716796875,86.85996139654779,84.92719500385343,86.40986889502,15194500
2020-11-02,88.47502899169922,89.03102924367774,86.36574953744197,87.71604067315823,15011600
2020-11-03,91.26386260986328,92.43764081113707,90.62842996158787,90.91966431431808,17482600
2020-11-04,88.47502899169922,90.08125867513519,87.31007127330912,89.13693693926804,18886500
2020-11-05,92.09343719482422,92.75534499459526,89.13691703583504,89.18986750516895,17837400
2020-11-06,90.86670684814453,92.75535000008215,90.36365716250273,92.69357220476735,12552800
2020-11-09,103.16936492919922,104.93445241564139,97.38870071779138,99.86865321486921,47792400
2020-11-10,102.83399963378906,103.65476562930165,101.2189496124625,103.5665125967973,20539300
2020-11-11,101.29837036132812,103.22231600211983,100.5746847569904,103.16053820906446,14443400
2020-11-12,100.0539779663086,100.57467549794282,98.89784118374438,99.31263778461846,22063000
2020-11-13,100.68060302734375,101.36898614620537,100.23050378298224,101.22777589963113,11847900
2020-11-16,103.52237701416016,104.67850708764816,102.1367836970995,103.95482153478731,19858600
2020-11-17,102.47216033935547,102.76340140701853,101.12186941344922,101.83672773109964,14553200
2020-11-18,101.71316528320312,104.67851276634717,101.66903540321955,103.557678454198,12571200
2020-11-19,101.98675537109375,102.21621863540591,100.22166784036095,100.76884739886697,10202500
2020-11-20,101.11305236816406,102.0662013774337,100.68942834184128,100.9894967632523,12718900
2020-11-23,104.02543640136719,104.29019549191246,101.99558304081384,102.4192070122707,13209200
2020-11-24,108.83528900146484,108.99414713706847,105.64930570033476,105.967021971542,20121600
2020-11-25,107.6968002319336,108.00568916191772,106.3200342964194,107.11432492585976,11715600
2020-11-27,106.9819564819336,107.97922851437454,106.85840089325151,107.67033954266934,5983600
2020-11-30,104.03427124023438,106.54069938699375,103.93719087375537,105.9052667094132,14411800
2020-12-01,105.67578125,107.29966516694462,105.57870090388121,106.20530612583715,12668900
2020-12-02,107.70564270019531,107.94392655590006,105.2609926820902,105.64048677323082,10811300
2020-12-03,106.9996109008789,107.57326573079874,106.22297476289937,107.53796316998944,12904400
2020-12-04,107.97041320800781,108.80883391969103,107.39676508239998,108.09397554371641,13583700
2020-12-07,107.5644302368164,107.82036873328678,106.09058378467357,106.92017706748966,9724300
2020-12-08,107.67034149169922,107.96158255598236,106.57598908644476,106.82310026828209,9592100
2020-12-09,106.83192443847656,108.81764789098895,106.29357220824457,108.70291289332589,13073900
2020-12-10,106.14353942871094,106.59363865018479,105.51693414126981,105.89642824304681,13668400
2020-12-11,105.51693725585938,105.92290660618717,104.46671468578695,104.96976439524475,9981600
2020-12-14,104.40493774414062,107.15847018343791,104.23725226185391,107.08786506107771,12112400
2020-12-15,106.18767547607422,106.69955252367875,104.6873536284336,105.27865639035164,12590200
2020-12-16,106.49653625488281,106.8583823684904,105.78167808239512,106.16999942709135,11169400
2020-12-17,105.61400604248047,107.18493279696129,105.53458033913614,107.01725406769853,11618000
2020-12-18,105.09333038330078,105.79936147109697,104.3784652378147,105.14628086323468,28954800
2020-12-21,109.03828430175781,110.31797006115742,106.86722072567264,108.7029133634762,28323600
2020-12-22,107.37908935546875,109.01179383849416,107.3261388886133,108.89706558254933,11788200
2020-12-23,110.3797607421875,111.6594466509938,107.97924035606573,108.35873448671403,14973200
2020-12-24,109.89434051513672,110.80336619824823,109.05592667854044,110.39739016374932,4164900
2020-12-28,110.6180419921875,111.77417900454407,110.13264691875474,111.04166599924852,8072600
2020-12-29,110.32681274414062,111.44764051336652,110.22090505415827,111.37703538671161,8389200
2020-12-30,110.63569641113281,111.06814100776784,110.22972705239532,110.75042468644716,7398000
2020-12-31,112.14483642578125,112.37429969097325,110.15911294609288,110.39739680101465,8580200
2021-01-04,111.0857925415039,112.84205284998905,110.12381628078167,112.5243365375739,16819900
2021-01-05,111.69024658203125,112.26803273262799,110.01911083681199,111.1035695357054,13731200
2021-01-06,116.93473815917969,118.01919669196033,113.6724716664705,115.45027754282304,24909100
2021-01-07,120.77478790283203,122.83704154664696,119.93033597042908,120.61479248056979,21940400
2021-01-08,120.90814971923828,121.20148826903615,119.21923202920821,120.86370201832334,12035100
2021-01-11,122.7126235961914,122.84595314457333,119.21035611432043,119.62814011729702,15937900
2021-01-12,124.64151000976562,125.92152767594807,123.40594003879023,123.94816936783884,18033500
2021-01-13,124.757080078125,125.14818455826756,122.7570557249465,123.1926079034219,14816800
2021-01-14,125.4859619140625,126.89042498814004,124.44595095159093,124.88151666279312,18565600
2021-01-15,123.23705291748047,125.91263611102714,121.78814207729538,122.16147832079959,27881000
2021-01-19,122.70368957519531,125.0681656654527,122.50814414999631,124.32149328859171,19843800
2021-01-20,120.86367797851562,122.81925435800288,120.39256228229696,122.50814764054542,16028800
2021-01-21,119.8503189086914,121.03255684858836,119.39698505527682,120.61477300653719,13411700
2021-01-22,118.9258804321289,119.46810977132206,117.51253321741534,117.9480989369418,12933200
2021-01-25,117.44142150878906,118.37476888650905,115.61029033616603,117.45920330019753,14212800
2021-01-26,116.96141815185547,118.37476534708291,116.74807735193097,118.00142911986428,11307800
2021-01-27,113.65470123291016,115.42361628607573,113.20136054665392,115.1924937138195,17603900
2021-01-28,115.65475463867188,117.48588607420942,114.65919119337799,115.46807971091194,13761800
2021-01-29,114.37470245361328,117.08584876970615,113.94803447119672,116.61473309747878,14808100
2021-02-01,115.21916961669922,115.61918531462176,114.20582454659575,115.02361060636939,11080700
2021-02-02,118.76586151123047,119.45920202898901,116.64139227070775,117.28140098918178,12253600
2021-02-03,120.12586975097656,120.67698306331843,118.67695932378598,118.80140470281573,10600800
2021-02-04,122.8903579711914,123.25481002765521,120.41921840412256,120.41921840412256,12419500
2021-02-05,122.650390625,123.99263800386774,122.11705888303902,123.9037425984403,10051300
2021-02-08,124.57038879394531,124.71261598449924,122.82813961848817,122.84592140819026,10136400
2021-02-09,124.07261657714844,124.42817101690103,123.1481533321398,123.93927348959188,8614800
2021-02-10,124.14371490478516,125.21927576900987,123.59258795837991,124.44593749774657,10323200
2021-02-11,123.79702758789062,124.93481777480753,122.86368047237298,124.14369782353673,9201000
2021-02-12,125.55708312988281,125.87708756571092,123.55705879684044,123.60150649472577,8324600
2021-02-16,128.57933044433594,129.17490515267954,126.57930620854656,127.60154895606946,12130600
2021-02-17,128.97935485839844,129.22824569503345,127.21932364622225,127.9571120417951,10810100
2021-02-18,129.41490173339844,129.59267895748513,127.4682092553471,128.00155449113996,10587800
2021-02-19,131.57493591308594,132.30382660585713,129.65490932741622,129.65490932741622,11969800
2021-02-22,132.81051635742188,133.50385708493332,130.48158976371016,130.55270337211311,11488400
2021-02-23,133.87713623046875,135.38826246450952,132.97045506463303,134.67714024745266,16234400
2021-02-24,136.2327423095703,136.67719209161535,133.43271410809902,133.43271410809902,15061400
2021-02-25,134.38380432128906,137.69051116304703,133.85935693233193,137.13051376616417,18127700
2021-02-26,130.8193817138672,134.1083082555159,130.23270459162572,133.60164242342339,19829200
2021-03-01,133.77940368652344,134.5616397560509,131.9838225103503,132.90828578588878,14845500
2021-03-02,133.3438262939453,134.9171824094661,133.19271498709767,133.40605577745816,14221700
2021-03-03,135.92164611816406,137.76166130517868,134.06384914070298,134.42828768189742,14324100
2021-03-04,133.8327178955078,137.22832078386452,132.10825054915125,135.65496473769483,20093900
2021-03-05,134.14382934570312,136.4371917268446,131.5304625959482,136.19718505950192,18465100
2021-03-08,135.92164611816406,138.18834289470172,134.00161965590638,135.53052810953395,17133300
2021-03-09,134.96163940429688,137.1127749921083,133.17495593881117,134.66830088365904,16238800
2021-03-10,137.89500427246094,138.81056980847097,134.67717838095317,135.03274637192385,14342200
2021-03-11,137.1750030517578,138.801677505627,136.32165340392007,136.988328153829,11771500
2021-03-12,138.80165100097656,140.11723202199224,137.8416514803315,139.43277561166258,12849500
2021-03-15,138.10833740234375,139.48613460369765,136.8549991757944,138.97946884478037,12101100
2021-03-16,136.45498657226562,137.42389754295763,135.28164603413094,136.97055002025294,12805600
2021-03-17,137.8594512939453,139.4505893534032,136.04610187289762,138.08167621906813,13952400
2021-03-18,140.135009765625,143.72617157225073,139.65500997269586,140.09057563859017,21898500
2021-03-19,137.90386962890625,138.6149919505923,134.39271927227352,138.23275810772986,54418800
2021-03-22,134.1971893310547,136.86388844172512,133.87718489523292,135.82387741618763,19944800
2021-03-23,132.85496520996094,135.219428283073,132.41051532623953,133.62830366730532,17076300
2021-03-24,133.88607788085938,136.16165910258243,133.2105189442647,133.33496436846724,13079800
2021-03-25,135.60166931152344,135.97500560570526,132.7394108259281,133.33497207356587,15608300
2021-03-26,137.8594512939453,138.1794557286635,135.60165202265196,137.15722649851173,16754400
2021-03-29,135.71717834472656,136.65052559566945,134.25938360849807,135.21939676116526,17570300
2021-03-30,137.31723022460938,138.55280034034828,136.7838985102346,137.29946199527058,13184300
2021-03-31,135.3171844482422,137.32610625664358,135.21940494815598,136.2505317556955,16736700
2021-04-01,136.6327667236328,136.70386675741094,134.7127402868598,135.02384701611751,16561500
2021-04-05,137.3570098876953,138.53727459832905,136.44500204047858,138.05443407364547,13508000
2021-04-06,136.39134216308594,137.9471419207182,135.78333693302866,136.61487590532764,13071600
2021-04-07,138.52835083007812,138.79659410103065,136.48972380031026,136.89209552844878,16903500
2021-04-08,138.69821166992188,139.0469237612015,136.18569459641782,137.6967848731018,12335500
2021-04-09,139.73541259765625,140.4149502660347,138.56409796506188,139.315168068546,12122400
2021-04-12,139.44033813476562,140.60271626019448,139.10057614247066,139.10951258004656,12273400
2021-04-13,137.7772216796875,138.76971180748038,136.2929547059768,138.36735389478892,16113600
2021-04-14,135.20217895507812,137.5448086288253,134.95180856683479,135.43464917715204,19939600
2021-04-15,136.06053161621094,136.08735457676877,133.51225485928865,135.237928991128,17694100
2021-04-16,137.07089233398438,138.152787997144,136.52546946170347,137.58054216749,13773400
2021-04-19,136.48971557617188,137.58951155646741,136.10524403759442,137.1782034133342,11900200
2021-04-20,133.46749877929688,135.68494915287502,132.9131259533421,135.67601271694855,13716700
2021-04-21,134.60305786132812,134.66565385131614,131.2500520855103,132.14418695906173,12236700
2021-04-22,131.76866149902344,134.38848396297098,131.67030611006808,134.32588796844647,15256100
2021-04-23,134.29013061523438,135.13061965300727,131.1606582834346,131.59877567809994,14041900
2021-04-26,134.62095642089844,136.31982101866006,134.46001867810259,134.8176672021489,10799100
2021-04-27,135.23793029785156,135.52406007112427,134.21861685654994,134.5673289905895,12821200
2021-04-28,136.1141815185547,136.70431395492454,135.37204775343844,136.29300580864347,8943700
2021-04-29,138.76080322265625,138.841272092663,136.98146978425902,137.28547238878426,12976900
2021-04-30,137.52687072753906,138.13488948311914,136.81156016238012,137.7861774585736,11705100
2021-05-03,137.12454223632812,139.02010404403958,136.91889500934855,138.45680827940706,11801100
2021-05-04,139.02008056640625,139.16314541467358,136.0336734867538,136.68638809727804,12977700
2021-05-05,140.84413146972656,141.52366907341988,138.26008218745875,139.48504261892424,10506700
2021-05-06,143.67855834960938,143.79480026794354,140.52226282481345,141.33592896631728,13542400
2021-05-07,144.1703338623047,144.40280405317486,140.3970830302468,140.5759073034867,14257800
2021-05-10,144.15243530273438,146.39670907780754,144.0630163518737,144.40279199304467,14014300
2021-05-11,141.75613403320312,145.19855868534512,141.30906660531014,144.02724420721194,15451700
2021-05-12,140.78150939941406,143.7589796640391,140.40597445298565,142.7128436754,14381700
2021-05-13,144.40277099609375,145.25219633209377,140.98716949242464,141.43423689488932,15395000
2021-05-14,146.64706420898438,147.04048575912242,144.8409214828651,145.19856999567267,10584000
2021-05-17,147.23716735839844,147.39811870765988,145.77078691699222,146.07478945698062,9886800
2021-05-18,145.16278076171875,147.97929974050192,145.06442539440243,147.2461027035232,11098100
2021-05-19,144.05406188964844,144.11664423268732,141.8455477852061,143.95570651337476,13278900
2021-05-20,143.80372619628906,144.72468410684178,142.6324115902511,143.80372619628906,10426000
2021-05-21,145.44000244140625,145.94071585869008,143.90208914922454,144.25973769202233,10249000
2021-05-24,146.22683715820312,146.84379251334823,144.95716704972992,146.06589940125284,9440300
2021-05-25,144.7157440185547,148.15815531635153,144.45643724828946,146.5040138802932,12609100
2021-05-26,144.69786071777344,146.40566174813407,144.23290672322454,146.25366044371583,13058300
2021-05-27,146.9510498046875,147.3086982429043,145.35949106081995,146.5933877230573,15707500
2021-05-28,146.85275268554688,147.4786445223876,145.97649047055108,147.24616066626191,10291300
2021-06-01,148.47109985351562,149.24005639761032,147.9614364220435,148.31014848021343,9445400
2021-06-02,148.48004150390625,149.71395205002253,148.0061510913808,149.55300067106927,10498600
2021-06-03,148.578369140625,149.5440363037422,147.22823058547567,147.89883164513373,13354400
2021-06-04,148.81979370117188,149.02544087866795,147.5590603976688,148.6141465236758,8510800
2021-06-07,148.1223907470703,149.40994718548356,147.65743677910646,149.32052823815428,7267200
2021-06-08,147.53228759765625,148.21182534405114,145.88708233159375,147.0762836203487,10370700
2021-06-09,145.6903533935547,146.83484505738747,145.10022104217995,146.7633126229708,12377400
2021-06-10,143.4192352294922,147.74685859677018,143.33876636138203,146.9600155039167,12119400
2021-06-11,143.32086181640625,144.1345277629559,142.22107982697966,143.44604014330508,13683800
2021-06-14,140.8888397216797,143.3566470811489,140.075173705702,143.1956957080229,19917900
2021-06-15,138.7518768310547,140.30767680056027,137.8130459005204,140.1109659891256,24485500
2021-06-16,139.72647094726562,140.93354493067628,136.9010012613677,138.34949549882705,25321200
2021-06-17,135.6938934326172,140.79047274852297,135.23788959256237,140.46858367218593,29722400
2021-06-18,132.2604217529297,133.85198065087275,131.9385326700078,133.49433217803272,43595700
2021-06-21,134.50469970703125,135.19318736563076,133.24397993030598,133.29762583866682,18664800
2021-06-22,134.3080291748047,134.98756688757004,132.92211714636653,134.65674129158685,14251200
2021-06-23,135.12164306640625,135.94424542362296,134.20068533803243,134.29904070918954,12733300
2021-06-24,136.36453247070312,136.90995540056696,135.21110425163673,135.83699606211533,13733200
2021-06-25,137.74147033691406,138.14382827310428,135.61342512124804,136.4360275100011,15484900
2021-06-28,137.9918670654297,138.12598186863534,136.01582255654986,137.42855760512913,14125800
2021-06-29,137.8219757080078,139.7622471243245,137.3480852241959,138.5909323947736,14528700
2021-06-30,139.07376098632812,139.55660155819882,137.4375058355948,137.4732652348283,12531000
2021-07-01,140.4507293701172,140.5043752879087,138.96646197527028,139.71753211118647,10479400
2021-07-02,140.3158416748047,140.5766427604418,139.49748667400357,140.24389702090616,11424000
2021-07-06,137.95968627929688,140.09099307185,137.00644381042565,140.09099307185,15083400
2021-07-07,138.12155151367188,138.74206202885927,136.28701121497778,136.70067574374468,12271800
2021-07-08,135.73846435546875,137.16832825996863,134.92909733104392,136.34098536449628,17834600
2021-07-09,140.08200073242188,140.4237206100028,137.21327175972516,137.63593793124053,13694500
2021-07-12,142.08746337890625,143.1306404539655,138.4363573382408,138.80506860612172,19940400
2021-07-13,139.97409057617188,141.53885572910312,138.0406279857084,140.33381380088832,22671700
2021-07-14,139.49746704101562,141.43993125677287,137.5460148905509,140.24387728286783,14622800
2021-07-15,139.80328369140625,140.76551447624178,138.2205284235759,138.4003832343632,11539300
2021-07-16,136.61074829101562,140.5406297247291,135.81038307695866,140.25286490047978,14002700
2021-07-19,132.1682586669922,134.73123302069246,131.03516158244904,133.58913428083645,22172900
2021-07-20,134.63233947753906,135.9003244408824,131.5927432955131,131.7636101183425,15385200
2021-07-21,137.465087890625,138.1755189784023,136.11615663972472,136.736667210665,12356700
2021-07-22,135.7294464111328,137.98666666229025,134.86613815511856,137.48306789260906,9913300
2021-07-23,135.46865844726562,137.44708805675836,135.11793689704663,136.2240565981931,9666100
2021-07-26,136.37693786621094,136.65572850541665,135.0459962671323,135.06398585850891,8208000
2021-07-27,136.19708251953125,137.13234915847445,134.7132637053717,135.2528279459581,11218700
2021-07-28,136.42189025878906,137.384134324031,135.68448175639276,136.95246650981076,9217300
2021-07-29,137.59097290039062,138.37334855132147,136.61075292268976,137.71687258815004,9063500
2021-07-30,136.4938507080078,138.1935034725596,135.97226233025677,137.2132834263554,9805200
2021-08-02,135.94528198242188,138.89494371659205,135.85536147076834,136.71866973723706,10203200
2021-08-03,137.4920654296875,137.87876619043868,134.46147094345687,136.6467329835246,10394800
2021-08-04,136.00823974609375,137.92371269583498,135.71147323905495,136.0172276807176,10155000
2021-08-05,137.7259063720703,138.2115294165498,136.70071893844195,136.9435304606817,9151500
2021-08-06,141.6377716064453,141.92555017342997,139.4884751766639,139.56041981841008,13328800
2021-08-09,141.48489379882812,142.58202556731928,140.1989056312857,141.6557606070085,9516900
2021-08-10,143.2205047607422,143.86799277916623,140.56760970521864,140.9543104182947,8667000
2021-08-11,144.92916870117188,145.2349231408109,143.0586491589677,143.88599196612844,9156500
2021-08-12,145.49569702148438,146.01728534081755,144.38058946887352,145.57664331323537,8844200
2021-08-13,143.86798095703125,145.8284344411724,143.4992835862553,145.49568880330176,8980900
2021-08-16,142.92373657226562,143.01367079898924,140.99027419603576,142.93273822815985,8755800
2021-08-17,141.19712829589844,142.86081569342215,139.63237679629907,141.7007408326144,9347200
2021-08-18,139.91116333007812,142.09642556269665,139.69532937096392,140.56763942124624,8065500
2021-08-19,138.74208068847656,139.8931676428679,137.59998166955867,137.73488303389388,9517700
2021-08-20,139.13772583007812,139.2995909501446,137.73483990136367,138.80499393525176,6974100
2021-08-23,140.91835021972656,141.26907180011122,139.6053981380972,139.68633072079248,7934600
2021-08-24,141.79063415527344,142.58201141057106,141.07120153427886,141.18811328027581,7670900
2021-08-25,144.7133331298828,145.48672087679944,141.90756070945847,142.54604710721634,11335000
2021-08-26,145.45974731445312,147.33026688637779,144.92016934719186,145.91837898119883,11027500
2021-08-27,146.6288299560547,146.72775213016334,145.01909764301746,145.45975345896295,8780200
2021-08-30,144.28170776367188,147.02453774556957,143.7781088926428,146.77273831005502,7937600
2021-08-31,143.8410186767578,145.11800515401495,143.301454463261,144.28167444817825,12340800
2021-09-01,143.63418579101562,144.56943865690684,142.95972023554393,144.08382949466343,8729900
2021-09-02,144.2996826171875,145.33385778440103,143.37340384012072,143.90399390978934,8813300
2021-09-03,143.42735290527344,144.68634978119303,143.1215847593757,144.23670607950223,7959700
2021-09-07,143.1755828857422,145.1270353045472,142.95076098880097,143.87702610643564,9285600
2021-09-08,142.53707885742188,143.50831107293735,142.12340054039075,142.88780045841028,7852700
2021-09-09,143.15756225585938,144.63239303117507,142.15935270096642,142.33021950112487,7904300
2021-09-10,141.51185607910156,144.53346208414428,141.38595640064293,144.38957281675277,8311600
2021-09-13,143.76007080078125,143.93093758624727,142.15035254377585,142.5640170245547,10052800
2021-09-14,141.25108337402344,145.09103082453413,140.52264902840076,144.29066555982405,11685600
2021-09-15,142.23130798339844,142.70792923949077,140.711509980296,140.93633184532212,11691500
2021-09-16,142.16836547851562,144.65040789848626,141.38598970111045,143.35543163103011,10880900
2021-09-17,141.7996368408203,142.99569078172178,141.1881279686804,141.5298615866629,25581600
2021-09-20,137.55499267578125,138.99384413542705,135.333751927155,138.39132328568323,15819900
2021-09-21,137.57296752929688,138.9848551791056,137.21325809754237,138.06757828948577,8999900
2021-09-22,140.20791625976562,141.4129582065193,139.47949558631063,139.56941610234466,11236200
2021-09-23,144.9471435546875,145.42377852401012,141.79064956798092,142.0874160709762,12336100
2021-09-24,146.6198272705078,147.11443813758174,144.62342165420264,145.1809755105197,10102400
2021-09-27,150.1630096435547,150.540708713547,148.0317028478706,148.38242439300896,13220900
2021-09-28,149.3536376953125,152.24934392359503,148.9759386727585,150.81047874259718,13387900
2021-09-29,149.23675537109375,150.09107573732024,148.41840046656566,149.47057889926637,7777100
2021-09-30,147.204345703125,150.17199664580374,146.39497887037496,150.10903994592994,13161200
2021-10-01,150.2979278564453,151.35009260993536,147.1234440033747,147.4831535231523,11285000
2021-10-04,150.1360626220703,153.27458129742848,149.03893064831368,150.15405221630692,14120000
2021-10-05,152.5878143310547,153.92677619741931,150.78744327617775,151.27599255757585,12292900
2021-10-06,152.9134979248047,152.98587610204837,150.18128040393992,151.98165132547155,8692600
2021-10-07,153.88153076171875,155.16621238098378,153.38393940802163,154.88575556473435,10195400
2021-10-08,153.99913024902344,155.01239703725707,153.16680198658514,153.8181917232281,8190100
2021-10-11,150.76028442382812,154.96716395437736,150.59744388677595,154.52386662258525,12154700
2021-10-12,149.6022491455078,150.80551030031558,149.06847568874522,149.95508408528423,13032600
2021-10-13,145.65773010253906,149.647488631525,145.29585306516773,148.43518537113454,22753500
2021-10-14,147.8923797607422,148.38091522012095,144.80732713447273,146.3362834016449,15176800
2021-10-15,150.73318481445312,151.2398183609745,148.4985581466165,149.59325933478,14267400
2021-10-18,150.67886352539062,152.5425566223972,150.09985194375048,150.61552744698506,12672900
2021-10-19,152.50637817382812,152.57874254417135,150.70600730640115,151.44785944258476,8053900
2021-10-20,154.5600128173828,154.58715290057188,151.50211507206532,152.262065010803,8185600
2021-10-21,153.34774780273438,155.00336231168492,152.60588186556214,154.48767299369078,8415200
2021-10-22,155.41049194335938,155.69094876851162,153.5287006399224,153.82725546161797,8817900
2021-10-25,154.65052795410156,156.4780389096645,154.2343568990767,156.2518622895853,10159200
2021-10-26,155.0666961669922,156.0528367918449,154.2886479867259,154.70481907117238,8015100
2021-10-27,151.8369140625,154.43341765073723,151.39360284791394,154.08963852151118,9847000
2021-10-28,154.12579345703125,154.26149390447515,151.95450346957858,152.26210035360145,7212900
2021-10-29,153.7005615234375,155.8266269716187,153.24820834763074,154.8676266429407,8140100
2021-11-01,153.6191864013672,155.90809303909893,152.90446044294637,155.64572038939548,7435500
2021-11-02,154.22531127929688,155.3290542644363,152.82301350590907,153.61915960790475,7173800
2021-11-03,154.27957153320312,154.82240086077206,153.03107236262852,153.91769451797265,8402700
2021-11-04,152.25302124023438,153.98101363275666,150.6245609002956,153.8000751288438,9574200
2021-11-05,152.03591918945312,153.8815142430991,151.4569076231402,152.80491137650367,7975600
2021-11-08,152.94969177246094,154.63244655867973,152.66019284613958,152.94064967638823,6413700
2021-11-09,151.79165649414062,152.41590619212656,150.7241094431754,151.402639322773,7990300
2021-11-10,151.64694213867188,152.8502037816356,151.16744866200514,151.49314364660233,6999200
2021-11-11,151.63784790039062,152.6058766187333,150.9955002499307,151.55642763341996,5815300
2021-11-12,150.95928955078125,151.7554354900397,149.92792494979744,151.67400143372666,8113400
2021-11-15,150.6879119873047,151.80069711370317,150.18127855755338,151.2759794934076,6492500
2021-11-16,149.6022491455078,151.14930314589606,149.38511464229003,151.14024724697617,9706100
2021-11-17,148.79708862304688,149.78321545763154,147.82000388433607,149.46657644532831,9909600
2021-11-18,147.5123748779297,149.14084908818793,147.06906379147165,148.7246780881739,8122500
2021-11-19,145.58535766601562,146.6619605309602,144.25543810399287,145.92915052836085,12193600
2021-11-22,148.6885223388672,150.16318458178236,147.4581209173682,148.51662589101628,14549900
2021-11-23,152.24400329589844,152.4973200025026,149.61130416148555,149.72892041981075,12354400
2021-11-24,151.0498046875,153.2934729625774,150.57935343789924,152.40686444983908,9629800
2021-11-26,146.49913024902344,147.15052009267293,143.68550603054194,146.68912470539075,13619300
2021-11-29,145.86581420898438,149.07752480447493,144.5901886310795,147.74760524466538,12104400
2021-11-30,143.69451904296875,145.3229933224902,143.20596985675027,143.99307381127468,18922600
2021-12-01,142.84408569335938,147.71141029581642,142.7626654346259,145.6577230067343,12253400
2021-12-02,145.8477325439453,147.69332762363183,143.66738669131394,144.59923322829792,12969900
2021-12-03,143.2060089111328,146.40867816839395,142.21083988343992,146.11012331866772,12681800
2021-12-06,144.89781188964844,147.11434029136822,144.26452003268952,145.66680421426744,11186500
2021-12-07,147.07814025878906,147.8199923998783,145.80250079862995,146.45389057382928,9851600
2021-12-08,145.3953857421875,147.71143214241877,144.90683650808296,147.15956063261947,11705700
2021-12-09,145.16920471191406,145.59440404796104,143.5316744225979,144.43638088301066,11189600
2021-12-10,144.59019470214844,146.29103347901147,143.96594502891764,145.94725440752836,10405400
2021-12-13,142.87124633789062,144.5630430459461,142.29223474015276,144.30068423958966,12069000
2021-12-14,143.96592712402344,145.55820534393817,142.31031283279995,142.44601326457095,12563600
2021-12-15,142.88934326171875,144.61733594683685,142.3555697531405,144.61733594683685,14014200
2021-12-16,145.12399291992188,146.39963257334432,143.57693851825866,145.10589492211182,19542800
2021-12-17,141.8218231201172,144.19216415823465,140.39238481911286,144.1378839627722,28082000
2021-12-20,139.2705078125,139.9580797185875,137.37061881803743,139.78618329088454,15148000
2021-12-21,141.21563720703125,142.20176399939373,140.31093068822693,140.60044340051277,11291300
2021-12-22,141.76751708984375,142.09321200799508,140.44665322519938,140.9080486072776,7273000
2021-12-23,142.27413940429688,143.95689404866215,142.2289151230189,142.59079220159666,8055200
2021-12-27,143.08837890625,143.12456109104625,141.44180650115368,142.5817454907512,6188100
2021-12-28,143.52261352539062,144.8887151319456,143.0159801826874,143.12454052620288,6342300
2021-12-29,143.45025634765625,144.41829890136736,143.0793233800814,143.71262895583365,6398900
2021-12-30,143.3778839111328,144.97017620455313,143.27836564279406,143.94785343022994,6948200
2021-12-31,143.26028442382812,144.11069696532473,142.9074494296215,143.35074679391445,5805900
2022-01-03,146.29103088378906,147.1414571594965,144.30972154032702,144.62637432118828,13120900
2022-01-04,151.8369140625,152.51544402915943,148.5799647006438,148.65234288698812,20195800
2022-01-05,149.06100463867188,153.22939931001355,149.0154953873251,152.7379355029002,17539400
2022-01-06,150.6446533203125,152.3283847259185,149.1429311673675,151.9097328923523,14047500
2022-01-07,152.13723754882812,152.47398099105274,150.2259602072079,150.781139710252,13913300
2022-01-10,152.28285217285156,154.09400072306371,150.65371283085832,153.8755785632234,12922500
2022-01-11,152.43760681152344,153.37503915844167,151.36364669650123,153.13839658205154,11854100
2022-01-12,153.30223083496094,154.3488743117026,152.15545866003566,153.32043731531027,12568000
2022-01-13,153.11105346679688,154.54905947628436,152.80161282724768,153.21116824870649,13623400
2022-01-14,143.70034790039062,146.5581540087177,142.799314685235,146.3124151523163,40158400
2022-01-18,137.67529296875,141.77997200278855,137.0108884366254,141.77997200278855,32324800
2022-01-19,135.5455780029297,138.54900809129148,135.19973824091815,137.94833318359824,22380000
2022-01-20,134.3896942138672,137.07457284026427,134.11665264953663,135.6001678353384,14860800
2022-01-21,132.04156494140625,134.25317254863492,131.30436240566334,134.24407625481925,20705400
2022-01-24,131.9232635498047,132.40563105662997,127.02677645764773,129.49321953783385,28471400
2022-01-25,133.3612823486328,133.6525304717086,128.13713371262864,130.74010479085024,18915900
2022-01-26,134.6263427734375,137.03819408027107,132.84249687882775,135.35444909035846,20709100
2022-01-27,132.25091552734375,136.8652787619718,131.176969382484,135.9915483307939,17536800
2022-01-28,133.43408203125,133.5705958966368,129.39310496611708,131.23157038234325,14117000
2022-01-31,135.24522399902344,135.4181369062551,131.66840851047866,132.5512350716158,13985700
2022-02-01,137.5660858154297,137.85733395835183,134.9722247439741,135.32717473848805,14584900
2022-02-02,136.46481323242188,137.37494269094145,134.76287558898176,136.9744835071971,12441100
2022-02-03,135.3362579345703,138.0211372626611,134.9631014953764,136.51942909757756,12474900
2022-02-04,138.84933471679688,139.7048585481426,135.39995050873438,135.70029486787524,16654400
2022-02-07,139.31353759765625,139.81409774273882,137.29304887531504,139.4955607310931,12572300
2022-02-08,141.9346923828125,144.23731890089812,140.88804901549142,141.0700721375289,20411400
2022-02-09,142.52627563476562,143.28167084780085,141.8163757836803,142.51716545239714,9131100
2022-02-10,141.9346923828125,144.73789290210672,141.27030173801234,142.58089043664071,16455600
2022-02-11,140.0871124267578,143.9733687657321,139.22249229372346,141.62523330011513,16830000
2022-02-14,138.78562927246094,139.86867153107698,136.81065025384805,139.00405142799343,17026500
2022-02-15,140.81521606445312,141.92557499760196,140.02340796313968,140.62408278785747,9500000
2022-02-16,141.07008361816406,142.07123170205722,139.9233253572752,139.9233253572752,9076500
2022-02-17,137.82089233398438,139.91419279159476,137.1291989696103,139.24980219900695,11367500
2022-02-18,138.4670867919922,140.28734559766448,137.54786109461782,138.45799049745395,11733300
2022-02-22,138.2213592529297,139.4682460801267,136.8925779932553,137.06550481591228,11333500
2022-02-23,135.32711791992188,139.5228142408887,134.6718237609553,139.35898375741206,11799000
2022-02-24,131.5592041015625,131.95966324906888,127.21788308878247,130.09389525044446,25655100
2022-02-25,134.67185974121094,136.63774274333525,131.88686576527166,132.19630645427077,18367700
2022-02-28,129.0563507080078,132.0233675297693,128.2190333329243,130.64907714579624,31315300
2022-03-01,124.18717956542969,127.85500069585333,121.575112090593,127.45454145494274,36840400
2022-03-02,126.76283264160156,127.45452604570073,124.33278860075033,124.95166998008006,19405600
2022-03-03,125.8617935180664,128.310043921426,124.74233820095382,127.27249692051048,16640800
2022-03-04,122.32140350341797,123.24973951422912,120.5011444400488,122.81288122751339,21016000
2022-03-07,117.59784698486328,120.76509397666455,117.3612044104205,120.291822715254,27560100
2022-03-08,116.76961517333984,119.94595817359902,115.83217597530296,117.98918534471429,19207800
2022-03-09,121.4476547241211,123.08589022421587,120.53752543378741,120.95617713035722,17536200
2022-03-10,120.0096664428711,121.45676889450463,118.60807323994682,120.0096664428711,15604200
2022-03-11,117.30657958984375,122.030153469488,116.87881765435752,120.58305103453131,20061800
2022-03-14,118.47154235839844,120.97439820896662,117.61601850020861,117.82535826123636,15786900
2022-03-15,120.57394409179688,121.54778925671897,119.34527768263378,119.9550627397692,15096600
2022-03-16,125.96190643310547,126.04382863555398,122.34869151724683,122.74915068486938,20354900
2022-03-17,127.55462646484375,127.59103941686058,123.70478309365781,124.56030692891517,17050500
2022-03-18,127.50911712646484,128.1917140834856,126.01650566927829,127.59102542831438,23656500
2022-03-21,127.09956359863281,128.10980777576094,126.26224622738276,127.73666528080932,12676100
2022-03-22,129.80267333984375,130.99494084086572,128.9835622912336,129.48413632648422,13548600
2022-03-23,127.21788024902344,128.86521216110748,126.69000355613669,128.31003269854313,12093200
2022-03-24,128.04611206054688,128.0643185376865,126.6081058909233,127.69116213742589,10017600
2022-03-25,129.16554260253906,130.31230046789602,128.14620227777732,128.41013365205657,8383500
2022-03-28,128.20993041992188,128.30094891937335,125.50684485839642,127.41812224709209,10818100
2022-03-29,128.4920654296875,130.69459085700686,127.6365554365025,130.46705850097968,11316500
2022-03-30,127.90958404541016,129.34759021202302,127.33621194770625,129.14736062632548,8771000
2022-03-31,124.06885528564453,127.73667591714386,124.01423585228841,127.26340470703872,17353900
2022-04-01,123.1496353149414,125.06091305105333,121.7753446032452,125.05180286696829,15721300
2022-04-04,123.6956787109375,124.63311079572586,120.9470842872282,122.06653945778172,17416400
2022-04-05,122.25619506835938,124.14495665738467,121.95362442685357,122.9255243618777,12110300
2022-04-06,120.55997467041016,121.54102426290142,120.07403173377607,120.64249011465118,12914700
2022-04-07,120.19322967529297,120.95423816944025,118.0294025083238,120.06486763955805,12994200
2022-04-08,122.39373016357422,122.76963853080214,120.55997894435141,120.72500983868393,13126900
2022-04-11,121.9444808959961,123.68653931263029,121.55023101902448,121.9444808959961,10466400
2022-04-12,120.60580444335938,123.39311396737196,119.83563233425487,121.15593537295443,12989900
2022-04-13,116.7182846069336,118.50618950348765,115.535514061826,116.38820878061489,30838000
2022-04-14,115.63636016845703,117.63514937688404,114.62779135142947,115.98477039920813,18835200
2022-04-18,117.78185272216797,118.49701461338013,115.10457049491417,115.22376181171417,11834400
2022-04-19,120.22074127197266,120.4041276103511,117.5709709711992,117.7726847510848,15015400
2022-04-20,120.64250183105469,122.412065151329,120.42244663462989,121.50436719570301,13430200
2022-04-21,119.707275390625,121.7702454784425,119.15715842812044,121.22929223533573,12174200
2022-04-22,116.26900482177734,119.67061981119595,116.15898421514167,119.45056460751178,14318800
2022-04-25,116.2323226928711,116.55323476548752,112.87656146234173,115.53550223769602,17149000
2022-04-26,112.79405212402344,115.90226736415359,112.6565263571562,114.27939336305145,17209500
2022-04-27,111.32703399658203,113.28914722666599,111.14366167413158,112.16139415270479,17215200
2022-04-28,113.08743286132812,113.37166905335174,111.07030934449342,112.60148991378558,13015600
2022-04-29,109.43826293945312,113.33498391058504,109.01650103847287,112.82153585638387,14874800
2022-05-02,110.43766784667969,110.67605747132023,108.39303909037262,109.91504901260237,18545000
2022-05-03,112.80322265625,113.8484604539776,110.74025221412339,111.42790902816559,15720900
2022-05-04,116.5348892211914,116.80995470366452,112.53731098176209,112.59232827538018,17128500
2022-05-05,113.6192398071289,115.61802919635804,112.0055435443288,114.8386862178729,15055400
2022-05-06,113.43586730957031,113.9584861998921,111.10700209798694,113.50921904738554,14417900
2022-05-09,111.73046875,113.07827709260295,110.48351728985075,111.95968766553911,14312300
2022-05-10,109.00735473632812,113.49087648638583,107.78790833930537,112.87657142750909,16382400
2022-05-11,108.31968688964844,112.67484615309866,108.1363145608487,109.38326598326356,14630300
2022-05-12,108.2280044555664,108.48472852281698,105.77994810616192,107.27445292348843,16318800
2022-05-13,109.19072723388672,110.2543064374692,108.15466017815413,109.48413418263223,10443200
2022-05-16,108.42971801757812,109.5299660166435,107.48533720259255,108.6864420843463,10269000
2022-05-17,112.02387237548828,112.74820501189772,110.76775015864563,110.97863464578514,11160200
2022-05-18,110.10762023925781,111.8313513575621,109.59417198880519,111.21704620145518,12664900
2022-05-19,108.47555541992188,109.70417242284394,107.85207970094785,108.3655348193539,12765800
2022-05-20,107.58618927001953,109.72251128995124,105.45903796557427,109.52996823597374,13150100
2022-05-23,114.24271392822266,116.04896022558341,110.43767827068899,110.44684898659624,24376700
2022-05-24,115.85639953613281,116.89246642940884,112.87655388344463,114.02264836524778,19324900
2022-05-25,116.66324615478516,117.23171152931766,114.7653139951496,115.78304644258372,12780400
2022-05-26,118.68038940429688,119.36804615935229,117.55263624332149,117.69932571835314,15990900
2022-05-27,120.35826873779297,120.35826873779297,118.40531915483832,119.3405362215167,11177800
2022-05-31,121.23846435546875,122.08198828208673,118.92794777011125,119.35886645824685,17015000
2022-06-01,119.11132049560547,121.82526461793096,117.97438963925099,121.82526461793096,10768000
2022-06-02,121.02758026123047,121.03674398076272,117.97438280760913,119.10213588818266,8374800
2022-06-03,119.34053039550781,120.81670065803509,119.18466322373925,120.30325256505364,8596000
2022-06-06,118.94628143310547,121.38517416899097,118.69873506555984,120.19323295299773,11323500
2022-06-07,119.25800323486328,119.48722211031394,117.92852256492158,118.12107257608048,6722200
2022-06-08,117.36007690429688,118.68954372739609,116.35151514244171,118.2769525051117,8422100
2022-06-09,114.89368438720703,117.45177526138471,114.85700852212572,116.78245296526134,13560100
2022-06-10,109.61249542236328,113.14246555492781,109.40161092829851,112.39979146296633,12945200
2022-06-13,106.3484115600586,108.14548711081127,105.49571687062532,107.14609594540151,16805600
2022-06-14,104.5788345336914,107.56785111515494,103.80866234440968,105.94498429047925,13357900
2022-06-15,105.81661987304688,107.2286021882269,103.76281342419136,106.00916291602597,14083500
2022-06-16,104.00120544433594,104.7622139140393,102.57088166625721,104.3954622543456,16724900
2022-06-17,103.63444519042969,105.10144471234285,102.83676791659234,104.1020536926414,30919900
2022-06-21,106.20171356201172,107.30196159928954,105.47738092264136,106.23838942928184,11680500
2022-06-22,105.6057357788086,106.54094584737553,104.88140318869617,105.33067029059164,9842700
2022-06-23,104.45047760009766,105.60574293561179,102.21330565879877,105.44987574615531,11851500
2022-06-24,107.56785583496094,108.02629368065975,103.45108593924338,103.81783761484371,14841100
2022-06-27,106.70599365234375,108.64977269477787,106.02750757898357,108.24634513997671,11280500
2022-06-28,106.19255065917969,109.37411067806993,105.99083687195679,107.8887694227797,11590900
2022-06-29,105.71577453613281,107.10942256875217,105.19315564949973,106.35758474946935,9338400
2022-06-30,103.2493667602539,104.59717507525045,101.709015399573,103.76281488207887,15172600
2022-07-01,104.5696792602539,104.90891880165574,101.9199089739636,103.28605184589438,10573600
2022-07-05,104.17192077636719,104.25516612490445,101.1009676885305,102.46069111421843,12514200
2022-07-06,103.49667358398438,104.51415668023975,102.479190487729,103.34867950709682,10656200
2022-07-07,106.11441040039062,106.2809081867607,104.89342898603819,104.98592618800286,10347400
2022-07-08,105.7813949584961,106.97462769383999,105.08765548844147,106.5213865493875,8807800
2022-07-11,104.39391326904297,105.6611465415184,103.8019228347538,105.03215582295081,7939500
2022-07-12,104.49568176269531,106.53990021477567,103.83894247278492,104.13493774509783,11250900
2022-07-13,103.51518249511719,104.04242421168473,102.09994804393637,103.36718135365403,12979900
2022-07-14,99.89848327636719,100.11123315142403,98.10400826295113,99.88923144082138,26204800
2022-07-15,104.4771728515625,105.33741017127115,99.59324757466833,100.97148188777251,18863900
2022-07-18,103.4041748046875,107.15036347256924,102.94168185380711,106.1606288399685,13977900
2022-07-19,105.96639251708984,106.31789170903006,104.2181695645002,104.6436622720904,11862300
2022-07-20,105.94790649414062,106.13290088738411,104.96742350719938,105.54091036050445,11667500
2022-07-21,106.66939544677734,106.86364167851819,104.86567539698108,105.85541022942279,11595900
2022-07-22,106.1513900756836,107.5296171714027,105.14315171596331,106.59537938171529,7645500
2022-07-25,106.57687377929688,107.7238542897416,106.16062590077944,107.15036050597814,9394000
2022-07-26,104.91191101074219,106.90988416927239,104.55116703329921,105.98489816411949,10675100
2022-07-27,106.59539794921875,107.0578910068602,104.80092968438704,105.45766897938782,9337400
2022-07-28,106.1976318359375,107.27987073202836,105.01365098056952,106.6046279013762,10384800
2022-07-29,106.70638275146484,107.76086619949412,106.17914102745021,106.91912557396951,12944500
2022-08-01,105.64265441894531,106.47514326350459,104.58817090153137,105.9109012164746,14740400
2022-08-02,103.99617767333984,105.81840124719771,103.84817652393181,105.37440485605684,14942900
2022-08-03,105.0876693725586,105.54091057689304,103.33019440480716,104.93966821199336,14394500
2022-08-04,103.93143463134766,104.81942040521771,102.69194963690904,104.38467582635678,18033900
2022-08-05,107.07637023925781,107.47411446032142,103.6446733817474,104.08866266376857,14174600
2022-08-08,105.77214813232422,107.94586383002688,105.61490220536449,107.5296229511139,10332500
2022-08-09,106.72489166259766,107.28913373751207,105.79066080033533,106.14215297114934,10233800
2022-08-10,109.50910949707031,110.41559902722669,108.68587238991768,109.11136517114724,12847300
2022-08-11,111.12781524658203,112.10829812865023,110.36007518828036,110.90582058701777,11684900
2022-08-12,112.9685287475586,113.0795295993715,110.48032140222497,111.61805014070639,9906700
2022-08-15,113.27378845214844,113.51428679607021,111.5533138707915,112.052807174129,8456200
2022-08-16,114.35601806640625,114.92026009801361,112.72804776719198,113.1165401983397,9555000
2022-08-17,113.3940200805664,113.9212688276043,112.561538401645,113.12578037509861,8149300
2022-08-18,112.51528930664062,113.28302933142483,111.50705801827891,113.07027945986339,9531800
2022-08-19,109.73108673095703,111.9140542573441,109.2500971156725,111.5718139535919,13464500
2022-08-22,107.9181137084961,108.37136192448125,106.83588179440851,107.99211428136098,8967600
2022-08-23,106.85438537597656,108.49161463621493,106.72488789356132,107.93662441770906,7607000
2022-08-24,107.1133804321289,107.67762245042327,105.86464370034373,106.64163560138968,9771300
2022-08-25,109.65708923339844,109.83283176834848,107.00237696700869,107.44637333637712,10758900
2022-08-26,106.0681381225586,110.9890631374105,106.00338938777433,110.49882170874643,11276200
2022-08-29,105.80914306640625,106.24388759536953,104.94890584403372,105.44839910770965,8117300
2022-08-30,105.8276596069336,106.90989161463071,104.85642141105136,106.37339800057988,10745400
2022-08-31,105.19866180419922,106.40113938045495,104.83791076853099,105.89240131026017,10738300
2022-09-01,105.92015075683594,106.03114456231559,103.51518852463877,104.79166668723768,9979800
2022-09-02,105.18016052246094,108.6396062953231,104.69917089244402,107.1781337327236,10666600
2022-09-06,105.20790100097656,106.14213879555241,103.66317614314204,105.75364638647117,9751900
2022-09-07,107.20587921142578,107.40012542530057,104.30142372515525,104.64366402989903,10647900
2022-09-08,109.7033462524414,109.87909586362667,106.03115043337955,106.63239278899113,11435000
2022-09-09,110.2305679321289,111.04456004009175,109.7680749824527,110.20281948428152,9299700
2022-09-12,111.53482055664062,112.43205816194794,110.8040807240407,111.57182084580711,8614600
2022-09-13,107.65912628173828,109.99933986968672,107.09488422412025,109.21310313504827,12904600
2022-09-14,107.40937042236328,109.0003403190497,106.26238277001461,107.94585690682275,9345700
2022-09-15,109.0280990600586,110.42482279667722,107.07637809457431,107.40937360906054,10821400
2022-09-16,108.29736328125,108.59335852090054,106.71563805776593,108.5841066848568,14844100
2022-09-19,109.29634857177734,109.82359030671724,106.84513427327033,107.29837543490001,8201300
2022-09-20,107.14112091064453,108.86159528807065,106.04038540651639,108.60260035935403,9619000
2022-09-21,104.05166625976562,107.85335903207451,103.9869175263453,107.79786213402355,12606300
2022-09-22,102.86769104003906,105.07840699026124,102.73819356608251,104.87490894344865,11684500
2022-09-23,100.95296478271484,102.06294508629499,99.12149657609935,101.7947053743112,18138600
2022-09-26,98.77925109863281,101.38771121254791,98.10400824556432,99.89848325866234,15753600
2022-09-27,97.9097671508789,100.05573439872809,96.79978676847122,99.66724197059371,12793600
2022-09-28,99.88922119140625,100.57371580990574,97.71550582864576,98.00224918739858,12762600
2022-09-29,98.19651794433594,99.23249775621046,96.56854059514045,98.92725068003321,12713900
2022-09-30,96.66104125976562,99.54700024749718,96.56854406710598,98.10401722508968,15973400
2022-10-03,99.64874267578125,100.2314813023113,96.6240345708762,97.69702169448665,12248100
2022-10-04,104.31065368652344,104.51415170750867,101.61894846852618,102.31268787256741,16013600
2022-10-05,103.02276611328125,103.5453904254653,101.56688003207013,102.4254791507217,10943500
2022-10-06,100.9229507446289,102.83614066682802,100.73630119524437,102.15485628314903,11521400
2022-10-07,98.9070816040039,100.52162041489639,98.24445950772656,100.34429840714144,11681100
2022-10-10,97.98316192626953,100.14832918402887,97.5445277072894,99.6070427097563,8931700
2022-10-11,95.1553726196289,97.5631897812389,95.05271325163775,97.40453698351533,12739700
2022-10-12,96.69527435302734,97.74053033429286,94.52077222997282,95.0060724470769,13181000
2022-10-13,102.07083892822266,102.56546651051424,94.96871652686663,95.17403524862284,22398700
2022-10-14,103.76939392089844,107.5491003795121,103.33075968451422,104.48800245779665,33387100
2022-10-17,108.12771606445312,109.20096859171758,106.69049199354059,107.7077510895431,22276300
2022-10-18,110.90882873535156,112.12207192170187,109.15429911714605,111.67411024566843,21539700
2022-10-19,108.73433685302734,110.89950399482325,107.95039322018914,110.11556036198505,17072000
2022-10-20,108.37968444824219,110.78750147174053,107.93172279563261,109.34095003158703,12207400
2022-10-21,114.07258605957031,114.22190423603928,108.56634034797483,108.68766181136974,20593300
2022-10-24,114.21257781982422,114.88452746270286,113.23265719081165,113.92326893700469,12624200
2022-10-25,114.51123046875,115.04318945851807,112.8220287349681,113.71795929035522,11289100
2022-10-26,115.82711029052734,116.84436212699698,114.67919526530267,114.79118923271196,11667000
2022-10-27,116.284423828125,117.77764134792854,115.92045228017986,116.84437950802348,10727600
2022-10-28,117.6656494140625,117.85229892591198,115.77112909992266,116.92837173787886,11859500
2022-10-31,117.47898864746094,118.92554723416318,117.20834188064855,117.31100124461953,13295200
2022-11-01,119.59749603271484,119.71882462574591,117.89896693250572,118.40292916760822,13386900
2022-11-02,118.49625396728516,121.66001095525644,118.1882758590204,119.13087228724467,16546100
2022-11-03,118.71090698242188,119.62549962743898,117.50700543625774,117.88030448797403,12474400
2022-11-04,121.95864868164062,122.09864649991731,119.88682052751012,120.84807906980622,14953200
2022-11-07,122.60258483886719,123.46118389308123,121.77198249638727,122.2572825671842,12011200
2022-11-08,122.67726135253906,123.2465516228977,121.45469066712421,122.48128434824471,9884100
2022-11-09,121.0813980102539,122.65859858083259,120.59609785906659,122.55595344776653,9494000
2022-11-10,126.06498718261719,126.223639956519,123.68516709320423,123.77849895570782,16351600
2022-11-11,126.27033996582031,127.08227327504459,124.85177786749041,126.16768058553762,10704700
2022-11-14,124.97307586669922,126.67160473123164,124.97307586669922,125.80367819813146,11085600
2022-11-15,124.06783294677734,126.65297226546372,122.817265482165,125.69169945620222,14038300
2022-11-16,124.23580169677734,124.64643915216881,123.21854978984042,124.1238148418322,7893400
2022-11-17,123.69451904296875,124.02116638588059,122.51861424128833,123.19056391094733,8820200
2022-11-18,124.90774536132812,125.68235429886188,123.4518593545683,125.58903667099796,9468500
2022-11-21,124.17050170898438,125.57972208621872,123.89052028398206,124.81445471435566,7800500
2022-11-22,126.02767181396484,126.24233228893351,124.76777688216816,125.05708577227455,9185700
2022-11-23,127.37158203125,127.39025125685447,125.85970228756214,125.9343649495333,7316200
2022-11-25,127.6142349243164,127.98753398109318,126.97960943926043,127.37157772100991,3220500
2022-11-28,125.38372039794922,127.58621867278603,125.23439510192271,126.98893172912405,9906900
2022-11-29,127.44623565673828,127.52089831341556,125.43972838015219,125.67304384210154,7925300
2022-11-30,128.95811462402344,128.95811462402344,124.30114714156623,127.00760078995572,14761200
2022-12-01,127.14759063720703,129.40608244667254,126.39163662984575,128.9581065370263,8858500
2022-12-02,126.1396713256836,126.31699335040015,124.4411279736043,125.51438761356674,8931900
2022-12-05,122.60258483886719,125.58903366797756,121.88398358376712,125.28105559845892,10154500
2022-12-06,122.80794525146484,126.0930315346752,121.20273344492162,124.48781972813197,13966700
2022-12-07,122.72393798828125,124.19849347676586,121.63202329069914,122.54661595149979,11739400
2022-12-08,124.01184844970703,124.10516609741124,122.65860727375157,123.49855154577014,8907300
2022-12-09,123.33988189697266,124.83309222049347,123.19055659248711,123.37720610287161,7957800
2022-12-12,125.2530746459961,125.66369788324192,122.8172607355518,123.56385879632253,8841600
2022-12-13,125.13175201416016,127.94086508881513,124.19849015329122,127.75421556473052,10025400
2022-12-14,124.5064468383789,126.65295159687571,123.89981818899751,124.85174911050267,9966100
2022-12-15,121.4173583984375,123.26521266130896,120.4374307206994,122.39727183573154,12087800
2022-12-16,120.66143035888672,121.23072071380167,119.8588245181943,120.53077425646921,21133700
2022-12-19,121.3800277709961,122.56527424765503,120.47476268321381,120.99738701421286,9017200
2022-12-20,121.96800231933594,123.23723909719908,121.51069885303967,122.22931451709186,8549900
2022-12-21,123.33988189697266,124.10514916168255,122.97591036756718,123.35853687969971,8051700
2022-12-22,121.93999481201172,122.53728181695654,119.84015568268991,122.3506322979948,8648200
2022-12-23,122.51860046386719,122.6679257604319,120.98805177518902,121.86532009195165,5091900
2022-12-27,122.94792938232422,123.39589111264578,121.83734542885382,122.78927656617797,5411000
2022-12-28,123.6198501586914,124.50644591922611,122.2666093110695,123.05055995616814,8827700
2022-12-29,124.32913208007812,124.37579801589436,123.47986046573311,124.05847819661051,6585200
2022-12-30,125.15040588378906,125.36505209812877,123.60118796711578,123.94649025632889,9292500
2023-01-03,126.10232543945312,127.6142191859672,124.95441745300931,126.2143265350303,11054800
2023-01-04,127.27822875976562,128.4914575159939,126.52228909950433,126.91425728480861,11687600
2023-01-05,127.25003814697266,127.58849466218798,125.69877314155538,127.54148402342392,8381300
2023-01-06,129.68504333496094,130.0987140227333,126.44150994494,127.98336428850658,10029100
2023-01-09,129.14913940429688,130.56878320319333,128.6884724512839,130.30554084557662,8482300
2023-01-10,130.30551147460938,130.41832550369315,129.09270327944148,129.54397374140592,9048700
2023-01-11,131.27391052246094,131.38672458624345,129.83547382669875,130.58758671276058,8703700
2023-01-12,131.14230346679688,132.4303119859093,130.888457450294,131.62177763518204,11001700
2023-01-13,134.45164489746094,134.9029299066187,126.73297558671855,127.4851029230124,20200000
2023-01-17,132.37388610839844,133.06959193853592,130.89783521194295,132.72173902346717,14292900
2023-01-18,128.3970489501953,132.30808509289193,128.24662062088214,130.60640586123768,13392600
2023-01-19,126.68594360351562,127.7671166047357,125.59535986683392,127.22183908202818,13303400
2023-01-20,126.99618530273438,127.3816524358572,125.55774877730732,127.0713994515607,13092500
2023-01-23,129.05514526367188,129.7038548326701,126.75176723344053,127.03380239767107,10487100
2023-01-24,130.16453552246094,131.89441832465485,126.9210016819385,128.25602086704262,6945000
2023-01-25,130.79443359375,130.79443359375,129.0363473318177,129.78847462983688,8967000
2023-01-26,131.60296630859375,131.6781804720333,130.07991894943908,131.07648151015186,7487600
2023-01-27,131.92262268066406,132.80635677376844,131.3867271758671,132.19526145539012,7489900
2023-01-30,130.8038330078125,131.7063742108027,130.5969976601202,130.89783994590567,6729300
2023-01-31,131.58416748046875,131.68758515724156,129.97649529529778,131.50895332048543,9188700
2023-02-01,131.2362823486328,132.44909078816968,129.85425283137388,129.93887771586714,8841800
2023-02-02,130.62521362304688,132.05425406719027,129.74146511608495,131.6217762047239,11822100
2023-02-03,132.64651489257812,133.81231269104111,129.8636630900476,129.91065938104327,11501200
2023-02-06,133.42684936523438,133.7277059717394,131.6499562767578,131.83798448300715,8406200
2023-02-07,135.05332946777344,135.70203904669592,132.73114427585617,132.91918684906528,10447900
2023-02-08,134.10377502441406,135.4199869378538,133.76531848301042,134.1131714146408,6958000
2023-02-09,132.01661682128906,134.76186881114253,131.4995284928368,134.55503347976162,6443100
2023-02-10,132.5995330810547,132.82517557854032,130.29615484189205,131.4149422469344,6582900
2023-02-13,134.0379638671875,134.18837783030563,132.3174777431321,132.84396247812833,7134600
2023-02-14,134.6302490234375,135.20374438535265,133.12600900631926,133.9721431193462,9249400
2023-02-15,135.19435119628906,135.27896174046816,132.84396266487107,133.1354085474656,6728300
2023-02-16,133.33285522460938,134.80889184816675,133.2012196874121,134.35762124075458,8165300
2023-02-17,133.7277069091797,134.28239514247505,131.68757144852603,132.54310194480274,7948800
2023-02-21,131.27391052246094,132.88156831389693,130.44656913303243,132.27047300756325,9996300
2023-02-22,130.26792907714844,131.08585967919916,129.21495962663414,130.60638559276128,11107500
2023-02-23,131.31150817871094,131.7815858972625,129.68504328929998,130.42775977253268,8068000
2023-02-24,132.49609375,132.90036803207667,130.61578294838353,130.78501838025815,9126900
2023-02-27,133.6525115966797,134.73368470181907,133.23884087434072,133.60550095175304,10014700
2023-02-28,134.77127075195312,135.15672353016328,133.40803406254324,134.38580362811126,11019800
2023-03-01,134.01918029785156,134.8747253154105,133.31406361548366,133.59611315755797,7139200
2023-03-02,132.6277313232422,133.90632891625168,131.1892803398402,133.72771143767523,11106800
2023-03-03,135.062744140625,135.13795830297414,132.6371412009949,133.04140118478261,9513100
2023-03-06,134.2729949951172,135.41997133286748,134.12256669502025,134.85588672595242,9261300
2023-03-07,130.3243408203125,133.79351664444283,129.56281721904162,133.51146714695608,11747600
2023-03-08,129.55345153808594,130.2961681900731,128.69790645297962,129.74147979910222,10002500
2023-03-09,122.53984832763672,129.13034669797634,121.48687889657995,128.57564412317154,25888100
2023-03-10,125.6517562866211,127.16540696789154,120.17065606938655,121.24243976309005,37599700
2023-03-13,123.3954086303711,125.86802217105316,121.66552596376233,123.35780872267715,42901100
2023-03-14,126.563720703125,127.41926559621292,123.43300136741547,127.18422673628548,29648100
2023-03-15,120.58434295654297,123.15097787896202,119.145913317982,123.1415671424679,34280600
2023-03-16,122.92533874511719,124.05352254133729,118.47839981650073,120.34930736147915,24558500
2023-03-17,118.28095245361328,120.79116573237256,117.94249592470004,120.69715879667264,38396000
2023-03-20,119.5313720703125,121.72193615029772,118.4689989164258,119.39034730794802,22875500
2023-03-21,122.73731994628906,123.84669669999332,122.39886334681995,122.77491985928056,17807800
2023-03-22,119.5689697265625,122.84071382968463,119.47495561666946,122.74669254697478,17250200
2023-03-23,119.24932098388672,121.77834159129954,118.47839375558333,120.2458906981452,16677600
2023-03-24,117.43482208251953,118.15873863148742,115.74253938350546,118.11172798930822,22311100
2023-03-27,120.80058288574219,121.63732068978257,118.73223652440629,119.2023142647803,18853900
2023-03-28,121.16722869873047,121.59969213545669,120.09544497774026,121.00740400727666,10820500
2023-03-29,121.41166687011719,122.42703641596557,120.12365139957897,122.3142223594156,14595300
2023-03-30,121.04501342773438,122.33302179554713,120.01084387378893,122.17319709152633,12134700
2023-03-31,122.51165008544922,122.53985360030661,121.13903121027927,121.900554802695,13105200
2023-04-03,122.3706283569336,123.57402610210639,121.66551181816986,122.13558951067901,11775400
2023-04-04,120.73477172851562,122.77490751199569,119.78521980538393,122.69029695704667,11579900
2023-04-05,120.914794921875,121.42645683817972,119.82512955085069,120.14729481830837,9614700
2023-04-06,120.78214263916016,121.36013887375572,120.20414640456461,120.33680056701837,8760200
2023-04-10,121.18011474609375,121.50227281502383,119.59773480470375,119.90094537568334,9477300
2023-04-11,121.77705383300781,122.17501631300422,120.84846748390665,121.56859523040697,10516300
2023-04-12,121.75809478759766,123.58682810399564,121.34117759718896,122.40241083952485,11821000
2023-04-13,122.22238159179688,122.26974671193777,120.17570525574538,121.72018986927739,12450200
2023-04-14,131.45138549804688,131.8209231733263,127.82232860583034,128.0592121017331,43931300
2023-04-17,132.49366760253906,132.71159635227463,130.43752076474001,132.6073670444498,16050500
2023-04-18,133.9812774658203,134.34134494700945,131.7356269205947,132.91057407200958,13760100
2023-04-19,133.8107452392578,134.0760535879332,133.03376046226523,133.82021537377457,9158100
2023-04-20,133.4222412109375,134.00970758057915,132.50313220527403,132.56946651576615,10586200
2023-04-21,133.1663818359375,133.70648299299145,131.498727703855,132.40836643112905,11842500
2023-04-24,133.346435546875,133.69703290529003,132.69263487272235,133.09061181559554,7567500
2023-04-25,130.44699096679688,132.61685170585727,130.40909597221355,132.27573892172734,10629300
2023-04-26,128.135009765625,130.57964904878813,126.9695470758425,130.3996152881265,14416100
2023-04-27,129.85951232910156,130.6743919889058,128.54244090365017,128.86459893100522,9041100
2023-04-28,130.98709106445312,131.06289551116376,128.55192201036624,129.39522659996967,9887300
2023-05-01,133.79176330566406,135.84790981889435,133.4411804429665,134.79614677258397,20415800
2023-05-02,131.6313934326172,134.93829159132568,131.16709666681692,133.9812732024535,14113400
2023-05-03,128.8456573486328,131.39452588608214,128.63719873126536,131.17659713455072,12930900
2023-05-04,127.08324432373047,128.59930437424623,124.89444328873572,127.87918380227234,17089200
2023-05-05,129.5657958984375,130.64598400952337,128.7793409948421,129.2815328253685,11261400
2023-05-08,129.8784637451172,130.7312383742079,129.31940781986793,130.27642620257407,7484900
2023-05-09,129.25308227539062,129.76474413864787,128.11604466731637,128.79825566558682,7343600
2023-05-10,129.31944274902344,130.81654827899672,127.79391235428412,130.71231895544724,8133400
2023-05-11,128.91200256347656,129.63212319277335,127.82232979723463,127.91708897976744,7057300
2023-05-12,127.06427764892578,129.80264952169102,126.14516878376975,129.64157052425978,9988600
2023-05-15,128.135009765625,128.55192700963707,126.93165208012341,127.2253852861627,7639500
2023-05-16,127.27275085449219,128.80775103088155,126.93163809771467,128.35293884125116,6477200
2023-05-17,131.18606567382812,131.31871984161106,128.3529485637031,128.76985133514944,12711500
2023-05-18,132.1809844970703,132.3989132547494,130.532270238169,131.01552180034412,10999600
2023-05-19,131.87774658203125,133.11902799776226,130.88284766435476,132.45574277502018,13492200
2023-05-22,130.7880859375,134.20868344700244,130.43750306702887,133.6022624087242,11402500
2023-05-23,129.42364501953125,131.73562992538155,129.3004754506983,130.3237992848171,9514900
2023-05-24,128.23922729492188,129.19624573299475,127.99287369982997,128.29607701238777,8578000
2023-05-25,128.5519256591797,129.12045179653649,127.51911715259443,127.7465304991812,8472500
2023-05-26,129.75527954101562,130.38065531250896,128.51401258919043,128.96882476017728,8579900
2023-05-30,130.2480010986328,130.49435467900543,128.88355012809905,129.62262532743514,7399900
2023-05-31,128.58984375,129.66054732382457,127.3485620820024,129.5563180069155,14219900
2023-06-01,130.3616943359375,130.9775854867297,128.34344283301755,129.3573108798308,12248100
2023-06-02,133.10008239746094,134.05708639057426,132.0293645096212,132.2378231153638,12922500
2023-06-05,131.79248046875,132.75896904949437,130.88285606422994,132.75896904949437,8511900
2023-06-06,132.02935791015625,132.74949286062366,130.95865453405474,131.4039821241878,9329500
2023-06-07,133.30853271484375,133.85810405415782,131.5461192674636,132.22834476052807,9281400
2023-06-08,133.346435546875,133.49804443385344,132.16201822651706,133.2895858288129,7368100
2023-06-09,133.61172485351562,134.36028459004487,132.85370944294746,132.98636358561862,7249100
2023-06-12,133.60226440429688,133.90548215707406,132.42731729961258,133.66859870954872,7596600
2023-06-13,134.56875610351562,135.37415116923322,132.7873879093332,133.10954593562025,7701600
2023-06-14,134.06654357910156,136.07531032396986,133.31798388651785,135.49731420950278,9068700
2023-06-15,135.58262634277344,135.87635954725783,132.68317483522767,133.21379152180856,9343100
2023-06-16,135.74371337890625,136.41646886934214,135.02359275583476,135.54473933881732,13813500
2023-06-20,135.052001953125,135.4973440307227,133.6401712753983,135.1278063980586,8428600
2023-06-21,134.85301208496094,136.46381659035595,134.25606118766402,135.4025689442483,9926500
2023-06-22,132.2567596435547,135.11831555375466,131.6598087675886,134.8435226757123,10075200
2023-06-23,131.56507873535156,131.87775217757934,130.3996017087178,131.27133110168182,9919500
2023-06-26,131.8872528076172,132.6642231283059,130.46595188268398,131.5840350036855,8429700
2023-06-27,131.89671325683594,132.50313436194844,131.2713374258144,131.70720937240446,8154000
2023-06-28,131.3187255859375,131.90620646172016,130.72178903391233,131.85882687296373,7558600
2023-06-29,135.90475463867188,136.02793864900923,132.51259664133235,132.7210552165723,15423200
2023-06-30,137.80929565429688,138.33991218222923,136.12268692270507,137.01337086239838,14212800
2023-07-03,138.91795349121094,139.74230340406743,138.3399572012877,138.51999096575537,8021600
2023-07-05,137.9925079345703,138.74619401909015,137.7253775837902,138.2787231839811,8934900
2023-07-06,136.62823486328125,136.79995527685153,134.93957800894574,136.4469647217267,9709500
2023-07-07,137.706298828125,139.13736058150516,136.42788715557518,137.29606811309557,8981500
2023-07-10,138.47906494140625,139.2804705586266,137.85894402657541,137.85894402657541,9100100
2023-07-11,140.64474487304688,141.02637006833308,139.0133426554255,139.61437868204317,11260900
2023-07-12,141.34115600585938,142.9821075474135,140.24401477450465,140.67333027557785,11323200
2023-07-13,142.02809143066406,142.50511197237518,140.95957007563487,141.86590619338367,11234900
2023-07-14,142.88673400878906,145.86333746542837,141.58923758146992,144.58492593546265,27028400
2023-07-17,146.33084106445312,146.68383164317396,143.44009744935457,143.44009744935457,17262400
2023-07-18,146.5979766845703,147.3039578673136,145.79658555726044,146.33084630880035,13491700
2023-07-19,147.16085815429688,148.07674413061181,145.22415564270204,145.72979632459544,12510000
2023-07-20,148.9735107421875,149.39329115200857,147.31348855836467,147.42796883103884,9935900
2023-07-21,147.82864379882812,148.96395487010966,147.58059839000157,148.63958443760345,10636400
2023-07-24,150.73854064941406,151.4922269473539,147.6188212067045,147.84779638257407,14381400
2023-07-25,149.61273193359375,150.47136309854582,148.79225600724564,150.07066758440072,9944700
2023-07-26,150.50953674316406,150.97702217892535,149.09755982195472,149.50780511405415,8728600
2023-07-27,148.84950256347656,151.48265086606875,148.40110206360401,150.51907455650888,10778400
2023-07-28,149.69859313964844,150.35688383068603,149.25019265611596,150.05158368976518,9103800
2023-07-31,150.70034790039062,152.0550845994439,149.92756233319017,149.95618240336282,8892700
2023-08-01,149.9561767578125,150.73849746644677,148.97351556551197,150.19468703861384,6853900
2023-08-02,148.25799560546875,148.5346757037139,146.86510361555543,148.4106456901893,8299400
2023-08-03,149.16433715820312,149.7081330348017,147.2562548897644,147.876375804002,6084000
2023-08-04,148.84950256347656,150.54769462607416,148.54420241143038,149.2120282971408,6209400
2023-08-07,149.5554962158203,150.45229729067916,149.40286068452536,149.40286068452536,7251800
2023-08-08,148.7159423828125,148.8113377653976,145.5771387782489,147.22764048536538,8623400
2023-08-09,146.72198486328125,148.37248656580152,146.41669925934087,148.18168124364968,6277800
2023-08-10,146.5025634765625,148.29616558036165,146.05416295061272,147.28488424354327,5995100
2023-08-11,147.3516387939453,147.41842865574552,145.61529163478733,145.99690223575288,5180700
2023-08-14,147.65696716308594,147.800067526441,145.89198504163153,146.55027582809305,5044300
2023-08-15,143.89804077148438,146.22590370679933,143.32561020927076,145.82520813625536,10300300
2023-08-16,143.2874298095703,144.02204550535444,142.80085954985748,143.67859013982653,6978200
2023-08-17,141.79913330078125,144.3082514937774,141.579693366451,143.94572577501492,9953900
2023-08-18,142.12351989746094,142.62916057301837,140.6638380140572,140.86417851549734,8517500
2023-08-21,142.61007690429688,143.20159235737893,141.2171848810203,142.7722621641297,8327000
2023-08-22,139.65255737304688,142.7627264857354,139.14691669491836,142.40018616650607,9673300
2023-08-23,140.5970458984375,140.8069361254156,138.77483828423783,139.6239343633717,7858000
2023-08-24,140.46348571777344,142.5433031616917,140.23452514019576,140.72108092506218,6534000
2023-08-25,140.29173278808594,141.78956959700562,139.1468864928427,140.51115814327585,6695500
2023-08-28,140.77828979492188,141.78003577182335,140.36805914622056,140.78783952187533,5094100
2023-08-29,141.92315673828125,142.00903150579643,140.4157699690162,140.92142517322705,6337000
2023-08-30,141.35073852539062,142.29522993537307,140.42531745676263,141.78958929674283,6277300
2023-08-31,139.60484313964844,141.5320103375544,139.25185257277184,141.44613557039813,10933900
2023-09-01,140.0723114013672,141.27439786180304,139.0037755456911,139.3758509661244,7903500
2023-09-05,138.52676391601562,141.398436925322,138.34549377898156,140.39669086527354,7854700
2023-09-06,138.2978057861328,138.8511368196232,137.4868650191869,138.04974578059017,8629200
2023-09-07,137.11480712890625,138.59357395110118,136.79997177521207,137.50596752811848,8373700
2023-09-08,137.21975708007812,137.49642264200128,136.0939808159264,136.7808916922698,7107900
2023-09-11,137.82078552246094,138.3836662850551,137.08616978970375,138.09745103979148,6854200
2023-09-12,139.61436462402344,140.54933534019625,137.42961701135775,137.85893257500257,8363200
2023-09-13,139.68116760253906,140.911874274894,139.11828682051288,140.5684188802231,8325900
2023-09-14,142.39064025878906,143.01076117727962,140.7401531613736,141.04543875651106,10034900
2023-09-15,141.97084045410156,142.84855643692705,141.4938199488153,142.07578554756495,19863400
2023-09-18,142.2666015625,142.28568646025306,140.95956993789247,141.35073027551616,6512400
2023-09-19,142.08534240722656,142.83904307284214,140.44440501145158,142.62915285387422,7943400
2023-09-20,141.4842987060547,143.3446759482905,141.33164863553483,142.77224546259703,7332000
2023-09-21,140.37762451171875,142.00904140302976,139.89106873028186,140.79740497767077,8052400
2023-09-22,139.0324249267578,140.7306171583352,138.51724906580753,140.5207269222963,7071700
2023-09-25,139.7193145751953,139.78610443903221,137.0957015803956,138.66987811178248,7044700
2023-09-26,138.26919555664062,139.1373766142009,137.60136957294606,137.95437474523183,7468400
2023-09-27,139.08009338378906,139.37584375941665,137.86845725886982,138.51721269743268,6717800
2023-09-28,140.80694580078125,142.02811744664876,139.2995588659573,139.55715408176954,8868100
2023-09-29,138.35507202148438,141.92317713106934,138.20242192120406,141.77054158830381,11917800
2023-10-02,137.16250610351562,138.92747357232346,136.07489972809725,138.1737874367539,9170600
2023-10-03,136.15121459960938,136.99076088584889,135.80775921421204,136.61868543146116,9431100
2023-10-04,136.7617950439453,136.8762753154789,135.4070438957436,136.6091449768928,8128700
2023-10-05,137.33840942382812,137.5306372723396,135.34898024308237,136.51187953597687,8576200
2023-10-06,139.4528350830078,140.2024769614281,136.6080293576446,137.34806570708557,10270600
2023-10-09,139.1356658935547,139.74113680090898,137.915089220752,138.0688656621141,6964900
2023-10-10,139.98141479492188,141.05783527953665,139.6258195862607,139.76037031372138,11288800
2023-10-11,140.4619598388672,141.4999289127965,139.3759484545606,140.80794953017696,8698200
2023-10-12,140.13519287109375,141.24044461978133,139.4816649486806,140.6061277551359,10484400
2023-10-13,142.23995971679688,147.15108323685914,142.08618326779026,142.72050012124552,29427000
2023-10-16,142.0958251953125,143.70082863186835,141.00979902237103,143.6335459257884,12663500
2023-10-17,141.7882537841797,143.498976489682,141.0770486900659,141.82670522976943,11482700
2023-10-18,140.23130798339844,141.74019726674464,139.7123161207708,140.8848359112351,9620300
2023-10-19,139.6354217529297,141.2981020810744,139.2413897737369,139.8180294497144,11143600
2023-10-20,137.3865203857422,139.49129003585992,136.5888214286468,138.94348151407857,13332900
2023-10-23,135.5124053955078,138.08809513974512,135.2529094492082,137.37690466719658,10133400
2023-10-24,135.67576599121094,136.21396885797367,134.89729294000568,135.69499171214625,8881400
2023-10-25,134.93572998046875,135.68537178419916,134.08036870878004,135.09912661134564,8242600
2023-10-26,135.28172302246094,136.15631003703294,134.00348384691614,134.3206422587366,9109400
2023-10-27,130.4090576171875,133.6863467029392,129.92851721159093,133.5421757823026,17434700
2023-10-30,132.07171630859375,132.66758168714827,130.7454201667235,131.12986126976563,9855500
2023-10-31,133.6479034423828,133.82090562475506,132.11978837859095,132.3504530667772,9672500
2023-11-01,133.53257751464844,135.0606925679566,133.08086833563078,133.83051023593026,9432000
2023-11-02,135.9160614013672,135.9737239099469,133.81129184862172,134.63782202310327,10186200
2023-11-03,137.43455505371094,138.1745913794111,136.32931799442554,136.6560819483968,9538700
2023-11-06,138.4725341796875,138.57825366249645,137.2327316390251,137.59794706417068,7625100
2023-11-07,138.40525817871094,138.64552840900413,137.26158420105745,137.92471771812455,6297900
2023-11-08,139.08763122558594,139.20295624263588,138.03043635285823,138.5013712806971,7618200
2023-11-09,138.67434692382812,139.98141744314344,138.10731275201147,139.7795986805991,7992500
2023-11-10,140.73106384277344,140.779120818948,138.47253261187043,139.29906274131042,7983300
2023-11-13,140.10633850097656,140.55804758778618,139.51047318004777,140.02945028780394,6676300
2023-11-14,142.662841796875,143.4413149284901,140.8175683495463,140.97133013812635,9927700
2023-11-15,143.9122314453125,144.3158835855458,142.68204930414583,142.68204930414583,8365300
2023-11-16,145.55567932128906,145.63256754248917,144.24860889074466,144.24860889074466,8126200
2023-11-17,146.87237548828125,146.9108122678676,145.64217856757847,146.27649541772305,7812400
2023-11-20,147.32408142089844,147.76618507760244,146.00740531005786,146.1611817702097,7019000
2023-11-21,147.0165557861328,147.65087274001422,146.63212926768253,147.23760030099513,7083500
2023-11-22,147.36253356933594,147.89113098804074,146.94926116382837,147.4394217997776,5174500
2023-11-24,147.56434631347656,148.4293278719072,147.3144705734481,147.61240328865546,3496900
2023-11-27,147.2279815673828,147.55474554525458,146.76666685362676,147.45863159179564,6259100
2023-11-28,147.56434631347656,147.88150475174146,146.77626764727606,147.25680806920533,6582700
2023-11-29,148.3140106201172,149.57302424502848,148.00645769483134,148.16983968704045,9126100
2023-11-30,150.00550842285156,150.05356540077076,148.37167382811344,148.88104553120948,9869800
2023-12-01,150.73593139648438,151.71623806332818,149.75563939457194,149.75563939457194,8916000
2023-12-04,151.84115600585938,151.898818505623,149.8132749962425,149.9478257173339,9607500
2023-12-05,151.82196044921875,152.3313321849075,150.8608794890616,151.13958651493726,9135600
2023-12-06,150.22653198242188,153.02328052725483,149.9285992917563,152.65806514389516,9366000
2023-12-07,150.6878662109375,151.1876323796541,150.07277502825963,150.5917669209466,8130900
2023-12-08,152.3505401611328,152.60041590228724,150.87046744256068,151.13956890685927,7369400
2023-12-11,152.907958984375,153.10017220867192,151.99492050533888,152.35053036846364,8093900
2023-12-12,154.272705078125,154.3976356188453,152.69653304078759,153.03290254571792,10223000
2023-12-13,154.7916717529297,155.72392130484212,153.55188396988373,154.27269457198537,12379100
2023-12-14,157.607666015625,158.42457600211551,155.41640268196755,155.53172770007654,13643000
2023-12-15,158.79937744140625,158.84743441468368,156.06991147242698,156.73305957483961,20309300
2023-12-18,159.76046752929688,160.62544910375837,159.1838278112527,159.46253480856788,8469600
2023-12-19,161.89404296875,161.91326868916568,159.1069147705179,159.53939815783974,10345700
2023-12-20,160.06800842285156,162.81670006739537,159.97189447793076,161.45196710610847,10734700
2023-12-21,160.98101806640625,161.5480521626993,159.23184414437011,160.3467012816067,7601700
2023-12-22,160.8849334716797,161.68263236199851,160.7215514818453,160.98104742566719,6576300
2023-12-26,161.83639526367188,162.2016106603099,160.67348104354662,160.94259715917883,4683600
2023-12-27,162.80706787109375,162.87435056056373,161.0579085889374,161.3077842964089,6428600
2023-12-28,163.6720733642578,164.01806306039853,162.42266531347582,162.75904948039295,6320100
2023-12-29,163.47987365722656,164.04690789188666,163.02816444251596,163.38375969731445,6435100
2024-01-02,165.38279724121094,165.46929099959914,162.3361726546747,162.5091601714511,9977400
2024-01-03,164.66197204589844,165.3443311883689,163.73932804313617,165.17134368687348,9852300
2024-01-04,165.7547149658203,167.63071137698762,164.91340863126374,165.0101152576503,11972500
2024-01-05,166.58633422851562,167.65971280913857,165.8127255185908,165.8127255185908,10066000
2024-01-08,166.34457397460938,166.673352864126,163.89804706700718,166.34457397460938,11229900
2024-01-09,165.0294647216797,166.12217290632765,164.487943009755,165.95778344059053,9923600
2024-01-10,165.37757873535156,165.43559680763775,163.37586670932242,164.39122724040854,9670200
2024-01-11,164.68133544921875,164.73935352259429,163.07609989415135,164.71034448590652,11919500
2024-01-12,163.47256469726562,170.49303142483598,163.3275047688543,168.06584874514743,19436500
2024-01-16,162.44754028320312,162.54423214727555,158.87928145443695,159.43046787018932,17206400
2024-01-17,161.57720947265625,163.49189411511173,160.99701407781038,161.8189612426813,11107500
2024-01-18,161.89634704589844,162.00271843034182,159.78827838829608,161.6062419287475,9382300
2024-01-19,164.6909942626953,164.94242557872278,161.56756513076985,162.02205969627911,13115700
2024-01-22,164.4976043701172,166.30590321120508,164.11080737112673,164.8360628107536,12837500
2024-01-23,163.41455078125,164.14947093566016,162.8826938742748,164.07210858961298,8360800
2024-01-24,164.87472534179688,165.367893695113,163.28883414573235,163.77233773911004,9967100
2024-01-25,167.23422241210938,167.2825757217017,165.27119903659934,166.62500317303437,8873500
2024-01-26,166.5959930419922,167.35025744952202,166.11248945996752,166.91510717677147,7443000
2024-01-29,167.0311279296875,167.13749929814952,165.64831489503834,166.5573039063761,6971200
2024-01-30,170.45437622070312,170.92820034125813,167.12786883921322,167.12786883921322,10822100
2024-01-31,168.60736083984375,172.41737122652995,168.58801656608054,170.38665038676234,11521800
2024-02-01,167.9981689453125,169.0715476056084,165.77404927244996,167.91114183226796,9354800
2024-02-02,168.9651641845703,170.01921324826546,167.54366241795364,167.58235096901416,8607600
2024-02-05,168.7427520751953,169.31328276728672,167.21487896771097,168.1238680732714,7820200
2024-02-06,169.32296752929688,170.06755245342762,168.02716666028184,168.84912868682906,6764800
2024-02-07,169.64205932617188,170.06754483825674,168.22057237313678,169.89349063169018,7225500
2024-02-08,169.03285217285156,169.52602050567728,167.84343751406126,169.22625065109548,6060300
2024-02-09,169.23593139648438,169.3229732619704,167.94014523895757,169.22626663603458,6296700
2024-02-12,169.9901885986328,170.97654007066922,167.96914709901688,169.0135166419921,8539300
2024-02-13,168.5106658935547,170.4156712187946,166.92477470839322,169.53570589896955,8397600
2024-02-14,170.2222900390625,170.28998763112443,168.66540773059904,169.2939713147852,7056700
2024-02-15,173.93556213378906,174.26435576144195,170.33829454594138,170.33829454594138,8723400
2024-02-16,173.123291015625,174.04194486836414,172.28199950648133,173.68415694017355,8152600
2024-02-20,173.8002166748047,174.50614262269795,172.52377472057196,173.27803922883683,9668000
2024-02-21,174.93157958984375,175.01862144346367,172.63011271098858,174.01292579012812,7024000
2024-02-22,177.03001403808594,177.36845770267493,175.26038910292334,175.82125504592778,9296500
2024-02-23,177.91966247558594,179.0897329406028,177.14605375392372,177.74559350441638,7105800
2024-02-26,177.31045532226562,178.37416923163727,176.4594841947683,177.68758757097737,7145400
2024-02-27,177.39747619628906,177.4845033070783,176.22740569249672,177.26209577216366,5717100
2024-02-28,178.2967987060547,179.08973696594572,176.92365020303603,177.3781300285427,6131600
2024-02-29,179.92137145996094,180.2791594304617,177.78429364242936,179.5345744516012,9643000
2024-03-01,179.1767578125,180.28882494706127,178.9930388387791,179.573234306266,6311800
2024-03-04,180.52090454101562,181.40088467099628,178.19042830590925,178.6159138525091,7063600
2024-03-05,182.32919311523438,183.05444844603852,180.21144518842905,180.21144518842905,6617800
2024-03-06,183.27687072753906,183.79906287082432,181.43956297683002,183.00610989596845,7572900
2024-03-07,181.67164611816406,184.2148798903336,180.47256657963084,183.6443491579438,7618300
2024-03-08,182.01010131835938,184.1762028172453,181.71999619939155,182.2228440885785,6172200
2024-03-11,182.0777587890625,182.22281870602006,180.07606178219166,181.10108693845334,5762600
2024-03-12,183.5766143798828,183.88606371769401,181.7102978605373,182.71597869771063,5708400
2024-03-13,185.0658416748047,185.40428533979184,183.57664233171306,184.07949020454285,7795500
2024-03-14,181.76834106445312,185.30759088959047,180.92704953836716,184.72738067861897,10310900
2024-03-15,184.02145385742188,184.64033781045543,180.3274796573398,180.3274796573398,17214200
2024-03-18,186.30361938476562,186.34229318221193,183.6250051843018,184.34059585761491,9013800
2024-03-19,187.3963165283203,187.531696944468,186.0328476068898,186.35196174967186,8478700
2024-03-20,189.85250854492188,190.0749160497386,187.2222480132681,187.7831139102752,9367000
2024-03-21,192.49244689941406,192.85023483431692,189.85252142938458,190.03625515445097,11203800
2024-03-22,190.1329345703125,193.86558263111587,190.05557223033097,192.44408098908988,8108800
2024-03-25,188.39234924316406,190.44239977953595,187.94751944008922,190.11362087377043,8620000
2024-03-26,189.2722930908203,190.17161735491425,187.65739302545808,188.16990560136645,5961500
2024-03-27,192.9373016357422,193.0146639907897,189.90089928808914,190.01693544298018,8725800
2024-03-28,193.69155883789062,194.09770012003057,191.9896166018452,192.90828531123788,8628300
2024-04-01,192.3764190673828,194.31043351099922,192.01863111702872,193.39177960135328,7309000
2024-04-02,192.29905700683594,193.18870188158803,191.54479255312526,191.84456243147704,7014700
2024-04-03,191.75753784179688,192.97596164717618,191.17732759807754,192.4731137529767,9353400
2024-04-04,190.2985382080078,194.2183076974258,190.20128233180412,193.70280554512016,9243800
2024-04-05,192.04933166503906,192.70100400006814,189.77333906065155,190.7946223599833,6532300
2024-04-08,193.0511474609375,193.5374714019304,192.21466968877257,192.21466968877257,8001000
2024-04-09,191.7575225830078,193.44021409226474,189.5788008419389,192.652371688294,7351500
2024-04-10,190.12347412109375,191.6797165987918,188.86875009861052,190.20128772912147,7681400
2024-04-11,190.08456420898438,191.19339701746534,187.95447786178963,190.63898061322485,10137700
2024-04-12,177.79031372070312,183.76237158943843,177.54715173119203,183.16907058280418,31532300
2024-04-15,177.8875732421875,182.3325812542019,177.2164438188042,179.45353694960545,14766600
2024-04-16,175.854736328125,178.1501858749305,174.7361823825388,177.8972879324253,16451800
2024-04-17,175.15443420410156,177.43042670985142,174.298499309729,176.40914345478038,9017100
2024-04-18,176.29241943359375,178.34470695141576,175.04743139677007,176.14652819546134,9557700
2024-04-19,180.71798706054688,180.79580067535792,176.44806327226095,177.41097521751,13402300
2024-04-22,184.22923278808594,184.9295404272392,180.8930429458102,180.90277892282214,11529700
2024-04-23,186.88455200195312,186.97208674402626,185.30886727892482,185.9021830442449,9144400
2024-04-24,187.79884338378906,187.9447346206197,184.96843465785113,185.3185884676726,6964900
2024-04-25,188.08091735839844,188.63533377845934,185.9508161089921,186.99155647306617,9802300
2024-04-26,188.1976318359375,189.53987573394883,187.77938555623675,188.27544544242667,6413700
2024-04-29,187.99337768554688,188.9465684352418,187.16662106581148,188.18790428977033,5387800
2024-04-30,186.49551391601562,189.656619594865,186.3982431893255,187.53623945273978,8153700
2024-05-01,186.61221313476562,189.14110342767418,185.5714728334644,187.01100230674618,7445300
2024-05-02,186.41769409179688,188.2073626084042,184.33622824627065,187.78913114871574,6501700
2024-05-03,185.29913330078125,187.26388607881702,183.30521711650115,186.74838391470007,8922800
2024-05-06,186.74838256835938,186.94290916524915,184.62801743183323,186.48576349977276,7911100
2024-05-07,186.50521850585938,187.65293580354853,186.40794778779886,186.45658314682913,7688800
2024-05-08,190.2985382080078,191.27118601861133,185.77573182527254,185.77573182527254,9227600
2024-05-09,192.0979461669922,192.18548090963188,189.7635973146987,189.83167494516465,7977300
2024-05-10,193.33323669433594,193.887638306908,192.8469127205503,193.10951698056505,7529800
2024-05-13,193.29429626464844,194.38367191043824,192.6231668971655,193.362388735635,7049200
2024-05-14,195.99827575683594,196.06636823468452,192.73991415063125,193.55693483623816,8596200
2024-05-15,196.5818634033203,197.14600095406865,194.3058709285772,196.48459267885622,8370000
2024-05-16,196.9320068359375,198.88702362644432,196.4651400343025,196.68884487904435,8497900
2024-05-17,199.18853759765625,199.44143552565018,197.26269909798373,198.2353469036768,9260500
2024-05-20,190.23045349121094,200.24872853545236,190.05536917428316,198.79947800873524,17373300
2024-05-21,194.06272888183594,194.4323250215998,191.22259856476924,191.6116518197092,14420800
2024-05-22,192.88580322265625,195.44387195618498,192.28276627219944,193.55693265019264,9425300
2024-05-23,191.5338134765625,192.87607226327336,190.70707170617627,192.3994694722777,8069400
2024-05-24,195.22015380859375,195.2687743272798,192.15630421853504,192.34110968211223,7356200
2024-05-28,194.04324340820312,194.92835650148155,193.2262227873745,194.393397223048,6910200
2024-05-29,192.69126892089844,193.54720379043206,191.50463733956448,192.58427706220672,6120000
2024-05-30,193.87789916992188,194.3836802113005,192.97332894512112,193.12895616422662,6829100
2024-05-31,197.087646484375,197.73931878899072,192.9247147070429,193.8487272332464,14417900
2024-06-03,196.29978942871094,196.88336921369117,193.74172092233533,196.7763773602306,6444300
2024-06-04,193.71255493164062,196.45541422987665,192.8566200497999,194.68520280957642,6848300
2024-06-05,191.86451721191406,194.354508274174,191.53382049164753,194.29613693404258,8351600
2024-06-06,191.5240936279297,192.60373334592407,189.9873082285323,191.86451147398972,7640300
2024-06-07,194.48094177246094,195.42441140888013,191.62135461394735,192.02986494495946,6964500
2024-06-10,194.15025329589844,195.34660609046978,193.0122570023165,193.79037831217744,6070800
2024-06-11,189.04383850097656,192.5259196177589,188.3046314709254,192.4967413692982,9235300
2024-06-12,186.29124450683594,191.33928930381424,186.0772607890945,190.6389816532838,12751300
2024-06-13,188.36300659179688,189.25784092973194,185.6590464632846,187.05966189359341,8587800
2024-06-14,188.47970581054688,189.5301673064409,186.1842562102071,186.21343445941844,6874000
2024-06-17,189.64686584472656,190.23046046731776,187.37087353119088,188.18789412967635,8725400
2024-06-18,191.6116180419922,192.54536646724736,188.82012358424134,189.27726924099585,9023000
2024-06-20,193.23594665527344,193.99461079126047,190.74597053291308,191.01831074370696,8731100
2024-06-21,190.93077087402344,191.7769697318882,188.9076616185542,191.32956004392005,20972100
2024-06-24,193.44021606445312,193.78063391925144,191.7089040169472,192.39947570390567,9785900
2024-06-25,192.65235900878906,194.5976546303865,192.33138345025415,192.67180127917703,6862500
2024-06-26,192.0298614501953,192.52592136137633,190.91132233859682,192.04931856315483,7758600
2024-06-27,193.72227478027344,194.3934041862183,191.51435995643007,192.03959811822548,7913500
2024-06-28,196.72776794433594,197.05847952500753,193.84873833933838,194.53931006884739,15307600
2024-07-01,199.8304901123047,201.42563193116726,197.11680924562444,197.29187872799125,10205800
2024-07-02,203.1180419921875,203.147220238893,199.16909429614822,199.674860466662,7802900
2024-07-03,202.9818878173828,204.6256651040736,201.97032571414442,203.81836558522545,5560900
2024-07-05,200.29226684570312,202.81560505630603,200.0282075003023,202.44396100303842,8093100
2024-07-08,200.66392517089844,202.3559256403385,199.49028331304214,200.53677553737816,8707000
2024-07-09,203.0699005126953,205.15310992786456,200.93777132144504,201.11382580540715,9058900
2024-07-10,203.23619079589844,203.40245537622243,201.0649464020975,201.61264500167476,8328500
2024-07-11,202.89385986328125,203.5295931406975,200.86933016349928,201.68110301321542,10658100
2024-07-12,200.43899536132812,202.89386396345225,197.66137261313187,199.51963777984994,15443400
2024-07-15,205.43675231933594,206.9624882270123,202.1798860901041,202.639564847374,10719700
2024-07-16,208.9283447265625,209.04571936271975,203.51002409401573,205.3878541122016,11557000
2024-07-17,212.10696411132812,212.7818122985889,208.58603845957572,209.1043970826698,11572500
2024-07-18,205.3682861328125,211.8820187052257,204.6445480183218,210.89420631788957,12415100
2024-07-19,205.1726837158203,207.68624698661634,204.33157095840863,206.56149502714354,8095900
2024-07-22,205.66171264648438,207.5102028197408,205.10423906339665,205.8377671468106,7663200
2024-07-23,205.7106170654297,206.83535415480267,204.75214455043644,206.3854652885203,5557300
2024-07-24,204.00881958007812,207.373270655129,203.50025087239203,204.9477420592163,7119000
2024-07-25,204.08705139160156,205.57367233755102,203.48067301208224,204.06748646603674,6403800
2024-07-26,207.57867431640625,208.4784669819758,204.0381685898313,204.64456195854882,8027800
2024-07-29,206.2191925048828,208.91857036612032,205.92577829908896,207.9796478923132,6533600
2024-07-30,210.4638671875,211.05068066408163,208.28284799838937,208.5469073472013,8850700
2024-07-31,208.12637329101562,211.63752417079957,207.99922364636404,210.0628832721935,9071600
2024-08-01,203.39266967773438,209.13374459279117,201.8473687538116,208.5175762388367,10918600
2024-08-02,194.76637268066406,200.17491845988104,192.56578846918157,199.40227545870724,18041700
2024-08-05,190.61949157714844,191.86160330777213,186.70734180707936,189.788168705209,13927000
2024-08-06,195.94000244140625,198.15037644105084,189.73924911889137,191.10849546265413,10605800
2024-08-07,195.99867248535156,201.23117810418523,195.80306800655683,199.04036914015487,9204400
2024-08-08,199.5782928466797,200.4096305369597,197.3581439548209,198.02321709177792,7761200
2024-08-09,201.2801055908203,201.93538887649186,198.44378809649558,199.0012765936043,5540200
2024-08-12,201.66152954101562,202.59066206622745,199.18709616631844,201.8766989582646,6936000
2024-08-13,203.37310791015625,203.5198075568689,200.888884452264,203.16771348109154,6387800
2024-08-14,205.62258911132812,206.13115781617498,202.57110226391472,203.17749560225744,6999800
2024-08-15,206.90382385253906,209.19242788527953,206.46370998834544,208.32197515879275,7001000
2024-08-16,209.2706756591797,209.38803537832896,206.94294173827095,207.04075145334016,7931200
2024-08-19,210.7181396484375,210.7963844256345,209.12394894950242,209.29998850544672,6090800
2024-08-20,209.80857849121094,211.25606960431782,208.9870157674304,210.27803224503856,5640000
2024-08-21,209.8868408203125,210.27804982726852,208.16548537290518,209.72056132250583,5202300
2024-08-22,211.8722381591797,212.03850271960792,209.63252424660922,209.86725858562508,5247100
2024-08-23,213.5153350830078,214.37601274106132,211.7450898375108,212.82093691007765,7214000
2024-08-26,214.35646057128906,214.85525428534424,213.26106343124633,214.1999710016639,5105200
2024-08-27,215.34426879882812,215.57900314868897,214.37602131844335,214.68898552792467,5185200
2024-08-28,216.42990112304688,217.32970871144948,214.37603142865092,214.4347112879669,6506400
2024-08-29,217.32969665527344,218.08277470627536,214.13151018696334,217.27100187554632,6416100
2024-08-30,219.86280822753906,220.52786648929097,217.05583077051875,217.6133192461045,8574100
2024-09-03,215.46165466308594,219.17819998271605,214.42493734692783,217.41772957618946,8956100
2024-09-04,214.512939453125,217.19276723568746,212.4395049917308,216.1853750087089,7389500
2024-09-05,212.8502960205078,215.95067296075464,211.28543012367845,215.31493966106333,8067900
2024-09-06,207.7938232421875,213.93589664456584,206.45390191624577,212.82093465556508,7777000
2024-09-09,212.04827880859375,213.35884529657469,209.47603576197008,210.46386305218888,8935100
2024-09-10,201.0453643798828,213.8380952878716,196.20408226294276,213.7989803585137,28406900
2024-09-11,202.67868041992188,203.13835917865285,197.3972845806146,200.742170601998,13658700
2024-09-12,202.06253051757812,204.19464486203483,200.39008001613465,203.08945783699713,9054400
2024-09-13,199.83261108398438,203.2850819527369,198.56115946428233,202.31681954281768,10226700
2024-09-16,203.2948760986328,203.6371951943657,201.07472678679676,201.30946116018512,8634900
2024-09-17,204.65432739257812,205.31938566590614,203.09925149729654,203.16770635547255,7573300
2024-09-18,202.9720916748047,206.69841162031813,202.16031887697295,204.41958278575413,8259900
2024-09-19,205.85731506347656,207.25591635531228,202.78627811566744,205.17269184396503,11635200
2024-09-20,206.4539031982422,206.77665731859733,204.89882737407578,205.31937627644817,20885000
2024-09-23,206.7962188720703,207.14831291365533,205.37806770478767,206.365880051948,7223500
2024-09-24,206.94293212890625,208.27306360428005,205.74972529407094,206.512593280452,7323200
2024-09-25,205.57369995117188,207.57867976641558,204.02839894462144,207.03096624268812,8976500
2024-09-26,205.1726837158203,207.0505137250883,204.41959074235876,206.49304016973775,7807500
2024-09-27,205.8768768310547,207.77427181291378,204.7325748409335,206.02357647453178,7032500
2024-09-30,206.2289581298828,206.32676783525585,200.7519429496395,201.77888516139333,8663800
2024-10-01,202.49285888671875,204.49783856281084,201.6615360420626,204.31200906704458,8540100
2024-10-02,202.73736572265625,204.36091138547783,201.17251483961107,202.531986226271,5810900
2024-10-03,200.7226104736328,201.95494714294836,199.8521577886981,201.6419680130694,7251300
2024-10-04,207.8470001220703,208.2898110074774,203.60582950418402,205.9576626665792,10211700
2024-10-07,207.56161499023438,209.9232979824943,206.34142637526296,207.66002407891474,6718900
2024-10-08,207.38449096679688,207.95523063224448,205.0523427771327,207.21720753271853,6021800
2024-10-09,210.01185607910156,210.81876855982097,206.0363781677194,206.35126022267227,7024000
2024-10-10,209.4411163330078,211.379658251541,208.09299891310803,211.379658251541,7927100
2024-10-11,218.74020385742188,221.0428473823042,211.72407433758045,212.22592464915908,18320700
2024-10-14,217.94314575195312,220.12769541308109,215.38467458274167,219.63567999418055,9048900
2024-10-15,218.838623046875,221.84975508557864,218.2777332627632,220.08834644726068,9235800
2024-10-16,220.06866455078125,220.1080191791763,217.51017826663647,218.77958650539,6382500
2024-10-17,220.83619689941406,222.24336879310937,219.74392207833714,220.68859828107347,6470200
2024-10-18,221.77102661132812,222.31224657880546,219.5372874052875,221.40694000371568,7000500
2024-10-21,219.43887329101562,222.09575350721045,219.34046420277483,221.62342291691593,5870000
2024-10-22,220.54098510742188,221.68246447536515,217.5692228077639,219.4585602020568,9586800
2024-10-23,219.8423309326172,221.2101331832156,218.97637899895992,220.0883386396681,6180500
2024-10-24,221.3872528076172,221.46597707614382,218.12027824691586,218.28756168686536,6002200
2024-10-25,218.7598876953125,222.01702728481243,217.3527308395954,221.40693298542388,6369700
2024-10-28,221.89895629882812,222.03672001698982,219.38967463255813,219.78329598096235,6843000
2024-10-29,219.34046936035156,223.12899411992382,219.25191018792373,221.61359322516637,6580000
2024-10-30,220.82635498046875,222.69600749060157,218.04154602034404,218.98620717794773,7110900
2024-10-31,218.37612915039062,222.0859297393114,218.27773507233533,221.11173377131124,7829900
2024-11-01,219.3798370361328,222.5385676120307,219.14366422998984,219.98993134977013,6923500
2024-11-04,216.27029418945312,220.18673268089208,215.6700347837328,219.09445786114256,8229600
2024-11-05,217.9530029296875,218.41549864006856,216.4867915270838,216.51631125199157,5600700
2024-11-06,243.11465454101562,244.03964592395286,231.02092224280753,231.2472451295521,23987800
2024-11-07,232.605224609375,240.66443993251144,231.46374518303176,240.5955505635385,16451100
2024-11-08,233.1956329345703,235.51794640397236,232.01479888566342,235.51794640397236,9502100
2024-11-11,235.46873474121094,238.2338740336197,235.18337240227063,236.16740324914207,9017100
2024-11-12,235.7344207763672,237.60408834295924,234.9471931175452,236.70861669336026,6861000
2024-11-13,237.30886840820312,240.1920714094279,236.47243623245984,236.7381287494199,11472600
2024-11-14,238.0075225830078,240.38887529510023,237.20062514235553,238.54874252101024,10172200
2024-11-15,241.39260864257812,242.48488350130506,237.60409882843325,237.60409882843325,11518800
2024-11-18,241.11708068847656,243.970764179552,238.80460215889798,243.80348073498322,9051400
2024-11-19,239.2080535888672,241.2351547193641,237.6926527000387,238.38147128586982,6792700
2024-11-20,236.9349365234375,240.7037763163033,234.82911119692727,240.4971232401679,9015300
2024-11-21,240.85137939453125,241.56973270788444,238.2437037135387,239.3458134330346,8783500
2024-11-22,244.58087158203125,245.1712810849187,239.14901706777525,239.71975676448324,7997300
2024-11-25,246.29307556152344,250.24888379434793,245.0827218167103,245.60425696752893,10295400
2024-11-26,245.97817993164062,246.99173045300725,244.37420492505612,246.4898801511549,6212100
2024-11-27,245.80105590820312,247.17870808762078,244.79735526640792,245.36809495307995,5472300
2024-11-29,245.732177734375,247.74944391973492,245.46648520856579,245.8699414486615,5494800
2024-12-02,242.31759643554688,246.25371982942377,241.11707759920486,245.56490123851913,8899700
2024-12-03,240.9104461669922,245.0630426480339,240.72347789821268,244.26598004123244,6657700
2024-12-04,239.5131072998047,241.43197950477787,238.36179298589246,240.79235043141367,7346300
2024-12-05,241.55987548828125,243.23272483769884,240.7136084035004,241.47131632030982,6572500
2024-12-06,243.4098663330078,243.7838028526676,240.93010444100912,241.77637155410525,5519700
2024-12-09,239.91656494140625,243.91172788665924,239.86736039469181,243.1835546497157,7076500
2024-12-10,238.9817352294922,244.00029862089497,238.3519560797779,239.9952858139524,9108300
2024-12-11,239.64102172851562,240.3692099326607,238.31257413024085,240.10351740998203,7884400
2024-12-12,237.67295837402344,240.20192474208164,237.1907778756654,239.1194848539792,6113800
2024-12-13,236.10836791992188,238.84397252074055,235.32114022566682,238.204358465163,10392700
2024-12-16,235.7541046142578,236.82669459968338,233.72700353644626,236.7676551531636,9032000
2024-12-17,234.55360412597656,235.20306811862505,232.85123488626442,234.83896647813555,8083600
2024-12-18,226.691162109375,235.25224176115174,225.8645798719305,235.18335240047244,11322400
2024-12-19,229.23983764648438,232.5855365920825,228.56085394505476,228.56085394505476,11790800
2024-12-20,233.8057403564453,235.39003065529982,227.89170522721545,228.21643721562756,32348400
2024-12-23,234.58311462402344,234.80943751615175,231.12917173281616,232.30017085119357,8611500
2024-12-24,238.44052124023438,238.61765460732107,235.2522707838708,235.6065074878048,3729100
2024-12-26,239.2572479248047,239.3753268158747,236.94476954056074,237.57454865146488,4451800
2024-12-27,237.31871032714844,239.50325994203416,236.20675069913293,238.84396109647764,5730200
2024-12-30,235.49826049804688,236.9939765173554,233.32354580275754,234.9570405498872,5723800
2024-12-31,235.8820343017578,237.58440341491865,235.2128855367701,236.21660117669234,4871000
2025-01-02,236.1674041748047,239.39502416398415,235.62618420388026,237.07271075566047,9220900
2025-01-03,239.39501953125,240.96947486799442,236.42324221532635,239.99527893918292,9491100
2025-01-06,238.2278594970703,243.01516254182832,237.96079477523764,241.04682234249225,9917800
2025-01-07,240.52259826660156,242.5898407444663,238.27730760657013,239.5038131184609,8753400
2025-01-08,240.48304748535156,241.59084921093364,237.88167547688656,240.1071797173148,8675300
2025-01-10,237.25852966308594,241.15563728448862,236.14084223994922,240.4434747195284,10256800
2025-01-13,241.55130004882812,241.8776940676564,236.39801451425024,237.06071843419522,10005300
2025-01-14,244.77578735351562,245.0230655954703,239.55327209084598,240.0181563931341,12407400
2025-01-15,249.60267639160156,250.90829772854647,241.02705323498506,247.67389393034162,18448500
2025-01-16,251.50177001953125,254.2416172912491,249.58288835965183,251.2347052800978,15292300
2025-01-17,256.3385314941406,257.78262803797566,249.39495393256828,251.37317995411405,17678100
2025-01-21,260.1663818359375,261.37310085999866,256.67481427878766,257.2386159130127,13712100
2025-01-22,259.97845458984375,260.51258405617364,257.4166555687672,260.03779895439897,9021900
2025-01-23,263.0545959472656,263.954662150952,260.9378797869831,261.80830399549814,10749700
2025-01-24,261.9566955566406,264.19210070055834,260.14663196348107,260.8192215904765,7666300
2025-01-27,262.9556884765625,263.0743772030227,259.40477654507737,261.29398593545505,7522300
2025-01-28,264.2316589355469,264.4195626333525,261.9467801555638,262.9556947251147,7375400
2025-01-29,263.677734375,267.7331037753792,262.71829354260785,264.30088040438187,7684900
2025-01-30,265.3097839355469,266.7637812150296,263.71729635071705,265.70542308815914,8753500
2025-01-31,264.389892578125,267.87158965347584,264.0535977806801,266.29890360718946,7193800
2025-02-03,263.9052429199219,265.2504523258838,258.8508898677084,258.9794492048562,8381400
2025-02-04,265.02294921875,266.9022579496441,263.92501805267267,266.9022579496441,5626000
2025-02-05,267.4858093261719,267.6935447802773,265.4086660824407,265.9823685004482,5704400
2025-02-06,273.8853759765625,273.96452191812796,268.23754935695746,269.48384136128794,7264400
2025-02-07,272.79736328125,275.51742413051505,271.7192336941451,274.25136065172507,6857900
2025-02-10,268.0892028808594,273.17322813550726,266.6549769197644,273.1435559521559,8627400
2025-02-11,271.9961853027344,273.2128052090683,266.7242260792898,267.3176999405584,7196400
2025-02-12,272.4512023925781,273.4403154451047,270.27514160288575,271.09609215493543,6683900
2025-02-13,273.31170654296875,273.9546239444663,270.82902329782263,272.5006266529158,8398700
2025-02-14,273.5787658691406,276.19003872412003,273.4403057430738,274.3502728153239,5688600
2025-02-18,276.9021911621094,276.9219625550137,273.014954205126,273.74691833724296,7919800
2025-02-19,276.2098083496094,277.19892136070916,274.2019101444902,275.349284859606,7007200
2025-02-20,263.8953552246094,275.7053677052046,262.84689778435126,275.6460233357813,13846700
2025-02-21,261.36322021484375,266.26924263014877,259.9784679949329,265.39881832468063,12835600
2025-02-24,258.49481201171875,264.0931957383756,255.79452240205484,262.59962530916187,10372800
2025-02-25,254.59768676757812,260.1367257483357,250.5917910877925,259.3751195852985,9608400
2025-02-26,255.97254943847656,258.0694640681981,254.13278365038857,254.3602904961911,5943600
2025-02-27,256.2297058105469,260.7697609592049,255.05265894761075,257.34740830941337,8204400
2025-02-28,261.7687683105469,261.92703002421206,255.08238447386998,257.89146197442295,10467100
2025-03-03,257.7826232910156,263.42057942273385,255.01311898598425,261.1258300355176,9058300
2025-03-04,247.52552795410156,254.4295475525683,243.2723390406526,252.5007651307407,13465600
2025-03-05,248.79159545898438,250.29505146775193,245.13188032196703,248.51464502219386,7861400
2025-03-06,243.8559112548828,246.64521714650218,241.19520997499043,245.40882590220278,9983200
2025-03-07,239.6422882080078,244.03395219211154,236.8134245213884,242.56016843933216,20498700
2025-03-10,229.6918182373047,234.92421927928112,226.21013630941502,233.6383844748557,18887200
2025-03-11,226.64535522460938,230.7798554676742,224.22203136097735,229.226940792582,18143000
2025-03-12,225.41883850097656,231.76895701259835,224.78580680760402,231.45243361957904,16054000
2025-03-13,222.7383575439453,227.001432133455,221.78880242888832,226.80361255317922,16467900
2025-03-14,229.909423828125,230.60179989662197,225.10233413446554,225.63644850368712,11962100
2025-03-17,231.38319396972656,233.10425600169597,227.95098578763776,228.6631332535334,9586000
2025-03-18,232.41188049316406,233.59881306276074,230.9776696760403,231.76896308666025,10344900
2025-03-19,236.50680541992188,239.69175042520317,232.33274743393625,233.17349950460147,10120600
2025-03-20,236.40789794921875,239.12795875965384,233.62849277229176,233.98457406390995,8328500
2025-03-21,238.99937438964844,239.66207827569025,233.92521996829396,235.22095555836572,19326900
2025-03-24,245.359375,245.98252103650395,241.74911848944075,242.80746157987303,9422700
2025-03-25,248.3959503173828,249.07844069615854,244.92415405885703,246.5957574288633,9287700
2025-03-26,248.2970428466797,251.89741367410434,247.06065155851644,249.84995754909292,12779300
2025-03-27,245.41871643066406,247.9112854541926,244.48894778181875,246.81336940393203,8022500
2025-03-28,240.2061004638672,246.7935816386226,238.48503839347757,244.25156905165645,11978400
2025-03-31,242.62942504882812,243.18332592114766,234.7758653126784,236.803550007372,13603000
2025-04-01,241.00726318359375,243.0151612493872,238.25753041095052,239.9785772715359,8054700
2025-04-02,243.14376831054688,244.55819267588078,238.8312349664283,238.96971018466147,7758800
2025-04-03,226.20025634765625,232.58003223448276,224.82538986943266,231.719508746669,17188500
2025-04-04,209.2718048095703,216.65622756738406,207.92827135214827,214.27768710386405,27170700
2025-04-07,213.411865234375,220.98537953301252,201.19074317352408,204.7834355582524,22914400
2025-04-08,215.8302001953125,226.74760515180634,212.22756134051636,222.4483255219985,19485700
2025-04-09,233.21644592285156,236.3413904875764,209.9883539247333,211.48116212798968,24022400
2025-04-10,226.0211181640625,229.24558940026782,219.04473318541363,228.89726140648398,18896400
2025-04-11,235.06752014160156,237.43611393057705,223.92122233367354,225.22493902067106,20284500
2025-04-14,233.59461975097656,238.6303567972165,232.5098494767974,235.96321353384425,13017800
2025-04-15,232.0122528076172,237.50577599086887,231.70374154597005,234.9680142266721,10912900
2025-04-16,228.50912475585938,232.46009162059124,226.83717169766902,230.88766518199,9322300
2025-04-17,230.84786987304688,233.21644858973698,229.44462650138817,229.69342787144265,9557900
2025-04-21,227.89210510253906,230.69857661984034,225.25480150653433,229.52424145918462,8716200
2025-04-22,234.46044921875,234.8585405116524,230.26068098881774,230.86775692306756,10701400
2025-04-23,239.72509765625,245.60675042283196,238.84931198623212,239.0682584037366,14126800
2025-04-24,243.46705627441406,244.29307860524065,236.44090835427102,238.59055573191884,9055200
2025-04-25,242.38229370117188,244.44236111433239,240.5909208295343,243.477010599773,8588600
2025-04-28,242.0538787841797,245.65651777314966,239.68528487529596,243.3874504868157,7394300
2025-04-29,243.44715881347656,244.0741431231028,240.53121405629705,241.02881679457045,7216800
2025-04-30,243.44715881347656,244.0442881736568,237.286834483951,240.05351967953112,12991700
2025-05-01,245.70626831054688,247.258786353575,241.00889746026036,241.67568327691322,8689600
2025-05-02,251.29933166503906,252.4040103613177,248.2639670829103,250.0553248082222,7165000
2025-05-05,251.34909057617188,253.93663086730422,249.38853458930066,249.97570217088762,5450700
2025-05-06,248.05496215820312,251.43865466504587,247.80616079194616,248.80136625697406,6369900
2025-05-07,248.1942901611328,251.23961645251856,247.6369775307655,248.65209135643752,8724100
2025-05-08,252.25473022460938,254.653179037873,250.3439375556287,250.3638459168891,8320100
2025-05-09,251.86660766601562,254.2849497217852,251.130150135318,253.2797976419781,5087600
2025-05-12,258.80316162109375,262.33615914353067,257.4596585787861,261.63950318945587,9603900
2025-05-13,261.7489929199219,262.40583215594387,259.14155952227264,259.7784752118559,8589000
2025-05-14,264.36639404296875,265.3615995069981,261.03244966421823,261.73903703972616,8643100
2025-05-15,266.2074890136719,268.22775480853,263.4905976451181,265.6899931271043,9214600
2025-05-16,266.27716064453125,267.1728394513035,263.44081911370307,266.2174507488304,8932900
2025-05-19,263.6100158691406,267.03352493533146,260.6741477387632,264.27678649101705,12145000
2025-05-20,264.40618896484375,265.3815012848607,261.0423895279866,261.2613359520205,8436300
2025-05-21,259.7884521484375,264.3763349238983,259.4799408732281,263.082579922779,7464000
2025-05-22,259.42022705078125,261.04238647892464,257.62883895562896,258.19611337099025,6514100
2025-05-23,259.46002197265625,260.73388382025087,254.7726124890187,255.5787265285213,6671800
2025-05-27,264.01806640625,264.0279978084463,260.73387014784373,260.7836486438675,7506600
2025-05-28,262.2266845703125,265.4412092333447,261.63951697637066,264.9634996649843,5535400
2025-05-29,263.10247802734375,264.1375002703833,261.2713035181273,263.5304091111322,5081200
2025-05-30,262.7342529296875,264.057862886016,261.47035287386933,262.18690205125534,10977700
2025-06-02,263.3910827636719,263.75930392737183,260.644305953624,261.7589312182056,6011200
2025-06-03,264.99334716796875,265.30185843117926,261.61961644821946,262.46554716432524,6998400
2025-06-04,262.95318603515625,265.83927577491863,262.9133693130791,264.64504745394464,5915700
2025-06-05,260.694091796875,263.4706932630997,259.06194020541,263.4706932630997,8173800
2025-06-06,264.4559631347656,265.37153516846195,262.99300986431126,263.0626511657531,7738100
2025-06-09,265.4610900878906,266.6155320460647,262.0873594299272,264.7246477790378,8285000
2025-06-10,267.31219482421875,267.6107443161649,264.57537978675634,264.60523473595094,7538100
2025-06-11,266.8643493652344,268.32730266845346,264.51567895803186,267.39180706659846,7434100
2025-06-12,266.95391845703125,267.00369695569367,263.86880564792295,265.58052998264776,6618000
2025-06-13,263.6796875,265.7397396319499,261.4504067124717,263.80903869240996,7098300
2025-06-16,269.063720703125,270.42717762989383,265.5705703582536,265.7198450958534,8566000
2025-06-17,268.2277526855469,269.2926297693676,266.5159981558218,266.88424967146057,6739300
2025-06-18,272.646484375,276.3884666928138,268.4268228651323,268.7054791842507,9586400
2025-06-20,273.6814880371094,275.9704483340071,272.4971911682662,274.2487624105066,13969700
2025-06-23,276.9358215332031,277.214477856322,270.80535205332694,273.7412204054367,8094600
2025-06-24,279.9114990234375,281.3545287260588,278.1698894583265,278.86651506161456,9267900
2025-06-25,282.69805908203125,282.9170054969541,279.5631679734277,280.1503355472526,6826900
2025-06-26,287.3655700683594,288.0224093016382,283.1060920108545,283.3350001951252,8942100
2025-06-27,285.7334289550781,287.31583238485587,283.67337670682673,284.4396739878663,17868600
2025-06-30,288.52001953125,291.24687278209086,287.5347758413133,289.0076604894998,12689200
2025-07-01,289.0176086425781,289.7341577572893,285.2159166625477,289.4953181761386,9338300
2025-07-02,290.6000061035156,291.4160819029091,288.3110456012049,290.63982282748304,8158700
2025-07-03,296.0,296.3999938964844,291.2099914550781,292.1499938964844,6541600
2025-07-07,291.9700012207031,296.0400085449219,290.0799865722656,295.25,8825700
2025-07-08,282.7799987792969,289.70001220703125,280.30999755859375,289.2699890136719,15440900
2025-07-09,283.1600036621094,287.20001220703125,282.4800109863281,287.17999267578125,11273800
2025-07-10,288.19000244140625,288.30999755859375,283.0,283.0,8410900
2025-07-11,286.8599853515625,287.3800048828125,283.6499938964844,285.5199890136719,7384700
2025-07-14,288.70001220703125,289.29998779296875,285.260009765625,287.07000732421875,9079900
2025-07-15,286.54998779296875,291.95001220703125,285.4800109863281,288.0,12526100
2025-07-16,285.82000732421875,290.7300109863281,283.010009765625,288.3999938964844,9979800
2025-07-17,289.8999938964844,290.29998779296875,283.44000244140625,283.44000244140625,8509500
2025-07-18,291.2699890136719,292.5,288.2300109863281,289.5199890136719,12217000
2025-07-21,290.9700012207031,294.17999267578125,290.5799865722656,291.0,7898100
2025-07-22,291.42999267578125,293.625,289.17999267578125,291.5,6709938
