Price,Close,High,Low,Open,Volume
Ticker,MSFT,MSFT,MSFT,MSFT,MSFT
Date,,,,,
2010-01-04,23.211444854736328,23.323939452084318,22.941456676744014,22.96395616839218,38409100
2010-01-05,23.21894073486328,23.323936920712956,22.978951905114762,23.13644546866614,49749600
2010-01-06,23.076444625854492,23.30893358924217,22.888953203344357,23.158939879055648,58182400
2010-01-07,22.836456298828125,23.023947725155296,22.641465043794337,22.971448924208996,50559700
2010-01-08,22.99395179748535,23.158943761997055,22.678966097638444,22.708965416883995,51197400
2010-01-11,22.70147132873535,23.06895449975965,22.588976714004914,23.03145534121841,68754700
2010-01-12,22.551467895507812,22.798956514081294,22.43147350046891,22.61146509302726,65912100
2010-01-13,22.761457443237305,22.88895165916075,22.506469011390415,22.693960421251603,51863500
2010-01-14,23.21894073486328,23.323936920712956,22.693965527399957,22.731463245630817,63228100
2010-01-15,23.14394187927246,23.428928214885314,23.031445880306762,23.308933817738215,79913200
2010-01-19,23.323932647705078,23.42892738387317,23.008947008754806,23.06144437683885,46575700
2010-01-20,22.941450119018555,23.203938391430214,22.731459215000026,23.106442052603537,54849500
2010-01-21,22.506473541259766,23.038948565822533,22.49897371170232,22.956453301583057,73086700
2010-01-22,21.71900749206543,22.64896628337057,21.629012402872128,22.49897256078686,102004600
2010-01-25,21.988990783691406,22.24397919772705,21.823998869498983,21.92899359394454,63373000
2010-01-26,22.123991012573242,22.386479327625224,21.816505150224025,21.899001845640825,66639900
2010-01-27,22.251482009887695,22.363976576946467,21.764004599002334,22.011493218710044,63949500
2010-01-28,21.86900520324707,22.401481728133895,21.666514069961387,22.378982236508904,117513700
2010-01-29,21.134031295776367,22.438971296458373,20.74404883200127,22.423971640825663,193888500
2010-02-01,21.306528091430664,21.359025468135144,20.93904502405308,21.291528432244746,85931100
2010-02-02,21.34402084350586,21.374020154898698,21.10403207414676,21.276525253763776,54413700
2010-02-03,21.47151756286621,21.591513392001353,21.089036311073563,21.19403105231499,61397900
2010-02-04,20.87904167175293,21.374018835615733,20.85654218959705,21.284022337438035,77850000
2010-02-05,21.0140438079834,21.20903510386308,20.67655859772119,20.99904414742811,80960100
2010-02-08,20.789051055908203,21.05903919638955,20.676556474189713,21.006541820284,52820600
2010-02-09,21.006540298461914,21.254028932491725,20.811549036734473,20.97654098260564,59195800
2010-02-10,20.991533279418945,21.1790246464346,20.879038745298676,21.021532584755345,48591300
2010-02-11,21.089035034179688,21.29902450394815,20.774049399081015,20.946541157946818,65993700
2010-02-12,20.946548461914062,21.044043402524615,20.684060102728996,20.85655192174192,81117200
2010-02-16,21.360950469970703,21.376020268274683,21.112304546495277,21.19518556289704,51935600
2010-02-17,21.541786193847656,21.586994156777973,21.368487805002097,21.496578230917343,45882900
2010-02-18,21.82810401916504,21.873313416767107,21.481507260360107,21.54178502002771,42856500
2010-02-19,21.677410125732422,21.790430744357636,21.61713236665663,21.692479924785154,44451800
2010-02-22,21.647279739379883,21.8055098224963,21.58700195465357,21.73016223230447,36707100
2010-02-23,21.34588050842285,21.72261684033087,21.16504724156321,21.609596228185474,52266200
2010-02-24,21.57192611694336,21.692483089819902,21.38355791270582,21.48904508433088,43165900
2010-02-25,21.549320220947266,21.586993282340607,21.11230609796268,21.300674279199747,48735300
2010-02-26,21.602062225341797,21.737687540397268,21.481506709100294,21.586992426527832,40370600
2010-03-01,21.865781784057617,21.888385049100574,21.49658027129053,21.677413577311018,43805400
2010-03-02,21.443832397460938,22.076749581768365,21.27806892047952,21.910986104786943,93123900
2010-03-03,21.443832397460938,21.556854452407723,21.36095137753779,21.481506894821575,48442100
2010-03-04,21.57192611694336,21.586995918194845,21.30067688009334,21.44383568057642,42890600
2010-03-05,21.541786193847656,21.60959885681074,21.41369576793241,21.594529056788893,56001800
2010-03-08,21.57192611694336,21.797968824309613,21.47397528307939,21.48904508433088,39414500
2010-03-09,21.700014114379883,21.933591696119386,21.511645931313616,21.519180831092488,50271600
2010-03-10,21.82810401916504,21.93359117643471,21.700013600229486,21.745222997831554,44891400
2010-03-11,21.98633575439453,21.993870654583613,21.737689796695932,21.76782796031699,35349700
2010-03-12,22.054153442382812,22.13703448907054,21.880855009966414,22.091826514774,31700200
2010-03-15,22.0692195892334,22.129497357352378,21.858246682249295,21.986337119144043,37512000
2010-03-16,22.12950325012207,22.219919207809337,22.001412779118663,22.167176326302474,36723500
2010-03-17,22.325401306152344,22.506236066114678,22.152102884751898,22.227450461880288,50385700
2010-03-18,22.31032371520996,22.39320472235829,22.227441270926725,22.325392074696538,43845200
2010-03-19,22.295257568359375,22.528833705689497,22.114424290703617,22.423347986340758,81332100
2010-03-22,22.302791595458984,22.37813915081854,22.144561585490404,22.227444040099428,37718200
2010-03-23,22.513771057128906,22.528840861003612,22.15963928888694,22.295264649488082,42026600
2010-03-24,22.340473175048828,22.491168343241874,22.302800101568383,22.393216052775703,33987700
2010-03-25,22.611719131469727,23.033663501382648,22.4534890945428,22.476093796142454,73168700
2010-03-26,22.347999572753906,22.75487550975917,22.29525671509806,22.67199305507993,55595500
2010-03-29,22.295257568359375,22.468555946470914,22.265117970182512,22.38567348861968,33336000
2010-03-30,22.43088722229004,22.498699894162584,22.2274492066724,22.32540004541307,34954800
2010-03-31,22.0692195892334,22.393211694663314,21.978802218487253,22.332933926544335,63760000
2010-04-01,21.971269607543945,22.25759011379921,21.564394989622652,22.114429860671578,74768100
2010-04-05,22.054153442382812,22.174708998597318,21.87332010806106,21.948666252843427,34331200
2010-04-06,22.091819763183594,22.287722841445152,21.83563892523657,21.96372934421008,47366800
2010-04-07,22.114423751831055,22.272652326998536,21.956193739528473,21.97126353824969,58318800
2010-04-08,22.54390525817871,22.589113221825013,22.076751510049434,22.09182131030995,63713800
2010-04-09,22.860361099243164,22.913103956608705,22.528832719486086,22.56650721555796,54752500
2010-04-12,22.84528350830078,22.973373876983434,22.76240108234889,22.792540668925792,37068800
2010-04-13,22.9432430267334,22.98091608480529,22.702130568814134,22.717200366896908,41374600
2010-04-14,23.222030639648438,23.35765596876355,23.10147511090951,23.19942737621943,68941200
2010-04-15,23.259702682495117,23.319980440494405,23.13914572936143,23.222028185536118,52745400
2010-04-16,23.10901641845703,23.34259264050969,23.05627353965182,23.199433808648585,88703100
2010-04-19,23.387794494628906,23.546023079900948,23.176821610464323,23.184356510306117,64970300
2010-04-20,23.62890625,23.689184013407743,23.455606422709394,23.523419086185015,52199500
2010-04-21,23.606300354003906,23.73439077439877,23.530952794277194,23.606300354003906,55343100
2010-04-22,23.651512145996094,23.756999321554098,23.28231062438159,23.38779779993959,84847600
2010-04-23,23.327516555786133,23.794670311261278,23.0939403966162,23.448073522630747,126766600
2010-04-26,23.440542221069336,23.568632670692384,23.25217399733753,23.357659742743984,63649300
2010-04-27,23.244638442993164,23.546027305070982,23.169290868189847,23.319986017796484,68730900
2010-04-28,23.289844512939453,23.35765718101646,23.071338144685484,23.297379413518605,64557900
2010-04-29,23.357656478881836,23.681650008369264,23.109010515785602,23.30491361354859,52665200
2010-04-30,23.01105308532715,23.417927527721375,22.995983288944245,23.410392629529923,63214800
2010-05-03,23.25217056274414,23.402864257189222,23.041197665958684,23.109010331456318,43989500
2010-05-04,22.702133178710938,23.018591789154897,22.415814167897455,22.99598852656725,82085600
2010-05-05,22.491165161132812,22.671998475098313,22.370609618489144,22.430887389810977,66833800
2010-05-06,21.835643768310547,22.513769074461806,21.029428014775732,22.29526268606367,128613000
2010-05-07,21.255470275878906,21.81304149853836,20.584879840353683,21.797971695302046,173718100
2010-05-10,21.80550193786621,22.212376478363524,21.632202111947592,21.858244800788526,86653300
2010-05-11,21.760295867919922,22.340470323123284,21.52671968046049,21.609602156099672,63789400
2010-05-12,22.18223762512207,22.28772334768383,21.79043145969955,21.835639421206707,47146800
2010-05-13,22.031543731689453,22.40074521836562,21.986335767662954,22.04661353207671,45188800
2010-05-14,21.797964096069336,22.00893551928652,21.57945633672578,22.001402057430223,63334000
2010-05-17,21.80550193786621,22.024008289563696,21.436300460274772,21.941127263743724,46053300
2010-05-18,21.64655876159668,21.949307542423334,21.49518364937332,21.850914730012192,52690600
2010-05-19,21.37408447265625,21.714677758696734,21.033492630235852,21.58600934437256,61746700
2010-05-20,20.518814086914062,21.071330669483235,20.465833242506026,20.927524489218744,87991100
2010-05-21,20.31446647644043,20.518822483023193,20.011717639069847,20.15552243455817,117596300
2010-05-24,19.88304901123047,20.329604083408686,19.875480109916563,20.322035182094783,73711700
2010-05-25,19.731670379638672,19.928457448107473,19.209427830379934,19.413783798822926,98373600
2010-05-26,18.92938804626465,20.14038476029251,18.588794724199857,19.85277230085552,176684100
2010-05-27,19.678691864013672,19.951166521012336,19.474335871264675,19.474335871264675,136433600
2010-05-28,19.52731704711914,19.769517548126878,19.421355320417177,19.557592651102702,67496900
2010-06-01,19.59543228149414,19.913318849561463,19.315390211780073,19.322959111450725,76152400
2010-06-02,20.0268497467041,20.041987546264096,19.474333055344545,19.724100973604347,65718800
2010-06-03,20.329605102539062,20.382585970772038,19.989011744440823,20.09497348090677,67837000
2010-06-04,19.519744873046875,20.110104571870934,19.39107647444831,19.754374972743104,89832200
2010-06-07,19.141315460205078,19.55002605686624,19.10347095076025,19.542457154977274,80456200
2010-06-08,19.005075454711914,19.118606079923076,18.6569132346281,19.111037179092968,87355000
2010-06-09,18.762874603271484,19.315391318301,18.732599002854485,19.08832864603374,87794000
2010-06-10,18.921817779541016,19.035348397494236,18.7553063027843,19.02021059680177,78930900
2010-06-11,19.421354293823242,19.4667662537779,18.74773802061847,18.9520940058447,68057700
2010-06-14,19.30025291442871,19.64841364661412,19.27754621482617,19.57272753517906,50972400
2010-06-15,20.117671966552734,20.170652813139434,19.48189892027271,19.489467818873635,81641500
2010-06-16,19.92088508605957,20.117672120328525,19.852766441750322,20.03441567870171,48698000
2010-06-17,19.958736419677734,20.185797682781203,19.708968452815796,20.102541212620455,47995500
2010-06-18,20.01171112060547,20.079829767277936,19.807355180588072,19.958730271775742,52075600
2010-06-21,19.640850067138672,20.352309471674587,19.59543665896975,20.269054443938874,54625300
2010-06-22,19.504610061645508,20.01928373485679,19.497041161319444,19.799789956261336,55985400
2010-06-23,19.15644645690918,19.512177527990264,19.088327802600887,19.512177527990264,61466200
2010-06-24,18.921817779541016,19.46676561188855,18.86883692073752,19.269978533746908,85243400
2010-06-25,18.56608772277832,19.005073828008793,18.399574806008765,18.959660426915224,156256700
2010-06-28,18.399578094482422,18.626640809671866,18.25577329617817,18.550953237942053,73784800
2010-06-29,17.6427001953125,18.316317802181192,17.491326538966007,18.26333550665898,119882100
2010-06-30,17.415637969970703,17.922742648480963,17.370226020085862,17.63513026409731,81050500
2010-07-01,17.529172897338867,17.650272422697807,17.20371738157914,17.47619203544686,92239400
2010-07-02,17.612424850463867,17.7713673954223,17.445911963037112,17.680543496480293,62485100
2010-07-06,18.028705596923828,18.233061551013684,17.847056341161718,17.937881690852752,73592000
2010-07-07,18.39200782775879,18.407145629705187,17.86976665319036,18.028709242766773,79965300
2010-07-08,18.475257873535156,18.63420185148884,18.142233564562478,18.619064054803776,50758100
2010-07-09,18.369298934936523,18.475260640361135,18.278473584844022,18.41471088817279,53806100
2010-07-12,18.793149948120117,18.838561907996354,18.482832242328836,18.490401142911573,49854200
2010-07-13,19.020212173461914,19.14888060277343,18.84613178192876,19.027781074435563,61928700
2010-07-14,19.25484275817871,19.383511180710233,19.012643714265298,19.300254718007434,72808100
2010-07-15,19.307823181152344,19.368372940758906,18.906680121496272,19.300254280749005,56934700
2010-07-16,18.838565826416016,19.406220495611713,18.830996924258947,19.3078276548108,65064800
2010-07-19,19.095895767211914,19.148876619386016,18.853696760918897,18.8915398142947,38181800
2010-07-20,19.28511619567871,19.28511619567871,18.694756409121684,18.815855926549798,45530700
2010-07-21,19.012638092041016,19.41377959854355,18.90667495894811,19.37593655048021,73297300
2010-07-22,19.55759048461914,19.671121099740688,19.2775469532739,19.307822553903698,73016400
2010-07-23,19.534879684448242,19.693823667157616,19.1110314699229,19.557586380155236,108520100
2010-07-26,19.754379272460938,19.83006683698474,19.527316578889533,19.572729983775943,67249900
2010-07-27,19.799785614013672,19.86033535972302,19.6484105279304,19.784647816681385,60672100
2010-07-28,19.640850067138672,19.822499368953395,19.55002469442115,19.73167399623587,69704800
2010-07-29,19.701396942138672,19.98900793355072,19.375941449474965,19.777083057401764,69446200
2010-07-30,19.534879684448242,19.557586380155236,19.186719011993087,19.48946773665405,83534800
2010-08-02,19.92845916748047,19.966302226996362,19.489473036443254,19.671122320635874,55044600
2010-08-03,19.799785614013672,19.9435918014308,19.65597942659655,19.830061208678252,56877700
2010-08-04,19.474336624145508,19.860341921943228,19.254844264782268,19.792223255060083,78531900
2010-08-05,19.20185661315918,19.36079915062661,19.080755680910947,19.292680507820634,64922100
2010-08-06,19.338096618652344,19.345665518773682,18.93695501756203,19.058054532263267,55982100
2010-08-09,19.38351058959961,19.474334506487327,19.20186131220404,19.33809718753562,57096500
2010-08-10,18.974794387817383,19.17915032052766,18.83098820069313,19.171581421876933,87257700
2010-08-11,18.81584930419922,18.84612345109102,18.588786706222454,18.679612034137083,76746900
2010-08-12,18.53581428527832,18.67962051828405,18.437421458666147,18.482833421439437,70240500
2010-08-13,18.467689514160156,18.672045444513277,18.346590024384923,18.429846464962818,45263500
2010-08-16,18.543380737304688,18.626637194410193,18.392005623225597,18.43741902362137,40909700
2010-08-17,18.802085876464844,18.992313381251357,18.718386761256845,18.802085876464844,52912600
2010-08-18,18.885791778564453,18.98471092173943,18.573818698682302,18.77926481021087,46818900
2010-08-19,18.596643447875977,18.824915899772012,18.421633020013434,18.73360749954194,54064600
2010-08-20,18.43684959411621,18.566204356676412,18.41402322216604,18.4977223381845,49560100
2010-08-23,18.474903106689453,18.748829835207676,18.444465997231173,18.596648641880055,51643000
2010-08-24,18.29228401184082,18.528165794643684,18.261846903700476,18.33032894569505,66522500
2010-08-25,18.33793830871582,18.429246730922593,18.162929290051835,18.261846989329374,47404800
2010-08-26,18.124874114990234,18.40641142479143,18.102047746168854,18.330320142305663,49105300
2010-08-27,18.208581924438477,18.277063960824165,17.888999571745625,18.170535542379163,60939400
2010-08-30,17.9879150390625,18.12487909490444,17.957479388498122,18.06400634245479,45453100
2010-08-31,17.858558654785156,18.056395445308702,17.744422435607934,17.957477775707314,66074600
2010-09-01,18.185758590698242,18.223804982162576,17.91183182876224,18.01074954392663,65235900
2010-09-02,18.216188430786133,18.223797706040884,18.04117800256859,18.17053277925763,48837100
2010-09-03,18.482505798339844,18.604251290149907,18.41402377778159,18.444459425073735,64189100
2010-09-07,18.231407165527344,18.490116742114445,18.200971513098796,18.33793557732973,51928700
2010-09-08,18.208581924438477,18.41402803359554,18.064008575255237,18.3151088915624,65512400
2010-09-09,18.269451141357422,18.421632286118456,18.25423259148508,18.40641518756691,46028900
2010-09-10,18.147708892822266,18.284672963543507,18.102054686355537,18.246626582053686,58284300
2010-09-13,19.106454849243164,19.24341891217008,18.330326126871295,18.414026710064626,114680400
2010-09-14,19.04557991027832,19.289070904758837,18.939051511702488,19.053189185270934,87160400
2010-09-15,19.11406898498535,19.19015886033912,18.961886331635128,19.09885042938606,56201900
2010-09-16,19.27385139465332,19.304288493107574,19.06079605943574,19.068405334049306,44548300
2010-09-17,19.190153121948242,19.426036309237574,19.083626167250422,19.327117178743105,70341600
2010-09-20,19.349939346313477,19.418421354682945,19.106448406031138,19.23580314947119,49838700
2010-09-21,19.136892318725586,19.342338432626242,19.083628833933812,19.342338432626242,52675700
2010-09-22,18.725996017456055,18.999922637185055,18.535768512853927,18.9390498937652,94299400
2010-09-23,18.589038848876953,18.710784380690473,18.53577536012369,18.64991161478371,46201800
2010-09-24,18.855356216430664,18.870573318183652,18.703173588331964,18.748827796233133,51948800
2010-09-27,18.817312240600586,19.01514910190506,18.71078525809867,18.908622119403145,43603300
2010-09-28,18.779260635375977,18.946660327191267,18.52816037199265,18.87056903043131,56041200
2010-09-29,18.64229965209961,18.764045166374988,18.566208342847247,18.741217338202976,44318900
2010-09-30,18.634685516357422,18.89339502955476,18.5357678560505,18.725995353912037,61262700
2010-10-01,18.55098533630371,18.885786145829744,18.490112593782676,18.847741225999346,62672300
2010-10-04,18.1933650970459,18.254237862792802,18.09444739695263,18.231410031392258,98143400
2010-10-05,18.528165817260742,18.604257136383282,18.193364883914278,18.307501136937493,78152900
2010-10-06,18.589038848876953,18.672739446244204,18.360764888235686,18.5053382515097,50489700
2010-10-07,18.665122985839844,18.832522664829558,18.4748954841749,18.733605002544877,50096100
2010-10-08,18.695566177368164,18.75643894441773,18.54338498540487,18.733612563849924,41327800
2010-10-11,18.710784912109375,18.824921170011066,18.642302867104107,18.824921170011066,27587800
2010-10-12,18.893409729003906,18.96950107761323,18.589045785888366,18.75644559177147,50141500
2010-10-13,19.281461715698242,19.433644313587205,18.939051596108484,19.037970720132556,75336500
2010-10-14,19.197765350341797,19.281465942662,19.022756340327852,19.2434210105098,51949100
2010-10-15,19.433650970458984,19.44125879677071,19.197767717798726,19.296686875706914,68954800
2010-10-18,19.646699905395508,19.74561903796052,19.365163961709417,19.471690918637027,48330500
2010-10-19,19.098840713500977,19.304286755613695,18.984704507211887,19.228195467647435,66150900
2010-10-20,19.258630752563477,19.327112765322777,19.098840357005493,19.22058583495079,56283600
2010-10-21,19.342334747314453,19.43364459764666,19.060797372500918,19.327116197038947,50032400
2010-10-22,19.31189727783203,19.433644226389415,19.22819815555739,19.41842567640464,25837900
2010-10-25,19.167329788208008,19.289075313273184,19.152111234744577,19.20537472054545,50912400
2010-10-26,19.707578659057617,19.760842153736256,19.068413820271196,19.114069488271213,69304200
2010-10-27,19.82170295715332,19.867358597584346,19.49451290865398,19.623867653900884,64805500
2010-10-28,19.996715545654297,20.072805385446998,19.72278747817444,19.943450625950472,80730300
2010-10-29,20.293474197387695,20.696757108083997,20.148900859391517,20.658710728968703,114193200
2010-11-01,20.506526947021484,20.711971562717252,20.316299429707076,20.453262023063996,61912100
2010-11-02,20.841323852539062,20.864151674375886,20.559787973154624,20.590223617616445,54402100
2010-11-03,20.567407608032227,20.917425677929838,20.5141426635805,20.894597844593385,110255300
2010-11-04,20.651103973388672,20.871768645224197,20.552186278259015,20.85655009172082,93599300
2010-11-05,20.430435180664062,20.689144714376276,20.18694419630451,20.673926165023616,110953700
2010-11-08,20.39999771118164,21.967473434318162,20.224988750769153,20.301080044828716,71670800
2010-11-09,20.506526947021484,20.628272441997044,20.323907253237365,20.399998550427284,58538600
2010-11-10,20.49892234802246,20.605449317594932,20.400003203715645,20.552185832808696,52277300
2010-11-11,20.30108070373535,20.331516351554583,19.996716968939175,20.30108070373535,62073100
2010-11-12,19.98910903930664,20.17933656777057,19.859754261898335,20.141290191285265,64962200
2010-11-15,19.93584442138672,20.16411686193694,19.913016596803384,20.034762091939605,51794600
2010-11-16,19.7597599029541,19.93584566487468,19.63726634871965,19.93584566487468,65339200
2010-11-17,19.57602310180664,19.83632231655499,19.560711039706476,19.82866628550491,58299700
2010-11-18,19.782726287841797,19.966466603365745,19.606642001327792,19.68319937095077,59514000
2010-11-19,19.667888641357422,19.775070126301852,19.59898584096794,19.752102039425953,52423200
2010-11-22,19.698516845703125,19.706172876818336,19.476497784316503,19.63727005702006,53350500
2010-11-23,19.231508255004883,19.598988941729186,19.208540164495197,19.5760208512195,69742500
2010-11-24,19.422901153564453,19.491802492289406,19.26212746923774,19.292751584438328,56825900
2010-11-26,19.331026077270508,19.453519591040124,19.2697793203857,19.30040196870917,21356500
2010-11-29,19.376964569091797,19.46117942386605,19.086042782057895,19.28509514591821,56603600
2010-11-30,19.338682174682617,19.49945436450024,19.13962984902422,19.17790852462712,75282100
2010-12-01,19.935842514038086,20.09661473097156,19.56836044917649,19.576016477635914,74123500
2010-12-02,20.58658790588379,20.65549069855201,20.058335109078154,20.08895776124289,91759200
2010-12-03,20.68611717224121,20.716739827901474,20.502376857564983,20.525343484250623,52622000
2010-12-06,20.548309326171875,20.655490799630027,20.48706256130464,20.617212119177275,36264200
2010-12-07,20.57128143310547,20.77033236266797,20.555969373835016,20.73205367473018,57860500
2010-12-08,20.846887588500977,20.854543616810325,20.517685672389437,20.540653757317482,41666800
2010-12-09,20.73204803466797,20.931100370317502,20.67845730203885,20.885165665240823,47148300
2010-12-10,20.931110382080078,20.97704510912824,20.75502604486325,20.81627283434035,37625800
2010-12-13,20.86220359802246,21.015321272745496,20.80095682018092,20.87751565754244,47943900
2010-12-14,21.145471572875977,21.244997042642915,20.869860333154588,20.908139023009927,64070500
2010-12-15,21.321556091308594,21.428737592143484,21.076568969264034,21.076568969264034,69634200
2010-12-16,21.428733825683594,21.428733825683594,21.176090717951606,21.252649545193638,57680200
2010-12-17,21.359838485717773,21.505300162246808,21.245000934874298,21.37515054856055,87456500
2010-12-20,21.290929794311523,21.428735401433002,21.191404333745055,21.398112744427273,52811000
2010-12-21,21.48998260498047,21.543573350989767,21.252651532551443,21.321554337488628,38153000
2010-12-22,21.581857681274414,21.742629950462963,21.421083951847272,21.44405204469075,42252300
2010-12-23,21.66606903076172,21.681381091194112,21.405769844364855,21.41342587458105,24902500
2010-12-27,21.48998260498047,21.58950952777343,21.34452096564215,21.52826275230019,21652800
2010-12-28,21.444047927856445,21.566541479028114,21.405767780466352,21.413423809944373,23042200
2010-12-29,21.41343116760254,21.528270188993208,21.34452833886366,21.390464531515455,19502500
2010-12-30,21.321556091308594,21.43639362223718,21.267965340891152,21.37514684172604,20786100
2010-12-31,21.367494583129883,21.375150614574917,21.15313008338499,21.283279697473194,24752000
2011-01-03,21.42108154296875,21.574199224229424,21.37514682268592,21.474672293338458,53443800
2011-01-04,21.505298614501953,21.56654540122643,21.321558254328522,21.39046107192338,54405600
2011-01-05,21.43639373779297,21.444049767927936,21.26030942540404,21.359834896681736,58998700
2011-01-06,22.064178466796875,22.087146562261214,21.329216934803163,21.467022587111675,88026300
2011-01-07,21.895750045776367,22.002931570301435,21.627794774224945,21.926372712681207,73762000
2011-01-10,21.604814529418945,21.742620103592763,21.46701041548306,21.635438639341096,57573600
2011-01-11,21.520612716674805,21.62779423854519,21.47467652709717,21.589515540802545,50298900
2011-01-12,21.857458114624023,21.888082225273756,21.489977548255034,21.5282576865672,52631100
2011-01-13,21.581857681274414,21.734973919515134,21.44405204469075,21.68903919406678,67077600
2011-01-14,21.66606903076172,21.727315812252836,21.367491153522327,21.49764074672076,62688400
2011-01-18,21.941680908203125,22.0029276914545,21.543576086949948,21.558888147822415,53322700
2011-01-19,21.796215057373047,21.95698874512833,21.643098858819393,21.788559028409633,50005900
2011-01-20,21.704355239868164,21.85747150621388,21.535925448577355,21.819192804687166,58613600
2011-01-21,21.45171356201172,21.765603609958386,21.45171356201172,21.742635511240717,58080300
2011-01-24,21.7273006439209,21.865106171130297,21.428722975125496,21.45169104973954,52047800
2011-01-25,21.78090476989746,21.78090476989746,21.528261651459374,21.543572249366047,42436600
2011-01-26,22.033550262451172,22.194322509581244,21.81918580603935,21.826841835936744,74628800
2011-01-27,22.102458953857422,22.554153156114843,21.811535581280825,22.01058803087566,146938600
2011-01-28,21.2449893951416,22.148380168825327,21.015314418208202,22.12541208703683,141249400
2011-01-31,21.22968864440918,21.359838256699984,20.992357513845477,21.26031276976639,65029000
2011-02-01,21.428733825683594,21.482324566681566,21.137812034449677,21.283272199947547,62810700
2011-02-02,21.390453338623047,21.520602895889354,21.34451717000808,21.38279731052055,45824000
2011-02-03,21.168439865112305,21.413427003998233,21.08422644876935,21.413427003998233,60340100
2011-02-04,21.26030921936035,21.31389996954731,21.06125681849563,21.206718469173392,40412200
2011-02-07,21.589509963989258,21.696691458173454,21.275620050816958,21.283274620197254,68980900
2011-02-08,21.650754928588867,21.69668964221772,21.47466918257488,21.5129493274641,34904200
2011-02-09,21.41343116760254,21.63545171803643,21.367496435189558,21.581860953514816,52905100
2011-02-10,21.05359649658203,21.39045444939402,20.89282427879516,21.38279842089396,76672400
2011-02-11,20.86220359802246,21.290931042913243,20.724397982819404,21.25265235435167,83939700
2011-02-14,20.846887588500977,20.877511701738374,20.632524636791576,20.83157553188228,56766200
2011-02-15,20.762182235717773,21.047123820005762,20.75448242189088,20.823792497288785,44116500
2011-02-16,20.808385848999023,20.846890786056214,20.48493938356337,20.83148822368566,70817900
2011-02-17,20.954710006713867,21.07792906163438,20.723677400085577,20.769883627637338,57207300
2011-02-18,20.839189529418945,20.954705809595783,20.7852820299277,20.89309702891019,68667800
2011-02-22,20.47723960876465,20.869996164891322,20.423332105371255,20.6235610243105,60889000
2011-02-23,20.47723960876465,20.685169809455704,20.354022038474238,20.43103338712307,60234100
2011-02-24,20.615861892700195,20.83919321131803,20.407931670322952,20.51574668835436,64494200
2011-02-25,20.44643783569336,20.75448328081899,20.407932889487427,20.723678148758612,53006300
2011-02-28,20.46953582763672,20.68516728375051,20.415628330825555,20.554248447693766,51379900
2011-03-01,20.14609146118164,20.623560638783378,20.138390179573793,20.48494050758064,60055000
2011-03-02,20.0844783782959,20.307811090513454,20.053674727327003,20.107582218174286,48658200
2011-03-03,20.176895141601562,20.330916356112535,20.161492579489714,20.223101359067936,68271500
2011-03-04,19.984365463256836,20.207696715396995,19.868847728186424,20.19229415487174,70437200
2011-03-07,19.807252883911133,20.230814783000948,19.676333965119017,20.122998252373876,64980400
2011-03-08,19.95356559753418,20.038278233865512,19.753336664577017,19.845750583199322,50549800
2011-03-09,19.93816566467285,20.007475745570755,19.761040555209142,19.87655686708245,39789100
2011-03-10,19.568510055541992,19.799542645952343,19.5223038312338,19.730234043924746,66549500
2011-03-11,19.776445388793945,19.907364282289457,19.530010170183516,19.568515122265232,49905800
2011-03-14,19.78413963317871,19.838047134459075,19.522301939357593,19.63011694191832,54473400
2011-03-15,19.55311393737793,19.61472274638971,19.252771177054242,19.314379986066022,76067300
2011-03-16,19.091047286987305,19.46840139975664,19.00633462961488,19.422193694533625,100725400
2011-03-17,19.08333396911621,19.422181447194177,19.06023013107364,19.29896391537149,62497000
2011-03-18,19.098739624023438,19.39138243370297,19.098739624023438,19.298968528312276,85486700
2011-03-21,19.50689697265625,19.699424578572266,19.368276861377666,19.39138070288045,46878100
2011-03-22,19.483797073364258,19.607014648571937,19.429889567819565,19.483797073364258,30895600
2011-03-23,19.66862678527832,19.722534295976327,19.39138648012342,19.42989142523071,43969000
2011-03-24,19.876554489135742,19.92276218345265,19.63782061064274,19.714831965634833,38696700
2011-03-25,19.730234146118164,19.984370584433613,19.707130299409705,19.968968019961306,57029800
2011-03-28,19.568510055541992,19.807243928148605,19.5454062089532,19.76103770384041,48973200
2011-03-29,19.63011360168457,19.653217442103085,19.483792216771974,19.51459733732999,40763500
2011-03-30,19.7225341796875,19.807245352197963,19.637821538307545,19.71483289693755,41999300
2011-03-31,19.55311393737793,19.7764467880893,19.51460898257177,19.71483797907752,63233700
2011-04-01,19.622419357299805,19.66092577180407,19.491500485724348,19.66092577180407,63114200
2011-04-04,19.67633056640625,19.761043225365718,19.568515523272232,19.599320660664695,35433700
2011-04-05,19.85345458984375,20.161498579406537,19.82264945645267,19.884258254365225,73651100
2011-04-06,20.138385772705078,20.26160331372851,19.915054530425962,20.00746695175906,65581400
2011-04-07,20.176895141601562,20.223101359067936,19.99976861505365,20.16919386054564,46134700
2011-04-08,20.076778411865234,20.23850236385688,19.992065795637753,20.153789747629396,39887600
2011-04-11,20.00747299194336,20.215403206019644,19.868852849225835,20.1691969814036,34286300
2011-04-12,19.74563217163086,19.907356135706106,19.67632211115135,19.891953573628623,36920400
2011-04-13,19.737930297851562,19.922758099492558,19.68402280106841,19.7533328594665,38144700
2011-04-14,19.576204299926758,19.591606858781933,19.32206795429179,19.576204299926758,55239900
2011-04-15,19.537700653076172,19.684020565190448,19.391379272092944,19.607009234732487,65080400
2011-04-18,19.314369201660156,19.468391872624164,19.037128981472563,19.329771762530367,58045100
2011-04-19,19.3682804107666,19.3836829745911,19.152650392700973,19.25276411982154,38892400
2011-04-20,19.838050842285156,20.022877225021006,19.645523176659953,19.668627025328004,61608600
2011-04-21,19.653221130371094,19.938161204661736,19.530003562753095,19.86115132655244,46892300
2011-04-25,19.7225341796875,19.73023546243745,19.51460395204733,19.68402776593775,33525100
2011-04-26,20.169193267822266,20.36172088195494,19.768735477897714,19.8226429748358,69200000
2011-04-27,20.315513610839844,20.323214891826332,20.122985992785043,20.253904831817074,52689000
2011-04-28,20.56965446472168,20.69287351833411,20.330920577890886,20.377126804952127,80200000
2011-04-29,19.961257934570312,20.515736791216884,19.529996601622976,20.44642675052747,319317900
2011-05-02,19.761032104492188,20.022869749495104,19.62241200197665,19.97666353827958,89825600
2011-05-03,19.876554489135742,19.90735961868035,19.630119328256587,19.714831965634833,71892900
2011-05-04,20.06907844543457,20.215399846080036,19.861149734786874,19.907355951723122,73292300
2011-05-05,19.86115264892578,20.084483954277022,19.776440014722187,20.061380107984398,55600000
2011-05-06,19.922760009765625,20.192297519525727,19.830346100084117,20.07678123407579,55993000
2011-05-09,19.891958236694336,19.992071975928273,19.768740648928176,19.868854388162113,38696400
2011-05-10,19.768735885620117,19.907356005673687,19.445289428451503,19.545403143562886,120798700
2011-05-11,19.53000259399414,19.761035154600517,19.414484844821757,19.753333873397743,78600000
2011-05-12,19.49919891357422,19.55310641711759,19.32977512117086,19.52230275889394,77400000
2011-05-13,19.27586555480957,19.499196826856377,19.214256776086057,19.468393171929193,66812300
2011-05-16,18.921613693237305,19.306668921732552,18.867706196267033,19.221956301425475,91350900
2011-05-17,19.00688934326172,19.146418128676,18.813099692074704,18.91386966015296,82882100
2011-05-18,19.138660430908203,19.17741775772909,18.797590336594883,19.014635210884677,53931100
2011-05-19,19.16191864013672,19.285943888668534,18.991384293029867,19.26269007862981,37783600
2011-05-20,18.983633041381836,19.278194123450124,18.944875704608567,19.16191915613507,45451500
2011-05-23,18.735584259033203,18.797596890666625,18.627062523299156,18.766589835601035,52692500
2011-05-24,18.720075607299805,18.82859879182583,18.63480918620472,18.758834415522443,47691800
2011-05-25,18.75107192993164,18.844090059473153,18.727816658298007,18.73556841550922,34904200
2011-05-26,19.123151779174805,19.40220918862183,18.85184612871207,18.87510140566494,78016600
2011-05-27,19.19292449951172,19.30144621561275,19.107656592005196,19.1309118790972,50251000
2011-05-31,19.386707305908203,19.425464625601954,19.14640867111361,19.347948507717476,60196300
2011-06-01,18.937118530273438,19.456474678516408,18.89060944373596,19.371206787783365,74033500
2011-06-02,18.774341583251953,19.10766003243215,18.743336006710738,18.983634769271763,51487800
2011-06-03,18.53403663635254,18.712322707843825,18.47977578663756,18.642558335782493,60697700
2011-06-06,18.611553192138672,18.79759102902689,18.42551535525045,18.51853353444591,54778700
2011-06-07,18.650310516357422,18.735578412682585,18.526285291792075,18.673565800399913,41112600
2011-06-08,18.557294845581055,18.619307466246006,18.495282224916103,18.526287795999828,42205000
2011-06-09,18.572797775268555,18.63481187738064,18.464276053567552,18.611556589088607,42878700
2011-06-10,18.379005432128906,18.61930560689417,18.36350338738385,18.61930560689417,49327200
2011-06-13,18.634809494018555,18.75108296361238,18.371255507740614,18.441019885196386,47572500
2011-06-14,18.774341583251953,18.952629192730548,18.751087770470484,18.836354214832145,42894500
2011-06-15,18.402265548706055,18.611558731938686,18.348004681608202,18.603806968282175,49410200
2011-06-16,18.603805541992188,18.68132169411668,18.332499748805276,18.410015900929768,57184100
2011-06-17,18.80535316467285,18.836358748677,18.588308162651334,18.774346102170583,83320400
2011-06-20,18.968122482299805,19.115402968725498,18.72782383070836,18.735575590888352,54338400
2011-06-21,19.19292449951172,19.27044064465424,18.913866968397645,19.006886638268167,49708700
2011-06-22,19.107650756835938,19.23167595978967,19.061141675352548,19.06889343534929,44287300
2011-06-23,19.09214973449707,19.107653256518734,18.758832882014715,18.944870710782972,59470400
2011-06-24,18.836347579956055,19.022386887664293,18.751081165628456,18.999131604576455,101387200
2011-06-27,19.53399085998535,19.735530728345605,18.782086320075358,18.782086320075358,92044200
2011-06-28,19.99908447265625,20.092104123492945,19.502983610853054,19.611505304748203,81032100
2011-06-29,19.85955810546875,19.929320998605828,19.658016751691477,19.929320998605828,66051000
2011-06-30,20.154117584228516,20.154117584228516,19.890563620616515,19.95257623096656,52535400
2011-07-01,20.16961669921875,20.285890133406255,20.03008798679497,20.09985234300686,52906200
2011-07-05,20.177370071411133,20.27038823479732,20.076598669496203,20.231630913135916,37805300
2011-07-06,20.409914016723633,20.4409210523814,20.12310485087665,20.130856609791092,48744200
2011-07-07,20.750993728637695,20.836260159610436,20.43317885688174,20.53394881293953,51946500
2011-07-08,20.86726951599121,20.91377861788894,20.54945460911096,20.57270989930867,58320700
2011-07-11,20.64246368408203,20.77424064659726,20.53394200148021,20.634713402607932,43999800
2011-07-12,20.57270050048828,20.76649006144165,20.41766826032678,20.58045078184904,47319300
2011-07-13,20.64246368408203,20.898265849141353,20.54944552142248,20.61920988266566,40861800
2011-07-14,20.51844596862793,20.937032288827318,20.43317953482617,20.634720932126143,46382300
2011-07-15,20.758745193481445,20.875018672956823,20.518444993601815,20.518444993601815,49132400
2011-07-18,20.611459732055664,20.85175839593545,20.35565754702308,20.64246529586411,44501900
2011-07-19,21.347858428955078,21.425373069393782,20.758737994939573,20.781991795672386,86730600
2011-07-20,20.97578239440918,21.200579002625563,20.913769791883464,21.146318160227697,49795400
2011-07-21,21.006790161132812,21.169572693953864,20.657968335806103,20.960281077254958,81737400
2011-07-22,21.340116500854492,21.355618548986012,20.681231404090447,20.820760186757852,76380600
2011-07-25,21.634672164916992,21.77420092211346,21.076558614628524,21.130819469427728,108482400
2011-07-26,21.766448974609375,21.82070982894589,21.533902033596483,21.56490760243275,74636500
2011-07-27,21.18507957458496,21.696684013870428,21.084309630451852,21.6114161144904,71488700
2011-07-28,21.487382888793945,21.75868853071872,21.0920520640173,21.154066133940038,83761400
2011-07-29,21.239336013793945,21.479634660250646,21.13081433058712,21.33235565546911,104394800
2011-08-01,21.13857078552246,21.464137385949005,20.735488046232955,21.324608631695146,61838400
2011-08-02,20.774242401123047,21.278096492321495,20.74323683711691,20.91377113539356,63883100
2011-08-03,20.86726951599121,20.929282144687416,20.52619931891325,20.79750512389577,64581200
2011-08-04,20.10761260986328,20.828510276730217,20.099860847171453,20.564956259198272,92949500
2011-08-05,19.906064987182617,20.231631525888766,19.55724316767707,20.13086012092179,112071700
2011-08-08,18.975879669189453,19.844057837167583,18.90611528611543,19.394465967633593,134257200
2011-08-09,19.82854461669922,19.85955165112488,18.627050124143647,19.154156402908878,126268900
2011-08-10,18.758832931518555,19.44872339983359,18.68131679970291,19.340201702390033,127819900
2011-08-11,19.5262393951416,19.673518418214737,18.91386358442608,18.99137971569981,90690100
2011-08-12,19.456478118896484,19.64251597643963,19.107656211942174,19.47973192702846,64787100
2011-08-15,19.774288177490234,19.828549021291533,19.495230719658284,19.564995084116273,56529400
2011-08-16,19.774290084838867,19.96150211730316,19.54027392838677,19.67288263736093,54251500
2011-08-17,19.696285247802734,20.04730874834073,19.446669197566393,19.696285247802734,50923700
2011-08-18,19.243850708007812,19.571472059469386,18.744618739239176,19.165845340930556,105714200
2011-08-19,18.76021957397461,19.204849742519553,18.65101294722429,19.041038314565373,77397900
2011-08-22,18.705617904663086,19.10344399285594,18.557409323283874,19.048840674681617,54721000
2011-08-23,19.282861709594727,19.30626377706427,18.74462754825914,18.74462754825914,59670600
2011-08-24,19.423267364501953,19.446669427424105,19.048843284721784,19.228254636971155,45329700
2011-08-25,19.165849685668945,19.626079819143605,19.111246362685335,19.563675808901056,48192000
2011-08-26,19.696285247802734,19.766489947910333,19.04884305956634,19.11904775967394,71957000
2011-08-29,20.156517028808594,20.172118405167605,19.78989361134668,19.914701646560488,38863200
2011-08-30,20.460739135742188,20.61674994431518,20.047313022333626,20.07071360213904,57341400
2011-08-31,20.749351501464844,20.835156077426543,20.484134111411255,20.507536170943805,59300800
2011-09-01,20.445133209228516,20.952167480384556,20.445133209228516,20.64014593264884,60510800
2011-09-02,20.12531089782715,20.281321659570786,20.016104257303937,20.109711011915895,43894400
2011-09-06,19.899097442626953,19.96150145136652,19.587077398929118,19.657282094739745,54929300
2011-09-07,20.28132438659668,20.28132438659668,19.945902245227234,20.039509012425555,41961000
2011-09-08,20.45293426513672,20.796157081131298,20.242321650798914,20.281323601053945,65811900
2011-09-09,20.078510284423828,20.421733102092254,19.891298244194424,20.28132369996294,64529200
2011-09-12,20.195520401000977,20.226723155911593,19.71188960252039,19.844498335232018,55046100
2011-09-13,20.31252098083496,20.42952828849203,20.133108188743577,20.218914242012122,48792300
2011-09-14,20.671350479125977,20.905365172437257,20.195518916520015,20.413933721351913,66739200
2011-09-15,21.05357551574707,21.084778268725792,20.523140617742023,20.850762084872837,67808300
2011-09-16,21.15498161315918,21.271988953638246,20.92876613211446,21.100376798961825,89681500
2011-09-19,21.22518539428711,21.303190785967026,20.74935533191492,20.90536462744565,52324900
2011-09-20,21.045774459838867,21.45140131450115,21.00677250712597,21.303191216099716,49211900
2011-09-21,20.273515701293945,21.108169637593893,20.257914331610383,21.100368952752113,72750700
2011-09-22,19.548078536987305,20.00830876705163,19.18925577474286,19.735290607005616,96278300
2011-09-23,19.548078536987305,19.61828324922283,19.259460486978387,19.42327049030843,64768100
2011-09-26,19.844497680664062,19.90690170059766,19.290660701902826,19.649484932392916,51057600
2011-09-27,20.023910522460938,20.218923285052952,19.852299826998518,20.01610983341774,55620700
2011-09-28,19.95369529724121,20.569936016552766,19.899091990533304,20.22671331860926,60736200
2011-09-29,19.852293014526367,20.413929042442945,19.571474256653683,20.265718977140274,63407300
2011-09-30,19.415468215942383,19.891299784942415,19.407667527683298,19.657285088486518,54060500
2011-10-03,19.134645462036133,19.766486153898974,19.126844775984896,19.282854033523428,64592500
2011-10-04,19.766489028930664,19.80549097703094,18.924034154635745,18.955235415550174,83485400
2011-10-05,20.195520401000977,20.4061345331599,19.626083514345442,19.82889695777671,94061300
2011-10-06,20.546541213989258,20.593343852283144,20.047309104643666,20.203318394899643,55111400
2011-10-07,20.476337432861328,20.679150858354877,20.437335480501808,20.546542137371752,52741600
2011-10-10,21.014564514160156,21.03796508098952,20.647939763662713,20.733745809579734,41815300
2011-10-11,21.061372756958008,21.115976077904904,20.842957985341517,20.952166115064216,38826200
2011-10-12,21.030174255371094,21.303192403060645,20.983371611942065,21.201786427659545,52489800
2011-10-13,21.201784133911133,21.217385509309352,20.764956037564314,20.874162689693758,43823500
2011-10-14,21.271989822387695,21.45140118430471,21.076977084348563,21.303191086802816,50947700
2011-10-17,21.045774459838867,21.38899729746304,20.944368490087857,21.147181917419,39453300
2011-10-18,21.303194046020508,21.373398760493032,20.905367826619308,21.014575986815082,52487900
2011-10-19,21.162782669067383,21.42800012425524,21.069177383606483,21.349996215647554,42880000
2011-10-20,21.092580795288086,21.326595511707374,20.593347118922043,21.264191488140277,76300200
2011-10-21,21.18618392944336,21.20958599383409,20.905365108071134,21.178383241313117,76620600
2011-10-24,21.209583282470703,21.373393248777486,21.092575951133153,21.10817583757027,56897800
2011-10-25,20.913166046142578,21.24078751238266,20.84296133996048,21.123780164688878,53554600
2011-10-26,20.741554260253906,21.108177660189295,20.359329484705334,21.08477708459859,63029900
2011-10-27,21.256391525268555,21.37339888747481,20.788360588614207,21.162784742805954,74512400
2011-10-28,21.045774459838867,21.209585934457113,20.897565849266556,21.170582493915088,57712100
2011-10-31,20.77275276184082,21.06137222099546,20.764953562900228,20.874160202014966,46799000
2011-11-01,20.273515701293945,20.530932349758682,20.172109774007808,20.429526422472545,61182600
2011-11-02,20.289127349853516,20.43733746127653,20.04731194856384,20.35933206116814,53533100
2011-11-03,20.694746017456055,20.741548643793173,20.265717231241677,20.46853059580742,65836100
2011-11-04,20.476337432861328,20.593344777768998,20.281324695405505,20.577743401693546,36549200
2011-11-07,20.905363082885742,20.92096445763486,20.38272893142215,20.445132942589638,42589700
2011-11-08,21.18618392944336,21.21738668196433,20.819560514296725,21.069176583147975,47822500
2011-11-09,20.43733787536621,20.866365352911174,20.328129717870052,20.741557305340667,62950900
2011-11-10,20.499732971191406,20.671343589904378,20.374924977976764,20.647941533240893,32514400
2011-11-11,20.99117088317871,21.123779603798337,20.72595344193946,20.733754129955805,37903000
2011-11-14,20.874160766601562,21.06137279064561,20.78835469764553,20.96776603470913,34199200
2011-11-15,21.015621185302734,21.172806686674612,20.748406732389768,20.874154533874453,43874200
2011-11-16,20.489057540893555,20.83486484299798,20.465480758294195,20.803427134155548,53262800
2011-11-17,20.072519302368164,20.465481686526985,19.993926525729893,20.441903403825744,70977500
2011-11-18,19.883899688720703,20.0410852708503,19.76601125163991,20.025366412830778,47626200
2011-11-21,19.648120880126953,19.844602088928223,19.569528096799914,19.836742660692252,61882500
2011-11-22,19.483078002929688,19.616683790085677,19.37304750316489,19.56166928971963,49204500
2011-11-23,19.231578826904297,19.48307601569107,19.231578826904297,19.34160931544618,49099700
2011-11-25,19.097972869873047,19.38876571807745,19.097972869873047,19.16084679664256,26164600
2011-11-28,19.54595375061035,19.624545044713532,19.404487022772074,19.600968256095715,46766700
2011-11-29,19.522369384765625,19.67955492209873,19.451636042868966,19.506650531225837,40917100
2011-11-30,20.103952407836914,20.111811834189826,19.758145143470216,19.938908951522627,81350900
2011-12-01,19.868175506591797,20.143247932303822,19.805301595138722,20.088233447161414,48545400
2011-12-02,19.821022033691406,20.13539313891811,19.773866967520412,20.11181485631635,52293800
2011-12-05,20.198266983032227,20.276858260006286,20.04108143101907,20.261140904030984,56818400
2011-12-06,20.166828155517578,20.331873125889054,20.127532519208028,20.284716563478668,46175300
2011-12-07,20.119670867919922,20.24541868904805,19.91533028382865,20.174685352284445,62667000
2011-12-08,19.962491989135742,20.213987715135442,19.938915201718753,20.025365920635668,60522200
2011-12-09,20.198266983032227,20.331874252533655,20.04108143101907,20.05680028602689,53788500
2011-12-12,20.04893684387207,20.096091900420557,19.87603397050613,19.97034408360311,38945900
2011-12-13,20.24542808532715,20.512642704001752,20.158975856040374,20.237568655479897,54581100
2011-12-14,20.11181640625,20.32401646892164,20.096097549970775,20.213985973999694,47926400
2011-12-15,20.088239669799805,20.33973539351674,20.072522311342063,20.213987531658272,46213900
2011-12-16,20.434043884277344,20.567651154251227,20.14325106173447,20.174688771861277,101408100
2011-12-19,20.06465721130371,20.528352882980105,20.009641225637285,20.449760116774687,52258300
2011-12-20,20.457624435424805,20.51263893521477,20.284720008618986,20.324017150635168,60767600
2011-12-21,20.24542808532715,20.583376073594028,19.993932326347043,20.441909334409477,64132500
2011-12-22,20.28472137451172,20.324018519174015,20.025366215871735,20.292580803444178,35794100
2011-12-23,20.457624435424805,20.46548386382804,20.221846080425784,20.36331279361866,23205800
2011-12-27,20.465476989746094,20.544068249315316,20.379024805381327,20.402601583639218,21287200
2011-12-28,20.292579650878906,20.5519347947882,20.245424578995227,20.520498579876648,29822500
2011-12-29,20.449758529663086,20.473335308372278,20.324010713106674,20.394744047298683,22616900
2011-12-30,20.402606964111328,20.52835631045488,20.36331132396387,20.43404467545536,27395700
2012-01-03,21.039207458496094,21.18853209263148,20.740555192160105,20.86630304144917,64731500
2012-01-04,21.534334182739258,21.58934866602469,21.047061760183507,21.07849796533279,80516100
2012-01-05,21.754409790039062,21.79370545045136,21.447899441529753,21.518631330465215,56081400
2012-01-06,22.09234046936035,22.155214375929607,21.63650427197519,21.63650427197519,99455500
2012-01-09,21.80155372619629,22.084487133290786,21.785834870461574,22.045189993954,59706800
2012-01-10,21.88014030456543,22.123776503271742,21.809406972839053,21.950873636291803,60014400
2012-01-11,21.78582763671875,21.990168196323246,21.510755247858942,21.55791030037318,65582400
2012-01-12,22.005891799926758,22.021610653837342,21.73081785262119,21.903722247572787,49370800
2012-01-13,22.20237922668457,22.20237922668457,21.840854479166357,21.950883489448795,60196100
2012-01-17,22.210233688354492,22.516743862178018,22.13950034069791,22.320262674028065,72395300
2012-01-18,22.186655044555664,22.320262310281574,21.98231443232589,22.24952896377771,64860600
2012-01-19,22.100204467773438,22.35170014608698,22.029471120868692,22.131640678046388,74053500
2012-01-20,23.349817276000977,23.37339555176381,22.595330439975463,22.650344917723313,165902900
2012-01-23,23.36553955078125,23.538443933650687,23.066888842511247,23.224072873536187,76078100
2012-01-24,23.059038162231445,23.239800541036526,22.93329029010331,23.161207746198222,51703300
2012-01-25,23.231935501098633,23.302668849467597,22.846832548330113,22.846832548330113,59231700
2012-01-26,23.18478012084961,23.341965670434472,23.10618734605718,23.271232323024535,49102800
2012-01-27,22.972576141357422,23.208354425324746,22.92542108417685,23.145480516073242,44187700
2012-01-30,23.27122688293457,23.279086308479773,22.658205181698044,22.768234141266593,51114800
2012-01-31,23.208354949951172,23.341962197509854,22.972576660654063,23.31052449265733,50572400
2012-02-01,23.49129295349121,23.617040807784356,23.389123384015278,23.412701668832494,67409900
2012-02-02,23.538455963134766,23.711358935335102,23.349832631055936,23.49915881102123,52223300
2012-02-03,23.766366958618164,23.89211481297334,23.648478532539272,23.687774174888013,41838500
2012-02-06,23.734926223754883,23.750643578281093,23.554162405895813,23.60917839335089,28039700
2012-02-07,23.852811813354492,23.962840777219267,23.617033534888566,23.695626294377206,39242400
2012-02-08,24.096446990966797,24.10430641648369,23.7506397633842,23.78207746545177,49659100
2012-02-09,24.182903289794922,24.20648007132744,23.95498440809792,24.11216994713257,50481600
2012-02-10,23.970705032348633,24.206481859283322,23.86067604631678,24.080734018380486,44605300
2012-02-13,24.033580780029297,24.182906914591598,23.91569235759911,24.07287642116182,33319800
2012-02-14,23.93073844909668,24.096868471082296,23.614299234194647,23.994026292077084,59644000
2012-02-15,23.77251434326172,24.04148801079308,23.756693516684138,23.994022513258418,43311300
2012-02-16,24.75348663330078,24.959171030502542,23.97029735244933,23.978208522941934,94705100
2012-02-17,24.721839904785156,24.777216584747656,24.484510845259763,24.682285564498045,70036500
2012-02-21,24.872148513793945,25.006635379987188,24.642729120740217,24.66646262968067,50829900
2012-02-22,24.737659454345703,25.062009836601497,24.66646044273822,24.880057477560676,49253200
2012-02-23,24.81676483154297,24.99080598795222,24.524057672821925,24.68227800330372,35034700
2012-02-24,24.903779983520508,24.919602315380708,24.71391652789997,24.903779983520508,35575400
2012-02-27,24.800945281982422,24.91960978871992,24.603170601119565,24.713923939554423,34568400
2012-02-28,25.212322235107422,25.259787745915048,24.824682451990757,24.84841596184526,45230600
2012-02-29,25.109477996826172,25.315163884455536,25.006635807462168,25.22814252575429,59323600
2012-03-01,25.54458236694336,25.62369104412914,25.196498453501007,25.25978630059041,77344100
2012-03-02,25.37844467163086,25.663237634193376,25.31515533474918,25.560396988463168,47314200
2012-03-05,25.156944274902344,25.354718998789632,25.01454774118067,25.323074318694996,45240000
2012-03-06,24.96708106994629,25.299342671076243,24.9117043879082,24.951260238579277,51932900
2012-03-07,25.188579559326172,25.251867387006858,24.94333941567612,25.054092736892112,34340400
2012-03-08,25.323070526123047,25.481290885097174,25.23605068669833,25.34680554154069,36747400
2012-03-09,25.307249069213867,25.441735918333524,25.25187239761774,25.394268906478725,34628400
2012-03-12,25.346803665161133,25.473379339409792,25.172760981393434,25.29142548738892,34073600
2012-03-13,25.845197677612305,25.861020016562914,25.433828936106803,25.505027952483253,48951700
2012-03-14,25.92430305480957,26.01132438893019,25.702796399085702,25.734438051473504,41986900
2012-03-15,25.987586975097656,26.058785967541823,25.773993015566724,25.94012299200259,49068300
2012-03-16,25.78981590270996,26.066702252913878,25.710707241395692,26.035057581267374,65626400
2012-03-19,25.473377227783203,25.797727554770862,25.43382289869727,25.74235089049018,44789200
2012-03-20,25.307249069213867,25.43382625859219,25.109474379855612,25.394268906478725,41566800
2012-03-21,25.243955612182617,25.433820599554483,25.172756619143367,25.28350993769296,37928600
2012-03-22,25.315160751342773,25.386359761668018,25.149030733184645,25.16485156188935,31749500
2012-03-23,25.323070526123047,25.40218221451128,25.09365266540185,25.394269536771287,35912200
2012-03-26,25.78191566467285,25.797738006277747,25.433833202774426,25.465474868181126,36758300
2012-03-27,25.726543426513672,25.868941507777688,25.6316123782722,25.829387155827376,36274900
2012-03-28,25.465465545654297,25.86892756436998,25.346802553762966,25.726529559858797,41344800
2012-03-29,25.41009521484375,25.465471895094126,25.164854984205782,25.362631213373565,37038500
2012-03-30,25.52084732055664,25.63951335400311,25.3468076273851,25.631603693414554,31749400
2012-04-02,25.54458236694336,25.6790677217197,25.275608639588082,25.489205689352797,35853600
2012-04-03,25.2677001953125,25.465473418508882,25.04619195215839,25.441741416354073,42752100
2012-04-04,24.690183639526367,25.06991206904073,24.563607999321796,25.04617857066463,49455900
2012-04-05,24.9354305267334,25.022450354681553,24.563613184851476,24.642723353905136,50368600
2012-04-09,24.603174209594727,24.84050325787808,24.50033051547766,24.698105225347554,31056400
2012-04-10,24.104780197143555,24.674372306032026,23.97029333908947,24.57152861574884,54131300
2012-04-11,24.009851455688477,24.15224949637805,23.914918925594968,24.073139306117024,43014000
2012-04-12,24.508241653442383,24.555708670159078,24.065226726395554,24.112692234210964,38304000
2012-04-13,24.373750686645508,24.65063553526759,24.3025516824598,24.437038522710466,39749200
2012-04-16,24.58734703063965,24.674368368700627,24.34210686116897,24.516148028389935,38124800
2012-04-17,24.872148513793945,25.006635379987188,24.682284968974304,24.7376616476007,34361500
2012-04-18,24.634817123413086,24.76930398508784,24.555708447405458,24.745571985846063,40552900
2012-04-19,24.531970977783203,25.06200716950974,24.476594309959705,24.62690197722319,54781200
2012-04-20,25.647417068481445,26.019234403795643,25.354711409724466,25.43382308628168,106045000
2012-04-23,25.41009521484375,25.71071363463346,25.338896194835733,25.560405933639974,61398200
2012-04-24,25.251861572265625,25.726520925021465,25.180662593907222,25.481279328942314,40871100
2012-04-25,25.473377227783203,25.568308221149824,25.212314732673605,25.25186906175954,62495500
2012-04-26,25.402183532714844,25.49711454590467,25.251874334779497,25.410093193062956,40308100
2012-04-27,25.299335479736328,25.489200491185503,25.220225309782673,25.41008881233086,41419100
2012-04-30,25.33098602294922,25.4021850415212,25.25187583465798,25.29934134407219,35697200
2012-05-01,25.323070526123047,25.58413457110071,25.275606530892446,25.354715201478342,43832300
2012-05-02,25.156944274902344,25.259787976308516,25.030368572326594,25.19650012502064,37385300
2012-05-03,25.12529754638672,25.236050893234328,25.006633030635538,25.220228555427187,31501300
2012-05-04,24.508241653442383,24.97499008884756,24.460776145626973,24.88005907321674,57927200
2012-05-07,24.247173309326172,24.41330481037659,24.183885477711947,24.28672914714814,48641400
2012-05-08,24.12850570678711,24.350013843365154,23.86744324638118,24.112683373695663,46328300
2012-05-09,24.334192276000977,24.38956893466285,23.81206733875934,23.883266331010546,50309300
2012-05-10,24.318378448486328,24.539886669513677,24.088960566798455,24.413310974326993,43839200
2012-05-11,24.6506404876709,24.95125890105056,24.27882456470272,24.27882456470272,43459300
2012-05-14,24.270906448364258,24.555702440811583,24.23926177858082,24.381659774804483,40528900
2012-05-15,24.055904388427734,24.525715301699393,24.00812744503787,24.39830910679199,61822800
2012-05-16,23.809062957763672,24.14350470981476,23.681656720677747,24.13554163014662,60083700
2012-05-17,23.665727615356445,24.05590935771129,23.657764536679576,23.88072618322604,48484000
2012-05-18,23.307401657104492,23.73739733804822,23.227772377284634,23.721472697125996,56205300
2012-05-21,23.689619064331055,23.721471382013988,23.140178734717274,23.172031052400207,38787900
2012-05-22,23.697582244873047,23.793136160725386,23.490546735456835,23.641842207492164,39504900
2012-05-23,23.18000030517578,23.4109235946687,22.805743066738717,23.3711097057638,65171000
2012-05-24,23.148141860961914,23.331288131602943,22.901292473628267,23.219808057091377,52575000
2012-05-25,23.140167236328125,23.379054943840103,23.100353377810137,23.25164877402092,29507200
2012-05-29,23.53832244873047,23.66572867566471,23.2675838367947,23.39499006372894,37758800
2012-05-30,23.36313819885254,23.474618262625576,23.1879550245232,23.37110127752232,41585500
2012-05-31,23.24370002746582,23.426846319633857,23.04462757455214,23.331290873962285,39134000
2012-06-01,22.65443992614746,23.060546289162414,22.64647684782142,22.90128927904723,56634300
2012-06-04,22.734071731567383,22.91721952816842,22.550925453768507,22.7898132898038,47926300
2012-06-05,22.70221519470215,22.89332450395723,22.606659780673716,22.70221519470215,45715400
2012-06-06,23.371095657348633,23.38702181085835,22.94109862539584,22.996838643878252,46860500
2012-06-07,23.275548934936523,23.649806087973705,23.22777197539213,23.602027609627154,37792800
2012-06-08,23.609989166259766,23.633878403891934,23.132215045230815,23.25962127499826,42551100
2012-06-11,23.012771606445312,23.73739509872271,22.949068492359455,23.673691984636854,46361900
2012-06-12,23.323331832885742,23.331293395316667,22.965000771396266,23.17203632705658,35337900
2012-06-13,23.19591522216797,23.442766090028577,23.13221211535275,23.267581407185325,32984600
2012-06-14,23.36313819885254,23.458692105286012,22.996844174052335,23.355175120182757,39458900
2012-06-15,23.904621124267578,23.95239808892915,23.482586966483744,23.562216253454586,62314400
2012-06-18,23.76129150390625,23.912587015050857,23.657772963037967,23.880734688998306,58679900
2012-06-19,24.446094512939453,24.772573169976706,23.928504990454073,24.039986581765824,75725800
2012-06-20,24.629234313964844,24.72478820279946,24.39830963147811,24.629234313964844,36257100
2012-06-21,24.000165939331055,24.796455469037344,23.93646283770662,24.653123110681936,48456600
2012-06-22,24.446094512939453,24.46998223201891,23.91258035066846,24.127577416393965,45098100
2012-06-25,23.78517723083496,24.143506733117466,23.58610477885503,24.127580572446526,42217200
2012-06-26,23.904621124267578,24.103693582293516,23.840917998451367,23.888694963112943,38421300
2012-06-27,24.024063110351562,24.286838681232478,23.91258302537246,24.039989270720646,33781700
2012-06-28,23.817026138305664,23.92850621652747,23.42684434572719,23.872766177416565,45328400
2012-06-29,24.358505249023438,24.4381345332596,24.000174229361843,24.24702516237417,55227200
2012-07-02,24.334613800048828,24.38239227753659,24.055912089912106,24.38239227753659,30589100
2012-07-03,24.49386978149414,24.49386978149414,24.024058767156745,24.07183572082439,20938100
2012-07-05,24.446094512939453,24.509797628488133,24.191280531942645,24.358502159509236,28801900
2012-07-06,24.039989471435547,24.446097451424418,23.848880101817652,24.374431247967426,38294800
2012-07-09,23.888690948486328,24.071837214578895,23.71350776163284,23.984246380553184,30680800
2012-07-10,23.68165397644043,24.063872643406587,23.49850772170273,23.952392578575285,37534100
2012-07-11,23.331287384033203,23.681655274017363,23.179993435987228,23.657766036472285,39184900
2012-07-12,22.79777717590332,23.235737493901336,22.726112488466004,23.211848252220687,63523600
2012-07-13,23.4029541015625,23.47462029699937,22.869439934866964,22.9012922523065,39085000
2012-07-16,23.442768096923828,23.5144342880764,23.124252535580162,23.474618893657194,27900600
2012-07-17,23.617956161499023,23.777214734515585,23.251663569884165,23.602030000436905,33771300
2012-07-18,24.247024536132812,24.247024536132812,23.458696313237887,23.570177915810127,41090400
2012-07-19,24.42220687866211,24.525723878675045,24.19128212038392,24.294800639199032,46663200
2012-07-20,23.984243392944336,24.724791444306952,23.92850184521427,24.684977571873066,64021700
2012-07-23,23.315370559692383,23.554256940008685,23.100371906126167,23.5462938581578,55151900
2012-07-24,23.21184539794922,23.379067031546537,23.012772964829924,23.283511595376336,47723300
2012-07-25,22.957033157348633,23.355178027589716,22.917219277845383,23.283511829442148,45579500
2012-07-26,23.219806671142578,23.490545280626844,23.164066637213818,23.275546705071335,45301400
2012-07-27,23.697582244873047,23.769248441163356,23.235734268114452,23.47462057654741,44242600
2012-07-30,23.602022171020508,23.745354535427808,23.458689806613208,23.68961450900315,28905000
2012-07-31,23.466655731201172,23.65776506732677,23.355175664828405,23.474618810056654,37620900
2012-08-01,23.41888427734375,23.60999365835586,23.25962570043248,23.56221669280342,31721800
2012-08-02,23.24370002746582,23.514438684932607,23.06851529686832,23.259624669409177,39520500
2012-08-03,23.689619064331055,23.84091453572078,23.474620476377563,23.51443587348123,35859400
2012-08-06,23.848876953125,23.976283182715882,23.737395363131434,23.88869083032138,27471800
2012-08-07,24.09572410583496,24.167390293205674,23.78517163976315,23.94442865262991,28002900
2012-08-08,24.151466369628906,24.262946440824688,23.976283183635243,24.05591093803105,26257600
2012-08-09,24.28683090209961,24.40627402900532,24.127572387024152,24.19923856692793,24920800
2012-08-10,24.2231388092041,24.382397396662306,24.08776946550536,24.286841940426893,27810300
2012-08-13,24.19924545288086,24.254985493377703,24.016099171590607,24.167394652083605,23049100
2012-08-14,24.151145935058594,24.35955295947864,24.054959018473017,24.28741200760772,34551400
2012-08-15,24.20726203918457,24.271387173864824,24.06298010393805,24.13512107156131,24351000
2012-08-16,24.672168731689453,24.800418996287686,24.255354607313315,24.335511404903148,35787200
2012-08-17,24.768360137939453,24.784391806124884,24.519875396521353,24.784391806124884,32589900
2012-08-20,24.640104293823242,24.728276920096107,24.511854034988357,24.704229423240683,23737700
2012-08-21,24.688201904296875,24.81645218466746,24.535905651896766,24.656140098636197,28822700
2012-08-22,24.479787826538086,24.656131518465216,24.423677010646202,24.519865451883167,33437400
2012-08-23,24.255352020263672,24.367570607602076,24.111070105763673,24.359554775811677,28355600
2012-08-24,24.49582290649414,24.55193220485436,24.191228917311356,24.247338215671576,22943300
2012-08-27,24.600027084350586,24.816448444316823,24.519870288984265,24.792402475911523,34691100
2012-08-28,24.55193519592285,24.688201306625757,24.463764085842552,24.608046029982557,23947900
2012-08-29,24.56796646118164,24.64812326537841,24.399638548345912,24.56796646118164,23346800
2012-08-30,24.303443908691406,24.535898428972654,24.22328712484051,24.471773307664634,23982100
2012-08-31,24.70423126220703,24.816449864825113,24.351542259725328,24.52788752539808,36590100
2012-09-04,24.35955810546875,24.575981006801143,24.16718270279456,24.407653102785147,48556700
2012-09-05,24.35955810546875,24.47177823700988,24.215276171247158,24.22329200413322,33650000
2012-09-06,25.129064559936523,25.137080393879998,24.415670627607067,24.447733963380973,48371700
2012-09-07,24.808433532714844,24.904620461705964,24.632088281458337,24.88057449389002,42649100
2012-09-10,24.62407875061035,24.768360709882906,24.45575081736841,24.712251398802263,40524000
2012-09-11,24.68018341064453,24.776370340165016,24.535901487500126,24.600026616801674,25191800
2012-09-12,24.672168731689453,24.99279439318504,24.63208956846266,24.800418996287686,32775800
2012-09-13,24.80042266845703,24.992798093839184,24.367576814699202,24.760343499295765,45047300
2012-09-14,25.016841888427734,25.048905220965214,24.69621620737215,24.856529812331864,51422800
2012-09-17,25.016841888427734,25.056921054099586,24.880577311734974,25.000811751022837,36488500
2012-09-18,24.9927921295166,25.016838096411014,24.872557708453698,24.928667003025478,34542700
2012-09-19,24.888587951660156,25.000808070155333,24.880573648569577,24.920651279476957,48871900
2012-09-20,25.209217071533203,25.23326304039903,24.77637128558343,24.80843461588952,45543000
2012-09-21,25.000810623168945,25.33746795530575,24.920653824305177,25.193186023123722,102348900
2012-09-24,24.672168731689453,24.904621762949844,24.559948603518183,24.84851246329609,46825900
2012-09-25,24.35955810546875,24.8485132094722,24.33551213567435,24.808435573905665,54266400
2012-09-26,24.183218002319336,24.527891223891537,24.079015216870637,24.271390648451025,54672000
2012-09-27,24.17519760131836,24.367572996557318,23.95877470835063,24.18321343389462,47129900
2012-09-28,23.85457420349121,24.255356697107263,23.838542536819237,24.19123155928325,54229300
2012-10-01,23.638147354125977,24.030913949008184,23.582038058980462,23.894647862713242,54042700
2012-10-02,23.7744197845459,23.95877938318079,23.6461694960291,23.790451452826506,43338900
2012-10-03,23.934728622436523,24.038931387690802,23.782430861959902,23.846555993392627,46655900
2012-10-04,24.070993423461914,24.070993423461914,23.70227279090328,24.0228984308258,43634900
2012-10-05,23.926715850830078,24.247341549011157,23.83854321050631,24.231309881886123,41133900
2012-10-08,23.8705997467041,23.98281832689303,23.686238684997804,23.758379637651682,29752000
2012-10-09,23.469818115234375,23.83853719284941,23.38966132870742,23.790443732478654,45121100
2012-10-10,23.229351043701172,23.493867406477175,23.205305074543926,23.365617141426007,47227100
2012-10-11,23.205299377441406,23.445768183159224,23.141174260659096,23.42172069104209,41488500
2012-10-12,23.40569305419922,23.501879975197227,23.085065907236416,23.221331986036542,46464700
2012-10-15,23.6541805267334,23.822508422905468,23.445773467998652,23.541961929285353,42440200
2012-10-16,23.638147354125977,23.83853856756773,23.501881267831035,23.606085554984382,47739400
2012-10-17,23.71830940246582,23.758387042491975,23.317526886748404,23.485854809495017,44206100
2012-10-18,23.64615821838379,23.83051772909145,23.45378287735884,23.766392615416468,59238500
2012-10-19,22.956819534301758,23.309508538164238,22.844600931244344,23.28546103942459,90470800
2012-10-22,22.443817138671875,23.109115942699386,22.307551044889678,23.028959147145674,83374000
2012-10-23,22.483890533447266,22.604126468543313,22.251437551912648,22.25945338284328,64414800
2012-10-24,22.36366081237793,22.604131204084894,22.33961484341185,22.572067873645132,53320400
2012-10-25,22.34762954711914,22.604131608636667,22.331599410476112,22.596115775883266,54084300
2012-10-26,22.612144470214844,22.716348760498636,22.31556632157504,22.331597986059265,57790000
2012-10-31,22.876667022705078,23.149197730313112,22.844603687184144,22.884681327721328,69464100
2012-11-01,23.662199020385742,23.69426082517795,23.101102912315085,23.117134579143137,72047900
2012-11-02,23.64615821838379,23.862581050360596,23.509892160716536,23.71829916237606,57131600
2012-11-05,23.750370025634766,23.838542663936913,23.5099011397284,23.742355721119925,38070800
2012-11-06,23.934728622436523,24.207260813241536,23.73433739560129,23.902665292288297,43401500
2012-11-07,23.30950164794922,23.910675178961178,23.285454156317936,23.670206378101735,57871800
2012-11-08,23.093088150024414,23.541965668846718,23.08507231623859,23.341574410793037,49841800
2012-11-09,23.10911750793457,23.39768137992757,23.093085841965223,23.149195143994124,43291200
2012-11-12,22.62016487121582,23.253401986469168,22.612149037354694,23.197292678305246,61112300
2012-11-13,21.892826080322266,22.062537169561505,21.618054424140542,21.836255717242523,131689200
2012-11-14,21.6907901763916,22.05445903155719,21.658463370853802,22.014050524634943,76086100
2012-11-15,21.54532241821289,21.79584899291018,21.521077314302737,21.723115222606626,50955600
2012-11-16,21.43217658996582,21.577644096005994,21.28670908392565,21.553398997857116,64083300
2012-11-19,21.60188865661621,21.65845901349933,21.39176908717419,21.65845901349933,57179300
2012-11-20,21.585723876953125,21.658457628702866,21.383686020187515,21.626132373162157,47070400
2012-11-21,21.779680252075195,21.957473000308656,21.553397311338255,21.585722564914146,66360300
2012-11-23,22.385799407958984,22.44236977199485,21.981723617500712,22.005967178415048,57845700
2012-11-26,22.135265350341797,22.28881454098769,21.95747260530672,22.25648928799331,85198700
2012-11-27,21.88473892211914,22.12718371526545,21.852413669031954,22.111021859435056,45018600
2012-11-28,22.11102294921875,22.13526650487243,21.634213496627666,21.82816964898949,53018400
2012-11-29,21.779680252075195,22.11102219371681,21.70694650474641,21.90898434923161,69551400
2012-11-30,21.51299476623535,21.925150696965538,21.407934202381192,21.860498635142495,83690200
2012-12-03,21.35944938659668,21.674628052045584,21.335204281013297,21.64230278602809,53173800
2012-12-04,21.31096076965332,21.52107885285513,21.286715664009872,21.416019811254227,49777500
2012-12-05,21.553401947021484,21.763521535449566,21.222059934115176,21.319037257127054,68283800
2012-12-06,21.60188865661621,21.803926526299698,21.50491134236704,21.666540713257863,39182300
2012-12-07,21.383691787719727,21.674626873188654,21.31095955777943,21.674626873188654,46162100
2012-12-10,21.771604537963867,21.795848099453316,21.432180804269933,21.46450606673148,47031100
2012-12-11,22.07870101928711,22.2160868501684,21.860499721753268,21.860499721753268,52282800
2012-12-12,22.0140438079834,22.32114220118672,21.884739708137722,22.24840845234522,43966300
2012-12-13,21.90898323059082,22.240325155314597,21.779679140036485,22.078694271408505,45080100
2012-12-14,21.666542053222656,21.92515029578286,21.577646433234282,21.908988436692884,42077500
2012-12-17,21.90090560913086,21.997882924385873,21.561481922885044,21.650379079724335,42046100
2012-12-18,22.272661209106445,22.329231583481352,21.933237421429894,22.02213460483452,50486900
2012-12-19,22.070613861083984,22.410037503954044,22.02212520965296,22.37771225014217,53519900
2012-12-20,22.369630813598633,22.369630813598633,21.941310020227945,22.111022614365936,52607300
2012-12-21,22.183761596679688,22.216086858496734,21.820092767320286,22.183761596679688,98776500
2012-12-24,21.86858558654785,22.022134848282256,21.820096913894343,21.981727877975516,20842400
2012-12-26,21.70694923400879,21.981720860370416,21.577645120594685,21.844335047189603,31631100
2012-12-27,21.787771224975586,21.892831819459378,21.47259252437859,21.731200847066095,39394000
2012-12-28,21.456422805786133,21.739276153537578,21.456422805786133,21.58572692908507,28239900
2012-12-31,21.585723876953125,21.634214072403964,21.31095380986429,21.48874656890448,42749500
2013-01-02,22.32114601135254,22.410041631779173,21.941313804471275,22.022129266026443,52899300
2013-01-03,22.022130966186523,22.34539129593692,21.94939719931433,22.32922789409269,48294400
2013-01-04,21.609970092773438,22.094861282384365,21.601888393113484,22.0382909261913,52521100
2013-01-07,21.56955909729004,21.723106737799597,21.529150606556225,21.634211141037827,37110400
2013-01-08,21.456422805786133,21.65038053216127,21.383689043752142,21.61805373062317,44703100
2013-01-09,21.5776424407959,21.618049393184553,21.4645001995401,21.593804296895502,49047900
2013-01-10,21.383691787719727,21.80393101307997,21.24630748783377,21.537241031875766,71431300
2013-01-11,21.682701110839844,21.763516555809794,21.23821847564472,21.407929522797854,55512100
2013-01-14,21.7311954498291,21.88474468132397,21.626136422865333,21.739277150584282,48324400
2013-01-15,21.989803314208984,22.054456919091795,21.68270639814953,21.68270639814953,48244500
2013-01-16,21.852415084838867,22.005962744447483,21.828169987382847,21.941310692657932,41077400
2013-01-17,22.022130966186523,22.199923762192533,21.86858173152002,21.973642302080673,51685900
2013-01-18,22.022130966186523,22.054457769874983,21.85241987110263,21.90090853520848,52167700
2013-01-22,21.941314697265625,22.183761091796292,21.820092270713683,22.062537123817567,58650600
2013-01-23,22.31306266784668,22.33730622552915,21.98172068715567,21.98172068715567,50387700
2013-01-24,22.329221725463867,22.68480876066892,22.199917629285014,22.385793616290226,101739300
2013-01-25,22.53126335144043,22.8141166873579,22.135269297726644,22.288818515754986,81847700
2013-01-28,22.555513381958008,22.814121674265092,22.43429093761744,22.636328858660725,56056500
2013-01-29,22.63632583618164,22.733303162134547,22.304983813226727,22.482776605091598,49242600
2013-01-30,22.50702476501465,22.7817964615887,22.434290989955223,22.636328911469846,43580500
2013-01-31,22.183761596679688,22.603999248862213,22.143353092624853,22.458533258545273,50530000
2013-02-01,22.57166862487793,22.668645928717783,22.264570232723337,22.361549077989643,55565900
2013-02-04,22.175683975219727,22.644411918493386,22.159520570624437,22.523189466882926,50540000
2013-02-05,22.224166870117188,22.353470990411004,22.111026150216773,22.3211457310509,35410400
2013-02-06,22.094860076904297,22.25649097843167,22.02212632535963,22.12718533235386,41889600
2013-02-07,22.04637336730957,22.13526898370556,21.900905851391304,22.102943725405197,38028300
2013-02-08,22.26457405090332,22.393878172481955,22.070617868535372,22.10294466964339,33318500
2013-02-11,22.515098571777344,22.56358722433842,22.22416357355793,22.345385975673864,32247700
2013-02-12,22.53126335144043,22.628242210570612,22.426204333690517,22.53126335144043,35990900
2013-02-13,22.65248680114746,22.717138858637693,22.53126284460497,22.571671343928013,41715600
2013-02-14,22.66057014465332,22.67673200412817,22.52318431984323,22.56359128067048,32663200
2013-02-15,22.63632583618164,22.757548264336176,22.53126526806805,22.66057093838327,49650900
2013-02-19,22.856327056884766,22.888921496554477,22.652616471514357,22.71780379666535,38781400
2013-02-20,22.709659576416016,22.978557520511444,22.67706513267663,22.921517243967525,44110200
2013-02-21,22.400026321411133,22.60373700263989,22.18816702643053,22.60373700263989,49078500
2013-02-22,22.620027542114258,22.620027542114258,22.39187108708863,22.554840205562463,31425900
2013-02-25,22.302242279052734,22.85633393242126,22.302242279052734,22.79114658766091,48011800
2013-02-26,22.302242279052734,22.48965570096513,22.27779644194677,22.310389337232497,49923300
2013-02-27,22.660768508911133,22.815589012382265,22.269644498847,22.34298044500761,36394700
2013-02-28,22.652612686157227,22.791135923228765,22.60372258901085,22.717800000415117,35840200
2013-03-01,22.77484130859375,22.799285581197985,22.424458895509503,22.58742641156127,34849700
2013-03-04,22.937816619873047,22.937816619873047,22.57113841850283,22.693364485626233,38157500
2013-03-05,23.100786209106445,23.255606726137195,22.9459656920757,23.05189609211366,41432200
2013-03-06,22.888925552368164,23.003003003049304,22.63632481692191,22.986705780326655,51448500
2013-03-07,22.92966651916504,23.043745521369082,22.823737682320573,22.905222239840985,29196700
2013-03-08,22.81559181213379,23.084489796323528,22.782997363534378,23.019302453313557,37667800
2013-03-11,22.709659576416016,22.791142577387234,22.54669046609634,22.766698298771317,36627500
2013-03-12,22.74225616455078,22.774850613591017,22.52224829609582,22.685217432919245,39255200
2013-03-13,22.75040054321289,22.831885096461228,22.61187726894729,22.70965904368301,29093400
2013-03-14,22.92966651916504,22.945963741506855,22.758550347141977,22.815589071149667,55914800
2013-03-15,22.848182678222656,22.94596290031161,22.79929101298957,22.840034067350476,92710300
2013-03-18,22.897077560424805,23.04374947830947,22.660772458457522,22.717811192259575,44809400
2013-03-19,22.962257385253906,22.994850270669374,22.840031345116163,22.913367280036496,51901600
2013-03-20,23.076343536376953,23.21486684866662,22.962266063028647,23.092640762337858,35447800
2013-03-21,22.905221939086914,23.108932553118812,22.856330272703435,22.905221939086914,34233200
2013-03-22,23.019304275512695,23.092640236477767,22.89707819196724,22.970414152932307,28720900
2013-03-25,22.945966720581055,23.100787244551313,22.782997584381956,23.060044183407104,44154000
2013-03-26,22.945966720581055,23.09263863232247,22.905225213625712,23.01115406422292,27824300
2013-03-27,23.117080688476562,23.18226802145779,22.880775635051727,22.929665746240495,36047400
2013-03-28,23.312641143798828,23.35338264139371,23.027445998069116,23.076336106020676,55453800
2013-04-01,23.312641143798828,23.35338264139371,23.10893054744739,23.337085420680356,29201100
2013-04-02,23.46746253967285,23.508205595730065,23.23930764250716,23.296346366798584,28456500
2013-04-03,23.271894454956055,23.58968399244659,23.255598790977984,23.42671491915974,35062800
2013-04-04,23.304492950439453,23.312641560941938,23.035595020611588,23.133375238264335,45263200
2013-04-05,23.385986328125,23.45117368256078,22.905229006340214,22.994860647321207,50927300
2013-04-08,23.296340942382812,23.4104183644034,23.198559184802082,23.4104183644034,34759500
2013-04-09,24.127485275268555,24.298601442576658,23.369681553330114,23.41042305387339,77733800
2013-04-10,24.673429489135742,24.7060223783548,24.054149052087627,24.0948905521586,71116700
2013-04-11,23.581539154052734,23.793398361526634,23.41042144432098,23.711913811853826,130923200
2013-04-12,23.459314346313477,23.646727732532586,23.35338395988452,23.508204457025286,62886300
2013-04-15,23.377838134765625,23.61414171602198,23.2311661961014,23.345243679867288,56332900
2013-04-16,23.605987548828125,23.744510841179217,23.385981246778922,23.548948820363933,52797300
2013-04-17,23.49190902709961,23.66302675892485,23.304495626586643,23.508206249976055,52840700
2013-04-18,23.459314346313477,23.614133289265645,23.223009295193958,23.589689011004037,56906600
2013-04-19,24.257856369018555,24.64083170195703,24.127481721457013,24.13563033120316,99790700
2013-04-22,25.121597290039062,25.406792510811076,24.66528586931719,24.68973015263065,137904000
2013-04-23,24.93418312072754,25.17863527169797,24.754916759439613,25.015667689113975,59126900
2013-04-24,25.8794002532959,26.009774940380403,24.934182994838814,24.95048021927159,90946600
2013-04-25,26.026073455810547,26.75943149558559,25.70013672193152,25.838658473914784,110700200
2013-04-26,25.903841018676758,26.058659957912223,25.626794474313154,25.99347262713188,47799300
2013-04-29,26.572011947631836,26.6290506686495,25.88754418704269,25.911988465085354,59116400
2013-04-30,26.971284866333008,26.979435031830892,26.303114280866012,26.531272289146063,75165200
2013-05-01,26.66164779663086,26.9549915961932,26.563864457858426,26.832763976916397,54330900
2013-05-02,27.020179748535156,27.02832680662484,26.392750590785855,26.588314177093565,46059500
2013-05-03,27.289077758789062,27.31352204006324,26.954992445072442,27.077216959820916,46784600
2013-05-06,27.500926971435547,27.6313016120021,27.093505831117984,27.232027526805176,40978300
2013-05-07,27.142406463623047,27.53353051467691,27.085367733784626,27.419453055000073,43078300
2013-05-08,26.881664276123047,27.085374968063306,26.604617610749155,26.946850081187122,51595700
2013-05-09,26.612762451171875,26.88980909343941,26.55572371085605,26.767581445117944,46417800
2013-05-10,26.637208938598633,26.661656335310017,26.335717985104974,26.62091171025053,36394900
2013-05-13,26.914243698120117,26.946838140398015,26.52311971591664,26.572011379333485,36027600
2013-05-14,27.51325035095215,27.51325035095215,26.914244657756903,26.96347916013857,56870100
2013-05-15,27.775829315185547,27.81685963404731,27.431197173998477,27.447608675508413,46303900
2013-05-16,27.964561462402344,28.02200015556807,27.529664475352412,27.60351467087606,59382900
2013-05-17,28.612796783447266,28.612796783447266,27.980968068333436,28.005586885403307,60666700
2013-05-20,28.785125732421875,28.801534109127925,28.456901855153088,28.497929057267967,54020800
2013-05-21,28.596385955810547,28.941021231343427,28.489715889965463,28.801525031907246,48702400
2013-05-22,28.399457931518555,28.588185530733202,28.194318828436423,28.547158336151636,66047500
2013-05-23,28.022001266479492,28.35022193612798,27.816862174133888,28.087644148339535,51102700
2013-05-24,28.120464324951172,28.12866851054289,27.816859375276344,27.833267746459786,33174400
2013-05-28,28.73587989807129,28.86716877125361,28.23534009088443,28.243544276007356,48212100
2013-05-29,28.620990753173828,28.73586807868632,28.366617296558772,28.506113427661337,38412200
2013-05-30,28.74408531188965,28.924608694047112,28.563565059905965,28.59638493197423,51131000
2013-05-31,28.63741683959961,28.94922598768701,28.54715514351022,28.571770831471344,56165700
2013-06-03,29.20359992980957,29.236422934273698,28.57997849586112,28.653825560644417,51252600
2013-06-04,28.711271286010742,29.32668861757835,28.530747867095098,29.22821959080195,65529500
2013-06-05,28.538944244384766,28.629205929141932,28.2517508203152,28.391243874813682,46025100
2013-06-06,28.686647415161133,28.809732111880578,28.300988083776346,28.588181535889895,37618500
2013-06-07,29.26923942565918,29.359501112416194,28.768702751215656,28.924607309140004,40757300
2013-06-10,29.105138778686523,29.25283919261516,28.834353643092527,29.137958658312723,35994500
2013-06-11,28.588178634643555,28.867167872743966,28.456889765547686,28.760494688424338,39435900
2013-06-12,28.719480514526367,28.941031168402283,28.596395774536983,28.83435793575648,37372700
2013-06-13,28.489715576171875,28.735881838741797,28.38304238132783,28.71126615153696,45654900
2013-06-14,28.227134704589844,28.465093625112363,28.10405002176817,28.350216257238007,53192600
2013-06-17,28.719480514526367,28.850769443100063,28.415875454107507,28.46510684596329,49670100
2013-06-18,28.703054428100586,28.858958973413902,28.637411562243066,28.694850243683412,28616500
2013-06-19,28.383052825927734,28.79333112457938,28.383052825927738,28.68665789048095,30816200
2013-06-20,27.48042869567871,28.169696033410524,27.381959697307373,28.11225421927382,54493700
2013-06-21,27.29991340637207,27.677368621290274,27.119389986117955,27.619929920332044,85338500
2013-06-24,27.66916275024414,28.063029445777513,26.725521640200636,27.029126631099942,56109000
2013-06-25,27.628128051757812,28.2107253811951,27.455811986652893,27.96455912673468,44073400
2013-06-26,28.18610382080078,28.29277700174638,27.808648725360595,27.997376273080686,48665900
2013-06-27,28.407655715942383,28.53894458711853,28.30918984510367,28.32560134527239,28993100
2013-06-28,28.34201431274414,28.547153380213036,28.177902432734275,28.210725434771,65545500
2013-07-01,28.194316864013672,28.711268244211166,28.169701175014676,28.51433334169695,31055400
2013-07-02,27.849679946899414,28.25995810060834,27.595309494911174,28.235342413041455,37630000
2013-07-03,27.907123565673828,28.20252438933215,27.570695545435065,27.619930059436268,15994400
2013-07-05,28.07122802734375,28.095846842893607,27.554279853401155,27.972762155665205,26085900
2013-07-08,28.169708251953125,28.383051580614485,27.882511577392794,28.18611662862526,32396900
2013-07-09,28.18610382080078,28.39124286791046,28.013787772470273,28.37483449869432,25318500
2013-07-10,28.473316192626953,28.563577924357727,28.16150379124116,28.17791529975359,29658800
2013-07-11,29.285648345947266,29.351294341504857,28.63741135576947,28.719465720043107,53638300
2013-07-12,29.26923942565918,29.318473926664904,28.949222994556052,29.19539236941104,35501200
2013-07-15,29.679523468017578,29.720553792132794,29.1953981972703,29.261041081540984,34142600
2013-07-16,29.76156997680664,29.89285882695648,29.507196460190602,29.548223638954973,36378500
2013-07-17,29.326679229736328,29.86003886825508,29.1215401848814,29.81901168531878,37285100
2013-07-18,29.080503463745117,29.449754289152494,28.89998327256918,29.31026127187233,49547100
2013-07-19,25.765470504760742,26.807575937542246,25.45365976312023,26.586028465318503,248428500
2013-07-22,26.26601219177246,26.26601219177246,25.929585717014902,26.011641680045013,79040700
2013-07-23,26.11009979248047,26.290623170296858,26.019838103572276,26.18394998066229,65810400
2013-07-24,26.224979400634766,26.413706979798985,26.167540708288,26.290625409130477,52803100
2013-07-25,25.75726318359375,25.970608021227374,25.64238579605527,25.945992332518856,63213000
2013-07-26,25.94599151611328,25.94599151611328,25.609561985174924,25.650590740209836,38633600
2013-07-29,25.880346298217773,25.929579237698526,25.765467352646784,25.822906042888814,28870700
2013-07-30,26.134716033935547,26.356265024835295,25.88854822781046,26.077277348699063,45799500
2013-07-31,26.12651252746582,26.298828597972662,26.01983933279184,26.233184157052875,43898400
2013-08-01,25.987016677856445,26.331650367817236,25.929577990377453,26.307034681804442,42557900
2013-08-02,26.167545318603516,26.175751071111208,25.90496749870647,26.00343496371149,29199900
2013-08-05,26.011632919311523,26.25779916040561,25.962398419023273,26.175743225011985,30984000
2013-08-06,25.913169860839844,25.987020058659535,25.749057962332294,25.888552606537594,36331500
2013-08-07,26.307037353515625,26.339857228141263,25.6423855921056,25.880347681642107,38078600
2013-08-08,26.988094329833984,27.135794703979077,26.298826960548112,26.45473465001996,59034400
2013-08-09,26.832197189331055,26.996309109331076,26.64346957689212,26.889635891804886,26800700
2013-08-12,26.97168731689453,27.05374483294654,26.63525932651675,26.63525932651675,25493700
2013-08-13,26.632890701293945,26.897318781273665,26.61636355226629,26.86426448321836,39464100
2013-08-14,26.732053756713867,27.56665754878846,26.194935531779524,26.55852339876116,48519600
2013-08-15,26.269302368164062,26.591573887353302,25.484280141900026,26.442832701230376,33338000
2013-08-16,26.27756118774414,26.434565929228047,26.161874313027294,26.269299190506185,32866300
2013-08-19,25.938764572143555,26.41804083099668,25.93050099814938,26.244510505465733,27902500
2013-08-20,26.12882423400879,26.360198006804755,25.922239607660607,25.980083050859598,22979600
2013-08-21,26.120553970336914,26.45108739650552,26.062710541951645,26.120553970336914,37409100
2013-08-22,26.765098571777344,26.847734297867603,26.525459694461535,26.599830271827454,31169900
2013-08-23,28.71525001525879,29.087102804175725,28.09549641780716,29.062310516761393,225493800
2013-08-26,28.219459533691406,28.649152756854157,28.12029664936365,28.426044147694327,72786800
2013-08-27,27.4840087890625,28.178133044672965,27.393114229498615,27.698858499163265,58522300
2013-08-28,27.28569221496582,27.76496681036936,27.269165069989064,27.591436516459314,44257400
2013-08-29,27.723651885986328,27.764968174342613,27.103898103949835,27.211322975460767,45284700
2013-08-30,27.59970474243164,27.665810177478832,27.343538695075296,27.574912446086874,42790200
2013-09-03,26.343673706054688,26.500678480363145,25.856135385198783,26.236250382232555,154507000
2013-09-04,25.781757354736328,26.004867513156572,25.707386776557804,25.93876050767736,142320600
2013-09-05,25.806547164916992,25.98007904386518,25.57517342780657,25.699123869275063,71644900
2013-09-06,25.740436553955078,25.93875754776196,25.723909410442385,25.872650549826332,75434900
2013-09-09,26.161876678466797,26.26930156565857,25.78176172653432,25.798287298619854,49628500
2013-09-10,26.765098571777344,26.773363720501685,26.26929682415831,26.360192970626965,56881200
2013-09-11,27.054323196411133,27.21132637265837,26.880789720080763,26.913844015784754,39087500
2013-09-12,27.013002395629883,27.087372981117685,26.930369812746097,27.037794692279803,32860200
2013-09-13,27.293954849243164,27.327009139969206,26.8642585264966,27.079108263985212,40899000
2013-09-16,27.103897094726562,27.682334566868445,27.046053662735435,27.583174848059464,52839700
2013-09-17,27.21132469177246,27.657548199518963,27.186535547641302,27.616228756325775,84716500
2013-09-18,27.533597946166992,27.599706537745373,27.12869385555841,27.26090788648403,64099900
2013-09-19,27.798019409179688,27.831073697122278,27.533591410099746,27.665805409639717,42026600
2013-09-20,27.095632553100586,27.665804822982942,27.012996834996407,27.60796139642518,102904900
2013-09-23,27.054323196411133,27.244380668362357,26.856000574418342,26.88905487012233,39826100
2013-09-24,26.814678192138672,27.161738761530653,26.566777335111478,27.161738761530653,40685000
2013-09-25,26.864261627197266,27.103900534274448,26.773367045555496,26.84773763215769,28907500
2013-09-26,27.07910919189453,27.269166641735907,26.930368030761148,26.971684319469137,28504000
2013-09-27,27.492284774780273,27.888926912602845,27.161748083812377,27.1700132348139,55348000
2013-09-30,27.50054931640625,27.525341619471757,27.021274537641006,27.269175502673498,39839500
2013-10-01,27.748451232910156,27.773240381777814,27.51707428529637,27.55839058415298,36718700
2013-10-02,28.029399871826172,28.12029760944786,27.508808896371132,27.56665233808836,46946800
2013-10-03,27.97981834411621,28.095505214170576,27.61622743568159,27.996345490156948,38703800
2013-10-04,27.996356964111328,28.08725472847329,27.78150712975905,27.839350588492643,33008100
2013-10-07,27.517066955566406,27.85586555951517,27.434434379864054,27.764967834904162,35069300
2013-10-08,27.27743148803711,27.541862698298928,27.103901165997776,27.52533555064312,41017600
2013-10-09,27.32701301574707,27.558386779183678,27.236115279473797,27.32701301574707,35878600
2013-10-10,27.897180557250977,28.004605422480694,27.484011393384975,27.525330831556023,42875100
2013-10-11,28.202932357788086,28.211194355358188,27.83107942251259,27.83107942251259,30033300
2013-10-14,28.467363357543945,28.508679654132646,27.913714896114968,28.012877790605497,27757900
2013-10-15,28.500410079956055,28.913579240480477,28.483882935267413,28.649148077692757,47097800
2013-10-16,28.62436294555664,28.839212704367693,28.558257509774684,28.591308651550175,35111600
2013-10-17,28.855741500854492,28.91358810110721,28.401255915445724,28.467364514459398,31359200
2013-10-18,28.8887939453125,28.91358624446638,28.368202946550493,28.77310705669872,41811700
2013-10-21,28.91358757019043,29.087117911067683,28.847478972390654,28.905322419349737,27433500
2013-10-22,28.57478904724121,29.00448232642294,28.525207598613417,28.938376880484007,40438500
2013-10-23,27.897180557250977,28.50041031045823,27.822809981665873,28.384720296702078,58600500
2013-10-24,27.864137649536133,28.17814403721037,27.740185602874753,27.946770245822723,53209700
2013-10-25,29.525074005126953,29.98782469645694,29.310227383721255,29.649026040089097,113494000
2013-10-28,29.392860412597656,29.525074447496998,29.144959491190296,29.425914709380304,38383600
2013-10-29,29.351539611816406,29.51680791812713,29.136689867943232,29.44243733789884,31702200
2013-10-30,29.36807632446289,29.57466098658956,29.277178568770072,29.359811172728026,36997700
2013-10-31,29.260652542114258,29.492026363874405,29.202809086674222,29.46723721218065,41682300
2013-11-01,29.35980796813965,29.49202201138044,29.244121074332888,29.47549486194641,40264600
2013-11-04,29.6986026763916,29.731656970836,29.376331186136266,29.409385480580664,28060700
2013-11-05,30.277050018310547,30.334893476191663,29.558136218765185,29.5746633713358,51681900
2013-11-06,31.549604415893555,31.58265871267391,30.624106171662337,30.772847354942687,88948800
2013-11-07,30.987693786621094,31.409125035137404,30.929850343731232,31.36780874053482,60437400
2013-11-08,31.21906852722168,31.21906852722168,30.85548071030945,31.128170784935794,36737800
2013-11-11,31.06206512451172,31.21906830866829,30.86374249252805,31.144697715703327,26872500
2013-11-12,30.872011184692383,31.070330687196414,30.73979713227914,30.888538335272994,31651600
2013-11-13,31.5330810546875,31.5330810546875,30.491895798907915,30.558001248176776,44957600
2013-11-14,31.417383193969727,31.508280913206338,31.169482329289302,31.293431185514255,46183700
2013-11-15,31.268651962280273,31.41739315871129,31.169492215403434,31.359549710347174,50601300
2013-11-18,30.73979377746582,31.053803299764443,30.632368886531573,30.863742664945658,53277500
2013-11-19,30.589914321899414,30.99788906294056,30.531629039899833,30.681498219586615,44275000
2013-11-20,30.873016357421875,31.147774546575658,30.689842113893874,30.739796415846442,32229900
2013-11-21,31.13945198059082,31.24768842618606,31.02288452388002,31.03121235885715,23064700
2013-11-22,31.280986785888672,31.372573894400702,31.081163254714927,31.247681805313793,27982000
2013-11-25,31.339262008666992,31.597370787045072,31.28097989357147,31.58071830042677,30646800
2013-11-26,31.097816467285156,31.347600676771915,31.097816467285156,31.280990707271936,34465300
2013-11-27,31.305953979492188,31.439170683297554,31.214370076237106,31.280976840071414,26002100
2013-11-29,31.74724006652832,31.88045678365681,31.4891312875319,31.4891312875319,22090400
2013-12-02,32.013675689697266,32.28843379800119,31.688960118002946,31.713937261629496,42950400
2013-12-03,31.897123336791992,32.0469926066703,31.705624419978257,31.755578725845382,52109800
2013-12-04,32.42165756225586,32.45496254507922,31.738921295066834,31.81385591835041,51983600
2013-12-05,31.638999938964844,32.37169345844871,30.956263878583407,32.34671314082899,116305000
2013-12-06,31.938743591308594,32.09693747359757,31.630680483214256,31.988697882485358,36457300
2013-12-09,32.23015213012695,32.363368858229585,31.94706618589169,32.10526323410798,30286000
2013-12-10,31.730592727661133,32.388351764754105,31.655658113610823,32.14689543324338,37828600
2013-12-11,31.31427764892578,31.88877401222006,31.131103514482824,31.6889505711335,39853400
2013-12-12,30.989574432373047,31.33926718065677,30.95626945364005,31.33926718065677,36012800
2013-12-13,30.548303604125977,31.18108574820738,30.49002145613675,31.156105416112812,40066100
2013-12-16,30.71480369567871,30.80639077101765,30.42339316154265,30.581586997768426,31734200
2013-12-17,30.406749725341797,30.897987040587765,30.24855584204269,30.756442470362202,45687700
2013-12-18,30.456710815429688,30.473360130483464,29.58247249662356,30.273536588458814,63192100
2013-12-19,30.181949615478516,30.431730632241095,30.04040820389697,30.39842564970263,34160100
2013-12-20,30.639888763427734,30.74812839247007,30.131998784235233,30.140326619774683,62649100
2013-12-23,30.49001121520996,30.71481507172123,30.431729086796427,30.64820828616481,25128700
2013-12-24,30.873016357421875,30.947947810350726,30.506667870365874,30.57327784115359,14243000
2013-12-26,31.17273712158203,31.214369921926505,30.947933339496167,30.9729136549302,17612800
2013-12-27,31.04786491394043,31.322623122097706,30.94794995084829,31.28932131053877,14563000
2013-12-30,31.04786491394043,31.12279954819031,30.723149224237083,30.989582773539237,16290500
2013-12-31,31.147768020629883,31.289312590828864,30.989574137360485,31.139443364094674,17503500
2014-01-02,30.939632415771484,31.139459211826978,30.889674922722822,31.09782637955017,30632200
2014-01-03,30.731464385986328,30.989573196668637,30.473355575304023,30.972920707966153,31134800
2014-01-06,30.082042694091797,30.714821583655016,30.065390200137703,30.68151659574683,43603700
2014-01-07,30.315168380737305,30.381778350233432,30.148646633135144,30.248561587379335,35802800
2014-01-08,29.773969650268555,30.090360612242392,29.624103590531213,29.973796356814596,59971700
2014-01-09,29.582462310791016,29.89885318221794,29.474225919519757,29.87387604209947,36516300
2014-01-10,30.007108688354492,30.098695818952557,29.76565228516661,29.89054440437097,40548800
2014-01-13,29.12453842163086,29.99044885671347,28.999649509119823,29.965471709438813,45901900
2014-01-14,29.790616989135742,29.873879425856348,28.83312278787774,28.916382048461152,41623300
2014-01-15,30.6065616607666,30.63154197319841,29.848891157153115,29.89052395249401,44812600
2014-01-16,30.71480369567871,30.80639077101765,30.23189435680515,30.5482820292567,38018700
2014-01-17,30.290176391601562,30.664849346125955,30.09867758731945,30.664849346125955,46267500
2014-01-21,30.115325927734375,30.65652053089514,30.02374203169261,30.65652053089514,31567300
2014-01-22,29.915512084960938,30.240227680704322,29.765642859827445,30.190270213613985,21904300
2014-01-23,30.02375030517578,30.08203242605217,29.574142650297325,30.048727449512125,43954000
2014-01-24,30.648208618164062,31.264334889820777,30.415076925846705,31.18107561293889,76395500
2014-01-27,29.998775482177734,30.714816728321118,29.95714584194246,30.698164236999414,44420800
2014-01-28,30.198591232299805,30.298502967799244,29.76563614361983,30.073699180822903,36205500
2014-01-29,30.523319244384766,30.706493481199438,29.890540425783865,29.957147217992226,52745900
2014-01-30,30.68984603881836,30.706498533644975,30.165303568265124,30.631563894994514,35036300
2014-01-31,31.505802154541016,31.54743180740453,30.440067795768204,30.76478353469811,93162300
2014-02-03,30.373445510864258,31.630681480754657,30.331815874858233,31.42253012458689,64063100
2014-02-04,30.265195846557617,30.96458429762757,30.18193660224743,30.781413324917843,54697900
2014-02-05,29.823928833007812,30.36512367986204,29.80727634182821,30.215254435383574,55814400
2014-02-06,30.123661041259766,30.18194316016773,29.715683032766755,29.807270127089918,35351800
2014-02-07,30.44005584716797,30.46503299385404,29.982120317005442,30.24022914526635,33260500
2014-02-10,30.639888763427734,30.639888763427738,30.215261258936508,30.498347320643543,26767000
2014-02-11,30.94793701171875,31.022871614638966,30.689831405322423,30.706483892208816,32141400
2014-02-12,31.19772720336914,31.30596362496499,31.05618262538865,31.09781226262842,27051800
2014-02-13,31.31427764892578,31.522428919470475,31.08114924227935,31.08114924227935,37635500
2014-02-14,31.322612762451172,31.455829493042124,31.08115962184953,31.131113910735266,31407500
2014-02-18,31.389713287353516,31.691699297379188,31.38132620927657,31.565873926504146,32834000
2014-02-19,31.465221405029297,31.66654655268203,31.21356737042938,31.22195765155702,29750400
2014-02-20,31.66654396057129,31.767204926180575,31.37294814422987,31.51555091218016,27526100
2014-02-21,31.859481811523438,32.16985501802011,31.758820836434868,31.825927086509015,38021300
2014-02-24,31.616222381591797,31.859489395925944,31.490396932766018,31.616222381591793,32085100
2014-02-25,31.490367889404297,31.75040883045011,31.33098465461879,31.549087018024483,30736500
2014-02-26,31.43166732788086,31.658156900614426,31.19678747470101,31.523941213063544,41041800
2014-02-27,31.758821487426758,31.783985931726043,31.23034575745835,31.414893548865837,33903400
2014-02-28,32.13629913330078,32.26212453510315,31.725261807522795,31.859477489417884,41215000
2014-03-03,31.691692352294922,31.98529121990285,31.44842874193185,31.80913061935698,29717500
2014-03-04,32.22018051147461,32.27889966825525,31.934971807131205,32.0440230411327,26802400
2014-03-05,31.96853256225586,32.10274826023621,31.817539502033632,32.085970897994336,20520100
2014-03-06,32.0020751953125,32.07757169689857,31.783972768528976,31.993684917384357,23582200
2014-03-07,31.7923641204834,32.17823371942412,31.61620347752911,32.11112429354562,26591600
2014-03-10,31.725261688232422,31.884641809897843,31.641378087346254,31.867867649684015,19006600
2014-03-11,31.893033981323242,32.06919147360348,31.641379963786548,31.76720537257767,25216400
2014-03-12,32.10274887084961,32.23696457138283,31.700101769249965,31.708488850553106,30494100
2014-03-13,31.78398323059082,32.25373975063585,31.574271012706266,32.228572108520645,32169700
2014-03-14,31.624597549438477,31.993689836186014,31.465214243834136,31.582655753209835,27195600
2014-03-17,31.918201446533203,32.22018757616456,31.700102130663193,31.792376025823305,20479600
2014-03-18,33.176475524902344,33.470074579077824,32.060808078908984,32.0943596051379,64063900
2014-03-19,32.94158935546875,33.17646597120881,32.639603306686446,33.10935973812046,35597200
2014-03-20,33.830787658691406,34.099219129927,32.916441959809056,32.92482904330462,59269800
2014-03-21,33.688167572021484,34.342468609938905,33.56233897244311,34.1579240504993,80721800
2014-03-24,33.97337341308594,34.09081172276817,33.43651074027919,33.83915774488425,46098400
2014-03-25,33.839149475097656,34.3844022938894,33.52038614103695,34.10758074590041,43193100
2014-03-26,33.37778854370117,34.149527765543354,33.21840525226802,33.95659296008281,41977500
2014-03-27,33.01707458496094,33.52877263721027,33.00029723243359,33.33583788307496,35369200
2014-03-28,33.80562210083008,34.0908309566665,33.285536493112744,33.37781041705332,43472700
2014-03-31,34.3844108581543,34.812222302567555,33.889489979348554,33.91465441726876,46886300
2014-04-01,34.74510955810547,34.88771549262685,34.451513810493275,34.51862323849244,32605000
2014-04-02,34.6863899230957,34.94643415302226,34.535396912164614,34.76188642856125,28666700
2014-04-03,34.401180267333984,34.63606005532598,34.14952632301369,34.63606005532598,30139600
2014-04-04,33.44489669799805,34.71994710313265,33.251961881425245,34.602508797388666,51409600
2014-04-07,33.386173248291016,33.78043310965029,33.33584438085173,33.52038889471813,37559600
2014-04-08,33.402950286865234,33.49522414289883,32.88286506189352,33.34423114210811,35918600
2014-04-09,33.94820785522461,34.015314087134435,33.45328699506853,33.4952287900064,27398700
2014-04-10,33.01707458496094,34.13274132843081,32.79058512577093,33.923029221768154,45960800
2014-04-11,32.891265869140625,33.37779978587725,32.71510836133794,32.71510836133794,34330200
2014-04-14,32.86610412597656,33.05903901227536,32.63122742960498,32.80738495188366,32006600
2014-04-15,33.34423065185547,33.520388083536844,32.7570360129642,33.00030286621182,33968700
2014-04-16,33.88949203491211,33.90626619457371,33.47845472421159,33.604283321352646,30615800
2014-04-17,33.562339782714844,33.72172310602256,33.142915373933356,33.562339782714844,36688400
2014-04-21,33.503623962402344,33.67978466362226,33.377798547193386,33.66300730160347,22221200
2014-04-22,33.54555892944336,33.67138430700104,33.41134327340964,33.5203912939689,27056700
2014-04-23,33.29390335083008,33.54556051776828,33.10935881501688,33.54556051776828,24602800
2014-04-24,33.436500549316406,33.528774393072695,32.96674425380847,33.335839628833625,42381600
2014-04-25,33.478458404541016,34.124372420959894,33.34424271281466,33.79722187237405,56876800
2014-04-28,34.28374099731445,34.63605906929578,33.629440120717824,33.67138191025161,50610200
2014-04-29,33.981754302978516,34.552171588929156,33.88109337014998,34.47667508931941,29636200
2014-04-30,33.88949203491211,33.97337563303671,33.69655399930805,33.88949203491211,35458700
2014-05-01,33.553955078125,33.855941185820846,33.51201327426825,33.75528021657374,28787400
2014-05-02,33.29390335083008,33.83915627925777,33.268738914117776,33.81399184254548,43416600
2014-05-05,33.0758056640625,33.25196312928922,32.9667544332276,33.15130217772452,22460900
2014-05-06,32.76543426513672,33.00869797763688,32.67316038800205,32.958369099166426,27112400
2014-05-07,33.06742858886719,33.14292513267554,32.30407606811833,32.89966133591993,41744500
2014-05-08,33.25196838378906,33.47007087992358,32.689941182124066,33.000314365133775,32120400
2014-05-09,33.168087005615234,33.42812812238031,33.025481025493214,33.168087005615234,29647600
2014-05-12,33.52878952026367,33.57073132272498,33.26035814456603,33.33585466897814,22782600
2014-05-13,34.14545822143555,34.21304108397053,33.663941604722666,33.72307499817665,27004800
2014-05-14,33.993412017822266,34.170812244066894,33.83290428905219,34.04409595530411,18818700
2014-05-15,33.45275115966797,34.12856691847206,33.37672204792893,33.866688150809054,37793200
2014-05-16,33.64706039428711,33.655506643672084,33.17398986549503,33.5118946238928,29867100
2014-05-19,33.579471588134766,33.638604990990814,33.33448850628613,33.46120478242267,24537400
2014-05-20,33.52033615112305,33.739974030898566,33.3344864834086,33.52033615112305,21320900
2014-05-21,34.086334228515625,34.086334228515625,33.57102926094961,33.621713199300515,22398700
2014-05-22,33.8751335144043,34.086325127891925,33.66394190091667,34.035641203073,20201800
2014-05-23,33.89204406738281,34.10323577332555,33.79067295083861,34.10323577332555,18020000
2014-05-27,33.951175689697266,34.01030910642803,33.63016663388152,34.01030910642803,26160600
2014-05-28,33.79912185668945,33.951180154717505,33.63861730767316,33.90894245471637,25711500
2014-05-29,34.0778923034668,34.08633855342057,33.71464232739316,33.91738777410873,19888200
2014-05-30,34.584747314453125,34.61009250660925,34.00185945532942,34.17081343874373,34567600
2014-06-02,34.45802307128906,34.71145235297526,34.36509824941422,34.59318556969024,18504300
2014-06-03,34.03563690185547,34.36509526165669,34.001845474561016,34.297512407067785,18068900
2014-06-04,34.06098556518555,34.10322324635319,33.67239374239759,33.96806073309962,23209000
2014-06-05,34.812828063964844,34.84661949870378,34.128569234408594,34.28907371562566,31865200
2014-06-06,35.040916442871094,35.19297468112959,34.83817427354555,35.040916442871094,24060500
2014-06-09,34.863521575927734,35.040921806875886,34.65232990407636,34.96489267610822,15019200
2014-06-10,34.72834777832031,34.770585454494224,34.517156174922626,34.66076491841955,15117700
2014-06-11,34.51716613769531,34.69456636234607,34.44113700962655,34.576299545912235,18040000
2014-06-12,34.28063201904297,34.53406136817119,34.035648918456445,34.474927960792236,29818900
2014-06-13,34.82973098754883,35.11695179719813,34.5171682078664,34.71991041318988,26310000
2014-06-16,35.05780792236328,35.15073274812347,34.66921612602821,34.66921612602821,24205300
2014-06-17,35.209861755371094,35.40415762933092,34.07787471651935,34.88040339419888,22518600
2014-06-18,35.18452835083008,35.26055746978077,34.787487038251044,35.15073691517895,27097000
2014-06-19,35.066253662109375,35.285894742099934,34.91419866696054,35.11694080884448,19828200
2014-06-20,35.209861755371094,35.336577996988666,34.956432494663844,35.01556588141128,47764900
2014-06-23,35.47175979614258,35.4802060463358,35.21832717493075,35.25211862076294,18743900
2014-06-24,35.269004821777344,35.42950931235291,35.10850033120177,35.33658769519575,26509100
2014-06-25,35.50553512573242,35.5224308425129,35.02401847633849,35.22676385517574,20049100
2014-06-26,35.24365997314453,35.42950641478837,34.99867691083162,35.421060167566225,23604400
2014-06-27,35.69137954711914,35.7251709757184,35.06625100814485,35.150729579643,74640000
2014-06-30,35.226768493652344,35.65759804943423,35.226768493652344,35.623806611423795,30793100
2014-07-01,35.370391845703125,35.60692878671183,35.21833353452975,35.3619455939847,26917000
2014-07-02,35.39571762084961,35.39571762084961,35.0831516957895,35.2521056402085,20208100
2014-07-03,35.31124496459961,35.471752688877736,35.10850277528797,35.404169810754524,15969300
2014-07-07,35.47175979614258,35.58157716130275,35.235222897846846,35.269014343679046,21952400
2014-07-08,35.29435348510742,35.480203199744054,35.150744685636845,35.37038262086519,31218200
2014-07-09,35.201416015625,35.47174424120963,35.08314922960385,35.463294772191986,18445900
2014-07-10,35.21831130981445,35.48019006324858,34.67766131016946,34.947986309991954,21854700
2014-07-11,35.55622863769531,35.55622863769531,35.04092046254292,35.226770157851405,24083000
2014-07-14,35.59844970703125,35.86032840793417,35.513974369980005,35.666032554694276,21881100
2014-07-15,35.8603401184082,35.87723583584139,35.5055364973685,35.75896903633769,28748700
2014-07-16,37.237300872802734,37.43159673938837,35.8856728294498,35.91101478780035,63318000
2014-07-17,37.617454528808594,38.61427934445552,37.380920919173306,38.39464145301257,82180300
2014-07-18,37.75261688232422,37.8793331569335,37.380920751347716,37.71882866861998,43407500
2014-07-21,37.879337310791016,38.14966238524125,37.355582881859824,37.642803676279335,37604400
2014-07-22,37.87089157104492,38.141216649128246,37.66814615121787,38.0145003589202,43095800
2014-07-23,37.904685974121094,38.39465227217957,37.69349427099858,38.39465227217957,52362900
2014-07-24,37.50763702392578,38.01449567727799,37.44005415146349,37.95536227513786,30725300
2014-07-25,37.592105865478516,37.727268364408324,37.42315193618422,37.42315193618422,26737700
2014-07-28,37.144386291503906,37.60055778007963,37.11059485604537,37.473844730903075,29684200
2014-07-29,37.07680892944336,37.245762909310535,36.86561726024167,37.09370464968299,27763100
2014-07-30,36.814937591552734,37.254213478610296,36.56995445346061,37.22887150657645,31921400
2014-07-31,36.46012496948242,36.907850219601855,36.39254531971379,36.64597464577142,31537500
2014-08-01,36.206695556640625,36.53615400197873,35.98705444472941,36.50236256591105,31170300
2014-08-04,36.637516021728516,36.72199459099356,36.164448923955916,36.29961141225208,34277400
2014-08-05,36.39254379272461,36.7135527550817,36.18135215944982,36.58683970863398,26266400
2014-08-06,36.105342864990234,36.46858970892499,35.657614165317916,36.105342864990234,24634000
2014-08-07,36.51926040649414,36.70511009313951,36.029297445150306,36.189801942007456,30314900
2014-08-08,36.49391174316406,36.59528281613019,36.24892869617831,36.519253705773515,28942700
2014-08-11,36.49391174316406,36.70510335831833,36.34185352245072,36.54459566838297,20351600
2014-08-12,36.76424026489258,36.8233736649826,36.32496127670343,36.35875271176304,21431100
2014-08-13,37.237300872802734,37.3217762156564,36.76423057425004,36.89939305633256,22889500
2014-08-14,37.39781188964844,37.52452492621144,37.17817080356057,37.23730742099063,19313200
2014-08-15,37.837100982666016,37.93002583457385,37.50764248774131,37.65970075040336,41611300
2014-08-18,38.107425689697266,38.107425689697266,37.74417575721393,37.96381367748031,26891100
2014-08-19,38.532432556152344,38.5409315553712,38.10741125679565,38.2264167017907,28139500
2014-08-20,38.209434509277344,38.591954517927405,38.1669330066844,38.5409507692218,24770500
2014-08-21,38.43893814086914,38.46443838833853,38.10742195314269,38.115920954747125,22285500
2014-08-22,38.37944030761719,38.651453790915134,38.31143531546445,38.54944630268603,18294500
2014-08-25,38.39645004272461,38.62596209736895,38.28594676070353,38.59196283356265,16910000
2014-08-26,38.26042175292969,38.59194114061475,38.20091902139393,38.51543716540369,14873100
2014-08-27,38.141422271728516,38.25192875162138,38.047917038177346,38.16692576256913,21287900
2014-08-28,38.14992141723633,38.234924399383615,37.92040947425155,38.03941494632012,17657600
2014-08-29,38.61743927001953,38.625938270063926,38.13291520110166,38.32842462867769,21607600
2014-09-02,38.32844161987305,38.6429566434297,38.124429859157665,38.617456389336624,22976800
2014-09-03,38.217933654785156,38.34544140569471,37.85241489434504,37.85241489434504,33684500
2014-09-04,38.47294235229492,38.48144459765209,38.01392162535959,38.030922873417424,26475500
2014-09-05,39.02546691894531,39.04246816497916,38.345433290871846,38.345433290871846,36939400
2014-09-08,39.50149917602539,39.78201167933528,39.09347892588403,39.118979178187644,45736700
2014-09-09,39.74800109863281,39.92651255642896,39.458986408220056,39.501491143625266,40302400
2014-09-10,39.816001892089844,39.90100486864495,39.33997679247643,39.799000648247684,27302400
2014-09-11,39.95201873779297,39.95201873779297,39.50149701095305,39.73100899707618,29216400
2014-09-12,39.69699478149414,39.96900818637609,39.6119885658088,39.87550297045,38244700
2014-09-15,39.30599594116211,39.70551400911724,39.18698717857539,39.5610082328192,37667600
2014-09-16,39.74800109863281,39.82450508264372,39.34848317560345,39.43348616110177,27910600
2014-09-17,39.54399490356445,39.688500635727806,39.29748169176743,39.32298194034773,38311900
2014-09-18,39.68000411987305,39.80751185607592,39.49299363815055,39.60350012668261,35556600
2014-09-19,40.39403533935547,40.4365368319756,39.611994255989615,39.79050571324384,202522400
2014-09-22,40.00303268432617,40.275046238883625,39.93502767435813,40.207041228915585,38686100
2014-09-23,39.5779914855957,39.93500788302259,39.501487508624834,39.824501417918945,33430300
2014-09-24,40.020015716552734,40.045515962352354,39.390982631363215,39.6374958162791,26582700
2014-09-25,39.13596725463867,40.02851145407065,39.127465011628075,39.85000326271538,33077400
2014-09-26,39.45048904418945,39.62899726673883,38.89795988754861,39.04246886008109,27078800
2014-09-29,39.47598648071289,39.577993951466695,38.897957117065125,39.08496757079115,26091000
2014-09-30,39.40799331665039,39.50999756694076,39.11047632620656,39.41649231973432,33033100
2014-10-01,39.016963958740234,39.55248856252168,38.974459226639915,39.33147887181668,38088400
2014-10-02,38.89795684814453,39.186971527970314,38.79595262075188,38.95746282700083,25119400
2014-10-03,39.1784782409668,39.35698647560331,38.7704580292306,39.08497300111251,32453200
2014-10-06,39.1784782409668,39.35698647560331,39.033969258649336,39.203978490870185,20604000
2014-10-07,38.70244216918945,39.04246053813251,38.608936955597336,38.9829578099658,25723700
2014-10-08,39.765010833740234,39.858516083344554,38.540950070895676,38.659955573062355,33031000
2014-10-09,38.974464416503906,39.78200579410577,38.88096242433748,39.52699358082524,34422800
2014-10-10,37.42739486694336,39.203984990758215,37.3593931083744,38.76196221076069,51978100
2014-10-13,37.10437774658203,37.87791673644192,36.96837099812282,37.24888349815765,37100200
2014-10-14,37.17237091064453,37.724900022590184,37.02786519245758,37.29137638271752,38115700
2014-10-15,36.73884582519531,36.88335152494193,35.78679568479036,36.55183539714157,60218700
2014-10-16,36.33083724975586,36.61985198357573,35.88881452493391,36.15232576514908,49040400
2014-10-17,37.087379455566406,37.35089072772788,36.373343158543996,36.7218606819325,40683300
2014-10-20,37.469879150390625,37.52087963079992,36.39032466544003,36.60283531422585,34527900
2014-10-21,38.14992141723633,38.234924399383615,37.563389815389925,37.70789877622742,36433800
2014-10-22,37.72489929199219,38.31142763984549,37.59739157857997,38.25192490496135,33570900
2014-10-23,38.2689323425293,38.63445105462876,37.852409888280015,37.92891388017656,45451900
2014-10-24,39.21248245239258,39.867015917367105,38.404940995987296,39.807513169883656,61076700
2014-10-27,39.02546691894531,39.18697389228272,38.855457701262914,38.855457701262914,30371300
2014-10-28,39.518489837646484,39.52698883858514,38.90645800507659,38.98296198414783,29049800
2014-10-29,39.62899398803711,39.69699896775687,39.39098304432976,39.475986026323554,30276100
2014-10-30,39.144474029541016,39.373985996576806,38.906463060462244,39.373985996576806,30073900
2014-10-31,39.90951156616211,39.926512811901766,39.50999039792034,39.90100932196425,35849700
2014-11-03,40.32603454589844,40.3430357932437,39.72250485709527,39.858511593200994,23130400
2014-11-04,40.43653106689453,40.57253776948196,40.16451766171967,40.207019148280324,21530800
2014-11-05,40.68305206298828,40.71705455584688,40.17302439807785,40.63204832370038,22449600
2014-11-06,41.3970832824707,41.53308999509363,40.62354449642981,40.68304723053635,33037800
2014-11-07,41.38009262084961,41.584101120630436,41.04857637671328,41.584101120630436,28000600
2014-11-10,41.558589935302734,41.77960286835244,41.26957526776865,41.35458148919385,36370100
2014-11-11,41.54160690307617,41.60961191003008,41.354599619267354,41.5246056513377,23445200
2014-11-12,41.4650764465332,41.58408189014761,41.24406680020004,41.278069281991336,22722100
2014-11-13,42.17062759399414,42.20463008726907,41.405587708589536,41.490593941776844,26210400
2014-11-14,42.145118713378906,42.54463657823486,41.98360852473098,42.281125415966045,29081700
2014-11-17,42.04312515258789,42.25563589829566,41.77111165749447,42.00062365197766,30318600
2014-11-18,41.69240188598633,42.1970904913902,41.658184935051956,42.02600899982637,23995500
2014-11-19,41.247589111328125,41.70095226612948,40.999521124958086,41.62396576219077,26177500
2014-11-20,41.65818786621094,41.65818786621094,40.94820076835266,41.05940423515987,21510600
2014-11-21,41.04228210449219,41.957564091688496,40.69156660718432,41.93190301677313,42884800
2014-11-24,40.70868682861328,41.05940242715423,40.537605332545176,41.050849820749484,35434200
2014-11-25,40.606048583984375,41.033750791060314,40.58894010412828,40.768574247954035,28008000
2014-11-26,40.84556198120117,41.05086048242437,40.44352085048976,40.62315826272593,27163600
2014-11-28,40.89686965942383,41.23047672379462,40.72578819322898,41.01662570682795,21534400
2014-12-01,41.58975601196289,41.72662056897663,40.811338232114416,40.956758659440005,31191600
2014-12-02,41.452884674072266,41.95757325733613,41.23048102897146,41.777939167473036,25773500
2014-12-03,41.127838134765625,41.48710635546947,40.89687859440961,41.43578092546538,23534800
2014-12-04,41.77793502807617,41.96612496820551,41.23047694381726,41.3930025428605,30320400
2014-12-05,41.418670654296875,41.88914558451332,41.38445696555142,41.76083364661645,27313400
2014-12-08,40.80278396606445,41.358794778718085,40.58893290048037,41.28180826458349,26663100
2014-12-09,40.70868682861328,40.99096852348374,40.246767768161845,40.29809319591471,24330500
2014-12-10,40.11845779418945,40.76856354246455,39.9473763036619,40.70013290411834,30431800
2014-12-11,40.34942626953125,40.837009807237486,39.930279917106475,40.27244300175075,29060400
2014-12-12,40.16122817993164,40.82844241734092,39.92171278300649,40.015807767894074,34248400
2014-12-15,39.921714782714844,40.77711903274713,39.81906718638128,40.37508125414557,29247800
2014-12-16,38.63004684448242,39.63942388654315,38.60438576712566,39.263047278511564,47801400
2014-12-17,39.12618637084961,39.30582045513634,38.40764677059489,38.535955432324926,34970900
2014-12-18,40.6488037109375,40.6488037109375,39.639426599786816,39.84472502201565,40105600
2014-12-19,40.768558502197266,41.14493512433957,40.34940906538011,40.742897423878446,64551200
2014-12-22,41.04228210449219,41.16203813824016,40.811322640932296,40.871200657806284,26566000
2014-12-23,41.44432830810547,41.74371843071422,41.17059926368958,41.375894415447696,23648100
2014-12-24,41.17914962768555,41.606851644197626,41.127827474092854,41.606851644197626,11437800
2014-12-26,40.95676040649414,41.41012365910802,40.905434971758986,41.41012365910802,13197800
2014-12-29,40.58892822265625,40.87120989987831,40.42639934315429,40.80277926359426,14439500
2014-12-30,40.221107482910156,40.73434871817735,40.067134459708356,40.58037569497555,16384700
2014-12-31,39.73353958129883,40.58038820690472,39.73353958129883,39.97305179652325,21552500
2015-01-02,39.99869918823242,40.56326583298269,39.810512482054385,39.9131600729795,27913900
2015-01-05,39.63086700439453,39.97302663028248,39.562433121352655,39.66508068280832,39673900
2015-01-06,39.04920959472656,39.990153067542956,38.9551145948232,39.673654374047786,36447900
2015-01-07,39.54533767700195,39.74208026089452,38.91234036588819,39.33148661671331,29114100
2015-01-08,40.70868682861328,40.84555137284614,39.96448607329138,39.990147155613755,29645200
2015-01-09,40.366519927978516,40.90542544632552,40.11845520896223,40.72579136124579,23944200
2015-01-12,39.86184310913086,40.66592532090056,39.65654788369388,40.5632744450733,23651900
2015-01-13,39.65654754638672,40.98242368167801,39.39992688521885,40.17834473985635,35270600
2015-01-14,39.314369201660156,39.553884553639946,39.02353169526915,39.314369201660156,29719600
2015-01-15,38.903785705566406,39.67365085178215,38.84390766787277,39.53678629946695,32750800
2015-01-16,39.55390548706055,39.588119187072714,38.638619670664376,38.75837904158919,35695300
2015-01-20,39.68220901489258,39.90461598298834,38.98077767817599,39.60522248949155,36161900
2015-01-21,39.28016662597656,39.468356629280635,38.90378988247708,39.29727510474136,39081100
2015-01-22,40.31520080566406,40.32375341188506,39.417027049488865,39.673647656523485,35898000
2015-01-23,40.35797119140625,40.537605293706996,40.032916675499095,40.51194421140921,26211600
2015-01-26,40.212547302246094,40.31519814878141,39.55388898407092,40.20399469658874,42525500
2015-01-27,36.49153137207031,36.95345027550201,36.021059865141154,36.73959929388811,169164000
2015-01-28,35.23409652709961,36.60274515461501,35.2084354462382,36.55997559881001,84507100
2015-01-29,35.935543060302734,36.02963808119975,34.891951747076966,35.011707859815225,63585300
2015-01-30,34.55832290649414,35.56769988757927,34.515550096006756,35.542035548665375,78004900
2015-02-02,35.311092376708984,35.388078902773096,34.4129184147002,34.72086451895665,50352500
2015-02-03,35.58482360839844,35.86710864155378,35.11435181624853,35.61048796066374,52082400
2015-02-04,35.790096282958984,36.106594785551096,35.37950283721896,35.87563536048983,41614800
2015-02-05,36.311912536621094,36.47443817598829,35.807223878144825,36.11516994272131,36548200
2015-02-06,36.27769470214844,36.6027492361068,36.05529102929796,36.50865424497873,34616600
2015-02-09,36.23492431640625,36.55997884296224,36.10661237449756,36.13227672074424,31381100
2015-02-10,36.44021987915039,36.585640299003,36.08095165911735,36.559979215603,29670700
2015-02-11,36.25203323364258,36.48299277402143,36.106612813504064,36.48299277402143,38262500
2015-02-12,36.859375,36.859375,36.36323889148696,36.491550854201364,33268800
2015-02-13,37.52658462524414,37.52658462524414,36.91069576624538,37.10743835789441,40264900
2015-02-17,37.543819427490234,37.905644456224465,37.20783481838304,37.879800750266554,33695700
2015-02-18,37.50074005126953,37.647195378068496,37.38013171527667,37.58689121007206,27111700
2015-02-19,37.474891662597656,37.50073536384273,37.08721971227025,37.19921456154934,27603400
2015-02-20,37.7850341796875,37.80226441155465,37.29398407363115,37.48351005150841,29721100
2015-02-23,38.03487014770508,38.069327327405624,37.60412418130448,37.647198120678354,32518800
2015-02-24,37.98318099975586,38.16409352431251,37.83672565630686,38.034871700913925,25271700
2015-02-25,37.897029876708984,37.983177751607734,37.733344313538275,37.86256941221717,29759800
2015-02-26,37.957332611083984,38.10378465014007,37.810877285697245,37.89702844366904,28957300
2015-02-27,37.77641677856445,38.07794090161903,37.61273450810441,38.01763673427424,33807700
2015-03-02,37.80226516723633,38.06932555068905,37.51797126524125,37.62134937218002,31924000
2015-03-03,37.285362243652344,37.7591853397314,37.12167999267156,37.52658217065539,31748600
2015-03-04,37.09583282470703,37.225054604563596,36.940764059815194,37.05275561175823,25748700
2015-03-05,37.13890075683594,37.25089557703214,36.88906742190958,37.10444030657104,23193500
2015-03-06,36.492794036865234,37.138912902145904,36.311881543305965,37.04414827609186,36248800
2015-03-09,36.91492462158203,37.156144575355974,36.34634012951518,36.34634012951518,32108000
2015-03-10,36.208492279052734,36.794306852329356,36.208492279052734,36.484169338673524,39159700
2015-03-11,36.16542434692383,36.5014056136098,36.04481602414736,36.44971821032292,32215300
2015-03-12,35.338401794433594,35.881142667849765,35.20056320760279,35.60546549418815,59992500
2015-03-13,35.64854431152344,35.72607873261473,34.985194994704976,35.06272941579626,58007700
2015-03-16,35.8036003112793,35.87251794623388,35.56238037311225,35.72606591799889,35273500
2015-03-17,35.9242057800293,36.036200625044884,35.450385986035855,35.639911931835144,31673400
2015-03-18,36.613399505615234,36.89769336156794,35.60545573195799,35.69160359273322,44194800
2015-03-19,36.432491302490234,36.69093820148165,36.37218713560326,36.40664431215966,33879100
2015-03-20,36.940773010253906,37.02692088436452,36.60479170035946,36.66509586950304,71904500
2015-03-23,36.92353439331055,37.15613754418495,36.854613480608506,36.94076462148606,26246100
2015-03-24,36.95800018310547,37.19060008121658,36.82877509630554,36.854618799133334,25513300
2015-03-25,35.717445373535156,36.98383923409744,35.70021514504036,36.975222476685005,43469900
2015-03-26,35.5020751953125,35.846673219226155,35.25224179229162,35.51069195339201,37495600
2015-03-27,35.295310974121094,35.69159631096578,35.17470267911006,35.42453273892024,34401400
2015-03-30,35.28669738769531,35.78636412485827,35.2436234622264,35.4073056935402,35049700
2015-03-31,35.028263092041016,35.34701419825035,34.92488497663035,35.131641207451686,34887200
2015-04-01,35.0799560546875,35.11441323782532,34.72674445845767,34.97657464628029,36865300
2015-04-02,34.70950698852539,35.09717897341405,34.56305166697609,35.02825804884249,37487500
2015-04-06,35.79497528076172,35.993117954169826,34.614732710317945,34.75257123470313,39223700
2015-04-07,35.77776336669922,36.10513126204569,35.58823735261975,35.84668430733272,28809400
2015-04-08,35.682979583740234,35.91558270416251,35.35561515025368,35.717440035579735,24753400
2015-04-09,35.73467254638672,35.85528084920714,35.53652986513463,35.53652986513463,25723900
2015-04-10,35.941444396972656,36.13958714665488,35.674380715402215,35.863909991763876,28022000
2015-04-13,35.97590255737305,36.23435277266887,35.657151454527465,35.66576821441386,30276700
2015-04-14,35.881141662597656,36.20850624319236,35.65715191131597,36.010363485569975,24244400
2015-04-15,36.406639099121094,36.57893810255421,35.906975604128206,35.97589323370337,27343600
2015-04-16,36.320499420166016,36.475568229545246,36.02759203426424,36.13958690466721,22509700
2015-04-17,35.85528564453125,35.958667020486324,35.459000229027446,35.89835957468076,42387600
2015-04-20,36.966617584228516,37.190604033980016,35.90698293337058,35.95005687143847,46057700
2015-04-21,36.73400115966797,37.173363714355794,36.63923655821257,37.044138660311226,26013800
2015-04-22,37.03553771972656,37.15614605826172,36.65647918566665,36.7598572920781,25064300
2015-04-23,37.33704376220703,37.569646874155474,36.87183753831013,36.94937190895961,46309500
2015-04-24,41.23960876464844,41.47221192932144,39.32709933233182,39.335712803765546,130933700
2015-04-27,41.3774528503418,41.463604007861534,40.679646549250414,40.68826002183707,59248200
2015-04-28,42.3509407043457,42.39401464109481,41.093163347819626,41.162080989352056,60730800
2015-04-29,42.264793395996094,42.480166368952254,41.78235675349522,41.97188602132248,47804600
2015-04-30,41.9029655456543,42.67830957121294,41.86850508088929,41.9546562428018,64725500
2015-05-01,41.920188903808594,42.10971814260562,41.696202492227776,41.85127127191075,38937300
2015-05-04,41.55836868286133,42.10110618733412,41.50667798829365,41.670360258262015,34039500
2015-05-05,41.00700378417969,41.489440321360995,40.75717368770173,41.19653301063128,50369200
2015-05-06,39.869842529296875,41.15346685634492,39.645856089996286,40.9811678257818,52433000
2015-05-07,40.231666564941406,40.56764783150529,39.76646021754665,39.86122483864525,32971700
2015-05-08,41.136234283447266,41.33437700710212,40.93809155979241,40.96393526269029,35364900
2015-05-11,40.808868408203125,41.274074800412514,40.808868408203125,40.96393720560626,24609400
2015-05-12,40.79163360595703,41.0759274647844,39.99044600459116,40.360887725064856,29928300
2015-05-13,41.0328483581543,41.62727641572656,40.981157675888504,41.51528158064894,34184600
2015-05-14,41.971885681152344,42.058033555104295,41.37745417735935,41.37745417735935,32980900
2015-05-15,41.61005783081055,42.135568412062945,41.39468485726978,42.10110794757704,28642700
2015-05-18,41.36021423339844,41.5411299843454,41.0156195321751,41.33437053454743,24136500
2015-05-19,41.25617218017578,41.45560262050145,40.909334618407925,41.23882997131857,28574800
2015-05-20,41.25617218017578,41.55965256595656,40.987372904421285,41.09142284987639,25047900
2015-05-21,41.117427825927734,41.27350437258516,40.76192087136086,40.99603569134698,22410700
2015-05-22,40.66654968261719,41.056737798978325,40.59718084825818,41.01338393134799,25720600
2015-05-26,40.39775466918945,40.64921175871391,40.05091707621168,40.605857886513796,29581900
2015-05-27,41.282188415527344,41.420922794074826,40.42376717422896,40.59718597433544,27335600
2015-05-28,41.14344024658203,41.637681511228905,41.091413631681746,41.18679410515524,19283700
2015-05-29,40.63187026977539,41.24750386593841,40.397755386511605,41.12611169854723,36519600
2015-06-01,40.95268630981445,41.420916001005274,40.423760544693856,40.80528250389584,28837300
2015-06-02,40.68391418457031,41.05676363465169,40.42378750741102,40.69258694816671,21498300
2015-06-03,40.62318801879883,41.39490133117898,40.5971763626323,41.07407546924909,28002200
2015-06-04,40.19832229614258,40.89199414136787,40.05958792709752,40.57117153314272,27745500
2015-06-05,40.00755310058594,40.33704839993591,39.747426625388634,40.154960198066554,25438100
2015-06-08,39.65205001831055,40.25901405817009,39.6000233951153,40.146291361757676,22121600
2015-06-09,39.58268356323242,39.83413730020337,39.41793424750323,39.67806074197984,24406100
2015-06-10,40.41508865356445,40.60584962164379,39.61736367515902,39.70407470959861,28417400
2015-06-11,40.26768493652344,40.68388801378477,39.998888976366686,40.45844592065122,27347800
2015-06-12,39.86016082763672,40.29370618079287,39.799464742809946,40.07693350421479,23931000
2015-06-15,39.435272216796875,39.58267930936104,39.03641141428499,39.40926056245099,33254500
2015-06-16,39.738765716552734,40.0942727475189,39.279205426995276,39.32255929756416,27070300
2015-06-17,39.86016082763672,39.94686857519253,39.33123496755605,39.65205760273881,28704100
2015-06-18,40.51047134399414,40.57983686763603,40.03356889782145,40.07692607124656,32658300
2015-06-19,39.97288513183594,40.605864335706016,39.877507920922845,40.57117990936183,63837000
2015-06-22,40.085594177246094,40.5104699856753,40.02489810571161,40.17230521350094,20318100
2015-06-23,39.80812454223633,40.128947099629414,39.556667504531156,39.99888550983166,25896500
2015-06-24,39.57400894165039,40.10293466319499,39.495970666214504,39.600020597566456,34890900
2015-06-25,39.58268356323242,39.938190544144284,39.4526186621502,39.91217557931514,20616000
2015-06-26,39.2445182800293,40.128951070458726,39.04508784312189,39.58268638541637,49835300
2015-06-29,38.472808837890625,39.218507280059136,38.464139387309004,39.05376125750326,34081700
2015-06-30,38.28205490112305,38.77629632483158,38.099963344213236,38.76762356571335,35945400
2015-07-01,38.54217529296875,39.2185048579623,38.23869161834473,38.550844743014956,28343900
2015-07-02,38.498817443847656,38.802297779382315,38.204006557462165,38.568182960103755,21752000
2015-07-06,38.49014663696289,38.568184914009244,38.108628009007234,38.11729745859561,23034000
2015-07-07,38.412105560302734,38.57685485966404,37.56235733200168,38.4467899715038,36435800
2015-07-08,38.36009979248047,38.93237960823991,38.17800820425186,38.53351531241016,39785900
2015-07-09,38.60287857055664,39.20984272539048,38.585536359539844,38.80230903571703,32424700
2015-07-10,38.680904388427734,39.140461255217126,38.64621997758279,39.02773857381478,25465800
2015-07-13,39.48731231689453,39.556677854732285,38.9757286580477,39.00174032127578,28178300
2015-07-14,39.556663513183594,39.851474384407666,39.287867603444305,39.40925973141526,22880300
2015-07-15,39.678062438964844,39.7907851375446,39.391924275109126,39.608696914392056,26629600
2015-07-16,40.45844268798828,40.484454344586254,39.8601514324206,39.89483253865531,26271700
2015-07-17,40.42375946044922,40.562493812523,40.11160634136123,40.363063388147424,29467100
2015-07-20,40.68391418457031,40.86600583550296,40.26771083957741,40.44980249051006,30631900
2015-07-21,40.99604034423828,41.03939751809879,40.302368562413804,40.562495067136986,42781900
2015-07-22,39.48731231689453,40.69256789256199,39.19250133878469,39.400601259986566,59152400
2015-07-23,39.98154067993164,40.08559060648103,39.105777484052375,39.2531845787109,33934000
2015-07-24,39.83413314819336,40.1636284376198,39.7127410172698,39.80812149376331,32333200
2015-07-27,39.32255935668945,39.89483904904884,39.2358516154213,39.834142968623475,39701400
2015-07-28,39.31388854980469,39.57401507232636,38.83698937390026,39.52199175243494,34328900
2015-07-29,40.137630462646484,40.562503065681376,39.24452476647795,39.36592024646225,40945900
2015-07-30,40.64921569824219,41.1001032897358,39.82547881585365,40.111617046256306,39777900
2015-07-31,40.493125915527344,41.07407494711292,40.31970715868364,41.00470942898804,31201500
2015-08-03,40.5885124206543,40.75325844487649,40.27635927354854,40.73591623584971,24125900
2015-08-04,41.22148895263672,41.36889277064672,40.47579048868719,40.53648656759581,33403900
2015-08-05,41.25617218017578,41.97585565546511,41.22148776246137,41.60300643425551,26959700
2015-08-06,40.42375946044922,41.42091489001497,40.17230572135089,41.36888826760435,27368000
2015-08-07,40.527801513671875,40.56248261134737,40.111595264696426,40.2243179282809,19163000
2015-08-10,41.039398193359375,41.178132552007,40.61452235942651,40.70990285118826,23079900
2015-08-11,40.241676330566406,40.70123330971278,39.79946156108251,40.59718335942626,29237400
2015-08-12,40.527801513671875,40.66653582743471,39.63469626786712,40.050899209155624,30181400
2015-08-13,40.519142150878906,40.839964737302466,40.31104226529693,40.80528362816417,22627200
2015-08-14,40.75326156616211,40.83996931024879,40.33705844070689,40.345727892040195,21473400
2015-08-17,41.03071975708008,41.143442441533956,40.38040192072608,40.588505083741886,21099700
2015-08-18,41.257652282714844,41.397301489524445,40.760151775361905,40.88234441513284,23574100
2015-08-19,40.68160629272461,41.09182736904655,40.411034448629245,40.829982145308946,31485500
2015-08-20,39.85243225097656,40.559408268500746,39.85243225097656,40.21028356934068,36238200
2015-08-21,37.59185791015625,39.69532604271584,37.59185791015625,39.53822026273215,70053100
2015-08-24,36.3786506652832,37.26018559432725,34.66794717497033,35.3050968423981,88753700
2015-08-25,35.32255554199219,37.740235108817785,35.25272927474106,37.15545177383847,70616600
2015-08-26,37.27764892578125,37.391114959053496,35.837516949095416,36.66668233135389,63408000
2015-08-27,38.3162956237793,38.3599353841799,37.46967028810641,37.731512180010306,50943200
2015-08-28,38.34247589111328,38.53449481763788,37.87115852391657,37.87988847303134,28246700
2015-08-31,37.98462677001953,38.34247812608347,37.61804546433195,38.01953990951363,34441700
2015-09-01,36.500850677490234,37.172913612342654,36.36120145268325,36.80633231628672,49688900
2015-09-02,37.84497833251953,37.862434902631435,36.55322210974169,36.97216980392637,37671500
2015-09-03,37.9671745300293,38.38612226323437,37.775155570414235,37.88862162195956,28285200
2015-09-04,37.19036102294922,37.56566884647412,36.83250976441377,37.36492334334441,37138800
2015-09-08,38.30756378173828,38.40357324757725,37.70532712715769,37.79260664364758,32469800
2015-09-09,37.59185791015625,38.75269469231355,37.45220869789295,38.58685896371973,33469500
2015-09-10,37.783878326416016,38.22028254826097,37.31256096774347,37.63549915964874,31366600
2015-09-11,37.949703216552734,38.04571265906495,37.47838595121968,37.6529482712874,27132500
2015-09-14,37.565673828125,37.91479518571366,37.40856805188518,37.90606856681134,23656000
2015-09-15,38.38611602783203,38.656687851565415,37.60059040423524,37.69659653894701,28882200
2015-09-16,38.66541290283203,38.73523917560823,38.26392182286875,38.37738785138009,23372200
2015-09-17,38.62178039550781,39.2763868428893,38.47340453226162,38.656693538448295,32768200
2015-09-18,37.949703216552734,38.3948372992004,37.81878397362644,37.96715978150944,63143700
2015-09-21,38.49958801269531,38.81379964250884,38.05445376062596,38.07191033222678,26177200
2015-09-22,38.3162956237793,38.447214904981095,37.8013384602515,37.8624347907124,28085900
2015-09-23,38.29010772705078,38.55194960953901,37.97589613626483,38.3424774353485,17145200
2015-09-24,38.32501983642578,38.51703876552587,37.766422947589255,37.92352873876204,27905600
2015-09-25,38.35121154785156,39.04073119239632,38.194105721765396,38.82252902611007,29384600
2015-09-28,37.783878326416016,38.48212441546794,37.71405205276083,38.25519568508856,27613800
2015-09-29,37.91480255126953,38.028268596040824,37.57440774645606,37.85370621858508,32763600
2015-09-30,38.63050842285156,38.66542156706307,38.10682457768168,38.29884354134429,34958900
2015-10-01,38.93598175048828,39.05817438904131,38.18536602280575,39.05817438904131,28657900
2015-10-02,39.77389144897461,39.77389144897461,38.33375578910091,38.63924082608973,41839000
2015-10-05,40.69906234741211,40.92599109834319,39.887350154908155,39.93098991514487,34369300
2015-10-06,40.80378341674805,41.17909120972191,40.341196135431034,40.43720557030793,27017200
2015-10-07,40.847442626953125,41.32748670060575,40.10555663399002,41.10928454626359,27711500
2015-10-08,41.414756774902344,41.47585309289707,40.58558817847445,40.63795787796976,33772700
2015-10-09,41.118011474609375,41.49331941885122,40.95217571861855,41.41476651588199,28600600
2015-10-12,41.022003173828125,41.08309950793974,40.58559888474485,41.00454660272474,19769100
2015-10-13,40.925987243652344,41.13546273435912,40.63796218961799,40.63796218961799,19987800
2015-10-14,40.74269485473633,41.109272770867776,40.611772267832414,40.71651166915542,24697800
2015-10-15,41.03071594238281,41.048172507592746,40.61176836584245,41.03071594238281,27189400
2015-10-16,41.467132568359375,41.493319088807766,40.93472215191433,41.03945824520675,26450300
2015-10-19,41.563133239746094,41.790065278241585,41.039449554679024,41.38857090155718,29387600
2015-10-20,41.694061279296875,41.72897441740119,41.03945492259146,41.40603288418644,30802200
2015-10-21,41.196556091308594,41.88607550873753,41.11800320413948,41.82497585916179,25144300
2015-10-22,41.920982360839844,42.72396774306814,41.10054374224744,41.48457820274824,56637100
2015-10-23,46.1453742980957,47.19274493328681,45.60423407955509,45.64787382904233,135227100
2015-10-26,47.34986877441406,47.41096511292422,45.82245365265877,45.84863684644863,64633300
2015-10-27,46.861087799072266,47.45459785344553,46.76508165955621,47.12293301620771,50999900
2015-10-28,47.114200592041016,47.114200592041016,46.13665604244534,46.7301660656463,47000800
2015-10-29,46.573055267333984,46.98327626765524,46.45086262796163,46.7301610406698,30202100
2015-10-30,45.94465637207031,47.122950292671405,45.92719979589457,46.53816664403942,46619800
2015-11-02,46.468326568603516,46.573062657613825,45.927182894799735,46.12792845269459,30285000
2015-11-03,47.26258850097656,47.47206070701208,46.171577716831216,46.19776091021049,36596900
2015-11-04,47.48078918457031,47.899736913142924,47.184034127310476,47.28877022707849,37087800
2015-11-05,47.463321685791016,47.74262010720466,47.13165356179989,47.55933114243317,31468500
2015-11-06,47.93463134765625,47.98700104548855,47.09673615933658,47.210202173223465,32851200
2015-11-09,47.27131271362305,47.8910060083618,46.74762889571716,47.61170752821192,32513100
2015-11-10,46.7039794921875,47.24512313766982,46.49450732512989,47.19275343115538,55283700
2015-11-11,46.8261833190918,47.306227389314884,46.660347552096106,46.86982308374833,36516300
2015-11-12,46.538150787353516,47.114204286871384,46.42468474562263,46.67780001967602,35361100
2015-11-13,46.11920166015625,46.51196615435189,45.84862982426587,46.31994721730064,36848200
2015-11-16,46.930904388427734,47.03564045595708,46.12791899203725,46.32866783825954,32165200
2015-11-17,46.54429244995117,47.036357572431456,46.43884705061204,46.72002807829856,31551300
2015-11-18,47.31753921508789,47.43177005655211,46.55307849562612,46.57065272907771,29710000
2015-11-19,47.39661407470703,48.02927297088443,47.2560235813278,47.44055132734072,28149200
2015-11-20,47.616294860839844,47.712951469625786,46.80790022725258,47.66901756161644,37147600
2015-11-23,47.616294860839844,47.853541986421064,47.229671777638416,47.66901756161644,28235900
2015-11-24,47.66902160644531,47.835971811823846,47.08029981489263,47.37905175548288,24600000
2015-11-25,47.176944732666016,47.651438940135584,47.176944732666016,47.52842266826021,21005100
2015-11-27,47.387821197509766,47.51962623083963,47.26480495410389,47.27359039208663,9009100
2015-11-30,47.75688171386719,48.29288406551063,47.44934102945311,47.92383524421374,56241400
2015-12-01,48.5213508605957,48.53013630167512,47.71295285165055,47.809609463236185,39952800
2015-12-02,48.512550354003906,49.17156888993675,48.3807486579823,48.609206942251376,47274900
2015-12-03,47.62507247924805,49.00461764909844,47.38782540933255,48.75858514041935,38627800
2015-12-04,49.127647399902344,49.40882844476561,47.537214391441225,47.55478862573799,43963700
2015-12-07,49.03977584838867,49.18036636012124,48.582855847272285,49.02220161542933,30709800
2015-12-08,49.022193908691406,49.29458609688322,48.31924146053914,48.7410129294305,32878000
2015-12-09,48.31046676635742,49.092501802619275,47.89748061608503,48.65315597533125,36373200
2015-12-10,48.565284729003906,48.907973913833715,48.33682303782243,48.670726781580214,31775800
2015-12-11,47.50206756591797,48.415904252877375,47.45813030578547,48.073215076274806,39549500
2015-12-14,48.4510383605957,48.51254648422101,47.1681498507801,47.73930054380526,46768900
2015-12-15,48.50377655029297,49.11886133510053,48.40711993885919,48.90797387815933,39843000
2015-12-16,49.32095718383789,49.42639923031875,48.1171473580744,48.802529040055525,37503300
2015-12-17,48.943119049072266,49.90089295393569,48.79373974548107,49.523055326663005,41280900
2015-12-18,47.56355667114258,49.20670831379179,47.475685537989065,49.00460973545021,84684200
2015-12-21,48.17864990234375,48.635566469552415,47.65143306396655,48.22258380088979,37246300
2015-12-22,48.635562896728516,48.749793706109955,47.88867662048827,48.31923683926979,28322200
2015-12-23,49.04855728149414,49.10127997606459,48.71465358643183,48.94311524429517,27279800
2015-12-24,48.916748046875,49.1715693543082,48.705863990472224,49.08370155613065,9558500
2015-12-28,49.16278839111328,49.16278839111328,48.310456593038715,48.63557149822452,22458300
2015-12-29,49.689998626708984,49.95360537964742,49.259441712362616,49.46154033468014,27731400
2015-12-30,49.4791259765625,49.89210875570077,49.461551742054546,49.619716500683666,21704500
2015-12-31,48.749813079833984,49.37368335633868,48.697090373334255,49.24188161800339,27334100
2016-01-04,48.152286529541016,48.152286529541016,46.91333182872998,47.73051507308849,53778000
2016-01-05,48.37196350097656,48.6707187271208,47.92383233773114,48.266521465849735,34079700
2016-01-06,47.4932746887207,47.800818723487936,47.13301130943604,47.730521794875294,39518900
2016-01-07,45.841331481933594,47.00120728337285,45.75346367743362,46.3070402312207,56564900
2016-01-08,45.981929779052734,46.81668405835536,45.82376503410352,46.0170748930864,48754000
2016-01-11,45.95556640625,46.4388460779677,45.21746538604657,46.14009082331531,36943800
2016-01-12,46.3773307800293,46.65851175842281,45.74467525461472,46.35975654988699,36095500
2016-01-13,45.37563705444336,47.5108580690266,45.076881754198794,47.27361091719038,66883600
2016-01-14,46.667301177978516,46.93969336899862,45.31411560627153,45.69195317956558,52381900
2016-01-15,44.80447769165039,45.66559489468233,44.23332691881017,45.08565868235707,71820700
2016-01-19,44.4266471862793,45.41078081057424,43.98730139929769,45.235041825393125,43564500
2016-01-20,44.62874984741211,45.14717805660968,43.14375880902885,43.917008401988866,63273000
2016-01-21,44.35635757446289,45.32292047656297,44.198192796881834,44.81327767059227,40191200
2016-01-22,45.94677734375,45.981925806689404,45.04172285874079,45.17352791879261,37555800
2016-01-25,45.507442474365234,46.263117848214456,45.384426176658195,45.63924421393305,34707700
2016-01-26,45.841331481933594,46.07857857641377,45.296543719761644,45.50743114328021,28900800
2016-01-27,45.0065803527832,45.867697632989795,44.83084137985608,45.70074410033507,36775200
2016-01-28,45.74467468261719,45.8764763791239,45.03293345449113,45.56893573533329,62513800
2016-01-29,48.40711975097656,48.40711975097656,47.44934578530657,48.09079024276374,83611700
2016-02-01,48.07321548461914,48.407119223196865,47.88869105748765,48.22259479606537,44208500
2016-02-02,46.570648193359375,47.67779797744138,46.26310751776492,47.59871561058252,56313800
2016-02-03,45.832550048828125,46.91334022797877,45.041726331429025,46.790323950148284,57559800
2016-02-04,45.69195556640625,46.40369685019743,45.13837901234645,45.77982337094951,46987100
2016-02-05,44.075172424316406,45.691965172178904,43.54795878233753,45.63924246720398,62009000
2016-02-08,43.4161376953125,43.5567281714899,42.34413321949645,43.539153942975055,59290500
2016-02-09,43.30192184448242,44.14546834488932,42.765919421413635,43.07346349875176,46740500
2016-02-10,43.67976379394531,44.277274420719124,43.512813576913125,43.83792856879384,38237000
2016-02-11,43.66218185424805,44.0312340477631,42.625325558483134,42.77470486479278,48878600
2016-02-12,44.37391662597656,44.53208134943242,43.714898062224435,44.15424377139252,34243300
2016-02-16,45.21467208862305,45.21467208862305,44.3650724863492,45.04652322234241,37291200
2016-02-17,46.3917350769043,46.701487347532776,45.53328669352822,45.56868753177314,40789000
2016-02-18,46.18815994262695,46.86076199567599,46.10850978834504,46.31206280840497,27176000
2016-02-19,45.8607292175293,46.267828669045095,45.604078242265714,45.99348065328888,33559100
2016-02-22,46.59526443481445,46.905013171392135,46.26781191213745,46.26781191213745,25008300
2016-02-23,45.2943229675293,46.34747227991064,45.117322203630984,46.320923346928964,28895300
2016-02-24,45.453617095947266,45.577516600914635,44.42701685706408,44.86066512444988,33014500
2016-02-25,46.1085319519043,46.1085319519043,44.78988289006197,45.78108266068305,26939500
2016-02-26,45.4005126953125,46.62181400026941,45.22351196798412,46.551012358934834,35975900
2016-02-29,45.028812408447266,45.71026298704772,44.834111278559156,45.44476021865196,31654000
2016-03-01,46.533321380615234,46.54216989892959,45.064217515801154,45.10847023539851,33024500
2016-03-02,46.86077880859375,46.86962732846295,46.1616275786088,46.38287771143879,29289900
2016-03-03,46.32976531982422,46.87846794798173,45.82531540839524,46.87846794798173,24427800
2016-03-04,46.04656982421875,46.41827174849025,45.763369965730284,46.37402240360304,33034200
2016-03-07,45.16157150268555,45.8430222485653,44.76332400434787,45.630624032919705,38407800
2016-03-08,45.71027755737305,46.13507739580173,44.78102432380073,44.9580251004816,33835100
2016-03-09,46.7634162902832,46.77226480789696,45.896116395780076,45.922665324629605,28251600
2016-03-10,46.064273834228516,46.85192371315246,45.27662395530458,46.843075193887536,38387800
2016-03-11,46.96697235107422,46.96697235107422,46.356323272323976,46.905022591317326,32275700
2016-03-14,47.05547332763672,47.42717528023131,46.577575640027774,46.6483739220403,24083600
2016-03-15,47.42716979980469,47.42716979980469,46.674920838301944,46.6837693565277,21104800
2016-03-16,48.09978103637695,48.32103118535018,47.25903317108615,47.303282525678924,31691700
2016-03-17,48.374114990234375,48.67501521935801,47.79001494264241,47.97586419051073,28223900
2016-03-18,47.33867645263672,48.648476738326,47.30327562372404,48.60422401418072,67625500
2016-03-21,47.6661262512207,47.728076014555775,46.84307553718743,47.12627541986459,23925700
2016-03-22,47.85197830200195,48.011278667199655,47.31212743949963,47.44487886916742,23124100
2016-03-23,47.76348114013672,48.00243169564044,47.55993141715411,47.88738067795141,20129000
2016-03-24,47.97587966918945,48.082082167385785,47.55107980443181,47.6484304064405,19950000
2016-03-28,47.38291931152344,48.046669570693425,47.197070049197855,47.975867922564596,17025100
2016-03-29,48.418373107910156,48.55112452389075,47.303274042506416,47.489123324072246,23924300
2016-03-30,48.71926498413086,49.24141528700054,48.586516967067276,48.61306589527836,23008300
2016-03-31,48.878570556640625,49.19717123343487,48.55112136149477,48.63077153069333,26360500
2016-04-01,49.17947006225586,49.21487088713337,48.294469696368935,48.71926946687364,24399200
2016-04-04,49.055564880371094,49.259114535873735,48.675014496950645,49.055564880371094,18928800
2016-04-05,48.285621643066406,48.9405200295636,48.1971195800205,48.84316944821735,19272300
2016-04-06,48.781227111816406,48.85202877302221,47.975876783649944,48.10862821040632,21188700
2016-04-07,48.1971321105957,48.59538305782066,47.99358237668281,48.55998222339858,19225100
2016-04-08,48.161712646484375,48.92281341210676,48.073213970671205,48.38296271202539,22167200
2016-04-11,48.06437683105469,48.80777736228692,48.05552493577314,48.223677186033655,21414200
2016-04-12,48.36528396606445,48.480331612923,47.57763059905579,48.11748150327132,24944300
2016-04-13,48.984779357910156,49.06442954288274,48.57767991294325,48.781229635426705,20818000
2016-04-14,48.99362564086914,49.18832682094188,48.73697469913849,48.86972611755333,20877100
2016-04-15,49.250274658203125,49.48922180039916,48.77237362179372,48.940522486007985,28793800
2016-04-18,49.96712112426758,50.08217212005451,48.860870638647015,49.10867304311184,23786000
2016-04-19,49.905174255371094,50.24147536774527,49.2768247534155,50.11757584634656,29596800
2016-04-20,49.19717788696289,50.00252820621736,49.108679187443975,49.81667891162225,36195700
2016-04-21,49.365318298339844,49.76356912987709,49.04671763311004,49.3830187104091,38909100
2016-04-22,45.8253173828125,46.40056896498563,44.931468508121675,45.940368374448816,126834100
2016-04-25,46.117374420166016,46.135074834452304,45.692574605321575,45.8253226484555,33226900
2016-04-26,45.524417877197266,46.32976807991412,45.21466909769405,46.25011791146922,33532600
2016-04-27,45.081912994384766,45.57751436596008,44.7367634257553,45.55981395526009,43369300
2016-04-28,44.161521911621094,44.931471324820826,43.860621636484275,44.798719912610096,43134800
2016-04-29,44.13496780395508,44.47126889210312,43.67476720333369,43.67476720333369,48411700
2016-05-02,44.78986740112305,44.913766907603375,44.0553155041206,44.25001665773732,33114500
2016-05-03,44.055320739746094,44.61287196117647,43.89602039076599,44.550922200574064,26460200
2016-05-04,44.13496780395508,44.303120036033356,43.7721177848509,44.10841887299894,24257600
2016-05-05,44.19691848754883,44.5155191697416,44.01106921493923,44.1349687300123,25390700
2016-05-06,44.59516143798828,44.59516143798828,43.94911166958177,44.179210245942556,24787300
2016-05-09,44.31197738647461,44.77217807882177,44.2500276178903,44.68367937398966,17951600
2016-05-10,45.152713775634766,45.2235120410757,44.41816193763763,44.5420648101734,22891000
2016-05-11,45.179283142089844,45.82533322054603,45.13503378417003,45.25008481556923,24039100
2016-05-12,45.58637237548828,45.851875215264094,45.06422196714274,45.31202439253292,24102800
2016-05-13,45.20584487915039,45.931545303511726,45.17044403503269,45.52444234817878,22592300
2016-05-16,45.869571685791016,45.984619305392656,44.913769647199025,44.95801899135416,20032000
2016-05-17,45.014034271240234,46.10128785636406,44.88035772528677,46.09237744648272,27803500
2016-05-18,45.281394958496094,45.57548608446201,44.82688585524565,44.98730043290789,24907500
2016-05-19,44.844703674316406,45.112060132386596,44.399108444325485,44.978383603162406,23842400
2016-05-20,45.1120491027832,45.64676528781076,44.91598956126532,44.987283012829735,23905800
2016-05-23,44.58625793457031,45.16553309742908,44.54169909118622,45.09423622831706,26118700
2016-05-24,45.97651290893555,46.08345480512745,44.915997555946994,45.18335399623755,34757900
2016-05-25,46.4488410949707,46.7785839793317,46.15475004091152,46.27060234119045,24040200
2016-05-26,46.2438850402832,46.32409233954774,45.77155505551576,46.27953348431694,24335200
2016-05-27,46.6270866394043,46.6270866394043,46.13693254483986,46.27060907992727,17721400
2016-05-31,47.23310089111328,47.23310089111328,46.41320718670888,46.573618363969594,37653100
2016-06-01,47.09941864013672,47.188539733836166,46.73403065502427,46.73403065502427,25324800
2016-06-02,46.769683837890625,47.00139530539718,46.1993223788321,46.912274202655254,22840800
2016-06-03,46.154754638671875,46.716202179519975,45.98542627588313,46.68055714491027,23368300
2016-06-06,46.457759857177734,46.65381944758648,46.24387264990603,46.33299373611167,18243300
2016-06-07,46.43103790283203,46.992489041588065,46.43103790283203,46.55580746670682,20866800
2016-06-08,46.377559661865234,46.73403386226059,46.22605549198989,46.35973544190212,21149400
2016-06-09,46.00325012207031,46.341903445295415,45.88739781118475,46.341903445295415,20305700
2016-06-10,45.87846755981445,46.38644566277931,45.48634512583367,45.495255531315266,25833200
2016-06-13,44.68428421020508,45.201176252023444,43.721800386973605,44.185219783204104,83217800
2016-06-14,44.40801239013672,44.648630769225676,44.17630101821401,44.47039543651105,42577100
2016-06-15,44.28323745727539,44.66644949484959,44.28323745727539,44.3634447069914,33757600
2016-06-16,44.90708541870117,44.97838228522908,44.12283688500269,44.13175069312953,31188600
2016-06-17,44.67536926269531,44.94272566422413,44.39909905466359,44.92490145083939,45710500
2016-06-20,44.62190246582031,45.29920906464972,44.58625403438265,45.1298807151316,35607900
2016-06-21,45.620033264160156,45.83392044620428,44.70210828205143,44.737756712329016,34097800
2016-06-22,45.441795349121094,45.860652482584484,45.40614692085405,45.522002612911315,28816800
2016-06-23,46.26169204711914,46.39537196268851,45.58438886063398,45.70024116119786,29028800
2016-06-24,44.40801239013672,45.39723072533871,44.13174218503536,44.390188176941045,133503000
2016-06-27,43.16033935546875,43.80199735311649,42.81277573994977,43.75743512579712,50216300
2016-06-28,44.06044387817383,44.08718189689546,43.37422699108159,43.597024549243194,38140700
2016-06-29,45.04076385498047,45.20117839974467,44.38128145988078,44.479312948305754,31304000
2016-06-30,45.602203369140625,45.71805905330194,45.00510753465731,45.20117047714246,28527800
2016-07-01,45.59330368041992,46.092371560600945,45.513096403241214,45.566569054567616,21400400
2016-07-05,45.602203369140625,45.700234840383196,45.2189946900612,45.29920194838503,24806400
2016-07-06,45.78936004638672,45.9319503630122,44.907080125026916,45.25464380932519,28167500
2016-07-07,45.78936004638672,45.99433341405951,45.51308982059053,45.82500507582711,19585200
2016-07-08,46.6092529296875,46.66272557260616,45.94086019149995,46.10127472063466,28391000
2016-07-11,46.86769485473633,47.08158200815655,46.760752977836695,46.787487597156364,22269200
2016-07-12,47.42024230957031,47.58957066826077,47.04594395806415,47.17962048376419,27317600
2016-07-13,47.68759536743164,47.99951403778092,47.39350431211992,47.7321576057826,25356800
2016-07-14,47.892578125,48.11537574608842,47.74998778348829,47.981695813586605,24545500
2016-07-15,47.85692596435547,48.12428240892517,47.4202411651817,48.0797235681005,32024400
2016-07-18,48.08864212036133,48.42729548729971,47.72325412432489,47.856934069059626,31433900
2016-07-19,47.31330108642578,48.03516657417843,47.17071075053138,47.86583821306387,53336500
2016-07-20,49.826454162597656,50.65526149050874,49.48780086526522,50.04034135028696,89893300
2016-07-21,49.72842025756836,50.11163237547215,49.69277182808397,49.88883479062675,32776700
2016-07-22,50.41463088989258,50.46810352739782,49.71058979436766,49.97794958227296,32157200
2016-07-25,50.55723190307617,50.566145711026294,50.13837131958321,50.325523890697674,25610600
2016-07-26,50.5839729309082,51.05630622302777,50.36117529865511,50.3700891077336,28079000
2016-07-27,50.07598114013672,50.61960776063848,50.004687684783995,50.45028282950726,32327500
2016-07-28,50.09381103515625,50.23640136165441,49.657129647590075,49.906661869056464,37550400
2016-07-29,50.51267623901367,50.58396970899018,49.95122528960301,50.13837447286594,30558700
2016-08-01,50.423561096191406,50.57506185230043,50.031435092856,50.441381914868444,26003400
2016-08-02,50.423561096191406,50.708741789732414,50.182939248587054,50.664179544173734,35122000
2016-08-03,50.771121978759766,50.8958881001656,50.34335096267326,50.512675927492346,22075600
2016-08-04,51.145423889160156,51.26127960976497,50.50376562072992,50.619621341334735,26587700
2016-08-05,51.65339279174805,51.87619038322345,51.19888720097167,51.37712595407628,29335200
2016-08-08,51.742515563964844,51.76925018793925,51.492979941591315,51.742515563964844,19473500
2016-08-09,51.86728286743164,52.134639312185186,51.70686832065518,51.84054484322114,16920700
2016-08-10,51.70686340332031,51.9742198226482,51.52862465722795,51.83162950569857,15756900
2016-08-11,51.9564094543457,52.090089399445716,51.715787592939016,51.715787592939016,18162300
2016-08-12,51.63557434082031,51.85837195716776,51.350393663865326,51.715781618690265,21655200
2016-08-15,51.79599380493164,52.13464716576586,51.65340345294179,51.69796230050946,19283900
2016-08-16,51.50901794433594,51.67043227530659,51.35657297664688,51.6614663328348,20523500
2016-08-17,51.616634368896484,51.72424279217613,51.32070692886484,51.59869906154819,18856400
2016-08-18,51.65251159667969,51.7421881508415,51.35658751997262,51.49109721999919,14214300
2016-08-19,51.67044448852539,51.76908698307999,51.293813241110314,51.50006417481056,17271000
2016-08-22,51.71528244018555,51.787023682080594,51.34761712750017,51.65251056393273,15221900
2016-08-23,51.91255187988281,52.172608672614764,51.876681269683296,51.92152124283752,18732400
2016-08-24,51.96638107299805,52.047088271694086,51.76013010317732,51.831867934900906,18151500
2016-08-25,52.16365432739258,52.27126618897219,51.813924329285484,51.90360088060182,18552600
2016-08-26,52.038116455078125,52.63893744393475,51.73322298778022,52.2623027274792,20971200
2016-08-29,52.10088348388672,52.54925598691779,52.10088348388672,52.17262472636084,16417200
2016-08-30,51.91255187988281,52.18157461475981,51.66146445010557,51.99325904242688,16930200
2016-08-31,51.5269660949707,51.83185952716387,51.38348703398631,51.69734983169699,20860300
2016-09-01,51.6435432434082,51.84979417714625,51.12342951595611,51.12342951595611,26075400
2016-09-02,51.71528244018555,52.18159025007126,51.49109619047957,51.71528244018555,18900500
2016-09-06,51.6614875793457,51.83186792285945,51.302788158377474,51.813932609729925,16278400
2016-09-07,51.70631408691406,51.86772845284867,51.48212784765051,51.53593377656555,17493400
2016-09-08,51.500057220458984,51.822885915113105,51.27587100703919,51.67940687535685,20146100
2016-09-09,50.40603256225586,51.580769672275615,50.40603256225586,50.926146272600796,35113900
2016-09-12,51.15929412841797,51.30277317072689,49.86798274763768,50.21771269946504,29303000
2016-09-13,50.6929817199707,50.80059355740554,50.26254463266102,50.66608047101694,30130200
2016-09-14,50.45086669921875,50.78266477605961,50.244615782183,50.5674444943469,24062500
2016-09-15,51.284847259521484,51.42832632811941,50.199786589449005,50.35223502404039,26847000
2016-09-16,51.33864974975586,51.679413797624875,50.890277262858426,51.679413797624875,44607000
2016-09-19,51.05167770385742,51.78700810809109,50.97993648353723,51.356571048598916,20937100
2016-09-20,50.9440803527832,51.42832001182132,50.89027442586323,51.42832001182132,17384000
2016-09-21,51.79599380493164,51.8767009981683,51.18621030369027,51.571807537142135,33707300
2016-09-22,51.84980392456055,52.01121832405873,51.679423578784125,51.93947707058787,19822200
2016-09-23,51.500057220458984,51.930494339727765,51.455220661937055,51.89462372458616,19955300
2016-09-26,51.02478790283203,51.24000477045203,50.96201603137533,51.186202263952254,21688700
2016-09-27,51.96638107299805,52.065023584827784,50.82751434509222,51.051700628046646,28065100
2016-09-28,52.038116455078125,52.06502113391776,51.715287675490806,51.903606744124104,20536400
2016-09-29,51.473167419433594,52.16365810004952,51.302783670015124,51.840832754394796,25463500
2016-09-30,51.65251159667969,51.804960028349385,51.419359397480505,51.62561034083653,29910800
2016-10-03,51.491092681884766,51.60767048161527,51.16826737778641,51.48212673766417,19189500
2016-10-04,51.329673767089844,51.65249902104305,51.0875522610175,51.35657501638347,20085900
2016-10-05,51.688377380371094,51.97533548520842,51.34761334807286,51.37451802220854,16726400
2016-10-06,51.77804946899414,51.88565789384241,51.365544235590534,51.77804946899414,16212600
2016-10-07,51.83185577392578,51.99327013344625,51.491091745959196,51.87669233583471,20089000
2016-10-10,52.047080993652344,52.3609403775753,51.89463256373924,51.93050318499065,18196500
2016-10-11,51.284847259521484,52.029147279680664,51.01582443350173,51.912569467441465,26497400
2016-10-12,51.213104248046875,51.356583302111225,50.57641615943695,51.213104248046875,22177500
2016-10-13,51.042728424072266,51.38349251305015,50.504682743211205,50.84544683218908,25313700
2016-10-14,51.491092681884766,51.77805420910074,51.2220698847309,51.2220698847309,27402500
2016-10-17,51.31173324584961,51.52695005994608,50.99787054581201,51.43727695754082,23830000
2016-10-18,51.70631408691406,51.966370945454315,51.48212784765051,51.58973628467006,19149500
2016-10-19,51.58974838256836,51.86774061593669,51.47317397379796,51.53594586184705,22878400
2016-10-20,51.33864974975586,51.58077130317774,50.80957007838447,51.56283599320457,49455600
2016-10-21,53.49980163574219,54.20823094148917,53.34735664177177,54.05578252670838,80032200
2016-10-24,54.70143508911133,54.70143508911133,53.74191838662287,53.750884329841696,54067000
2016-10-25,54.69247055053711,55.03323113456551,54.52208683771275,54.56692339657857,35137200
2016-10-26,54.36964416503906,54.88078848362413,54.22616511808204,54.53105852046701,29911600
2016-10-27,53.89435958862305,54.54898628443606,53.885393646032796,54.35170133935215,28479900
2016-10-28,53.68812561035156,54.271011265786605,53.42807214361079,53.81366937101489,33574700
2016-10-31,53.73295974731445,54.18133225556966,53.73295974731445,53.948180056433685,26434700
2016-11-01,53.62534713745117,53.822632120417474,53.13213810084593,53.777795557237084,24533000
2016-11-02,53.293556213378906,53.74192871834032,53.17697840426193,53.64328621991909,22147000
2016-11-03,53.09627914428711,53.481879829792426,53.006605998230114,53.38323731664298,21600400
2016-11-04,52.647891998291016,53.159036315104686,52.47751169962322,52.594089493875025,28697000
2016-11-07,54.18131637573242,54.2709929035869,53.607400280702805,53.607400280702805,31664800
2016-11-08,54.226165771484375,54.50415450410746,53.93920767411259,54.29790358542214,22935400
2016-11-09,53.957130432128906,54.333765009207085,53.087290343257216,53.80468546529925,49632500
2016-11-10,52.638916015625,54.24408989357534,51.67939943401438,54.235120530676376,57822400
2016-11-11,52.92588424682617,53.01555736822812,52.02016998493905,52.21745495699572,38767800
2016-11-14,52.11880874633789,52.97968638600209,51.365542949638,52.925880464519935,41328400
2016-11-15,53.14800262451172,53.707742869125504,52.65146174757718,52.66049170463974,35904100
2016-11-16,53.85219955444336,53.861226068988906,53.09384490757381,53.21120681626641,27332500
2016-11-17,54.7459831237793,55.02585334345868,54.141106659082226,54.538338810051016,32132700
2016-11-18,54.48414611816406,55.197361137275166,54.43900666817764,54.87235158710204,27686300
2016-11-21,54.9445915222168,55.04390040395106,54.54735599527971,54.6195818888756,19652600
2016-11-22,55.1793212890625,55.305713164662706,54.89945454849641,55.05292941346229,23206700
2016-11-23,54.529300689697266,55.16126001268196,54.39387886681768,55.08000760773821,21848900
2016-11-25,54.64666748046875,54.64666748046875,54.285548327045476,54.439023192368296,8409600
2016-11-28,54.71888732910156,55.08903640069983,54.35776477167499,54.475130119426616,20732600
2016-11-29,55.1522331237793,55.44112979630183,54.63763571060354,54.75500106004082,22366700
2016-11-30,54.402915954589844,55.233496638099055,54.36680644620129,54.94459990746647,34655400
2016-12-01,53.44593048095703,54.303593894446436,53.21119980665317,54.267480953181284,34542100
2016-12-02,53.4910888671875,53.68970667052118,53.084826743968996,53.33761397837209,25515700
2016-12-05,54.36679458618164,54.70083071237106,53.77094477874542,53.89733664033493,23552700
2016-12-06,54.123023986816406,54.58345186068295,53.987602200663204,54.55636888101994,19907000
2016-12-07,55.40501403808594,55.41404399584877,53.98761373426529,54.177201520246946,30809000
2016-12-08,55.08000946044922,55.59461033834912,54.92653460368198,55.341823156732296,21220800
2016-12-09,55.94670486450195,55.96476133837024,55.18835018163532,55.2334896443459,27349400
2016-12-12,56.12725067138672,56.24461600438582,55.720992150247426,55.81127105629626,20198100
2016-12-13,56.8585205078125,57.25575250403321,56.19044835762678,56.42517557268461,35718900
2016-12-14,56.58768844604492,57.28284712178036,56.45226662773702,56.876585110776546,30352700
2016-12-15,56.49740219116211,57.011999523617646,56.24461505941732,56.60573756538447,27669900
2016-12-16,56.244625091552734,56.83144840743888,56.08212027927411,56.83144840743888,42453100
2016-12-19,57.436317443847656,57.571739251488154,56.352953314482555,56.479348608776185,34338200
2016-12-20,57.36408996582031,57.598817175333906,56.90365861542768,57.49950831764454,26028400
2016-12-21,57.36408996582031,57.50853827411775,56.98491100408995,57.26478110813095,17096300
2016-12-22,57.37312316894531,57.86966407137697,57.24673131493577,57.63493683449064,22176600
2016-12-23,57.09324645996094,57.36408659159759,56.69601105256933,57.282834207714686,12403800
2016-12-27,57.12937927246094,57.842594550580046,57.066183330746135,57.066183330746135,11763200
2016-12-28,56.8675651550293,57.23771426464951,56.72311680600483,57.23771426464951,14653300
2016-12-29,56.78630828857422,57.05714849125765,56.63282999257092,56.750195343171086,10250600
2016-12-30,56.10017013549805,56.867554646065265,56.00086126816067,56.84046821793347,25579900
2017-01-03,56.49740219116211,56.73212940929714,56.09114023292893,56.68698995703111,20694100
2017-01-04,56.244625091552734,56.65088712224929,56.08212027927411,56.407129903831354,21340000
2017-01-05,56.244625091552734,56.56963471610998,56.000867873134794,56.14531621250245,24876000
2017-01-06,56.732147216796875,57.01201741896508,56.00990542207951,56.24463271389246,19922900
2017-01-09,56.55157470703125,56.94881019839324,56.461295792041625,56.659910093802765,20382700
2017-01-10,56.53352355957031,56.93978560312504,56.226570398208985,56.63283244176371,18593000
2017-01-11,57.04811477661133,57.0842277196366,56.36198607873013,56.52449087842407,21517300
2017-01-12,56.52450180053711,57.237717065460274,55.92865190116446,56.93076387827312,20968200
2017-01-13,56.60574722290039,56.759222075573156,56.289764115289344,56.53352133181671,19422300
2017-01-17,56.4522705078125,56.60574880870498,56.000869007653634,56.58769233542821,20664000
2017-01-18,56.4251708984375,56.60573213409633,56.08210489507765,56.57864571020007,19670100
2017-01-19,56.244625091552734,56.85853139484529,56.15434617091797,56.1904591167399,18451700
2017-01-20,56.6418571472168,56.71407959052816,56.3078175846522,56.57865777392955,30213500
2017-01-23,56.8404655456543,56.98491386119407,56.48837299177106,56.60573832437197,23097600
2017-01-24,57.346046447753906,57.54466420798823,56.82241905947074,57.05714976591496,24672900
2017-01-25,57.490501403808594,57.86967705088197,57.2828571050893,57.73425865289312,23672700
2017-01-26,58.02313995361328,58.266900596329364,57.37312420074295,57.88772502748165,43554600
2017-01-27,59.38637161254883,59.503740393719724,58.582877610277144,59.03427904471469,44818000
2017-01-30,58.79955291748047,59.395406163181235,58.50163318246989,59.305127246879856,31651400
2017-01-31,58.3662109375,58.81761240354743,58.01411834501019,58.55579872669915,25270500
2017-02-01,57.40021896362305,58.33913495221115,57.3009100781485,58.10440423310398,39671500
2017-02-02,57.03006362915039,57.246737863609894,56.65088802374642,57.102289521943604,45827000
2017-02-03,57.490501403808594,57.50855787899121,56.93979096446065,57.32799657108558,30301800
2017-02-06,57.454376220703125,57.46340617833209,57.0029747690082,57.32798436525571,19796400
2017-02-07,57.264793395996094,57.580773061974796,57.08423211089967,57.544663560091564,20277200
2017-02-08,57.183528900146484,57.6078473138256,57.07519352956094,57.391173128735176,18096400
2017-02-09,57.833560943603516,58.176630509425806,57.16548861791686,57.34604991596633,22644400
2017-02-10,57.77939224243164,58.05023589870416,57.76133576908546,58.00509299337864,18170700
2017-02-13,58.429412841796875,58.55580471418688,57.8967554757186,57.99606435943081,22920100
2017-02-14,58.647396087646484,58.783638908516075,58.147841387657216,58.502075493757246,23108400
2017-02-15,58.6110725402832,58.647404426320726,58.275014721233866,58.58382535815474,17005200
2017-02-16,58.60197448730469,59.25593442781574,58.52931766137901,58.801796350193854,20546300
2017-02-17,58.692806243896484,58.75638529606029,58.40215815834812,58.55656343794635,21248800
2017-02-21,58.574729919433594,58.99253613789697,58.5383980400545,58.68372555757087,20655900
2017-02-22,58.456642150878906,58.48388932132158,58.175078816843666,58.42939498043624,19292700
2017-02-23,58.692806243896484,58.79271717295345,58.30224722929116,58.51114685943065,20273100
2017-02-24,58.692806243896484,58.85629622511725,58.25683065077546,58.61105778848762,21796800
2017-02-27,58.33858108520508,58.620144478682384,58.175091098438244,58.620144478682384,15871500
2017-02-28,58.11151123046875,58.31132963967871,57.91168935646003,58.20234092992669,23239800
2017-03-01,58.98345184326172,59.02886149026641,58.14783256913462,58.24774349398029,26937500
2017-03-02,58.13876724243164,58.8108897565042,58.02069035463005,58.75639539659507,24539600
2017-03-03,58.35675048828125,58.3839976677113,57.784535466657104,58.12060018202311,18135900
2017-03-06,58.37489700317383,58.63829788163896,57.957094328557034,58.10241835377951,18750300
2017-03-07,58.492984771728516,58.83812721009545,58.30224761397861,58.30224761397861,18521000
2017-03-08,59.028865814208984,59.11061427216029,58.356743394774284,58.36582809667936,21510900
2017-03-09,58.792724609375,59.21960862527113,58.56565554726952,59.21053085209736,19846800
2017-03-10,58.9743766784668,59.274109501472054,58.81088667770009,59.137866679233504,19538200
2017-03-13,58.77454376220703,59.21051932560137,58.647385666549624,59.04702935552805,20100000
2017-03-14,58.502079010009766,58.629237135904795,58.265925234948355,58.611067729578,14280200
2017-03-15,58.810874938964844,58.96528020620339,58.35673690854813,58.62922249863672,24833800
2017-03-16,58.710975646972656,58.819971290516484,58.40216505132848,58.81088658782172,20674300
2017-03-17,58.91987991333008,59.255937674239526,58.747305216907925,58.95621179308198,49219700
2017-03-20,58.9743766784668,59.20144573899845,58.78363949917193,58.95621420264729,14598100
2017-03-21,58.3204231262207,59.49210043971501,58.24775935570976,59.210536990983314,26640500
2017-03-22,59.065216064453125,59.16512702769468,58.23868810352674,58.23868810352674,20680000
2017-03-23,58.91987991333008,59.255937674239526,58.829046749151566,58.98345897049653,19269200
2017-03-24,59.0197868347168,59.446670801163314,58.819964974475376,59.36492927448112,22617100
2017-03-27,59.12877655029297,59.237772184000875,58.44756943121218,58.70188564693346,18614700
2017-03-28,59.30135726928711,59.464847271678444,58.72006102291745,59.001624443303356,20080400
2017-03-29,59.464839935302734,59.49208711074007,58.99253246239887,59.146944672538794,13618400
2017-03-30,59.682838439941406,59.92807693630273,59.364943101693996,59.419437465508224,15122800
2017-03-31,59.81906509399414,60.118797873071806,59.44666856309217,59.62832794265292,21040300
2017-04-03,59.53750228881836,59.89172942036399,59.210522332069026,59.77364909011755,20400900
2017-04-04,59.70100784301758,59.77366468489807,59.292279325646376,59.39219027903054,12997400
2017-04-05,59.546592712402344,60.26413182941174,59.437603990060566,60.21872217163544,21448600
2017-04-06,59.70100784301758,60.00073377357141,59.47393875434424,59.582927481964305,18103500
2017-04-07,59.655582427978516,59.90989866093325,59.43759807538841,59.80998772232994,14108500
2017-04-10,59.51934051513672,59.78274145459204,59.36493521843461,59.5920042769722,17952700
2017-04-11,59.47393035888672,59.59200377367386,58.90171190126225,59.58291907112172,18791500
2017-04-12,59.246849060058594,59.50116524218768,59.13785344074774,59.41941679530548,17108500
2017-04-13,58.99253845214844,59.819073148853086,58.99253845214844,59.30135597418676,17896500
2017-04-17,59.47393035888672,59.48300813184118,59.047039423705826,59.07428660176458,16689300
2017-04-18,59.39218521118164,59.682833342698984,59.18328554800252,59.33769085202154,15155600
2017-04-19,59.07427978515625,59.71915499999238,58.93803698098594,59.628328773744464,26992800
2017-04-20,59.49209976196289,59.71916884502382,59.16511972798728,59.455767877121325,22299500
2017-04-21,60.30954360961914,60.5820223233531,59.44667702546719,59.646498906630754,32522600
2017-04-24,61.335880279541016,61.453960600466296,60.945321302565084,61.29047063499739,29770000
2017-04-25,61.690120697021484,61.79911634072285,61.39947257674898,61.67195822120349,30242700
2017-04-26,61.6083869934082,62.04435576444058,61.4176497898817,61.83545608278718,26190800
2017-04-27,62.008026123046875,62.10793708035792,61.381320125803576,61.89903739114313,34971000
2017-04-28,62.180580139160156,62.79820815604727,61.481210600577526,62.58930853642763,39548800
2017-05-01,63.04344940185547,63.17060750547058,62.2169147987603,62.38040477906501,31954400
2017-05-02,62.943519592285156,63.31590908985375,62.78910743027394,63.31590908985375,23906100
2017-05-03,62.74374008178711,63.01621886446754,62.40767529392178,63.01621886446754,28928000
2017-05-04,62.498470306396484,62.743708710752344,62.344065047118235,62.69829213821354,21749400
2017-05-05,62.67106246948242,62.698309648776956,62.20783963268142,62.580236228634654,19128800
2017-05-08,62.61656188964844,62.71647282353376,62.144254396809195,62.64380906623583,18566100
2017-05-09,62.70738220214844,62.925366523868085,62.380402254770644,62.54389222845954,22858400
2017-05-10,62.952632904052734,63.17970199625272,62.598405674588655,62.6619847432207,17977800
2017-05-11,62.180580139160156,62.42581856343996,61.87176959551491,62.08975391629959,28789400
2017-05-12,62.10791778564453,62.31682433955844,61.799107235055104,62.31682433955844,18714100
2017-05-15,62.15334701538086,62.198763601876124,61.37222884892986,61.88994605882429,31530300
2017-05-16,63.40481185913086,63.43221521393518,62.2629589468369,62.32690243115268,34956000
2017-05-17,61.64179611206055,63.121633156347606,61.59611920381956,62.929802686507344,30548800
2017-05-18,61.851890563964844,62.235551487520056,61.33120589076351,61.568713258862296,25201300
2017-05-19,61.833614349365234,62.20813843944196,61.59610701827003,61.66005049556686,26961100
2017-05-22,62.52787399291992,62.57355090539573,61.66006841042645,62.016326025919,16237600
2017-05-23,62.737972259521484,62.80191574951191,62.4639247485238,62.77451239227569,15425800
2017-05-24,62.8201789855957,62.92066260298885,62.52786490844764,62.91153279727481,14593900
2017-05-25,63.596656799316406,63.83415724126754,62.94808503370766,63.0028917558012,21854100
2017-05-26,63.907230377197266,64.14473776193266,63.50529587523242,63.76107681150326,19827900
2017-05-30,64.31829833984375,64.31829833984375,63.73366319924722,63.7519367498408,17072800
2017-05-31,63.797630310058594,64.6197661582439,63.7702269433391,64.42793562188736,30436400
2017-06-01,64.03510284423828,64.50098073232918,63.44133800166223,64.16298979872342,21603600
2017-06-02,65.55150604248047,65.642852898465,64.16300874196948,64.3457094232569,34770300
2017-06-05,66.02649688720703,66.58372162545797,65.59715910829402,65.74331961571826,33316800
2017-06-06,66.24574279785156,66.33709661636205,66.01737219021108,66.04478251735495,31511100
2017-06-07,66.12700653076172,66.47412741859577,65.72507194640278,66.35537718654396,22301800
2017-06-08,65.72506713867188,66.24575191699499,65.31400277606056,66.23662210934145,24588300
2017-06-09,64.236083984375,65.84381500721659,62.65575631925107,65.80727487382043,49187400
2017-06-12,63.74279022216797,63.88895072728455,62.235543117406465,63.25864574527312,47761700
2017-06-13,64.5374984741211,64.69278872651964,63.90719372468547,63.96200040922286,25258600
2017-06-14,64.19041442871094,64.94860660257162,63.423092447443715,64.77504966070515,25510700
2017-06-15,63.85243606567383,64.13561344562416,62.84760658487401,63.27693755891122,26068700
2017-06-16,63.943782806396484,63.971186169651006,63.231267484502006,63.69714556778656,48345100
2017-06-19,64.73851013183594,64.80245363087612,64.26349530812149,64.40051908301291,23798300
2017-06-20,63.861568450927734,64.73851086309223,63.82502831258937,64.69283394783957,21512200
2017-06-21,64.19041442871094,64.51013889022424,63.8889704899666,64.13560770699718,19891100
2017-06-22,64.18126678466797,64.48271063963794,63.678848744190184,64.4370407073415,22965700
2017-06-23,65.04908752441406,65.08562766047147,63.870694271506274,64.02598462276153,27617300
2017-06-26,64.42790985107422,65.50581931657702,64.34569978379933,65.22264201465151,19607000
2017-06-27,63.222103118896484,64.10818198050576,63.1946997675999,64.044238504375,25215100
2017-06-28,63.76106643676758,63.79759959525825,62.838447375250986,63.222108263253894,25806200
2017-06-29,62.56439971923828,63.47788200381481,62.19900541154431,63.37739839496606,28918700
2017-06-30,62.96635437011719,63.37741874242304,62.79279045014322,62.829330589575584,24161100
2017-07-03,62.2720832824707,63.578363178168736,62.135059551167686,63.33172603727648,16165500
2017-07-05,63.1033821105957,63.43223641680462,62.317786486798774,62.35432662852415,21176300
2017-07-06,62.637489318847656,62.829319790907824,62.22642501719269,62.36344180486582,21117600
2017-07-07,63.450496673583984,63.797617531369276,62.756247988694675,62.756247988694675,16878300
2017-07-10,63.92551040649414,64.17214762267184,63.21298818008596,63.450495588888685,15014500
2017-07-11,63.934627532958984,64.56493258274635,63.715393721026636,63.943764307840354,17460000
2017-07-12,64.9942855834961,65.11303580742468,64.44619744097506,64.57408444191934,17750900
2017-07-13,65.56062316894531,65.80726729864831,65.14042213723626,65.31398600855934,20269800
2017-07-14,66.48324584960938,66.93085026001286,65.73419058412466,65.98996453292665,25868100
2017-07-17,67.0039291381836,67.09527597953766,66.42843776526746,66.50151802607762,21803900
2017-07-18,66.95826721191406,67.04047728817176,66.37363899413236,66.76642976200992,26435300
2017-07-19,67.46981811523438,67.63424524426955,67.09528694436375,67.14096385716401,22416200
2017-07-20,67.79869079589844,67.87177108850923,66.94001478102234,67.76215064959304,42361000
2017-07-21,67.40587615966797,67.86261742083717,66.83951448686348,67.09528847802727,46717100
2017-07-24,67.23230743408203,67.36933119648086,66.80296956424746,67.16836394087166,21394800
2017-07-25,67.7712631225586,67.880876552842,67.14095802115787,67.41500553550195,22018700
2017-07-26,67.64336395263672,67.94480780091794,67.42412319293842,67.90826767430156,16252200
2017-07-27,66.83038330078125,67.9813662372725,66.063054373802,67.37847140901304,36844200
2017-07-28,66.72074890136719,66.96738605909505,66.26400774539067,66.38275793699047,18306700
2017-07-31,66.41017150878906,67.08615354154567,66.14526773056485,66.95826655574156,23600100
2017-08-01,66.30055236816406,67.067874216943,66.21833533047064,66.7755601360771,22132300
2017-08-02,66.00825500488281,66.28229560485845,65.25919954737205,66.27316579671603,26499200
2017-08-03,65.9077377319336,66.17264838859853,65.63369030246899,65.94427785381657,18214400
2017-08-04,66.39189147949219,66.72074565333168,65.98995705161802,66.13611755968739,22579000
2017-08-07,66.13612365722656,66.59286483307852,66.00823668553339,66.50151799177158,18705700
2017-08-08,66.49239349365234,66.80297420530339,65.542370836155,65.85295154780604,22044600
2017-08-09,66.20008850097656,66.23662864315162,65.81642746211784,65.99912120367357,22213400
2017-08-10,65.23177337646484,65.94428844432235,65.1769597001796,65.67937774511336,24734500
2017-08-11,66.22748565673828,66.41017938116725,65.11303581749249,65.41448673518727,21443700
2017-08-14,67.22318267822266,67.34193987921827,66.6385543588143,66.7390380045863,20096600
2017-08-15,67.24152374267578,67.58130843322839,67.07622062068207,67.58130843322839,19181400
2017-08-16,67.63640594482422,68.04966019648295,67.1955953374676,67.35171298752117,18150400
2017-08-17,66.48848724365234,67.83846176507465,66.48848724365234,67.57213964123056,22977500
2017-08-18,66.57113647460938,66.89255731711523,66.0568631266,66.3690985146203,18761500
2017-08-21,66.25888061523438,66.56193746158549,65.84561936845192,66.55275200993786,17734800
2017-08-22,67.18644714355469,67.25990977248583,66.44257934660752,66.44257934660752,14343700
2017-08-23,66.78236389160156,67.17725438076143,66.60787527816254,67.00276576732239,13766500
2017-08-24,66.75480651855469,66.91092420317852,66.18542748431379,66.80071977532428,17098300
2017-08-25,66.87418365478516,67.36090757475286,66.56194831233337,66.91091846091734,12794300
2017-08-28,66.88336181640625,67.12212752056378,66.62622520796147,67.09457817058001,14569700
2017-08-29,67.08541107177734,67.1864300431024,66.16706188260284,66.35072891785842,11478400
2017-08-30,67.967041015625,68.15070809293645,66.88338844400764,67.04869161616791,16897800
2017-08-31,68.66497039794922,68.83945899766093,67.77417751011001,67.985393914178,27652800
2017-09-01,67.90275573730469,68.63743104109228,67.62724811935323,68.6098816805871,21736200
2017-09-05,67.59970092773438,67.85683764263257,67.02114331921345,67.35174266233255,21556000
2017-09-06,67.4068603515625,67.99460352031308,67.36094007013304,67.71909584463883,16535800
2017-09-07,68.27009582519531,68.50886864776218,67.59051918329769,67.66398882200293,17471200
2017-09-08,67.9394760131836,68.3619157989029,67.8109006809272,68.2608968277039,14703800
2017-09-11,68.65579986572266,68.82110303017947,68.24253845135583,68.24253845135583,17910400
2017-09-12,68.58232879638672,69.09660218326013,68.29764274386028,68.6557984249256,14394900
2017-09-13,69.06902313232422,69.08739403478624,68.46291647355902,68.81188654942707,13380800
2017-09-14,68.66497039794922,69.3261829795423,68.43538308525433,68.87619380846597,15733900
2017-09-15,69.160888671875,69.23435830287339,68.02213741719858,68.72008489878397,38578400
2017-09-18,69.02313995361328,69.76700067906302,68.91293551017836,69.08742412733795,23307000
2017-09-19,69.28028869628906,69.52823997907431,68.88539813003797,69.0690652279196,16093300
2017-09-20,68.82109832763672,69.3812919574374,68.24253378834636,69.19761789478606,21587900
2017-09-21,68.15071868896484,69.09661759644139,68.0588851360309,68.97723467827235,19186100
2017-09-22,68.3343734741211,68.42620700108156,67.82009311153426,67.94866145056872,14111400
2017-09-25,67.27825927734375,68.18742295493752,66.96601692955076,68.04048373092957,24149200
2017-09-26,67.27825927734375,67.78334709536347,67.03030108844229,67.65477877758043,18019600
2017-09-27,67.8200912475586,68.1139627296247,67.19561347236203,67.54459067424908,19565100
2017-09-28,67.83846282958984,67.93029635493777,67.3241824760335,67.53540589013771,10883800
2017-09-29,68.40785217285156,68.45377245035104,67.84765841832099,67.9027641526105,17079100
2017-10-02,68.51805114746094,68.88539231868498,68.23336506782609,68.60988468865443,15304800
2017-10-03,68.19662475585938,68.76599686925812,68.13234058155793,68.57314434635376,12190400
2017-10-04,68.59150695800781,68.61905631416813,67.6915216202283,68.04049180900678,13317700
2017-10-05,69.76699829101562,69.90475208898175,68.83946352492285,69.07823630763419,21195300
2017-10-06,69.7945327758789,69.82208212831144,69.37209302353547,69.49147588622566,13959800
2017-10-09,70.06086730957031,70.29964008382703,69.66597683948955,69.76699582065781,11386500
2017-10-10,70.06086730957031,70.37310270121843,69.92311351648186,70.0976021214905,13944500
2017-10-11,70.18025207519531,70.21698688810046,69.74862678162133,70.12515335906218,15388900
2017-10-12,70.82311248779297,70.9792302135858,70.13435039658313,70.24454784704851,16876500
2017-10-13,71.16285705566406,71.51183413530707,70.97919007112822,71.25469054793199,15335700
2017-10-16,71.3098373413086,71.45676961231888,71.03432969929501,71.09861388157147,12380100
2017-10-17,71.2547378540039,71.28229422578069,70.94250237171033,71.14454039270076,16824000
2017-10-18,71.27307891845703,71.49348075520724,71.05267708170682,71.32817762603257,13300700
2017-10-19,71.54862213134766,71.56698604087664,71.0343415806659,71.23637961774249,15092800
2017-10-20,72.3750991821289,72.52203841919791,71.83327650994599,71.92511002988988,22866400
2017-10-23,72.39349365234375,72.86184685842998,72.32920946681521,72.54042593078725,20627200
2017-10-24,72.42102813720703,72.73326354378008,72.05368700689515,72.45776295088315,17517200
2017-10-25,72.20980834960938,72.64143367399637,71.64043622505602,72.16389508503714,20410800
2017-10-26,72.32919311523438,72.93530001227268,72.32000766039238,72.73326204444352,32120700
2017-10-27,76.96685028076172,79.16170448136683,76.78318322885417,77.4811306377109,71066700
2017-10-30,77.04033660888672,77.44441261843849,76.32402514209981,76.86584796722565,31756700
2017-10-31,76.38826751708984,77.47191958070262,76.32398336952157,77.47191958070262,27086600
2017-11-01,76.38826751708984,76.92091160062503,76.11276002382775,76.84744200156227,22307400
2017-11-02,77.18726348876953,77.56378306827536,76.33319833714742,76.54441475806672,23992900
2017-11-03,77.26991271972656,77.63725385612575,76.59033617158019,77.21481400152398,17633500
2017-11-06,77.57295227050781,77.7841686471738,77.21479666968474,77.32499408135472,19860900
2017-11-07,77.38927459716797,77.96783900699039,77.07703927020461,77.84844914137115,17939700
2017-11-08,77.6556167602539,77.70153702913113,76.98522567592215,77.26991172490281,18034200
2017-11-09,77.2239761352539,77.3892792613877,76.13114541857017,77.24234704173985,21178400
2017-11-10,77.02193450927734,77.23315085938827,76.43419169943836,76.94846490643573,19397800
2017-11-13,77.07707214355469,77.08625760016164,76.64544676688399,76.82912086677072,14196900
2017-11-14,77.18726348876953,77.23317675110232,76.20462999229672,76.6821685579637,18801300
2017-11-15,76.58733367919922,77.24263537351868,76.3196740505387,77.03958275580132,19383100
2017-11-16,76.79037475585938,76.99342736167917,76.55040989592294,76.69808003729646,20962800
2017-11-17,76.0520248413086,76.71655821155967,75.90434762941412,76.71655821155967,22079000
2017-11-20,76.1719970703125,76.22737249652147,75.91356902582254,76.05201463298104,16315000
2017-11-21,77.27031707763672,77.38106792113471,76.36581195313511,76.36581195313511,21237500
2017-11-22,76.70730590820312,77.43644610132169,76.64269890585769,77.37183909897625,20553100
2017-11-24,76.84576416015625,77.00266590004637,76.40273961275534,76.61502382209326,7425600
2017-11-27,77.40875244140625,77.51027872894956,76.88266487942482,76.89188942073996,18265200
2017-11-28,78.34095001220703,78.50708332236556,77.54720275718687,77.59335363731144,21926000
2017-11-29,76.91960144042969,78.377882175494,76.77193127473183,78.18406112209483,27381100
2017-11-30,77.6856689453125,78.008704066893,76.9196091986805,77.07651800770891,33054600
2017-12-01,77.76872253417969,78.27634703349652,76.80884191960085,77.15956468503626,29532100
2017-12-04,74.83369445800781,77.92561301481219,74.4829647015853,77.91638143131816,39094900
2017-12-05,75.3044204711914,76.31045210192931,74.74142047138467,75.07368011130913,26152300
2017-12-06,76.40274047851562,76.73500713242233,75.15674404718368,75.26750194569804,26162100
2017-12-07,76.13508605957031,76.42120888994522,75.68283693248573,76.18123694752535,23184500
2017-12-08,77.6764144897461,78.06405648637565,76.91035503809616,77.18723916070235,24489100
2017-12-11,78.66399383544922,78.79320785270262,77.639506240343,77.7964079696313,22857900
2017-12-12,78.98704528808594,79.42083831111509,78.52556454726978,78.73784174472834,23924100
2017-12-13,78.7747573852539,79.37468372874038,78.60862404462131,79.1347117830184,22062700
2017-12-14,78.16559600830078,79.25469064149384,78.01791881793888,78.8485854096346,19306000
2017-12-15,80.15919494628906,80.38070370721698,78.34095988964916,78.6916897228913,53936700
2017-12-18,79.72537994384766,80.75909894533642,79.58694140753477,80.40837625061941,22283800
2017-12-19,79.21776580810547,79.6977025599713,78.70090271959359,79.6977025599713,23524800
2017-12-20,78.9316635131836,79.65157939023769,78.18406695973347,79.55927760794336,23674900
2017-12-21,78.9131851196289,79.46696044898344,78.82089040500904,79.42081661249118,17990700
2017-12-22,78.92242431640625,79.03317516797892,78.3778734768418,78.82089800804061,14145800
2017-12-26,78.8208999633789,78.9408824027711,78.47940173207408,78.73782978100262,9891200
2017-12-27,79.10701751708984,79.35622102822518,78.65476842122473,79.05164208867593,14678000
2017-12-28,79.11622619628906,79.3100471812582,78.95932450011895,79.28235947506751,10594300
2017-12-29,78.95012664794922,79.42083897919974,78.91320734337688,79.03318980200895,18717400
2018-01-02,79.32849884033203,79.66076537918939,78.9131691875773,79.4946321097607,22483800
2018-01-03,79.69770050048828,79.84537767671425,79.34697776940463,79.43004089980523,26061400
2018-01-04,80.39916229248047,80.90679384235766,79.90076232759272,79.91921845593546,21912000
2018-01-05,81.39595794677734,81.5990105560625,80.69450539878386,80.90678959257355,23407100
2018-01-08,81.47901916503906,81.75591036057313,80.8514052245794,81.4051805740119,22113000
2018-01-09,81.42366027832031,81.89437258966748,81.09139359285608,81.82053398364498,19484300
2018-01-10,81.05445861816406,81.39595682376253,80.67604815832829,81.09137791403707,18652200
2018-01-11,81.29443359375,81.3405774341089,80.51914243437955,81.3405774341089,17808900
2018-01-12,82.69735717773438,82.86349054584511,81.63594993934011,81.83900261610191,24271500
2018-01-16,81.54363250732422,83.79566041717513,81.22982903353117,83.15881484294833,36599700
2018-01-17,83.19572448730469,83.32493849582974,81.91280894435214,82.21738783943348,25621200
2018-01-18,83.1587905883789,83.68487811401789,82.75269250789376,82.8819064937255,24159700
2018-01-19,83.06652069091797,83.62952767226508,82.75271721495989,83.1957347153285,36875000
2018-01-22,84.55249786376953,84.56172944980409,82.8265574404294,83.06652938586915,23601600
2018-01-23,84.82015228271484,85.18933824327016,84.4878856223787,84.82015228271484,23412800
2018-01-24,84.74629974365234,86.23226788529685,84.52479102040634,85.42006453897126,33277500
2018-01-25,85.21702575683594,86.0569169495208,84.84783979715223,85.34623978647977,26383200
2018-01-26,86.8137435913086,86.8137435913086,85.44776471674217,85.94616469799307,29172200
2018-01-29,86.68453979492188,88.09666972098479,86.49995031710291,87.81055391787424,31569900
2018-01-30,85.59542846679688,86.44455820924645,85.00473380174074,86.1122915799479,38635100
2018-01-31,87.69056701660156,88.05052140924923,86.30612487822229,86.52763364870465,48756300
2018-02-01,86.99832153320312,88.66887899138429,86.37070765826539,87.48748982482734,47227900
2018-02-02,84.70939636230469,86.73068408632832,84.45096829636566,86.42610513362732,47867800
2018-02-05,81.22058868408203,86.05690358406719,81.22058868408203,83.58336719247745,51031500
2018-02-06,84.2940673828125,84.43251300283286,78.68246031219618,80.19611646337553,67998600
2018-02-07,82.70658111572266,84.70017430702471,82.3281635182779,83.51878470601054,41107600
2018-02-08,78.46094512939453,82.95576232817236,78.23020479544049,82.79886059107628,55628700
2018-02-09,81.38671875,82.07893964874405,77.3718389456115,79.65155423213687,63499100
2018-02-12,82.2635498046875,82.86347614312584,81.15599890421433,81.90359540995188,35720300
2018-02-13,82.90960693359375,83.06650864882687,81.03599680962073,82.07894043877845,26407700
2018-02-14,84.20783233642578,84.37474606758151,81.98232535396826,82.07505363245163,34960900
2018-02-15,85.92333984375,85.97897539752836,84.03165319342781,84.57875500481997,27823900
2018-02-16,85.31133270263672,86.70227834452753,85.1258761136041,85.7286135653178,30596900
2018-02-20,85.97897338867188,86.29425095233542,84.39329647060795,84.82912716426043,30911700
2018-02-21,84.83838653564453,86.57243418611527,84.83838653564453,86.22006393121637,26922500
2018-02-22,85.06095123291016,85.98824817088068,84.71784881896396,85.35768597007215,24392800
2018-02-23,87.22154998779297,87.23082493833363,85.64514798217061,86.79499423420944,26329200
2018-02-26,88.4826889038086,88.51050668526904,87.39775297855822,87.53684896057595,30199800
2018-02-27,87.35134887695312,88.87211494366417,87.35134887695312,88.7793866858818,25869100
2018-02-28,86.9526138305664,88.75157180387276,86.82279285050438,87.9448210780192,31167300
2018-03-01,86.0995101928711,87.69446188988114,85.16293840340107,87.15662802466362,37135600
2018-03-02,86.28496551513672,86.37769377529922,84.25418336642798,84.9218381591384,32830400
2018-03-05,86.83207702636719,87.41627149872679,85.55240991203559,85.62658828373029,23901600
2018-03-06,86.53533172607422,87.62026721685517,86.18296151082501,87.4811712905393,22175800
2018-03-07,87.03609466552734,87.11028012148101,85.71005970789187,86.38698961271885,26716100
2018-03-08,87.56464385986328,88.18593106584501,86.95262452880282,87.4162729645588,25887800
2018-03-09,89.52123260498047,89.52123260498047,88.09319470500742,88.36211162201984,36937300
2018-03-12,89.73453521728516,90.1425481959328,89.05761231149094,89.4841681188429,26073700
2018-03-13,87.54611206054688,90.17035716063124,87.13809912178957,89.94780786436115,35387800
2018-03-14,87.02677917480469,88.47336659317361,86.70222679958803,88.20444974664805,32132000
2018-03-15,87.33282470703125,87.70374489209105,86.08097527282926,86.73008029064835,27611000
2018-03-16,87.7222900390625,88.44558052797633,87.0917278301889,87.79647549298039,49081300
2018-03-19,86.13660430908203,87.07317611370523,85.41331389401772,86.92480522101842,33344100
2018-03-20,86.35916137695312,86.95263085190011,86.23861532178752,86.28498299862039,23075200
2018-03-21,85.75643920898438,87.21229537788689,85.50606502930258,86.17372007550011,24457100
2018-03-22,83.26200103759766,85.0795023644835,83.14145497079056,84.63439667793101,38604700
2018-03-23,80.84175109863281,83.88328406481239,80.74902281546187,82.99307981188528,44068900
2018-03-26,86.96190643310547,87.16591289310745,83.82764530363342,84.02237681325869,56396800
2018-03-27,82.96525573730469,88.22302752336056,82.07505155194448,88.03757097109492,56569000
2018-03-28,82.89107513427734,84.59730522870628,82.40888382535805,83.28981311221065,52501100
2018-03-29,84.63438415527344,85.5802309462302,81.97304660508456,83.62363393962868,45867500
2018-04-02,82.08431243896484,84.27273352801399,81.14774773263018,83.89254550582275,48515400
2018-04-03,83.18782043457031,83.5031051215195,81.50014002715612,83.06727436072475,37213800
2018-04-04,85.6173324584961,86.0160704456658,81.3517677356875,81.4630388462463,35560000
2018-04-05,85.66368865966797,86.30352581135017,84.75494162148158,85.71933128680176,29771900
2018-04-06,83.66999816894531,85.73786618953994,82.97452552911318,84.83838711006955,38026000
2018-04-09,84.17071533203125,86.39622874727962,84.03162649178182,84.42108939390445,31533900
2018-04-10,86.12734985351562,86.49827009877914,84.97750346044243,85.67297626729331,26812000
2018-04-11,85.1814956665039,86.507530545549,84.82912538367964,85.3205916194946,24872100
2018-04-12,86.77645874023438,87.31429272160833,85.71006572881085,85.71006572881085,26758900
2018-04-13,86.31280517578125,87.33283044568616,85.71933567057422,87.2122843843741,23346100
2018-04-16,87.32353210449219,87.77791259982706,86.62805955111195,87.23080384565068,20288100
2018-04-17,89.0854263305664,89.52125707122664,87.981940589296,88.09321878096935,26771000
2018-04-18,89.42852020263672,89.68816221691681,88.57540163108374,89.22451374149827,21043300
2018-04-19,89.12249755859375,90.01270165305664,88.40847504837939,89.42850720582847,23552500
2018-04-20,88.09321594238281,89.122516189371,87.21228661284488,88.93705961727292,31154400
2018-04-23,88.41776275634766,89.28942415314572,87.75010782047802,88.77940800082466,22331800
2018-04-24,86.34991455078125,89.45635863855509,85.69153441260414,89.24307717773235,34524800
2018-04-25,85.59877014160156,86.5167991188473,83.71635866405312,86.5167991188473,33729300
2018-04-26,87.4070053100586,88.23229896180835,86.33133754052956,86.74862537859046,42529000
2018-04-27,88.85359191894531,90.78237123929398,87.08245845413467,90.50417932925198,48272800
2018-04-30,86.72080993652344,89.39142975072079,86.37771458379882,89.32651924549874,41523600
2018-05-01,88.09321594238281,88.36213292422534,86.04389039942578,86.43335344566057,31408900
2018-05-02,86.71154022216797,88.25084948824724,86.41480547962772,88.0839357533987,27471000
2018-05-03,87.23082733154297,88.02830330677385,85.72860366488872,86.201527109436,31142500
2018-05-04,88.24158477783203,88.43631629635487,86.164434430826,86.53535464098526,22531300
2018-05-07,89.22449493408203,89.67886836329592,88.18592002116607,88.25083051105376,24242000
2018-05-08,88.84429168701172,89.16885118127493,88.14881918452566,88.88138440277643,23484600
2018-05-09,89.89215850830078,89.9199762817245,88.13956803547136,89.02977215859794,27327400
2018-05-10,90.7916488647461,90.82873451744456,89.99417291215634,90.37436098738763,22388100
2018-05-11,90.5969009399414,90.754546783877,89.98488868749172,90.68963628627304,16778300
2018-05-14,90.90291595458984,91.51493531778014,90.23526104009646,90.80091272739146,19454100
2018-05-15,90.24452209472656,90.73598825480074,89.33576813998931,90.17033665460251,24594000
2018-05-16,90.47738647460938,90.71021556635804,89.98378993696299,90.67296205903266,17384700
2018-05-17,89.57398986816406,90.84058043279074,89.24803062845392,90.11415495418572,17246700
2018-05-18,89.74163055419922,90.27248050962592,89.41567130181069,89.41567130181069,17865800
2018-05-21,90.89645385742188,91.27829688546434,90.15140520853001,90.3376655944084,19422500
2018-05-22,90.8033447265625,91.42732497990512,90.52394697755956,90.97098195488827,15441200
2018-05-23,91.88365173339844,91.94884357752912,89.70436831961347,90.06758103768128,21251200
2018-05-24,91.55769348144531,92.14442723574108,90.16071917941348,91.94885168610206,26649300
2018-05-25,91.604248046875,92.18166656085646,91.13859001780605,91.54837135710757,18363900
2018-05-29,91.27830505371094,92.0885456207043,90.55187953624976,91.11997589562976,28671000
2018-05-30,92.15374755859375,92.43314529837295,91.18518483288648,91.5577056787525,22158500
2018-05-31,92.05128479003906,93.12229978285404,91.83708605470308,92.4703813204684,34140900
2018-06-01,93.86737823486328,93.93257009686054,92.35864315029492,92.46108851991636,28655600
2018-06-04,94.68690490722656,94.86385723756574,93.92322599972077,94.3050690061626,27281600
2018-06-05,95.17120361328125,95.3015873112913,94.55653151805218,94.99425126367676,23514400
2018-06-06,95.45061492919922,95.55306030064511,94.90114166906226,95.44130688116245,21122900
2018-06-07,93.95116424560547,95.63685119378114,93.48550620236824,95.59959769767683,28232200
2018-06-08,94.64965057373047,94.94767143486744,93.63451945795624,94.14673903830347,22165100
2018-06-11,94.10950469970703,94.61240919415911,93.75559999683793,94.07225119912192,23490900
2018-06-12,94.35164642333984,94.4820301290936,93.83011160032486,94.15607086470922,18325200
2018-06-13,93.92323303222656,95.00356318515654,93.65315049399408,94.73348064692405,29492900
2018-06-14,94.45409393310547,95.022197423439,94.06294280692215,94.6682998005178,25691800
2018-06-15,93.25265502929688,94.5564986617186,93.1967783511024,94.53787547077917,65738600
2018-06-18,93.93257141113281,94.16540050800646,92.59147353941898,93.14095390283846,23586000
2018-06-19,93.93257141113281,94.06295513695164,92.66598055570978,92.80567943491,28653100
2018-06-20,94.87317657470703,95.47852637397081,94.17468947828436,94.40751851042525,26180800
2018-06-21,94.19331359863281,95.42265061618279,93.95116941332468,95.06875304179263,23198200
2018-06-22,93.51347351074219,93.84874084328867,92.78704082498282,93.51347351074219,38923100
2018-06-25,91.6322021484375,93.23406718074493,90.61707088109084,93.1316218283035,35433300
2018-06-26,92.27481842041016,93.20613469730883,91.96748234374257,92.0326741989103,26897200
2018-06-27,90.840576171875,93.15023619523853,90.71019248210665,92.74046192970009,31298400
2018-06-28,91.855712890625,92.30274778638538,90.57981426292255,90.69156765782868,26650700
2018-06-29,91.83708190917969,93.04779569081953,91.57631453599646,92.13510277930023,28053200
2018-07-02,93.14092254638672,93.18748408685813,91.26897524821851,91.3621054345391,19564500
2018-07-03,92.24687194824219,93.71834613611627,92.14442659837151,93.57865439118233,14670300
2018-07-05,92.90811157226562,93.05711847824274,92.22824757986618,92.66596735650127,18977400
2018-07-06,94.21195983886719,94.46341211221984,92.82429344305977,93.02918416487721,19234600
2018-07-09,94.85456085205078,95.22708878180853,94.2957725101038,94.66830043986154,18212000
2018-07-10,95.10600280761719,95.46921551863637,94.86385863181174,94.99424231754283,19293100
2018-07-11,94.97563171386719,95.31089901778445,94.15606888875259,94.20263754213552,19644600
2018-07-12,97.0338363647461,97.23872706394496,95.6741155764193,95.71136197138395,24335900
2018-07-13,98.18866729736328,98.3469893461484,96.94069989396709,97.20147439861044,24635200
2018-07-16,97.70438385009766,98.55187787906364,97.3411640029653,98.16072678877165,21786900
2018-07-17,98.67293548583984,99.1851621701844,97.15489283872984,97.42497535362261,25901700
2018-07-18,97.89997100830078,98.76609544261906,97.52744307105152,98.66365008224103,29493900
2018-07-19,97.22940826416016,98.07690227268913,96.7544350343288,97.72300469077504,40171600
2018-07-20,98.97093200683594,100.76837187707788,98.79398682743201,100.65661852279666,56004000
2018-07-23,100.55421447753906,100.71253653132857,98.8405889197537,98.99891807892215,29707000
2018-07-24,100.26551055908203,101.34583371076698,99.8929826392193,101.11300464902516,26316600
2018-07-25,103.21776580810547,103.51578667802642,100.20961165717819,100.5448860240115,30702100
2018-07-26,102.09085845947266,103.37607193094875,101.97909798593594,103.13392779097434,31372100
2018-07-27,100.28414154052734,102.61243233864009,98.84991355624433,102.61243233864009,37005300
2018-07-30,98.13278198242188,100.14442110395713,97.56467858160161,99.82777703419009,34668300
2018-07-31,98.79402923583984,99.39007106578387,98.14210359939044,99.17586520250129,27655200
2018-08-01,98.98027801513672,99.1386000533145,98.1793455679831,98.74744898062411,23628700
2018-08-02,100.18169403076172,100.66597538002725,97.63919740732412,98.1607393665864,26104300
2018-08-03,100.61940002441406,100.62871517563532,99.48319315829066,100.39588613275359,18659600
2018-08-06,100.70320129394531,100.9732837993886,100.17235143300576,100.69389324937583,20265900
2018-08-07,101.40168762207031,101.60657828721507,100.74045408797971,101.10366677423544,16080200
2018-08-08,101.96980285644531,102.21194704395971,101.28994604874107,101.8207959678522,15487500
2018-08-09,102.13746643066406,102.59381657605012,102.07227456780608,102.17471993878007,13677200
2018-08-10,101.51346588134766,102.1560763335838,100.93604727894859,101.9046169803702,18183700
2018-08-13,100.77771759033203,102.05362324656667,100.67527224758584,101.73697206752075,18472500
2018-08-14,102.03499603271484,102.21194837651828,100.61939859842249,101.10367987438666,16788300
2018-08-15,100.65135192871094,101.8947636870328,99.86603210652252,101.42731361966793,29982800
2018-08-16,100.6326675415039,101.77324704670087,100.31480486377923,101.24970516210813,21384300
2018-08-17,100.57655334472656,100.87572108807097,99.74449283565237,100.37087418379197,18061500
2018-08-20,99.91278839111328,100.87573446984617,99.54817787844205,100.51112395717493,17914200
2018-08-21,99.08072662353516,100.36153533633042,98.95918503223808,99.95952796384839,22881900
2018-08-22,100.09040832519531,100.35217922739473,98.89373726787105,98.9591799934209,18000600
2018-08-23,100.55786895751953,101.13750968231719,99.91279263302589,100.17456356270132,18167700
2018-08-24,101.34317779541016,101.49275811055536,100.55785795955106,100.6606975467793,17234000
2018-08-27,102.46508026123047,102.50247713237185,101.44604227034235,102.15656142385699,19662300
2018-08-28,103.08207702636719,103.30645103144555,102.64267288074468,102.78290930868903,19151500
2018-08-29,104.72750854492188,104.73685954330551,103.09143333115819,103.25971563845418,20818000
2018-08-30,104.66204833984375,105.27908574110516,104.18525449274615,104.40027749060098,22798700
2018-08-31,105.01736450195312,105.43806683230109,104.2600903215131,104.41902881168203,23222700
2018-09-04,104.43770599365234,104.67143105597796,103.04470661935406,103.63369120863439,22634600
2018-09-05,101.42730712890625,104.16656463367663,101.06269667031236,103.78325931198218,32872400
2018-09-06,101.66104888916016,101.89477394637535,100.5111256019861,101.20294977418072,23477600
2018-09-07,101.16553497314453,101.64233600249234,100.24933690562129,101.18423696873072,22498600
2018-09-10,102.2593994140625,102.50247550626337,101.30580417961875,101.7545523607486,20727900
2018-09-11,103.99830627441406,104.32551994940711,101.80129201920569,101.81064301926925,24301800
2018-09-12,104.43770599365234,104.56859145793686,103.3158285475785,104.17593506508331,18891100
2018-09-13,105.55957794189453,106.32619576928528,104.82100597739144,104.82100597739144,26055600
2018-09-14,105.98963165283203,106.32619627452696,105.1201742355738,105.98028065425106,19122300
2018-09-17,104.83968353271484,106.2981252238593,104.57791267868593,106.28878135958742,20736500
2018-09-18,105.84004211425781,106.29814117756199,104.44704292755301,104.8864471267868,22170900
2018-09-19,104.4283447265625,105.9428855493025,103.81131433170542,105.69046564520691,21728400
2018-09-20,106.1766128540039,106.3916430331875,104.64337713380128,104.97059076932216,23714500
2018-09-21,106.82170867919922,107.78465483257666,106.12053346467509,106.57863260766838,71229700
2018-09-24,107.20499420166016,107.4200243659591,104.91449177884317,105.67175858758999,27334500
2018-09-25,106.99929809570312,107.60698449923909,106.34487097356943,107.32651878949065,22668000
2018-09-26,106.5599365234375,107.5696233999521,106.33555532179155,107.01803566119932,19352000
2018-09-27,106.96192932128906,107.42937939513567,106.76559401347805,107.30783781099342,19091300
2018-09-28,106.9245376586914,107.11151484423304,106.27945424294465,106.75625533861496,21647800
2018-10-01,108.08379364013672,108.1492363572919,107.26108417694,107.27977903924668,18883100
2018-10-02,107.65374755859375,108.29882377504829,106.98996934588158,107.79398399963924,20787200
2018-10-03,107.67243957519531,108.6166906450318,107.44806555508815,107.90616459318404,16648000
2018-10-04,105.44739532470703,107.2891498758504,104.3629076596332,107.14891341809464,34821700
2018-10-05,104.8303451538086,105.80264210917737,103.43734600850061,105.29779520161733,29068900
2018-10-08,103.6336898803711,104.73687244571754,102.2219885248556,104.39096392285172,29640600
2018-10-09,104.951904296875,105.71852221828054,103.58695078474918,103.90481344675307,26198600
2018-10-10,99.24901580810547,104.24137981217432,98.90310014139689,103.9983037454947,61376300
2018-10-11,99.01528930664062,101.83868493480341,97.41660359579845,98.49174031424533,63904300
2018-10-12,102.43699645996094,103.998277805191,100.14649422930468,101.91345472329006,47742100
2018-10-15,100.59524536132812,102.35286204486835,99.98755889377902,101.81996929421915,32068100
2018-10-16,103.77391815185547,104.15723064260952,101.85736996352962,102.40896476902799,31610200
2018-10-17,103.50279235839844,104.53118107308572,102.41831191847864,104.4096466241746,26548200
2018-10-18,101.43666076660156,103.33450682680572,100.81027941196976,102.93249949882738,32506200
2018-10-19,101.58625793457031,103.64303549675743,101.16554856999404,101.83867784713816,32785500
2018-10-22,102.49311828613281,103.3438809908494,101.19360742751654,102.2033014728758,26545600
2018-10-23,101.06270599365234,101.87607170163187,98.26735650897932,100.75418722861988,43770400
2018-10-24,95.65898132324219,101.42731343199839,94.97650108775458,101.35252684222708,63897800
2018-10-25,101.24970245361328,102.15654972724604,99.2396654394313,99.6136269753038,61646800
2018-10-26,99.99691009521484,101.67038206747036,97.94013280532931,98.80959015107723,55523100
2018-10-29,97.08939361572266,101.62365859221121,95.01391383227383,101.07207084524006,55162000
2018-10-30,96.97721099853516,97.58489048573448,93.59286935378867,96.91176826301877,65350900
2018-10-31,99.85669708251953,101.10011617247848,98.5291403906816,98.57588825798533,51062400
2018-11-01,99.02462005615234,100.33348166467566,98.66000957607596,100.08106176797737,33384200
2018-11-02,99.24901580810547,100.33349640924307,98.14583320729551,99.54818360835614,37680200
2018-11-05,100.51112365722656,100.72614671137941,99.00593374726634,99.44533798756464,27922100
2018-11-06,100.70744323730469,101.75452681892408,99.36118476639754,100.3895734837974,24340200
2018-11-07,104.67140197753906,104.93317283338634,102.2780602866829,102.31545714219264,37901700
2018-11-08,104.47509002685547,104.90514323278434,103.68977733760846,104.52183788666768,25644100
2018-11-09,102.43699645996094,104.19460595644257,101.67972971474468,103.6336673624779,32039200
2018-11-12,99.91278839111328,102.80162662731193,99.19291123234618,102.29677965606193,33621800
2018-11-13,99.97820281982422,101.66101844824534,99.69772998206042,100.5484923592822,35374600
2018-11-14,98.5604248046875,101.64953487491042,98.09095531979409,101.49930120124732,39495100
2018-11-15,100.7293701171875,101.21762238619614,97.5651504181302,98.57919904696404,38505200
2018-11-16,101.67769622802734,102.23166675081353,100.27867924684783,100.54158099756232,33502100
2018-11-19,98.23180389404297,101.93121880090911,97.2271394185195,101.65892562259425,44773900
2018-11-20,95.49948120117188,96.68254630200273,93.28358467229825,95.58398943299912,64052500
2018-11-21,96.81402587890625,98.05342539261385,95.99714615895931,97.27410410199599,28130600
2018-11-23,96.77644348144531,97.4712563431075,95.77177902721111,95.93139693967446,13823100
2018-11-26,99.9688491821289,100.11907571618381,98.19425481966222,98.39143117509886,32336200
2018-11-27,100.59793090820312,100.77633162298625,98.9266205177189,99.78105134231559,29124500
2018-11-28,104.33489990234375,104.53207622448627,101.27395688436408,101.30212390702218,46788500
2018-11-29,103.46168518066406,104.3348986906028,102.37251256029502,103.59313606056575,28123200
2018-11-30,104.11894226074219,104.19405909791581,102.68236677659182,103.94054156333877,33665600
2018-12-03,105.24565887451172,106.49444934276816,103.96870854868546,106.10009672022467,34732800
2018-12-04,101.89366912841797,105.7621008428897,101.60260029646932,105.10484633089696,45197000
2018-12-06,102.52275085449219,102.56969350598233,98.5885941846952,99.35852387178662,49107400
2018-12-07,98.41958618164062,102.7668711943311,97.9313410511747,101.76220674588919,45044900
2018-12-10,101.02044677734375,101.38663958941791,97.54637523250999,98.40081318812253,40801500
2018-12-11,101.9593734741211,104.17526988948939,100.87959945129339,103.09549586666168,42381900
2018-12-12,102.4194564819336,104.47572779270871,102.38189806647412,104.11893359114667,36183000
2018-12-13,102.76685333251953,104.100151931681,101.9969237690627,102.8889199665718,31333400
2018-12-14,99.55570220947266,102.58847836754676,99.05806567971193,101.64014796046271,47043100
2018-12-17,96.60743713378906,99.33975317532858,95.49948878140924,98.97356752326152,56957300
2018-12-18,97.62149810791016,98.12852607496308,96.26003213243379,97.41493036242156,49319200
2018-12-19,97.35856628417969,100.35377617943388,95.16144577120726,97.32100787262503,68198200
2018-12-20,95.31169128417969,97.94071594852018,92.7483848938239,96.7576580731579,70334200
2018-12-21,92.23197937011719,96.71071516309296,91.50899234226928,95.42436617865268,111242100
2018-12-24,88.38230895996094,91.98783777061593,88.24147386713182,91.71554465192173,43935200
2018-12-26,94.4197006225586,94.54176727344007,88.22270484724791,89.33065311946527,51634800
2018-12-27,95.0018539428711,95.01124533921838,90.51372640276242,93.23665109701702,49498500
2018-12-28,94.26007843017578,96.15673907674504,93.44319898375808,95.85627174272292,38196300
2018-12-31,95.36802673339844,96.14734776372849,94.30702832248554,95.10512497944023,33173800
2019-01-02,94.94551849365234,95.53704751116285,92.89863109581522,93.47138448444416,35329300
2019-01-03,91.45263671875,94.07227672055132,91.26484466850205,93.98776850705619,42579100
2019-01-04,95.70604705810547,96.25063336606694,92.88923021993523,93.63099284694434,44060600
2019-01-07,95.82810974121094,96.9642250442418,94.81406108990518,95.43375708995116,35656100
2019-01-08,96.52293395996094,97.6214908922747,95.49948670483401,96.74827731859386,31514400
2019-01-09,97.90316772460938,98.47592109556994,96.93606168747353,97.51820645435336,32280800
2019-01-10,97.27405548095703,97.41489772965859,96.12854903136808,96.91726132597618,30067600
2019-01-11,96.52293395996094,97.12385435867287,95.4337612600854,96.88911960406551,28314200
2019-01-14,95.8187255859375,96.5886552614816,95.07696293357225,95.67788330650735,28437100
2019-01-15,98.59799194335938,98.63555036509692,95.65910812334138,96.25064431128698,31587600
2019-01-16,98.94540405273438,99.7716750810859,98.55105133295051,98.83273594053165,29853900
2019-01-17,99.64021301269531,100.11906676298958,98.36325535150462,98.58859871420405,28393000
2019-01-18,101.13311767578125,101.31151837607607,99.4430317931979,100.89838292846112,37427600
2019-01-22,99.22705841064453,100.56034986452471,98.4571288366469,100.23172269822113,32371300
2019-01-23,100.1941909790039,100.50404260272981,98.90784182699858,99.64022034586078,25874300
2019-01-24,99.71531677246094,100.4664708215881,98.9078286768868,100.33501993752124,23164800
2019-01-25,100.62609100341797,101.29273683440756,99.71531902641347,100.69181644693705,31225600
2019-01-28,98.66370391845703,99.97821984563399,98.2693512893646,99.77165213605161,29476700
2019-01-29,96.65438842773438,98.56043355954472,95.93140134519747,98.47592531971863,31490500
2019-01-30,99.88433074951172,99.88433074951172,97.95951004929553,98.23180322575793,49471900
2019-01-31,98.05339813232422,98.79516078739206,96.8797244053566,97.46186915280548,55636400
2019-02-01,96.50414276123047,97.7435418710479,96.10039873193578,97.44308169786596,35535700
2019-02-04,99.28343200683594,99.33977323174656,96.49478135227666,96.58868100594843,31315100
2019-02-05,100.67303466796875,100.71997731702224,99.48996959337191,99.58386205501454,27325400
2019-02-06,99.55570220947266,100.46647419648508,99.0862327038816,100.46647419648508,20609800
2019-02-07,98.84210205078125,99.14256223412559,97.92194587333613,98.76699237759703,29760700
2019-02-08,99.2176742553711,99.32095810996438,97.89377409923027,98.01583358032438,21461100
2019-02-11,98.82332611083984,100.0721166541019,98.56042434668696,99.715315262578,18914100
2019-02-12,100.36317443847656,100.59790915409907,99.03927436740383,99.65897029160904,25056600
2019-02-13,100.2880859375,101.1988580375367,100.19419345743722,100.93595622794611,18394900
2019-02-14,100.3725814819336,100.73876712231375,99.20829911671305,99.81860374165586,21784700
2019-02-15,101.61197662353516,101.68709346049019,100.80448853510819,101.32090783475422,26606900
2019-02-19,101.5650405883789,102.02512590449408,101.19885491296435,101.20824630974177,18038500
2019-02-20,101.0369873046875,101.78191788178646,100.22605058501672,101.70648023481012,21607700
2019-02-21,103.16804504394531,103.23405118074237,100.7729539179632,100.80124123457203,29063200
2019-02-22,104.6390380859375,104.85591229904757,103.55464543800015,103.77152684523924,27763200
2019-02-25,105.22366333007812,105.78000691690862,104.9124956634781,105.38397010914196,23750600
2019-02-26,105.94973754882812,106.77952997973644,104.82762607085932,104.91249521166047,21536700
2019-02-27,105.77059173583984,105.94975435496126,104.55418661501959,105.31798022686918,21487100
2019-02-28,105.63856506347656,106.44007019683993,105.35568470741674,105.64799656691733,29083900
2019-03-01,106.11003112792969,106.57207404218563,105.29909455524368,106.4494932836647,23501200
2019-03-04,105.85545349121094,106.78897095807754,104.47874885694542,106.57208952934604,26608000
2019-03-05,105.32737731933594,105.9780142887437,104.8841974296143,105.84600203323029,19538300
2019-03-06,105.37454223632812,106.23262921018188,105.0727988684725,105.4876986970725,17687000
2019-03-07,104.09210205078125,105.18592595007635,103.60177191276689,105.04448221218442,25339000
2019-03-08,104.20528411865234,104.39387101949005,102.59284237586381,102.93230455267498,22818400
2019-03-11,106.39292907714844,106.50607834405751,104.6484750023828,104.6578993118723,26491600
2019-03-12,107.13786315917969,107.48674966927081,106.22320151918905,106.3835011154001,26132700
2019-03-13,107.96765899658203,108.43913349001689,107.28873457497507,107.6187652815535,35513800
2019-03-14,108.0525131225586,108.62771253839963,107.80735158351075,108.00536999310908,30763400
2019-03-15,109.29722595214844,110.5607742041563,108.05252632126756,108.75973809656068,54681100
2019-03-18,110.86250305175781,110.9002218714502,109.42922387409334,109.54237313904125,31207600
2019-03-19,110.93794250488281,111.68287301919564,110.3155927609774,111.35283514002371,37588700
2019-03-20,110.81535339355469,111.97518372513508,110.0515670740562,110.69277262441582,28113300
2019-03-21,113.36131286621094,113.92708074221706,110.4098783362621,110.45702865681629,29854400
2019-03-22,110.37217712402344,112.7672611185699,110.36274562019716,112.68239916652207,33624500
2019-03-25,110.9473648071289,111.27739546480053,109.68380961102055,109.91011531997698,27067100
2019-03-26,111.18312072753906,111.93747561570432,110.18358988937837,111.85261365836435,26097700
2019-03-27,110.10813903808594,111.46598774573131,108.92945292217964,111.15481288454106,22733400
2019-03-28,110.25901794433594,110.87193618361312,109.5046559276672,110.73992390981549,18334800
2019-03-29,111.21139526367188,111.56971325480446,110.28730217878481,111.3339760304498,25399800
2019-04-01,112.22977447509766,112.31464361671401,111.36226321707034,112.16376834012013,22789100
2019-04-02,112.39009857177734,112.66355465714027,111.75831724635876,112.26751059212451,18142300
2019-04-03,113.1255874633789,113.55934312007724,112.35236960680717,113.02186250263262,22860700
2019-04-04,112.55037689208984,113.37074499299675,111.626283840696,113.24815703653279,20112800
2019-04-05,113.05012512207031,113.37073143818733,112.55979493722597,112.57865074681966,15826200
2019-04-08,113.08787536621094,113.17273732416051,111.87147027669008,112.9747188948148,15116200
2019-04-09,112.4749526977539,112.72012144585179,111.81489129225548,111.86203442457408,17612000
2019-04-10,113.33303833007812,113.48390642343033,112.72012006440993,112.92756998763268,16477200
2019-04-11,113.46504211425781,113.95537237360278,113.07842961462903,113.66306051865459,14209100
2019-04-12,114.0496826171875,114.07797713123533,113.50277764580949,113.75737071919838,19745100
2019-04-15,114.14396667480469,114.64372843834535,113.69134803956024,114.04024172077219,15792600
2019-04-16,113.87993621826172,114.70973585982857,113.24816217779912,114.70030435641188,14071800
2019-04-17,114.8228988647461,114.89833651284846,113.66307560022497,114.32313703579551,19300900
2019-04-18,116.33160400390625,116.47304057827891,114.37970014214541,115.21892405602482,27991000
2019-04-22,116.69937896728516,116.92568472982505,115.57726727138524,115.62441760255753,15648700
2019-04-23,118.28350067138672,118.41551292885785,116.7653525163402,117.01994552885496,24025500
2019-04-24,117.87805938720703,118.67013311339579,117.41600918613348,118.61355847413377,31257000
2019-04-25,121.78182983398438,123.87517728785727,121.48009370466161,122.63991668156203,38033900
2019-04-26,122.47962951660156,123.0736919155785,121.65926859478245,122.30046692717944,23654900
2019-04-29,122.36648559570312,122.75308371851713,121.9704487751867,122.48905917150618,16324200
2019-04-30,123.14913177490234,123.24341803170202,122.00815727803717,122.40419408841579,24166500
2019-05-01,120.58431243896484,123.19627793659059,120.41458133555066,123.08312866373431,26821700
2019-05-02,119.00955963134766,120.69743873951593,118.35892269852151,120.67858293012918,27350200
2019-05-03,121.54612731933594,122.0458891669528,119.9902671353605,120.0939921068429,24911100
2019-05-06,120.83889770507812,121.22551021342021,118.91528824926205,119.1793127944082,24239800
2019-05-07,118.35895538330078,119.92425417739196,117.13312599906705,119.24532974593698,36017700
2019-05-08,118.34952545166016,119.1604621291432,117.63288223092707,118.28351931252222,28419000
2019-05-09,118.34007263183594,118.61352864304554,116.5201811872625,117.19910546417897,27235800
2019-05-10,119.8770751953125,120.63143709308618,116.75591705167716,117.78373495754059,30915100
2019-05-13,116.31275177001953,118.38724378053425,116.02043989707215,117.0293949877704,33944900
2019-05-14,117.61402893066406,118.69841449765669,116.64278544240783,116.80309223585112,25266300
2019-05-15,119.27027893066406,119.92332436663925,117.07454001547846,117.60455094035699,24722700
2019-05-16,122.02442169189453,122.45033096387726,119.68672250098523,119.96119078623776,30112200
2019-05-17,121.21048736572266,123.47247670167769,121.06851280665214,121.4376235538074,25770500
2019-05-20,119.4595718383789,120.75618908237435,119.02421061871719,119.74349930124058,23706900
2019-05-21,120.10317993164062,120.69943424664366,119.80031956549867,120.60479173611694,15293300
2019-05-22,120.8319091796875,121.37138653708993,119.74350249115899,119.83815220205993,15396500
2019-05-23,119.42169952392578,119.52580841443998,118.05882475410948,119.4406251309474,23603800
2019-05-24,119.47848510742188,120.59528367581888,119.22294969516312,120.1126048725792,14123400
2019-05-28,119.40277862548828,121.14422337047482,119.2986697308686,120.17885851762505,23128400
2019-05-29,118.24813079833984,118.67402560348482,117.39633396729093,118.66455918848457,22763100
2019-05-30,118.99581146240234,119.02420348491091,118.0966898319992,118.55098385441195,16829600
2019-05-31,117.05563354492188,117.94528895437433,116.71491475920647,117.576178139976,26646800
2019-06-03,113.42131042480469,117.70868758441239,112.63577109841937,117.21653498251541,37983600
2019-06-04,116.5634765625,116.67704466589396,114.18791171613148,114.78416592122791,29382600
2019-06-05,119.09046936035156,119.12832780218321,117.55723495958803,118.25759808157457,24926100
2019-06-06,120.97388458251953,121.11585193756727,118.87278794593999,119.66780080175154,21459000
2019-06-07,124.36213684082031,125.16661614273123,121.39031757206767,122.2705137622836,33885600
2019-06-10,125.49786376953125,126.89858996594776,124.92999438209617,125.3085643460406,26477100
2019-06-11,125.02465057373047,127.05003031299509,124.24856333344668,126.70931155117864,23913700
2019-06-12,124.44731140136719,124.90159823139919,123.70908988699595,124.36212088700286,17092500
2019-06-13,125.23287200927734,125.87644388820492,124.51356880162935,124.91107162829395,17200800
2019-06-14,125.35590362548828,126.6241290362957,124.58928997330649,125.1760778173923,17821700
2019-06-17,125.7344741821289,126.56733099491748,125.43160665637416,125.52625636855214,14517800
2019-06-18,127.92074584960938,127.99646273049548,126.41591075098371,127.00269852595308,25934500
2019-06-19,128.42234802246094,128.64948420675134,126.64303755742701,127.76930260959136,23744400
2019-06-20,129.61485290527344,130.2868311296646,128.45073666685292,130.08807253212112,33042600
2019-06-21,129.6338348388672,130.35312374519395,129.15115583559134,129.26472396776862,36727900
2019-06-24,130.40040588378906,130.9871936297864,129.6621843834964,129.6621843834964,20628800
2019-06-25,126.28340911865234,130.22060070400872,125.62090439071255,129.8988147563694,33327400
2019-06-26,126.7566146850586,128.4696820322914,126.44430240939697,127.15413191893734,23657700
2019-06-27,126.96484375,127.49486196164354,126.35912309249845,126.95538455464767,16557500
2019-06-28,126.7850341796875,127.39075484574326,126.02787973673786,127.36236281776563,30043000
2019-07-01,128.4129180908203,129.37829052715884,127.74095406157694,129.3120472647015,22613500
2019-07-02,129.26467895507812,129.2741381489582,128.09108904566622,128.82931053079903,15237800
2019-07-03,130.0975341796875,130.36253599098285,128.99018764636298,129.47288086384177,13629300
2019-07-05,129.718994140625,129.97453684645592,128.4507686904605,128.65898653350487,18141100
2019-07-08,129.62432861328125,129.75682953325682,128.11947920028783,129.0943104918618,16779700
2019-07-09,129.15113830566406,129.63381724342497,128.52648478042963,128.71576978887387,19953100
2019-07-10,130.46669006347656,131.15758685067715,129.68114355023945,129.78525247227137,24204400
2019-07-11,130.9871826171875,131.7632697115642,130.4855709845846,130.79789766099108,22327900
2019-07-12,131.46041870117188,131.67811014751635,130.61808826526007,131.41310828733185,18936800
2019-07-15,131.46041870117188,132.0661393018105,131.04399752196642,131.97150403261216,16651500
2019-07-16,129.7379150390625,131.60240181747258,129.20791128425907,131.5172257372047,22726100
2019-07-17,128.9712371826172,130.54231483266966,128.92391234776053,130.3246379221434,20211000
2019-07-18,129.1132354736328,129.30252042759113,127.4569668538441,128.2898379810802,30381800
2019-07-19,129.30252075195312,133.1356024556686,129.14162781860912,132.70970769781493,48992400
2019-07-22,131.0155792236328,131.73488230047533,129.97450470736032,130.050221580792,25074900
2019-07-23,131.82952880859375,132.49204789726673,130.63702044371513,132.2743564520087,18034600
2019-07-24,133.18295288085938,133.20188571239342,131.41311583268305,131.46042624923948,20738300
2019-07-25,132.6813507080078,133.07885354972325,131.85795299599152,132.90848693669085,18356900
2019-07-26,133.7697296142578,134.09151551611066,132.78543907873205,132.8516823213404,19037600
2019-07-29,133.47634887695312,133.93063575026378,131.90525598991798,133.9211765551079,16605900
2019-07-30,132.83277893066406,133.65617660823088,132.31223435917718,132.63402029736196,16846500
2019-07-31,128.9712371826172,132.96521062711813,127.84497254398376,132.81377693218158,38598800
2019-08-01,130.66543579101562,133.39118618756504,129.59595452874046,129.66221222604142,40557500
2019-08-02,129.5675506591797,130.91150734243425,128.0153905899837,130.69381587821277,30791600
2019-08-05,125.12873840332031,126.75660061159863,123.77532277914008,126.16035371001696,42749600
2019-08-06,127.47592163085938,128.4128873688131,126.07519540056734,126.63359116542121,32696700
2019-08-07,128.0343475341797,128.38452556380267,124.76913381264688,126.62414733562085,33414500
2019-08-08,131.450927734375,131.54557742221428,128.64946160760059,129.28358852139718,27496500
2019-08-09,130.33419799804688,131.91475032827762,129.1511485495339,131.18598782436757,23466700
2019-08-12,128.5169677734375,130.47610377557888,127.99643778625494,129.72842319000563,20484300
2019-08-13,131.17654418945312,131.36582923536614,127.76935559692579,128.7631201398732,25154600
2019-08-14,127.2261734008789,130.01797271672615,126.93180256641716,129.48620417839447,32527300
2019-08-15,126.94132995605469,127.79597063081988,125.58342165236897,127.61554600538244,28074400
2019-08-16,129.26779174804688,129.581158430212,127.9288653305062,128.08080332602955,24449100
2019-08-19,131.4329071044922,131.56584927837773,129.98952458115596,130.90113840894995,24355700
2019-08-20,130.34088134765625,131.71780016299178,130.3218999564022,131.243004568631,21170800
2019-08-21,131.7937469482422,132.45847233290272,131.0435763287455,131.56585434971703,14970300
2019-08-22,130.8346405029297,132.18305791906263,129.41974476499473,131.67028517925186,18697000
2019-08-23,126.66595458984375,131.37593275956235,126.10569932569065,130.27440362048807,38508600
2019-08-26,128.62208557128906,128.7265411507376,127.15021676618947,128.18528186785502,20312600
2019-08-27,128.89749145507812,129.8280866061358,127.87193140530451,129.5147198279042,23102100
2019-08-28,128.72653198242188,128.9164472525454,126.81785960983001,128.08081716608064,17393300
2019-08-29,131.15745544433594,131.46133140619412,130.0084588763677,130.3313162186395,20168700
2019-08-30,130.91058349609375,132.16403577181237,129.4007376566307,132.1355492080191,23940100
2019-09-03,129.18235778808594,130.28388686416372,128.8595003142867,129.72363163205165,18869300
2019-09-04,130.69216918945312,130.74914231159582,129.6001312198375,130.37880252806448,17995900
2019-09-05,132.99020385742188,133.30357058236987,131.76522352447913,132.09758612386216,26101800
2019-09-06,132.08815002441406,133.11369583406423,131.2335091968886,132.97126294094969,20824500
2019-09-09,130.58778381347656,132.70536809885724,129.5812194757515,132.55343003175605,25773900
2019-09-10,129.22035217285156,129.98951860709795,127.72948726529977,129.90405888987272,28903400
2019-09-11,129.25833129882812,129.4007786525288,128.2802536597779,129.05892528910087,24726100
2019-09-12,130.58778381347656,131.4424100841004,129.97054084948235,130.90115064326838,27010000
2019-09-13,130.39784240722656,131.1005304702784,129.6856491608738,130.8346461508087,23363100
2019-09-16,129.45774841308594,129.80909246172968,128.82152415409973,128.98295289238496,16731400
2019-09-17,130.46429443359375,130.5877458884624,129.55268078534715,130.05597729765498,17814200
2019-09-18,131.53733825683594,131.67977109895105,129.64764711033254,130.4358093124538,23982100
2019-09-19,133.9587860107422,135.1932425042096,133.00919517600957,133.2275970109083,35772100
2019-09-20,132.41094970703125,134.50953735969773,131.28093428346943,133.9017997986569,39167300
2019-09-23,132.12608337402344,132.59138815286147,131.4613726111176,132.21154308148107,17139300
2019-09-24,130.45480346679688,133.59794705126728,129.98000801320057,133.28458031314085,29773200
2019-09-25,132.3350067138672,132.9047671285439,129.1728668405908,130.56876681590046,21382000
2019-09-26,132.50592041015625,133.11365806435987,131.46137901459835,132.41097000489205,17456600
2019-09-27,130.7871856689453,133.28461504227576,129.76162548320062,133.0851945243763,22477700
2019-09-30,132.0216064453125,132.20203101384612,130.8346179571761,131.09101152770313,17280900
2019-10-01,130.16041564941406,133.1801073859348,130.0939373395584,132.61985230117486,21466600
2019-10-02,127.86243438720703,129.49573222008434,126.84637945618333,129.38178592603572,30521700
2019-10-03,129.41029357910156,129.85660262297108,126.50454669066595,128.14733548577,24132900
2019-10-04,131.15745544433594,131.28090686504123,129.54315424337364,129.85652089543862,22897700
2019-10-07,130.20791625976562,131.21448042443743,130.1129658513604,130.2269121372903,15303700
2019-10-08,128.83103942871094,130.81568160639677,128.7835569696595,130.16996653005603,25550500
2019-10-09,131.271484375,131.7082881851019,130.0654995704292,130.53080444516556,19749900
2019-10-10,132.08815002441406,132.62940950786205,131.2809916577977,131.5088987763937,17654600
2019-10-11,132.63885498046875,133.92080853986354,132.46793556700695,133.05667731063025,25446000
2019-10-14,132.51541137695312,133.2180993610355,132.4869248094691,132.64835352174765,13304300
2019-10-15,134.43362426757812,134.6425209873499,132.76233459251696,132.9997323768508,19695700
2019-10-16,133.33206176757812,133.88282622841803,132.49641713877173,133.69289645670221,20751600
2019-10-17,132.6483612060547,134.29114948109813,132.01213701270964,133.84484057851748,21460600
2019-10-18,130.48326110839844,132.94269753529642,129.6761032203782,132.71479055183556,32273500
2019-10-21,131.4518280029297,131.51830630408588,130.10341100556803,131.4708238732034,20078200
2019-10-22,129.49569702148438,132.95220706766602,129.39124145046213,131.9646389785882,27431000
2019-10-23,130.32186889648438,130.52127488440848,128.77403099109242,129.9800155704349,29844600
2019-10-24,132.88575744628906,133.3415570369152,131.67977290461621,132.36347953535926,37029300
2019-10-25,133.63597106933594,134.02530695501343,132.18309763216135,132.3160398260985,25959700
2019-10-28,136.92153930664062,138.32693003935975,136.27580984159027,137.1209453180402,35280100
2019-10-29,135.63011169433594,137.21592724624853,135.45917774517505,136.8171006843554,20589500
2019-10-30,137.32034301757812,137.69068289543674,135.59208059449966,136.28529239607684,18496600
2019-10-31,136.14283752441406,137.62419695380174,135.7820028490547,137.5957103870525,24605100
2019-11-01,136.4752197265625,137.1399305288716,135.7630264763152,136.98799249131272,33128400
2019-11-04,137.2633514404297,137.69066439753541,136.893011612324,137.52923570216683,16912000
2019-11-05,137.17791748046875,137.7096861036988,136.65563955065056,137.6622036574229,18250200
2019-11-06,136.79806518554688,137.23488338279694,135.9814164173374,137.09243605148154,16575800
2019-11-07,136.9879913330078,137.576747601168,136.5227010201301,136.58916485499466,17786700
2019-11-08,138.60231018066406,138.6307967517924,136.51319836719344,136.7221095485405,16732700
2019-11-11,138.7447509765625,139.0391218881412,137.43431067122796,138.01356180000238,14362600
2019-11-12,139.65634155273438,140.1311370059122,138.69724546396648,138.9061566225333,18641600
2019-11-13,139.8842315673828,140.02667889452468,138.9061541106917,139.3429722951435,16919200
2019-11-14,140.5963897705078,140.92875229491258,139.58982599662383,139.60882186677355,19729800
2019-11-15,142.41015625,142.42915212613283,140.79585452930178,141.42257354560502,23485700
2019-11-18,142.76148986816406,142.96091032901478,141.47004568774094,142.50511076227926,21534000
2019-11-19,142.8090057373047,143.701623694567,142.62858110897162,143.2743105951315,23935700
2019-11-20,142.5612335205078,143.72367760950635,141.4559709684184,143.21868307530823,25696800
2019-11-21,142.42787170410156,142.73278181529315,141.4941099316774,142.35164417630367,18576100
2019-11-22,142.5326385498047,143.2091485624594,141.7989760826627,142.99000357480077,15901800
2019-11-25,144.09530639648438,144.20965495421532,142.84711156135197,142.92333908686794,22420900
2019-11-26,144.8575439453125,145.2291439859509,144.18104839028666,144.21915487749325,24620100
2019-11-27,145.13388061523438,145.3053816279861,144.37161996776405,145.14340360297194,15184400
2019-11-29,144.2382049560547,145.1147994875072,144.1429169365642,144.92423798743675,11977300
2019-12-02,142.49453735351562,144.6669704166567,141.3225703286683,144.64790990518063,27418400
2019-12-03,142.26588439941406,142.38021841421164,139.73137378603624,140.53175550635945,24066000
2019-12-04,142.7803955078125,143.09481400218218,142.16105242810966,143.05670751583506,17574700
2019-12-05,142.85665893554688,143.2282736379646,142.4278917528786,142.9710075127971,17869100
2019-12-06,144.59078979492188,144.70512382303176,143.18061680554473,143.86665005203417,16403500
2019-12-09,144.21917724609375,145.02908197923892,143.7904101386873,143.94286518898278,16687400
2019-12-10,144.00001525878906,144.72415485413833,143.64746117908894,144.15245575223852,16476100
2019-12-11,144.54312133789062,144.70509936330527,143.23775960789987,144.39066630023711,18856600
2019-12-12,146.01046752929688,146.20102904633217,143.89520125070794,144.49546930242354,24612100
2019-12-13,147.23960876464844,147.58262532739948,145.61981398345665,145.78179200768457,23845400
2019-12-16,148.19244384765625,148.54498342881783,147.5159481898103,147.79226024606137,24144200
2019-12-17,147.39207458496094,148.36395734034772,147.16339201342475,148.1162142531218,25425600
2019-12-18,147.08717346191406,148.14480679405008,146.90613489910209,147.02048346130223,24129200
2019-12-19,148.36395263671875,148.421119643062,146.49641470899772,146.73462026137008,24958900
2019-12-20,149.9837646484375,151.0128144971148,148.9165937652269,149.92659763555233,53477500
2019-12-23,149.9837646484375,150.66026035279833,149.85037010540051,150.66026035279833,17718200
2019-12-24,149.95513916015625,150.26957218190995,149.70739612179298,150.05041264198692,8989200
2019-12-26,151.18431091308594,151.24147792422315,149.97422253466266,150.12667759030475,14520600
2019-12-27,151.46063232421875,152.0227939663401,150.75553862024216,151.92750592510328,18412800
2019-12-30,150.15524291992188,151.51778618905448,149.33581526867843,151.48920268694584,16348400
2019-12-31,150.26007080078125,150.32677533912778,149.06904294957195,149.37395305816034,18369400
2020-01-02,153.0423126220703,153.14712365624922,150.86035596005522,151.28912308572728,22622100
2020-01-03,151.1366729736328,152.4039284141965,150.6030947963249,150.8508379064428,21116200
2020-01-06,151.52737426757812,151.59407882709388,149.12625728663028,149.66937313782273,20813700
2020-01-07,150.1457061767578,152.13710084875345,149.89797766820752,151.8036218417332,21634100
2020-01-08,152.5373077392578,153.21381792157746,150.49826874289445,151.43203046001807,27746500
2020-01-09,154.4429473876953,154.56681892653168,153.4329581787887,154.20474183695646,21385000
2020-01-10,153.72830200195312,155.51961206114564,153.57584698863667,155.1384890667648,20725900
2020-01-13,155.5767822265625,155.60536572477798,153.65207762622643,154.1284886483653,21626500
2020-01-14,154.48106384277344,155.88171360275174,154.09040326179172,155.68161454893516,23477400
2020-01-15,155.48147583007812,156.20562980304362,154.90026840911628,154.94789787457233,21417900
2020-01-16,158.33047485351562,158.39717939109113,156.29143577737156,156.59634588243543,23865400
2020-01-17,159.2165985107422,159.56913807909913,157.62537261176516,159.52149406039632,34371700
2020-01-21,158.64491271972656,160.25518473061555,158.57820818014443,158.81641375479867,29517200
2020-01-22,157.88265991210938,159.5882200541892,157.86359939428255,159.50245499342603,24138800
2020-01-23,158.8544921875,158.93071969561666,157.47290313279794,158.3494976677738,19680800
2020-01-24,157.25376892089844,159.62630142430766,156.69160731427516,159.6072409094811,24918100
2020-01-27,154.6239776611328,155.67208784388203,152.64210584033302,153.547283976937,32078100
2020-01-28,157.65399169921875,157.939826771765,155.37674687480407,156.0532425983838,24899900
2020-01-29,160.11219787597656,160.78870787363172,157.87307496374873,159.92163638924157,34754500
2020-01-30,164.6286163330078,165.8387045815864,162.73249494656676,165.8387045815864,51597500
2020-01-31,162.1988983154297,164.26652048063715,161.57956978010938,164.08549649844846,36142700
2020-02-03,166.15313720703125,166.26747121673395,162.36089444421407,162.38947794663974,30107000
2020-02-04,171.62229919433594,172.11777072026263,167.99204959042467,168.782893619087,36433300
2020-02-05,171.41270446777344,175.50984275197817,169.9930087236382,175.34786472595192,39186300
2020-02-06,174.9667205810547,175.14775909976768,171.5651388277485,172.4322103968945,27751400
2020-02-07,175.21446228027344,176.87237803350294,173.8709795770829,174.22353365441194,33529100
2020-02-10,179.7975616455078,179.93095618338666,174.60468311812673,174.9191162157513,35844300
2020-02-11,175.73851013183594,181.7031712330215,174.84285503323278,181.65552722032552,53159900
2020-02-12,175.99575805664062,177.08197455532815,173.27068655447232,176.8247085443756,47062900
2020-02-13,175.04296875,177.44407017098868,174.2425870707578,174.4426861252965,35295800
2020-02-14,176.60560607910156,176.66277308665374,174.0329744279463,174.6046735812949,23149500
2020-02-18,178.39688110351562,178.84470866214195,176.74850291007436,176.85331392462334,27792200
2020-02-19,178.93190002441406,179.79177624695774,178.15800850840057,179.67712997158418,29997500
2020-02-20,176.1994171142578,178.90327069854922,173.0274147687379,178.61664037983618,36862400
2020-02-21,170.62930297851562,175.32044201019235,169.34903730957274,175.00515009256466,48572600
2020-02-24,163.27255249023438,166.7694109498898,155.9539946198848,160.29163161505338,68311100
2020-02-25,160.57827758789062,167.04649397231225,160.17698628158834,166.4350225903375,68073300
2020-02-26,162.58462524414062,165.53688417349048,160.71200092942902,162.14513803050656,56206100
2020-02-27,151.12908935546875,159.58460475023864,150.93800730931096,156.03998687134066,93174900
2020-02-28,154.788330078125,156.41256351779523,145.224535334962,145.6162629094059,97012700
2020-03-02,165.08782958984375,165.21203946757697,155.0749826890093,157.9412568253211,71030800
2020-03-03,157.17694091796875,167.19935310375058,155.02723494949194,166.05284616962163,71677000
2020-03-04,162.9477081298828,163.09101602333493,158.23745612386801,160.9795353071351,49814400
2020-03-05,158.85848999023438,163.2534354451266,158.3043418414081,158.64829536210627,47817300
2020-03-06,154.36798095703125,155.8393286298123,149.046258201705,155.36161626378117,72821100
2020-03-09,143.9060516357422,150.71823384322937,143.31369303635122,144.26911765659355,70419300
2020-03-10,153.74696350097656,153.85206081651998,145.77872383437062,151.10999619092294,65354400
2020-03-11,146.78187561035156,150.67044587719957,144.41241227286622,150.12586147449383,56371600
2020-03-12,132.86134338378906,146.62901545574113,132.40274365490265,138.8231981738028,93226400
2020-03-13,151.75013732910156,154.69284774557306,134.45694095435317,140.92517155449715,92727400
2020-03-16,129.3836669921875,142.69274639090725,128.9823901943518,133.7595157571056,87905900
2020-03-17,140.03660583496094,140.92514381176338,128.98233501415632,133.75945853319914,81059800
2020-03-18,134.14163208007812,139.49201663164607,129.00145672314414,131.84861846004904,81593200
2020-03-19,136.3486785888672,143.4570268009298,132.8040461931456,136.40600174385253,85922700
2020-03-20,131.22760009765625,140.54299175470402,129.8040119191972,139.49201865938184,84866200
2020-03-23,129.9186553955078,134.3040661443452,126.61289387434711,130.90274173665898,78975200
2020-03-24,141.72769165039062,142.93153606152444,134.97284683336954,137.34229592629205,82516700
2020-03-25,140.37098693847656,147.45068704895394,138.00153790351567,142.27228722822483,75638200
2020-03-26,149.15133666992188,149.67682312192036,141.75634492932605,141.78500650137846,64568100
2020-03-27,143.027099609375,147.98575699943868,142.54938717609144,144.98572350156294,57042300
2020-03-30,153.08767700195312,153.4411940114723,143.32323658784367,145.6449259076902,63420300
2020-03-31,150.68003845214844,157.43488361684436,149.581291281011,152.29469397697127,77927200
2020-04-01,145.3296661376953,150.718261397872,144.0971745668499,146.17999362202482,57969900
2020-04-02,148.33921813964844,148.54941271792683,143.65764343135137,145.09078033127363,49630700
2020-04-03,146.9729766845703,150.36473713146398,145.4060808307808,148.18637008055234,41243300
2020-04-06,157.90304565429688,159.07821396372586,150.5558273134224,153.173696262992,67111700
2020-04-07,156.20242309570312,162.4222339840819,155.9826648707602,162.03050627383806,62769000
2020-04-08,157.76927185058594,159.24061934785263,156.21192505793775,158.2851947297613,48318200
2020-04-09,157.7788543701172,159.90944763911187,156.0495377765413,158.9444738181257,51385100
2020-04-13,158.13235473632812,158.18969247085818,155.065449266435,157.0240730387156,41905300
2020-04-14,165.95726013183594,166.00503428044706,160.5113424985042,161.4667671562334,52874300
2020-04-15,164.21839904785156,165.83306909340988,161.69607846989396,163.5687026830469,40940800
2020-04-16,169.1483917236328,169.37769891247757,165.19293383246543,166.5305372327894,50479600
2020-04-17,170.6388702392578,171.9764590896159,168.03055011312193,171.49874670325588,52765600
2020-04-20,167.2566375732422,170.7821568785883,167.18976542835566,168.75666127755133,36669600
2020-04-21,160.33938598632812,165.92861193754004,158.70560327528187,165.7661914820646,56203700
2020-04-22,165.7852783203125,166.24387803978735,163.20563485266095,163.75021928604565,34620200
2020-04-23,163.77886962890625,167.25661430195765,163.29160837153404,166.34896392279552,32790800
2020-04-24,166.76937866210938,166.77892766048188,163.1005514370253,164.3903659912412,34277600
2020-04-27,166.2916717529297,169.0146233975165,165.575103228782,168.7184440734486,33194400
2020-04-28,162.24063110351562,167.8394192252949,161.83935456519816,167.7629835162886,34392700
2020-04-29,169.52101135253906,169.7598675470246,164.21841549786015,165.49868120143262,51286600
2020-04-30,171.22166442871094,172.3586075592464,168.37448836722226,171.97644351621543,53875900
2020-05-01,166.78848266601562,170.6770532828169,166.25343263355887,167.96365086487415,39370500
2020-05-04,170.86814880371094,171.02102025364536,166.05281475976705,166.71206013131342,30372900
2020-05-05,172.7025909423828,175.46376818060912,171.88092498678816,172.56883204629187,36839200
2020-05-06,174.40322875976562,175.98923735554277,173.53380331049306,173.96374153549596,32139300
2020-05-07,175.4159698486328,176.32362034149384,174.44143263318955,175.9605543129002,28316000
2020-05-08,176.44781494140625,176.75355782294716,175.18666200160757,176.7344452481951,30877800
2020-05-11,178.41603088378906,179.15169747692565,174.6994290265248,174.9860448011882,30892700
2020-05-12,174.37452697753906,178.70259896331262,174.17389598882244,178.47330640477932,32038200
2020-05-13,171.73764038085938,175.84597071598805,168.6707197764295,174.41283324410327,44711500
2020-05-14,172.48280334472656,172.63567478090147,167.84898816370443,169.62607851802582,41873900
2020-05-15,174.99554443359375,178.72169392888426,169.1101263673636,171.07829838685652,46610400
2020-05-18,176.66757202148438,177.900063380911,175.75992153773632,177.47012521267487,35264500
2020-05-19,175.4446258544922,178.2822381133721,175.31086699219514,176.78221447746273,26799100
2020-05-20,177.87818908691406,178.0602277033785,176.23028056417823,177.063810419329,31261300
2020-05-21,175.7416534423828,178.8458563822886,175.60752202876373,177.62908344638342,29119500
2020-05-22,175.81829833984375,176.72849143363786,174.88895405824258,175.51171852342944,20826900
2020-05-26,173.95960998535156,178.68296499176597,173.50930858232218,178.529667786644,36073600
2020-05-27,174.1895294189453,174.36199241787568,169.19791195003077,172.64701111716175,39517100
2020-05-28,173.7967071533203,176.4314423283632,172.81947045060082,173.1643818219209,33810200
2020-05-29,175.56924438476562,176.54649611401638,172.84828388763626,175.07103561427277,42130400
2020-06-01,175.16680908203125,175.32968189560512,173.85423636020056,174.88895604417246,22622400
2020-06-02,177.1596221923828,177.24584639282432,173.74883959546747,176.52728215069124,30794600
2020-06-03,177.5907440185547,178.14643541027866,175.88535285257194,177.07338423686727,27311000
2020-06-04,175.2530059814453,178.05061401605363,174.65899762222494,176.57516871052312,28761800
2020-06-05,179.35360717773438,179.86139133594125,174.381140968855,174.96557372329258,39893600
2020-06-08,180.4650115966797,180.64705020721627,176.70931764506904,178.14644610396618,33211600
2020-06-09,181.8446502685547,182.70692146306783,179.41110465156908,180.12009326030233,29783900
2020-06-10,188.58953857421875,190.19912975017965,183.00389858407104,183.11887878042648,43872300
2020-06-11,178.462646484375,187.55487139172058,178.2710322477645,185.03511567279585,52854700
2020-06-12,179.87100219726562,183.68417892735448,177.41829069397733,182.5536302771915,43373600
2020-06-15,181.0207061767578,182.82191188812118,176.29733629086138,176.8434521319893,32770200
2020-06-16,185.45664978027344,187.3823967101177,183.43508843593403,184.80514392400622,42556700
2020-06-17,186.0985565185547,188.09137636703255,185.5716065025008,186.85543772763106,25687800
2020-06-18,188.09136962890625,188.25424242453795,185.86860404780714,185.86860404780714,23061600
2020-06-19,186.9704132080078,190.93688730881695,186.2231075527269,190.2662302616709,44441100
2020-06-22,192.1632537841797,192.3452777850563,187.04706509099958,187.58359073811002,32818900
2020-06-23,193.44708251953125,195.4015708678264,192.98719086880405,193.6195309241335,30917400
2020-06-24,189.54766845703125,194.73091552273308,188.3213199494767,193.1500799897967,36740600
2020-06-25,191.94285583496094,192.2015430271898,187.27698387837606,189.50932496716712,27803900
2020-06-26,188.1009521484375,191.51173462779505,186.71173091870725,191.35843741947582,54675800
2020-06-29,190.12249755859375,190.20872174887992,185.43745983645167,187.573986504707,26701600
2020-06-30,194.97998046875,195.83267600358784,189.45183750006225,189.585968889164,34310300
2020-07-01,196.12013244628906,197.70098256301688,193.31294846872325,194.6255211499115,32061200
2020-07-02,197.61474609375,199.3009862383214,196.40756340598136,197.05905464785508,29315800
2020-07-06,201.86865234375,202.28063679323316,199.3680481033168,200.07703677818944,31897600
2020-07-07,199.5213623046875,205.67227121542732,199.27226526653317,201.62914808225983,33600700
2020-07-08,203.9093780517578,204.32134787899562,199.94290390142638,201.26506682461263,33600000
2020-07-09,205.3369140625,207.31056807147002,202.6063642381437,207.2626608673324,33121700
2020-07-10,204.7141571044922,205.1069757258136,202.23271880356717,204.6662498986094,26177600
2020-07-13,198.39080810546875,206.75489197026513,197.84469225248222,205.49021185970298,38135600
2020-07-14,199.61715698242188,200.09619982171807,193.56204847648868,197.49020560640852,37591800
2020-07-15,199.32012939453125,202.47223932553388,196.43629689144993,200.77642365546433,32179400
2020-07-16,195.372802734375,197.07819383626625,193.8302844209537,196.79076524869717,29940700
2020-07-17,194.3764190673828,196.4458729364666,192.94886620272644,195.899771724378,31635300
2020-07-20,202.7309112548828,203.40156822605204,194.50094514688112,196.40754068277164,36884800
2020-07-21,200.0003662109375,204.97283274467122,199.3105434190192,204.7045699499503,37990400
2020-07-22,202.87464904785156,203.40159911208116,199.65548047819092,200.4315275640437,49605700
2020-07-23,194.05068969726562,202.07945330485066,193.67703682350515,198.50579739742565,67457000
2020-07-24,192.86260986328125,194.35722087157507,189.23145771079058,192.01948996353633,39827000
2020-07-27,195.30577087402344,195.42073647697526,192.4410894402469,193.0255222872974,30160900
2020-07-28,193.5524444580078,196.1201066823261,193.2841816769365,195.07579695463957,23251400
2020-07-29,195.5069580078125,196.07222504023824,193.54287947526808,194.01234671295202,19632600
2020-07-30,195.35365295410156,195.89019318387906,191.20515506565272,192.57521049122226,25079600
2020-07-31,196.4171600341797,196.5033988647913,190.6686453676629,195.83272712498132,51044000
2020-08-03,207.46385192871094,208.51775194929,201.61953846877378,202.65427268373514,78983000
2020-08-04,204.3500518798828,205.76802895972276,201.49496115508026,205.19317180635795,49280100
2020-08-05,204.01470947265625,205.98836307748576,202.70213713956974,205.89254868883023,28806400
2020-08-06,207.28182983398438,207.30098102055055,202.68301593193615,203.4398971396391,32656800
2020-08-07,203.5740203857422,206.65905712955916,202.08898480968202,205.84469315633157,27820400
2020-08-10,199.5213623046875,202.9992183401805,197.70100518297247,202.79801389531178,36716500
2020-08-11,194.85543823242188,198.94645288740764,194.62549244411483,198.47700033771494,36446500
2020-08-12,200.42189025878906,201.46619985229552,196.16798867805014,196.68534836957798,28013100
2020-08-13,199.9524688720703,202.49140457345376,199.4255188495774,200.66145750408137,22588900
2020-08-14,200.1440887451172,200.80517019031623,198.81235026103033,200.0099573373396,17958900
2020-08-17,201.46621704101562,202.33807835147277,200.1632201809644,200.81472592060226,20184800
2020-08-18,202.62551879882812,203.45904855150602,200.4410849082599,201.70575023579792,21336200
2020-08-19,201.39620971679688,203.70118231666288,200.96403193387363,203.11533676283554,27627600
2020-08-20,206.0830078125,206.48637478609217,200.63753168715445,201.24257482025888,26981500
2020-08-21,204.5847930908203,207.68688676441548,204.4215265453225,205.39152707606894,36249300
2020-08-24,205.2282257080078,206.9857624413079,204.01811028089563,206.28465870337072,25460100
2020-08-25,207.8981475830078,208.032603228624,204.66159869274037,204.66159869274037,23043700
2020-08-26,212.39283752441406,213.29561749873142,208.75292140206946,209.25233440682175,39600800
2020-08-27,217.60780334472656,221.99683117871206,210.71211201268858,214.06391898104908,57602200
2020-08-28,219.8455352783203,221.5070259544178,217.60779777645126,219.14443155423294,26292900
2020-08-31,216.599365234375,219.64383645729026,215.42767414485365,218.0111567167562,28774200
2020-09-01,218.27047729492188,218.44334254996568,215.54292559396254,216.5801610879219,25725500
2020-09-02,222.47703552246094,223.63912796259172,218.34732016667317,218.94276449796857,34080800
2020-09-03,208.69525146484375,220.2296683470125,206.44791544411402,220.19125873454507,58400300
2020-09-04,205.76605224609375,209.71330358948268,197.0648156953769,206.58239950539593,59664100
2020-09-08,194.635009765625,201.71316552248584,194.19321854077597,198.32294873345126,52924300
2020-09-09,202.92323303222656,206.33266139810954,198.5149935221353,199.37936369275369,45679000
2020-09-10,197.23770141601562,206.23667571967312,196.0276004945869,204.94972624563192,35461500
2020-09-11,195.9507598876953,200.368613619327,193.27124556249714,198.99523155246928,33620100
2020-09-14,197.27609252929688,200.91600807805682,195.95073365631603,196.1524244365995,30375800
2020-09-15,200.5126190185547,201.47302049470625,198.73587042584893,200.1668739009576,21823900
2020-09-16,196.9303436279297,202.30858359355844,196.53657546959647,202.2797727190038,26328100
2020-09-17,194.8751220703125,196.23889079299036,192.04193984656638,192.12837248673094,34011300
2020-09-18,192.45486450195312,195.58576825464124,188.47880270246335,194.76943573631198,55225300
2020-09-21,194.51976013183594,194.68304132211108,188.603696606861,189.38161966417263,39839700
2020-09-22,199.20651245117188,199.8595932065508,194.07797105514516,196.93996392585635,33517100
2020-09-23,192.64694213867188,199.85956711096682,192.10911961891628,199.6674750785702,30803800
2020-09-24,195.1439971923828,197.42975761656191,191.31198965559403,191.9362594683191,31202500
2020-09-25,199.59068298339844,200.76235954382076,194.51974866099025,195.48976373093728,29437300
2020-09-28,201.1465301513672,204.15259209844297,199.8211711438522,202.52951091493645,32004900
2020-09-29,199.05284118652344,201.75158213940978,198.62066337388762,201.060091777366,24221900
2020-09-30,202.00128173828125,203.58593860629148,198.36135126137188,199.50423157489382,33829100
2020-10-01,204.04693603515625,205.5163493514869,202.95207876701642,205.03614853818758,27158400
2020-10-02,198.02516174316406,202.63509127145016,197.4008920570325,199.76348588619382,33154800
2020-10-05,202.04928588867188,202.0780967632502,198.7839117756681,199.01441342685956,21331600
2020-10-06,197.75631713867188,201.85722183756158,196.70948280501995,200.55108959675567,28554300
2020-10-07,201.52108764648438,201.78999894635191,198.5342378151438,198.86077087147342,25681100
2020-10-08,202.2413787841797,202.82722436981922,200.07087635691752,202.17414363529622,19925800
2020-10-09,207.26426696777344,207.31228997869036,202.86562588087534,202.86562588087534,26458000
2020-10-12,212.6329345703125,214.99552924534586,208.22469420040088,210.1262854993607,40461400
2020-10-13,214.03514099121094,216.2920910330248,211.70135704855147,213.90068532837319,28950800
2020-10-14,212.1143035888672,215.34125363665,210.4528128800717,214.1695624812037,23421700
2020-10-15,210.9618377685547,211.63411601753762,207.4563628234982,208.50321179823604,22733100
2020-10-16,210.9618377685547,213.48768423648824,210.6353047125582,211.43242521555936,26057900
2020-10-19,205.73727416992188,213.49732244989787,205.25707327131866,211.6917623816879,27625800
2020-10-20,206.1501922607422,208.762485717726,204.6519681481178,207.25466286499275,22753500
2020-10-21,206.2942657470703,208.33031244108358,204.68078344545265,204.68078344545265,22724900
2020-10-22,206.3806915283203,207.50435959979706,203.3170081940359,205.4586995787532,22351500
2020-10-23,207.6676483154297,207.71567132968448,204.71922281863533,206.51516924614666,18879600
2020-10-26,201.7611846923828,207.7732938739257,199.85959348811673,205.38190309336022,37111600
2020-10-27,204.80564880371094,206.169417367795,202.0012777861424,203.21137857142563,36700300
2020-10-28,194.65420532226562,200.57028318372602,194.0971852443019,199.4466149775165,51195600
2020-10-29,196.6134033203125,199.14886278527578,195.31685538687805,195.98914818469706,31432600
2020-10-30,194.4525146484375,196.20043795376327,191.71536420515818,195.44172713182547,36953700
2020-11-02,194.3180389404297,197.15122045911184,192.1955451589961,196.2004176902149,30842200
2020-11-03,198.25567626953125,199.8787571628411,195.07674962266472,195.81626288712982,27512000
2020-11-04,207.82130432128906,209.6748870535973,204.0085087476915,205.5451571893595,42311800
2020-11-05,214.4480743408203,215.24520945533908,212.39281543088538,213.24757229869556,36080100
2020-11-06,214.8610382080078,215.47569462031802,209.3963509860523,213.45884548218757,25231900
2020-11-09,209.74208068847656,219.08678307726535,209.2522812045148,215.55251263038653,44395000
2020-11-10,202.65435791015625,207.9269685309975,201.41544616229973,206.0061651265541,44045100
2020-11-11,207.97496032714844,209.40594926972497,203.79720768779484,203.97968632855515,29440800
2020-11-12,206.90890502929688,210.43357683578984,205.9677156465422,208.6088198165318,21593900
2020-11-13,207.93658447265625,208.81055361106783,205.6796490784843,207.79253006723377,18621100
2020-11-16,208.62806701660156,209.11788128560053,206.02538649354165,206.3615183116373,24953300
2020-11-17,205.96774291992188,209.0602227298947,205.60278560591848,207.54280102913202,24154100
2020-11-18,203.25230407714844,207.1906268558678,203.1078578663397,205.72699047200956,28372800
2020-11-19,204.54258728027344,205.12996654851267,202.14492147524507,203.54116124066613,24792700
2020-11-20,202.587890625,205.3803410647477,202.21235398389004,204.33076618227778,22843100
2020-11-23,202.3182373046875,204.4173866751124,200.44055445203017,203.1270830423047,25683500
2020-11-24,205.92921447753906,206.30475112641128,201.1146345212634,201.8175590808587,33979700
2020-11-25,205.9388427734375,207.30618174725083,204.58114236322032,207.13286391770782,21012900
2020-11-27,207.24842834472656,208.2498693180052,206.10255583344318,206.88253021746993,14512200
2020-11-30,206.13145446777344,206.79585422790234,203.02122491772576,206.16034077504278,33064800
2020-12-01,208.1920623779297,209.26089966174553,205.43812219485935,206.55509352145174,30904500
2020-12-02,207.38320922851562,207.4795067033715,204.90852280838254,206.9113898033444,23724500
2020-12-03,206.29515075683594,208.35579062515012,205.72701909064625,206.6514250124484,25120900
2020-12-04,206.41067504882812,207.39285348618526,205.27442652464393,206.2758673960875,24666000
2020-12-07,206.34327697753906,207.54692205805162,205.09149784815247,206.42031202584383,24620000
2020-12-08,207.9994659423828,208.90460927264132,204.99517292529603,206.03512389881018,23284100
2020-12-09,203.94561767578125,207.24841259932364,203.37750074554612,207.18101611768634,32440600
2020-12-10,202.713134765625,205.17819803544734,202.55906463802708,203.9167800882286,26733300
2020-12-11,205.35147094726562,205.40925825216428,201.35537522834764,202.26051866363272,30979400
2020-12-14,206.25660705566406,208.1920776453613,204.9855655587694,205.1974082570739,28798400
2020-12-15,206.18919372558594,207.43134881601668,204.3692831973686,207.19061983242744,27000600
2020-12-16,211.14820861816406,211.94743062086658,206.75731423126035,206.78620053436381,35023300
2020-12-17,211.28302001953125,212.69850766848936,209.83864606695616,211.71632926671745,32515800
2020-12-18,210.48379516601562,211.54300859413542,208.0091088009451,210.48379516601562,63354900
2020-12-21,214.33547973632812,215.69319489118817,209.22239786901787,209.48238931616686,37181900
2020-12-22,215.6354217529297,217.26275222199794,213.62293074252594,214.4317766950902,22612200
2020-12-23,212.82371520996094,215.26951557786228,212.61187249782776,214.8362062822929,18699600
2020-12-24,214.489501953125,215.3176101578105,212.99697947232877,213.20882213117366,10550600
2020-12-28,216.6175537109375,217.64786601884163,214.74949463150662,216.12645722933533,17933500
2020-12-29,215.83761596679688,218.75525027736376,215.2887614859926,217.91751805737886,17403200
2020-12-30,213.45919799804688,217.26272770597393,213.25699387918905,216.87755251516893,20272300
2020-12-31,214.17176818847656,214.73026121397862,211.53337314240096,213.47846751495206,20942100
2021-01-04,209.61717224121094,214.73025350519663,206.84396964667044,214.27768184031174,37130100
2021-01-05,209.81942749023438,210.4164455066149,207.70101485558453,209.2031617293738,23823000
2021-01-06,204.37889099121094,208.46165952119688,204.08038942590883,204.30185595937007,35930700
2021-01-07,210.19493103027344,211.2059957874037,205.78478859916777,206.1025379552153,27694500
2021-01-08,211.47561645507812,212.4000223203444,208.98166743245133,210.57047302467421,22956200
2021-01-11,209.42462158203125,210.79196063976968,208.69279596455632,210.36827521763857,23031300
2021-01-12,206.95953369140625,209.04907439029543,205.40925300018603,208.47131889954403,23249300
2021-01-13,208.3172149658203,208.72163786646962,205.99658420199273,206.08325779657693,20087100
2021-01-14,205.12037658691406,209.39572610602872,204.85076127426112,207.90320332267183,29480800
2021-01-15,204.76409912109375,206.55512362273902,204.16709585152313,205.601846104287,31746500
2021-01-19,208.4135284423828,208.93349658518767,204.7448210611844,205.82328221244262,30480900
2021-01-20,216.0205535888672,217.41677873184022,209.2319934261482,209.62679247896148,37777300
2021-01-21,216.62721252441406,217.90789256064295,214.17177379910098,216.3672210917985,30709400
2021-01-22,217.5708770751953,221.53810116533532,217.42644554585343,218.65897690601358,30172700
2021-01-25,221.0181121826172,221.2588411868411,215.90503048377064,220.62331308938622,33152100
2021-01-26,223.7142791748047,225.49566498398204,221.5477181444762,223.26170747303482,49169600
2021-01-27,224.26312255859375,231.52351716879807,221.6054797824299,229.1739998613671,69870600
2021-01-28,230.0695037841797,233.64192846865052,226.37191001582264,226.8726304301621,49111200
2021-01-29,223.3579864501953,229.19325465765945,222.77060714290988,227.23853648764572,42503100
2021-02-01,230.7628173828125,233.5071339058897,223.81056257108708,226.34303639518623,33314200
2021-02-02,230.6280059814453,233.32417372132824,229.83842250139034,232.35163385031615,25916300
2021-02-03,233.98858642578125,236.00107732593798,230.38727532055444,230.68579162060908,27158100
2021-02-04,233.0352783203125,234.21967549002494,231.4560967869603,233.661182488934,25296100
2021-02-05,233.21826171875,234.25821280407337,231.50427234467983,233.24714802448682,18054800
2021-02-08,233.47824096679688,234.64336108513822,231.879796899174,234.13301678653715,22211900
2021-02-09,234.7300567626953,235.6833342777157,232.42868792090806,232.90050739628313,23565000
2021-02-10,233.8152618408203,236.8002925186923,231.9568263867192,235.91441159341167,22186700
2021-02-11,235.42335510253906,236.0588685417286,233.1701203334614,235.70259429778093,15751100
2021-02-12,235.9048309326172,236.20333258578614,233.72863104808474,234.8841274799693,16561100
2021-02-16,234.6626434326172,237.00253712416128,233.91157007309272,235.94332356948152,26728500
2021-02-17,235.68565368652344,235.79181898578886,232.53932303148682,232.90607856108954,21653500
2021-02-18,235.28997802734375,235.4250961791194,232.46214287704817,233.36937106473076,16925600
2021-02-19,232.56825256347656,235.35748817187272,231.80578874693526,235.2513228832443,25262600
2021-02-22,226.33352661132812,229.63428250537643,224.29709366399373,229.14206955928293,36446900
2021-02-23,225.13673400878906,226.64234016890754,220.7550189256022,222.29923867928684,30228700
2021-02-24,226.37210083007812,226.99943181263805,221.0156061206642,221.99038580672047,26339700
2021-02-25,221.0059814453125,226.41072157821975,219.93468239989207,223.98824118126558,39542200
2021-02-26,224.2777862548828,227.1635267514781,221.53679520376923,223.45741667405005,37819200
2021-03-01,228.67881774902344,229.19033751355963,225.0209521949545,227.67507029375602,25324000
2021-03-02,225.71585083007812,229.0262676234659,225.31049637662178,228.74637055743898,22812500
2021-03-03,219.6258544921875,225.43596433825311,219.33631139454525,224.06547605130515,34029500
2021-03-04,218.8247528076172,224.38393217022352,216.44087146531615,218.8344135694477,44727800
2021-03-05,223.5249786376953,225.13675020592078,218.56419183505847,221.51749870418848,41872800
2021-03-08,219.4617919921875,225.23328846078326,219.2108624854744,223.30302070423056,35267400
2021-03-09,225.6289520263672,227.17317181530146,223.59251935901113,224.76033759932375,33080500
2021-03-10,224.31642150878906,228.73673658210345,223.9496659105621,228.73673658210345,29746800
2021-03-11,228.8621826171875,230.83104908863842,226.14049823339934,226.76784403921818,29907600
2021-03-12,227.5302734375,227.59783986643797,225.0981323508544,225.85093547083036,22653700
2021-03-15,226.62306213378906,226.9898176853591,223.72766077324133,226.76784103788017,26034900
2021-03-16,229.42193603515625,231.68999137163615,227.71364527957488,228.0417871999006,28092200
2021-03-17,228.7753448486328,230.23270653712504,225.09818685830342,227.9163762228781,29562100
2021-03-18,222.67568969726562,226.02470543487948,222.29928807360056,224.45153249985086,34833000
2021-03-19,222.31857299804688,224.36465190721847,221.35343921420778,222.96521086600634,46430700
2021-03-22,227.7619171142578,228.64017762727764,222.11587883190595,222.241350930954,30127000
2021-03-23,229.29649353027344,232.64550904639754,228.8042805862718,229.2096350213508,31638400
2021-03-24,227.25039672851562,229.70182994648408,227.11527859408858,229.5570657763023,25620100
2021-03-25,224.2391815185547,228.67880284889418,223.49603910258872,227.09598402035778,34061900
2021-03-26,228.23484802246094,228.45683941055526,223.47674522544813,223.47674522544813,25479900
2021-03-29,227.0380859375,228.54369234584786,223.79523570153017,228.3410077631364,25227500
2021-03-30,223.76629638671875,225.6965641503246,223.04244597536655,225.387714239296,24792000
2021-03-31,227.54959106445312,230.76348825734928,224.28743423812915,224.78930791758805,43623500
2021-04-01,233.9001922607422,234.37309841770448,229.7501137990221,230.15546824503565,30338000
2021-04-05,240.38584899902344,241.24481737176194,234.2379375390601,234.295843202674,36910600
2021-04-06,239.2180938720703,240.70439362829285,238.27226675447417,238.97681039219964,22931900
2021-04-07,241.18692016601562,242.1810067583357,238.5714159295599,239.1697941467853,22719800
2021-04-08,244.42015075683594,245.27911930566657,243.21373342832243,243.95689062618348,23625200
2021-04-09,246.9294891357422,247.0646072789531,243.63837933645223,244.05337980246674,24326800
2021-04-12,246.98736572265625,248.6860104393037,245.74233501767978,245.82920824197842,27148700
2021-04-13,249.47743225097656,250.15303770786932,247.87530657185542,248.29033650005647,23837500
2021-04-14,246.6785125732422,249.80553625655904,246.26351216164986,248.50262935753858,23070900
2021-04-15,250.45220947265625,250.86720991853863,248.74393332924026,248.93694240815205,25627500
2021-04-16,251.64898681640625,251.8999310387447,248.6184818891027,250.42327744872844,24878600
2021-04-19,249.7187042236328,252.36319080301237,248.83079764211058,251.11815998275338,23209300
2021-04-20,249.25546264648438,251.12782455999496,247.88495970173747,248.8308014215513,19722900
2021-04-21,251.49453735351562,251.59105661835648,248.2806549544807,249.91173333359447,24030400
2021-04-22,248.20347595214844,252.6527286978144,246.7268076678221,251.1374615407011,25606200
2021-04-23,252.044677734375,252.39214120685273,248.29995400030546,248.8887009148903,21462600
2021-04-26,252.43072509765625,253.28970828839704,251.09886523953986,252.5369051279203,19763300
2021-04-27,252.83607482910156,254.0135391131492,251.05057160566682,252.45965855098842,31014200
2021-04-28,245.68441772460938,247.59539294039277,244.13055197082204,247.15141025820972,46903100
2021-04-29,243.7059326171875,247.17077418111876,240.31831825190145,246.55308913291572,40589000
2021-04-30,243.38742065429688,244.25604986053563,240.89738855268695,241.03250668786558,30945100
2021-05-03,243.07858276367188,245.48177106227146,242.36437849908148,244.56488223382027,19626600
2021-05-04,239.15048217773438,242.4512525173685,237.19126187004235,242.21961511888318,32756100
2021-05-05,237.87652587890625,240.80088007806515,237.24919480748818,240.37621885511075,21901300
2021-05-06,241.02284240722656,241.14831450476535,236.15857488502473,237.85720494915813,26491100
2021-05-07,243.65771484375,245.43355771425828,242.41268384547064,243.35851095938432,27032900
2021-05-10,238.561767578125,242.9531293496134,238.50386190593224,242.1231136857128,29299900
2021-05-11,237.64491271972656,238.00202227189357,234.11253388792613,236.02349485946073,33641600
2021-05-12,230.66700744628906,235.85943266120447,229.7694399673375,233.7264802129871,36684400
2021-05-13,234.5564727783203,237.03687378235696,233.00260672790753,233.3693622947048,29624300
2021-05-14,239.49794006347656,240.49202667228946,236.93069541766891,237.0175539228803,23901100
2021-05-17,236.63148498535156,237.99232710284414,235.0293741579172,237.95372823274968,24970200
2021-05-18,234.60470581054688,237.81860285694455,234.4309740834804,237.6834847255692,20168000
2021-05-19,235.18511962890625,235.29153007323154,230.8126526239223,231.49947159665862,25739800
2021-05-20,238.43545532226562,239.85747908264446,235.90097082235815,235.99771295656814,21800700
2021-05-21,237.16824340820312,240.22511220660124,236.75228465160535,239.4899220792107,21863100
2021-05-24,242.5951385498047,242.96274098079692,239.43185940713963,239.7027196949933,21411500
2021-05-25,243.50445556640625,244.5008376209528,242.63383534269042,243.55282663678562,17704300
2021-05-26,243.28196716308594,244.6846396440741,242.5661136971185,243.22391302197101,17771600
2021-05-27,241.17311096191406,243.27228554099688,241.1150715812319,242.97240556695337,24426200
2021-05-28,241.53102111816406,243.85269958248085,241.41494236122048,242.807946487655,18270200
2021-06-01,239.32545471191406,243.08849390239283,238.8998276498886,243.03045451942475,23213300
2021-06-02,239.22872924804688,241.13443439495413,237.81637362110837,240.03164182736944,19406700
2021-06-03,237.69061279296875,238.30004104454875,235.06905429355336,237.21659992104807,25307700
2021-06-04,242.60476684570312,243.43669895283253,239.4318199163668,239.67366047354656,25281100
2021-06-07,245.52622985839844,245.7970901291009,241.6567805503314,241.82123037463091,23079200
2021-06-08,244.3267059326172,247.6544346436119,244.26865179491406,246.83217077509167,22455000
2021-06-09,245.31341552734375,247.1901008536791,244.94582787057382,245.52623642584226,17937600
2021-06-10,248.84429931640625,249.0571202295339,245.39082315479712,245.9905831313682,24563600
2021-06-11,249.4730987548828,250.05349256658252,248.23484656577125,249.56981137579473,18999700
2021-06-14,251.4077911376953,251.46583051139004,248.4186157846505,249.48272017164263,19150500
2021-06-15,249.92774963378906,251.50455515844905,249.26995024974664,251.291734237546,18038900
2021-06-16,248.9796600341797,252.0752010165431,246.11626174629367,250.93372083282563,27220000
2021-06-17,252.38479614257812,253.20705993013826,247.65441025956025,247.71244963077135,27565500
2021-06-18,250.96282958984375,253.73915505664723,250.3050302187907,251.15631388559288,37202200
2021-06-21,254.05841064453125,254.91934789306032,249.50214166924638,251.34012446100897,26696100
2021-06-22,256.84442138671875,257.11528170012457,253.83590872417147,254.14547180279524,24694100
2021-06-23,256.6122131347656,258.12129611653836,255.7996322616232,257.3087152433959,19518700
2021-06-24,257.9858703613281,259.10801424243357,256.8056871002997,257.47316949097063,21446900
2021-06-25,256.370361328125,258.52759001286825,256.11886718986153,257.5408910360892,25611100
2021-06-28,259.9495849609375,260.12370308073804,257.23129940057925,257.50215964967555,19590000
2021-06-29,262.54217529296875,262.78401591676874,259.2338120914586,260.0947493609752,19937800
2021-06-30,262.05841064453125,262.50338898467066,260.8008516096172,261.8552728512254,21656500
2021-07-01,262.7356262207031,262.9677837431567,260.80090147610525,260.8105550251696,16725300
2021-07-02,268.58819580078125,268.92677858460644,263.606284763688,263.9158478529888,26458000
2021-07-06,268.59783935546875,270.2520207431101,265.347486439139,268.95575870913115,31565600
2021-07-07,270.79376220703125,271.5289671123021,268.10449579016444,270.28106129192366,23260000
2021-07-08,268.3657531738281,269.63299585442684,265.89896076018266,267.8627057136082,24618600
2021-07-09,268.8686828613281,268.9750785451048,266.3341983320282,266.721137351801,23916700
2021-07-12,268.2689514160156,270.63897161455697,267.5530831558491,270.0488947130679,18931700
2021-07-13,271.8094177246094,273.61838015637227,268.33659127403666,268.46232355089677,26120100
2021-07-14,273.28955078125,274.4020115950531,271.3934992931169,273.13476926049077,23113700
2021-07-15,271.8577880859375,273.2894947180897,270.69694167916,272.79613056697673,22604200
2021-07-16,271.5870056152344,274.82767570052937,270.3390997989088,272.86393112396007,26186800
2021-07-19,267.9690856933594,271.21940940318876,265.4926401463771,269.8264050928163,32935600
2021-07-20,270.2037048339844,271.79984707977076,267.2435778991628,268.9557989233247,26259700
2021-07-21,272.2157897949219,272.33186856644005,268.239944262627,269.7973836497617,24364300
2021-07-22,276.80108642578125,277.07194671214313,274.1698595633128,274.5761352320771,23384100
2021-07-23,280.21588134765625,280.5254148814267,277.1493295288291,277.99093009923706,22768100
2021-07-26,279.6160583496094,280.23518438607294,277.2847412077284,279.56770204369064,23176100
2021-07-27,277.1879577636719,280.1287174339353,273.7151311998276,279.9836190162496,33604100
2021-07-28,276.87841796875,280.6801444381033,274.5664080744057,279.55800071148394,33566900
2021-07-29,277.14935302734375,279.20015678004756,276.74304779258154,276.89782933336903,18168300
2021-07-30,275.6111755371094,277.30405943374484,274.64381331046053,275.8626991629348,20944800
2021-08-02,275.5240783691406,277.41041673725846,274.4793107768015,277.0137947366064,16267400
2021-08-03,277.7490234375,277.8554486281384,274.7308581697871,276.1045254501184,17879000
2021-08-04,277.158935546875,278.20367366621304,275.3596266193683,276.8783922608802,16191300
2021-08-05,280.07073974609375,280.1771649568676,276.762377008068,277.51691846775424,13900200
2021-08-06,280.0126647949219,280.05136755042815,278.23272182181637,279.09368838290385,16589300
2021-08-09,278.9195861816406,282.0344942724014,278.4165683643245,280.2932537711432,16117600
2021-08-10,277.0912780761719,279.8095639589579,275.8917581909728,279.3742390862678,18616600
2021-08-11,277.5846252441406,279.2388065197493,276.5301743526626,277.8361193687977,13955900
2021-08-12,280.3512878417969,280.50606936455193,276.99453921603543,277.27508257112635,14561300
2021-08-13,283.2920837402344,283.34044005143994,279.85792951947155,280.0320771872381,18249000
2021-08-16,284.9849853515625,285.1978062726774,280.5544487724139,283.6210007464478,22507600
2021-08-17,283.51458740234375,283.8531701803325,281.579862409906,282.8471344397884,20075300
2021-08-18,281.7796325683594,285.74371478122373,281.33377277566484,283.0493007029757,21813000
2021-08-19,287.6337585449219,288.31222048376185,279.75406999784815,279.80251888858925,29850500
2021-08-20,294.99005126953125,296.42449908707897,288.88401298759806,290.49291228106995,40817600
2021-08-23,295.2710876464844,295.9979982657904,292.5572998323028,293.9141937393936,22830200
2021-08-24,293.30364990234375,296.2403682802,292.7027417213681,295.6297584904746,18175800
2021-08-25,292.7123718261719,295.2129312925075,291.17132489325707,294.9318509101062,20006100
2021-08-26,289.88226318359375,293.11943496903467,289.74658858009593,291.7237641949672,17666100
2021-08-27,290.492919921875,291.6075104848054,287.691876313099,289.7853828134745,22605700
2021-08-30,294.2437438964844,294.85435359254797,291.79163308303947,291.8497835704673,16348100
2021-08-31,292.5863952636719,295.1257318031816,292.21808912531776,295.0482076794564,26285300
2021-09-01,292.53790283203125,295.79447785628054,292.20837356031564,293.54589386073576,18983800
2021-09-02,291.87890625,294.02086175989047,290.93876711303125,292.8965991015238,16285600
2021-09-03,291.8692321777344,293.2842768886712,291.016318792049,291.72382635847964,14747900
2021-09-07,290.938720703125,291.8207092025225,289.01969545610433,291.7431850784096,17180400
2021-09-08,290.9677429199219,291.35542262597596,288.3121058764825,290.5509879753654,15046800
2021-09-09,288.0989685058594,292.83844092366724,287.85666491586284,291.55907086974764,19927000
2021-09-10,286.60638427734375,290.6867982308049,286.28655653709137,289.23297661895947,19633400
2021-09-13,287.8469543457031,289.34925430375523,285.02653709658307,288.3897120041516,23652900
2021-09-14,290.5607604980469,292.11150927882005,288.9227859804773,290.3378305630741,21853400
2021-09-15,295.43585205078125,295.9204591056859,292.5282097213536,293.9238804057243,28356300
2021-09-16,295.8235778808594,295.91080361496756,291.50089055931244,294.40853334187324,19550800
2021-09-17,290.63824462890625,295.12571090987916,290.30871536477906,294.8058832523074,41372500
2021-09-20,285.23974609375,289.5236861554289,280.6069030944692,287.20724986675253,38278700
2021-09-21,285.7243347167969,288.380001741491,285.0168272798009,286.58694955344197,22364100
2021-09-22,289.38800048828125,290.9775261806469,285.4433206601765,287.5949776473581,26626300
2021-09-23,290.33782958984375,291.6365731856919,288.37032576939185,289.6496957275967,18604600
2021-09-24,290.1343688964844,290.57049767825333,287.78885677267994,289.0488533799757,14999000
2021-09-27,285.11383056640625,287.34301199203236,283.92168613310923,287.0231842347506,23571700
2021-09-28,274.7916259765625,281.82813121572434,274.0453416183165,280.8782905595334,43186200
2021-09-29,275.2569274902344,277.9416410996887,274.2974145671379,276.3230693926084,26353700
2021-09-30,273.2408752441406,278.9689050319053,272.95009324265595,276.914175698253,32343600
2021-10-01,280.1998596191406,281.05277293433414,272.6302983139076,273.43473316733105,30086300
2021-10-04,274.3942565917969,278.8914253103499,271.6223177870567,278.5521943769814,31350700
2021-10-05,279.8702697753906,281.4597655005899,275.3052501204694,275.3052501204694,24993000
2021-10-06,284.08642578125,284.5904362119832,276.7204198171607,276.98209706368044,28002600
2021-10-07,285.7727966308594,287.5076982326449,284.8714345745503,286.09262428442867,20430500
2021-10-08,285.7727966308594,287.5076982326449,284.7163567619484,287.1006152773065,17685700
2021-10-11,285.1719665527344,288.7968189817896,283.73751857757367,283.9022980416564,19298600
2021-10-12,283.8634948730469,286.34468116686594,283.34981246639074,286.2477538192174,17974100
2021-10-13,287.1878662109375,288.1280051974415,284.4546749827831,285.8309722041459,23416300
2021-10-14,293.4296569824219,293.93363781781864,288.66110916260686,289.9986297551675,27262900
2021-10-15,294.8447265625,295.0773581491236,291.2683227907257,293.0323002304024,25384800
2021-10-18,297.8298645019531,298.72152507618847,293.3714728965588,294.2243861957909,22729300
2021-10-19,298.740966796875,299.7780037312189,297.76205078252724,298.85726779302,17682100
2021-10-20,297.9461669921875,300.1656759873755,296.6861706744592,299.6907408744911,16537100
2021-10-21,301.1929931640625,301.4449687253287,296.9284273202593,297.7135179791029,16918100
2021-10-22,299.6423034667969,301.51288001031764,298.32415660771585,300.8441197616063,17449300
2021-10-25,298.6439514160156,299.87484269984935,297.0253508218733,299.83606585320496,17554500
2021-10-26,300.5630187988281,302.7825277274314,299.0995253850251,301.42563368433815,28107300
2021-10-27,313.22100830078125,316.0607991913037,306.2717285345529,306.2717285345529,52588700
2021-10-28,314.3646545410156,314.8686353135515,311.4666837592354,314.3452513256401,26297900
2021-10-29,321.41082763671875,321.77913378740067,313.92849237878045,314.15142230631733,34766000
2021-11-01,319.2300720214844,321.284801365316,316.3224294606503,321.15879878852206,27073200
2021-11-02,322.8743591308594,323.18451480044746,319.8407136897348,320.1411677515006,26487100
2021-11-03,323.7175598144531,324.58984672468614,320.47068615818483,323.62063247374465,21500100
2021-11-04,326.08245849609375,326.1793858408279,319.3658105568457,322.6417595935785,23992200
2021-11-05,325.7141418457031,328.36010742357934,324.12464583991834,328.08872861390523,22570100
2021-11-08,326.6155700683594,327.25525515870027,324.1440850367458,326.91602418347856,20897000
2021-11-09,325.6075744628906,328.292287578706,324.23127706414436,326.73183708622446,21307400
2021-11-10,320.6160888671875,324.32819631868085,319.7632051014801,324.2700458250661,25500900
2021-11-11,322.1958923339844,323.4946359050316,320.335017501288,321.0522265953406,16849800
2021-11-12,326.3538818359375,326.8481906568645,323.5140906740655,323.64009328160193,23831000
2021-11-15,325.72381591796875,327.47809121400434,323.7466107128754,327.1485619428337,16723000
2021-11-16,329.0579833984375,330.1822756278537,325.18112588103355,325.3458757618009,20886800
2021-11-17,329.28131103515625,332.2622500867063,328.1938096614522,329.1065403784231,19053400
2021-11-18,331.3688659667969,332.5146536422035,327.33927410253233,328.36851839657044,22463500
2021-11-19,333.155517578125,335.08780291493565,332.27194500113376,332.6991818854003,21963400
2021-11-22,329.97064208984375,339.5251843844504,329.6987667973751,334.62168013132515,31031100
2021-11-23,327.8830261230469,329.60169282759273,323.88256267855536,327.2712993049668,30427600
2021-11-24,328.10638427734375,328.34913114834603,324.22243434130775,326.5236699372593,21661300
2021-11-26,320.11517333984375,328.1258207516535,318.600435108913,324.64969830687374,24217200
2021-11-29,326.863525390625,329.1938894536679,325.02834480045965,325.2225541524577,28563500
2021-11-30,320.9986877441406,327.9800887972131,319.4451021387063,325.591468337764,42885600
2021-12-01,320.5035400390625,329.4366368662176,319.83358592760334,325.4070446792567,33337600
2021-12-02,319.9306640625,323.8146140888413,318.2896928057958,320.71716157225916,30766000
2021-12-03,313.6386413574219,323.04751138803783,308.803113564242,322.35808901688773,41779300
2021-12-06,316.7263488769531,317.9498023538493,309.96828558475374,314.5513468132983,30032600
2021-12-07,325.2030944824219,326.05753845461277,320.5229283698581,322.018257177511,31021900
2021-12-08,325.251708984375,325.7663312135231,321.2026777609349,325.58184120381065,24761000
2021-12-09,323.43597412109375,326.7276066624598,322.4843956095224,324.70796550114903,22214200
2021-12-10,332.60198974609375,333.0486355959467,325.0768383587218,325.2613283116963,38095700
2021-12-13,329.5530700683594,333.8157183625691,329.2423470334827,330.7959325756866,28899400
2021-12-14,318.81402587890625,324.931264787045,314.7067381676782,323.552449526195,44438700
2021-12-15,324.9410095214844,325.4653511468765,315.0854908496964,319.07623584779236,35381100
2021-12-16,315.4738464355469,326.9897740911703,313.64838511563244,325.97021939286674,35034800
2021-12-17,314.4057312011719,315.49326205953525,308.0457751201241,311.57046438037884,47750300
2021-12-20,310.62860107421875,313.4347394175627,308.3564939796076,310.76452390952767,28326500
2021-12-21,317.7944641113281,318.22170092401313,310.52174857188334,313.9105146375976,24740600
2021-12-22,323.53302001953125,323.9310987851907,316.29915189162267,318.7751579583917,24831500
2021-12-23,324.9798278808594,326.6305185809292,323.0767005658128,323.0961096493684,19617800
2021-12-27,332.5146789550781,332.5438073945915,325.69832778706945,325.7274562265829,19947000
2021-12-28,331.3494873046875,333.8352129560905,330.4464760334282,333.1943576445619,15661500
2021-12-29,332.0292053222656,334.3110023641477,329.82504461420683,331.3980397075951,15042000
2021-12-30,329.4754333496094,333.17489276721807,328.98993967661943,331.99028701983536,15994500
2021-12-31,326.5625305175781,329.51431124934464,326.1061651969411,328.6889955613775,18000800
2022-01-03,325.0380859375,328.19379550970876,320.2122765756348,325.6206844003455,28865100
2022-01-04,319.4645690917969,325.47498337685073,316.6584013250783,325.1156931532872,32674300
2022-01-05,307.2010192871094,316.6098902048438,306.8126302270797,316.4059615017749,40054300
2022-01-06,304.77349853515625,309.45366443395466,302.4528246641764,304.06466713840837,39646100
2022-01-07,304.9289245605469,307.31754552734895,301.0935120604903,305.0357189627148,32720000
2022-01-10,305.1522216796875,305.5891778942772,295.8501747506654,300.5109027560878,44289500
2022-01-11,305.84161376953125,307.4242982983215,300.89929159109613,304.28802804449435,29386800
2022-01-12,309.03619384765625,314.0270840292815,307.88071630388504,310.3956001101081,34372200
2022-01-13,295.9570007324219,311.57049751795563,295.1802225260185,311.1723890567124,45366000
2022-01-14,301.20037841796875,301.8023860148915,294.93749627384517,295.4229900948721,39846400
2022-01-18,293.8693542480469,300.8119087883123,292.9857520873315,295.2481695047707,42333200
2022-01-19,294.5296630859375,304.8027287466342,293.91796577357485,297.4038077894837,45933900
2022-01-20,292.84979248046875,302.608203554877,292.4031465937436,300.1030692146905,35380700
2022-01-21,287.4414367675781,295.2870029567207,287.0336089676001,293.9082172607986,57984400
2022-01-24,287.7715148925781,288.4900360460694,268.04104491701077,283.7225142551913,85731500
2022-01-25,280.1202087402344,286.4316282641225,276.896552365421,283.06230004069766,72848600
2022-01-26,288.1016540527344,299.5496034339811,284.5284276453755,299.05439039333135,90428900
2022-01-27,291.1408386230469,298.3843958364904,289.28624925954864,293.87903001620236,53481300
2022-01-28,299.316650390625,299.53026885029084,285.9073138559126,291.51962106110744,49743700
2022-01-31,301.9576721191406,303.31704855180146,297.4814047993765,299.9865688837364,46444500
2022-02-01,299.8021240234375,301.6178659923273,296.27743449220986,301.4042475470351,40950400
2022-02-02,304.3656921386719,305.9775347257443,299.91858303048053,300.64682355662984,36636000
2022-02-03,292.50994873046875,302.20041346720024,291.2573667110929,300.510875273196,43730000
2022-02-04,297.06390380859375,299.8409137013529,291.26710752758504,291.5001350340584,35096500
2022-02-07,292.2187194824219,298.908808395224,291.1991647600581,297.2872757560172,28533300
2022-02-08,295.7239685058594,296.6949560645553,291.24773008372165,292.5100020571509,32421200
2022-02-09,302.1809997558594,302.8801119137957,298.47185017143323,300.8798801126251,31284700
2022-02-10,293.6072082519531,300.151654592336,291.9759563455613,295.2190510757167,45386200
2022-02-11,286.4801025390625,295.4617351032537,285.6838858378648,294.393643142157,39175600
2022-02-14,286.44140625,288.1503542916249,282.8973066414817,285.2470805665194,36359500
2022-02-15,291.75262451171875,292.07303735866185,288.40270567819266,291.3059785446445,27058300
2022-02-16,291.41204833984375,292.7450469485756,285.7492094226368,290.3125590659392,29982100
2022-02-17,282.8788757324219,288.78493341445846,282.1685786207332,288.35681319555755,32461600
2022-02-18,280.15447998046875,285.9243339610583,278.5782326246137,285.1362102831308,34264000
2022-02-22,279.9501953125,283.667044304482,276.8171494108671,277.30364703724825,41736100
2022-02-23,272.70135498046875,283.8227127228963,272.5359624242188,282.34374100984417,37811200
2022-02-24,286.63470458984375,287.1893190812472,264.18769411268437,265.1509797276121,56989700
2022-02-25,289.28118896484375,289.59255454281833,283.77403278992335,287.16980609363816,32546700
2022-02-28,290.72125244140625,291.0618067098429,285.08760175802655,286.3622231310244,34627500
2022-03-01,286.9849853515625,291.8694112336757,284.2605806030305,288.39581076836447,31217800
2022-03-02,292.08343505859375,293.3288677421849,285.76870563477496,287.3838515564128,31873000
2022-03-03,287.9287109375,294.94399699904244,286.1091852345869,294.7104876867767,27314500
2022-03-04,282.03240966796875,287.6758003493623,279.41507957083144,286.34280150971523,32356500
2022-03-07,271.3780822753906,281.86696885975545,271.0083393654953,280.7382909166113,43157200
2022-03-08,268.40069580078125,276.2916715598199,262.70866870677713,270.2980183698139,48159500
2022-03-09,280.7091064453125,281.7794070706236,273.1975825478418,275.78575326233744,35204500
2022-03-10,277.87762451171875,278.8603589141992,273.00291030497436,275.37702036105134,30628000
2022-03-11,272.5068359375,281.6919151294033,271.88410461233724,280.1837544038482,27209300
2022-03-14,268.97479248046875,277.69282106161535,268.3715402141121,272.7694677796933,30660700
2022-03-15,279.3955993652344,280.04751929281093,271.2029954236296,272.77924308637034,34245100
2022-03-16,286.4400939941406,286.6152260176592,275.5522744635128,281.3026504232545,37826300
2022-03-17,287.2475891113281,287.6270417260488,281.5555623429075,285.3697158614523,30816600
2022-03-18,292.31695556640625,292.87156998483414,284.8249099642647,287.3936019813405,43390600
2022-03-21,291.0812072753906,292.0347531289524,286.9362387956348,290.8185092974234,28351200
2022-03-22,295.84893798828125,296.76355591312955,290.70178472073417,291.70396865624343,27599700
2022-03-23,291.4023132324219,295.04133535066865,289.6801224754743,292.39478730715103,25715400
2022-03-24,295.8878173828125,295.9851228320078,290.26390686339175,291.0617699759575,24484500
2022-03-25,295.4791564941406,297.25001477240545,291.2077232772877,296.9873167746891,22566500
2022-03-28,302.3096618652344,302.40693764377346,296.11165665100964,296.11165665100964,29578200
2022-03-29,306.8924560546875,307.2913876972963,300.7041904069108,305.43296308129663,30393400
2022-03-30,305.38427734375,307.4178635626859,303.1658493438242,305.2870015727423,28163600
2022-03-31,299.984130859375,306.6297043298301,299.5754895267012,305.42317015815905,33422100
2022-04-01,301.06414794921875,301.75496613549694,297.28892232259466,301.0154803795944,27110500
2022-04-04,306.46429443359375,306.6004983188192,301.3463302614867,301.7160731825303,24289600
2022-04-05,302.4847717285156,306.3670133210519,301.5020370122259,304.8102149635358,23156700
2022-04-06,291.41204833984375,298.709511987753,288.69738354865393,296.9483931362007,40110400
2022-04-07,293.2315368652344,295.4499645685102,288.3471120141366,288.64873812822793,31411200
2022-04-08,288.950439453125,292.9883643451607,288.27907026482814,292.3267346125808,24361900
2022-04-11,277.556640625,284.7081321151136,277.30365235252583,283.9102985595844,34569300
2022-04-12,274.4430236816406,282.888614889522,272.9154140915164,281.42912208981386,30966700
2022-04-13,279.8529052734375,280.7869724534047,273.7035678106113,275.09497366578125,21907200
2022-04-14,272.2732238769531,280.5242335633767,271.7770165344988,280.31017343940124,28221600
2022-04-18,272.944580078125,274.83219298436376,270.82345784524375,271.37807218947415,20778000
2022-04-19,277.5955505371094,278.4420814007539,270.89162828042225,271.8354349204637,22297700
2022-04-20,278.62689208984375,281.8767221982416,277.66363634073986,281.58480582125515,22906700
2022-04-21,273.22674560546875,285.3794446334665,272.4969992966275,280.7869066754208,29454600
2022-04-22,266.6299133300781,275.5522937131166,265.997472294218,274.07332178419426,29405800
2022-04-25,273.1392517089844,273.5187044491458,263.4579362455127,265.9099034942464,35678900
2022-04-26,262.9227600097656,270.84292537299956,262.70869988138327,270.00616376697724,46518400
2022-04-27,275.57171630859375,283.11242950747317,271.6213579631091,274.4819663779026,63477700
2022-04-28,281.8086242675781,283.12217381828333,273.8592398616046,277.4885229014795,33646600
2022-04-29,270.0256652832031,282.05190353666177,269.03322069217677,280.816180408871,37073900
2022-05-02,276.7879333496094,277.2452422608899,268.7607233087072,270.21047658994615,35151100
2022-05-03,274.1706237792969,276.45716875082513,272.58463663535474,276.29174647907155,25978600
2022-05-04,282.149169921875,283.0248596977465,269.2569830130294,274.9587208572136,33599300
2022-05-05,269.8602600097656,278.617217956907,266.9315345722031,277.82909411714115,43260400
2022-05-06,267.31103515625,271.70896364539357,263.94444971531635,267.3888617226093,37780300
2022-05-09,257.43505859375,265.0049601103205,256.20910482547714,262.7670830134219,47726000
2022-05-10,262.2222595214844,266.3574899592072,257.91189703871265,264.35312181663505,39336400
2022-05-11,253.5138702392578,264.03194526036896,252.29762632198359,258.50534002670406,48975900
2022-05-12,248.45436096191406,252.86202857486174,243.26829412342852,250.7311664480598,51033800
2022-05-13,254.06846618652344,255.93662977324178,248.45429536073587,250.4002854874016,34925100
2022-05-16,254.4381866455078,258.64153207521923,248.87265418582982,252.93976606581944,32550900
2022-05-17,259.6145935058594,261.083796106576,255.37231887699087,258.9237455156358,28828800
2022-05-18,247.79441833496094,257.07891103112115,246.5168282817784,256.4937482385101,31356000
2022-05-19,246.877685546875,251.29563365430175,245.64886146376114,247.61887889967733,32692300
2022-05-20,246.31202697753906,252.14410110498955,240.34343172500954,250.87624337504786,39199300
2022-05-23,254.2018585205078,255.03083659964506,247.16047056040694,249.16952139108813,33175400
2022-05-24,253.1973114013672,254.86499974235826,247.22871753877996,251.5101285506524,29043900
2022-05-25,256.0256042480469,258.0346402901023,250.76896093804433,251.7539844462051,28547900
2022-05-26,259.322021484375,260.50207954120907,254.962601479869,255.78181755125436,25002100
2022-05-27,266.4804382324219,266.5779703332974,260.9409601490681,261.83821380945676,26910800
2022-05-31,265.14434814453125,267.9726006369589,262.27707685726034,265.7880243276553,37827700
2022-06-01,265.68072509765625,270.8203419884705,263.35959819128334,268.3919506135823,25292200
2022-06-02,267.7872619628906,267.8555374038793,255.12838804622388,257.9078889871532,44008200
2022-06-03,263.3401184082031,266.6852882127853,261.76996156661284,263.62295259702773,28059000
2022-06-06,262.1014709472656,267.39713259398246,260.6093223682843,265.32958342703967,22400300
2022-06-07,265.7587585449219,266.37317805146677,259.3610454908683,260.0437404453891,22860700
2022-06-08,263.72039794921875,266.2463210129565,262.9401710923466,264.98822566804546,17372300
2022-06-09,258.239501953125,265.9635563970034,258.08345654098554,261.1555243257694,26439700
2022-06-10,246.73138427734375,254.13359977054108,246.28275749041563,254.13359977054108,31422800
2022-06-13,236.26681518554688,242.85959159998848,235.55487854905925,239.04631605488257,46135800
2022-06-14,238.44166564941406,239.66074240251308,235.53537595548423,237.8272462038336,28651500
2022-06-15,245.53179931640625,248.98423293014517,240.3239071262525,242.16715053653422,33111700
2022-06-16,238.90982055664062,241.29920835250186,237.00806353060048,239.89482935440756,33169200
2022-06-17,241.52346801757812,244.30296882499619,237.99302668320328,238.64645000368492,43084800
2022-06-21,247.4628448486328,248.4478535525514,243.33747821445448,244.06892429949633,29928300
2022-06-22,246.86790466308594,250.80796876085086,244.17617387437548,245.6585752593677,25939900
2022-06-23,252.45616149902344,252.95355435633138,247.35556322748175,249.24757279779442,25861400
2022-06-24,261.0775451660156,261.35061722658685,255.24547001777495,255.333239991249,33923200
2022-06-27,258.3369445800781,261.662558965458,256.7667586260653,261.5747890320201,24615100
2022-06-28,250.1350555419922,260.3070248398186,249.97901014588223,257.4495160699315,27295500
2022-06-29,253.821533203125,255.489221809158,249.43284216506697,251.2175722545691,20069800
2022-06-30,250.4763946533203,253.10961257371625,246.64362415178596,250.6909533710016,31730900
2022-07-01,253.1583709716797,253.34367304054183,248.31133493286703,250.0473141203962,22837700
2022-07-05,256.3473815917969,256.4741702945904,248.43801361425628,249.82288256621254,22941000
2022-07-06,259.6243591308594,261.36032343408743,255.90861514607,257.2252241415935,23824400
2022-07-07,261.7601013183594,262.403777284801,258.4637136853448,258.5612457583105,20859900
2022-07-08,261.0384521484375,261.4675695162726,256.7765648822066,258.2394568827498,19658800
2022-07-11,257.9664306640625,259.936448193075,255.69405468636,259.0782133051506,19455200
2022-07-12,247.39456176757812,259.36102351623987,245.80488089647312,259.3025102122522,35868500
2022-07-13,246.4680938720703,247.27756272385196,241.97213764504355,244.00068340348852,29497400
2022-07-14,247.79441833496094,248.8281930381069,239.85579113302134,244.37125617771787,25102800
2022-07-15,250.36911010742188,253.92880829772642,248.46735333614538,249.39384869842797,29774100
2022-07-18,247.960205078125,254.38717398041587,247.03370974632665,253.3241426511031,20975000
2022-07-19,253.10958862304688,253.2948906690836,247.40430351046794,251.20781699798198,25012600
2022-07-20,255.78179931640625,258.31748493522934,252.50493526447454,253.47043453645153,22788300
2022-07-21,258.2881774902344,258.336958408717,250.67138975610862,253.36312024272672,22404700
2022-07-22,253.91905212402344,258.7661026310825,252.66098630595368,258.6783326737253,21881300
2022-07-25,252.42691040039062,255.03087159212205,250.45689296726155,254.5432408625004,21056000
2022-07-26,245.6683349609375,253.45093146543303,243.39598904764202,253.4314071898155,39348000
2022-07-27,262.09173583984375,263.3693258768842,252.44641619082233,254.69926761568703,45994000
2022-07-28,269.5719909667969,270.9666075420693,261.2432507771247,263.0767468611036,33459300
2022-07-29,273.79486083984375,275.02369966023457,269.78655099255263,270.83008777613486,32152800
2022-08-01,271.1324462890625,274.3215405283766,269.0161158388109,270.9471442318351,21539600
2022-08-02,268.0213317871094,271.01539127951946,265.6416917082196,269.1721330389586,22754200
2022-08-03,275.48211669921875,276.486634852269,269.76706884087804,269.9133818757628,23518900
2022-08-04,276.63287353515625,276.7791567838432,273.2389831151626,274.82863410104625,18098700
2022-08-05,275.9112243652344,276.6329083245919,271.78585765777035,272.24423173637746,16774600
2022-08-08,273.38531494140625,278.8467853762037,272.41005342671457,277.02302134312987,18739200
2022-08-09,275.3163146972656,276.07701749099675,270.74233579565794,272.72214524982263,23405200
2022-08-10,282.006591796875,282.64050575840105,279.84151028454056,281.04109252874485,24687800
2022-08-11,279.9195556640625,284.0059038855235,279.4221925187229,283.654824018225,20065900
2022-08-12,284.6885070800781,284.6885070800781,279.84145761292143,281.3433682293587,22619700
2022-08-15,286.2099609375,286.9023881899572,282.93306719484826,283.80106411686256,18085700
2022-08-16,285.4687194824219,286.7658336452833,283.23539259166887,284.76653017389106,18102900
2022-08-17,284.7161865234375,286.70016804395624,282.9081174942072,283.17198623113995,18253400
2022-08-18,283.59228515625,285.29283236609757,282.52696760957303,283.6118210483233,17186200
2022-08-19,279.66339111328125,282.6931246022663,279.0867691313895,282.3510526263538,20570000
2022-08-22,271.453857421875,276.0570810002909,270.93587285636994,275.6856902126092,25061100
2022-08-23,270.1734924316406,272.53861769819963,269.15705943258564,270.1734924316406,17527400
2022-08-24,269.53826904296875,270.94562882196186,268.87366093981734,269.1668782921524,18137000
2022-08-25,272.52880859375,272.6949381937938,268.29694783399935,271.04324609483075,16583400
2022-08-26,262.0128173828125,273.98512913178996,261.905325226345,272.7536818076415,27549300
2022-08-29,259.2176208496094,261.3384133088157,257.86889873044487,259.82356155223977,20338500
2022-08-30,257.0088195800781,260.9963182604333,254.75118660669278,260.6249574108069,22767100
2022-08-31,255.5428924560547,261.05502712342525,255.406051716846,259.3740454185862,24791800
2022-09-01,254.4971160888672,254.97602880437722,249.6202414585825,253.0018000901067,23263400
2022-09-02,250.2554931640625,258.73872314316543,248.70153970994355,255.7676569567466,22855400
2022-09-06,247.50921630859375,251.98538170723285,246.22891435758206,250.39235632621703,21328200
2022-09-07,252.23947143554688,252.96268716740286,247.47987202571602,248.9263184023225,24126700
2022-09-08,252.65975952148438,254.5264664937185,249.01431675656787,251.67267486738547,20319900
2022-09-09,258.4651184082031,259.2176828631368,254.3896621522167,254.59489344638277,22084700
2022-09-12,260.6054382324219,261.3873213270638,259.149223843225,259.7551646004535,18747700
2022-09-13,246.2777862548828,254.49713337678742,245.88684468142785,252.97249852255345,33353300
2022-09-14,246.5025634765625,248.4669945133989,244.19606043381268,247.782865414468,23913000
2022-09-15,239.81759643554688,245.7011210386076,238.48842506446817,244.1080809128041,31530900
2022-09-16,239.19212341308594,239.739426682432,236.57286716463537,238.72299354259306,39791800
2022-09-19,238.97711181640625,239.58305259776108,235.3903068619585,236.9735791811867,26826900
2022-09-20,236.9540252685547,237.98999429905646,234.20772606919547,236.58264942980037,26660300
2022-09-21,233.53335571289062,242.04591952184435,233.4844861559874,238.73276637917772,28625600
2022-09-22,235.517333984375,238.33205339630862,232.18464499812544,232.47783250945622,31061200
2022-09-23,232.5267333984375,235.6639744084705,229.86839024293386,234.1100058245475,34176000
2022-09-26,232.06736755371094,235.9766936524482,231.52983223255546,231.67644090899546,27694200
2022-09-27,231.05093383789062,236.31874980621944,229.1842271718102,234.53999939236823,27018700
2022-09-28,235.6053009033203,236.83673316739439,229.40900814775864,231.44185936274204,29029700
2022-09-29,232.11622619628906,234.51068533657707,229.09627550613527,233.47471635519574,27484200
2022-09-30,227.6204833984375,235.08729490470347,227.45433884538363,232.88829919380572,35694800
2022-10-03,235.28277587890625,236.13304945829597,229.34059894313313,230.07359752202612,28880400
2022-10-04,243.23826599121094,244.6847124207283,239.42666423266377,239.53417129307422,34888400
2022-10-05,243.55099487304688,244.8997170490285,238.56661341523102,240.4137692631259,20347100
2022-10-06,241.1956329345703,244.66516272217248,240.50173592478694,242.3097902416394,20239900
2022-10-07,228.9301300048828,235.84963863538212,227.88437816875282,235.43914629265618,37769600
2022-10-10,224.0532684326172,229.24289682246297,221.5903886345407,227.76713148081896,29743600
2022-10-11,220.30027770996094,223.8675314075409,219.02974388859892,222.46017178467181,30474000
2022-10-12,220.6326141357422,222.6947844590639,218.88319709031623,220.29054210215585,21903900
2022-10-13,228.9301300048828,230.74796714436056,214.16265082548793,214.86633068031122,42551800
2022-10-14,223.37889099121094,231.86213638380053,223.16387686265688,230.20066086081096,30198600
2022-10-17,232.1455535888672,233.543145410167,229.80973186429202,230.4743250492662,28142300
2022-10-18,233.0935516357422,238.40045426951124,230.03449941447604,237.7261080934971,26329600
2022-10-19,231.11936950683594,234.1784221461231,228.97901094534726,231.6666728094657,19985700
2022-10-20,230.79684448242188,235.83987896691403,229.54586126481243,230.42546862628225,21811000
2022-10-21,236.6315155029297,237.49157205864338,229.18425369445214,229.41881864043668,26299700
2022-10-24,241.64520263671875,242.22182461699984,235.83008345271128,238.23431048465042,24911200
2022-10-25,244.97792053222656,245.349296366253,240.25740753672832,241.654984441584,34775500
2022-10-26,226.07632446289062,232.89809399809977,224.84487725737247,225.9297157935745,82543200
2022-10-27,221.6099090576172,228.39259179146362,220.6618963462355,225.80265446885284,40424600
2022-10-28,230.52317810058594,231.23664083896048,220.92579044336952,221.11148581601782,40647700
2022-10-31,226.8679656982422,229.59471401953846,225.91017009167064,228.46100590128756,28357300
2022-11-01,222.99769592285156,230.39610151941017,222.1767411547556,229.28194435902475,30592300
2022-11-02,215.1106719970703,226.0567819611401,215.05201957945258,224.2584955561427,38407000
2022-11-03,209.39328002929688,215.41364582533683,209.12939634093038,215.10089257795497,36633900
2022-11-04,216.3714141845703,216.5668774965675,208.5918490987652,212.6184649078027,36789100
2022-11-07,222.7045135498047,223.23228088594615,216.2639028499617,216.95781474366044,33498000
2022-11-08,223.68185424804688,226.39883460819428,220.72054101441213,223.5157096836229,28192500
2022-11-09,219.42068481445312,223.44730064563345,219.2447723065567,222.21585343877905,27852900
2022-11-10,237.4720001220703,237.81407210708258,229.67289904500376,230.09314442549228,46268000
2022-11-11,241.5083770751953,242.36843352997803,236.4457923703078,237.48177624215725,34620200
2022-11-14,236.07443237304688,238.38093536393862,233.7874801882267,236.50446062924806,31123300
2022-11-15,236.48489379882812,241.40086983358165,234.58886838654172,240.09124926054272,31390100
2022-11-16,236.9161376953125,238.94492249208088,235.63222768224927,237.95502625687746,24093300
2022-11-17,236.86712646484375,238.40586833296084,232.89779098068917,233.04479786716809,23123500
2022-11-18,236.41632080078125,238.8861414436904,234.26993029783006,238.66071092028326,27613500
2022-11-21,237.22976684570312,239.79758681244928,236.38689247384355,236.6221034906922,26394700
2022-11-22,240.15040588378906,240.42482869254758,235.9164432951424,238.73908003593303,19665700
2022-11-23,242.6496124267578,243.33566940605613,239.4055312457812,240.22879962093913,19508500
2022-11-25,242.56141662597656,243.74731195481718,241.81654191868392,242.38499342243637,9200800
2022-11-28,236.94554138183594,241.73816042164293,236.00466737367165,241.1795192833434,24778200
2022-11-29,235.54403686523438,237.95503970952518,233.46625962463852,236.5927209603739,17956300
2022-11-30,250.05911254882812,250.24533126009965,235.08340139558442,235.77926895534793,47594200
2022-12-01,249.61805725097656,251.0195727804044,245.92312956124096,248.81437970870576,26041500
2022-12-02,249.9414825439453,250.96076518615746,244.71762348466754,244.84503942303994,21528500
2022-12-05,245.21746826171875,248.76538908628117,243.1200852129101,246.9914211965386,23435300
2022-12-06,240.2386016845703,246.84438467771187,238.92529043746708,245.82510213120872,22463700
2022-12-07,239.5035400390625,241.25790183378027,237.38656627233448,239.95438604558672,20481500
2022-12-08,242.47320556640625,243.78653182088883,238.21963705324325,239.96418847025336,22611800
2022-12-09,240.5326385498047,243.36508571705198,239.29773591127204,239.8269756263799,20609700
2022-12-12,247.48143005371094,247.51083142776253,242.24777610364137,242.52219889806983,30665100
2022-12-13,251.8036651611328,258.6642659863142,248.03032872531384,256.4786638130333,42196900
2022-12-14,252.09768676757812,257.3607430640229,249.24563331830728,252.00948262912812,35410900
2022-12-15,244.05113220214844,249.13777932434795,242.41439089498203,248.66734238068187,35560400
2022-12-16,239.8171844482422,244.8646200764153,238.66067548722324,243.60031603967155,86102000
2022-12-19,235.66162109375,240.32683894372457,233.95628142011975,239.98380294125394,29696400
2022-12-20,236.98472595214844,238.07262168056403,233.6720314907725,234.6325112922364,25150800
2022-12-21,239.56234741210938,240.7286518216814,235.32838484202188,236.87692208746932,23690600
2022-12-22,233.44662475585938,237.17095355808544,229.21264718155905,236.45548020048759,28651700
2022-12-23,233.97586059570312,234.11307199880326,229.2812565600642,231.40804078557704,21207000
2022-12-27,232.2411346435547,234.17188988521556,231.13363291878463,233.94647434160723,16688600
2022-12-28,229.85951232910156,234.94615982143847,229.5066808569475,232.17251532323996,17457100
2022-12-29,236.21044921875,237.1023307951029,230.95718926754077,230.95718926754077,19770700
2022-12-30,235.04417419433594,235.18138560256986,231.9470996028593,233.46623552218477,21938500
2023-01-03,234.8089141845703,240.8560406538007,232.67231976050326,238.23921384800184,25740000
2023-01-04,224.5376739501953,228.23258683276063,221.46020498304858,227.65433977112923,50623400
2023-01-05,217.8828887939453,223.01854417015397,217.34383857093007,222.67550813143782,39585600
2023-01-06,220.45065307617188,221.2641259418122,214.98178843353912,218.55909499293537,43613600
2023-01-09,222.59706115722656,226.63502444247789,221.90120867948417,221.94040552762866,27369800
2023-01-10,224.29263305664062,226.70363566114452,222.8028985080936,223.22432820821962,27033900
2023-01-11,231.0748291015625,231.2512373640301,226.5076257664419,226.6840340289095,28669300
2023-01-12,233.76025390625,235.1225725416833,228.9088322882637,230.57497512258234,27269500
2023-01-13,234.46592712402344,234.60313854097345,230.2417596219311,232.28033992727597,21333300
2023-01-17,235.5635986328125,236.11244421957366,232.36850975214904,233.23098993415692,29831300
2023-01-18,231.11402893066406,237.55319978230224,230.82981063027438,236.75933268112436,30028700
2023-01-19,227.31129455566406,230.82981397653035,226.08618729413027,229.12445928470314,28623000
2023-01-20,235.43621826171875,235.9458670784951,229.8399216164332,230.18295763742017,35389800
2023-01-23,237.7492218017578,240.2876405055047,234.8775625509585,236.29869896460573,31934000
2023-01-24,237.21994018554688,239.09190749280148,235.65181201246943,237.6707861951959,40234400
2023-01-25,235.81845092773438,238.45488418950694,226.30181098777524,229.81052003551318,66526600
2023-01-26,243.06129455566406,243.3651187810709,237.18077936480123,238.7979150603191,33454500
2023-01-27,243.21807861328125,244.85481998958946,241.9145627963581,244.03155156466582,26498900
2023-01-30,237.87661743164062,240.7090646327135,237.37676413120786,239.64075980634883,25867400
2023-01-31,242.87506103515625,243.01227244971068,238.11184342287675,238.60188632556014,26541100
2023-02-01,247.7166748046875,250.09827601317127,240.58165169810152,243.0612674641444,31259900
2023-02-02,259.3307189941406,259.4189231304734,252.12708209516663,253.66582404083547,39940400
2023-02-03,253.20516967773438,258.9386775277901,251.98006244096368,254.37147415992763,29077300
2023-02-06,251.65660095214844,253.1561309156688,249.70623992968441,252.31327154852002,22518000
2023-02-07,262.23175048828125,263.4176459144894,254.90069804204686,255.3417486096492,50841400
2023-02-08,261.4183044433594,271.2485641308872,260.9086406689903,267.75946096567276,54686000
2023-02-09,258.37017822265625,268.5238812652101,257.56650079899157,268.3474431140304,42375100
2023-02-10,257.8605651855469,258.8308405007959,255.46915357779656,256.32182338936,25818500
2023-02-13,265.9168395996094,269.1315192610283,261.82986937309755,262.31013166920565,44630900
2023-02-14,266.7499694824219,269.4941978010345,263.91750711977755,267.24001239002024,37047900
2023-02-15,264.61785888671875,266.0032448214542,261.53266680835156,263.63531822248893,28922400
2023-02-16,257.5730285644531,262.08288660517877,257.32739339893584,259.41037480496044,29603600
2023-02-17,253.5543975830078,255.54895358722538,251.53036656334888,254.8611932320075,30000100
2023-02-21,248.258544921875,251.02931675886796,247.19739921785944,250.03694110450442,28397400
2023-02-22,247.11878967285156,249.89938146855127,245.9692189291674,249.6537463098398,22491100
2023-02-23,250.32183837890625,252.35568934471289,246.10673138978987,251.09803874934028,29219100
2023-02-24,244.86875915527344,246.61768014977395,243.76831852746525,245.5958445657205,24990900
2023-02-27,245.79237365722656,248.40593539561652,245.03581315561252,248.05222016040298,21190000
2023-02-28,245.0652618408203,247.09912797283138,244.38730646348327,244.72138164422634,22491000
2023-03-01,241.9702911376953,246.54891919262562,241.49866082910683,246.38188908047658,27565300
2023-03-02,246.72576904296875,247.01069921844766,241.3217957785109,242.24538633521718,24808200
2023-03-03,250.832763671875,251.1570038437467,247.00086162680662,247.78689704415822,30760100
2023-03-06,252.38519287109375,255.57844974197445,251.51073235845544,251.9528726190246,24109800
2023-03-07,249.7126922607422,253.1908944468832,248.96596678774188,251.82514859412282,21473200
2023-03-08,249.27053833007812,250.09586880646756,246.43099669705938,249.6045985239911,17340200
2023-03-09,247.91464233398438,255.02822642305847,247.18755691928234,251.3535343083889,26653400
2023-03-10,244.24974060058594,248.37640772413764,243.2770350955159,246.69627185590122,28333900
2023-03-13,249.48670959472656,253.4070520212103,241.43969960963778,243.08054062729633,33339700
2023-03-14,256.23681640625,256.511926623106,251.39288260272681,252.2673432903867,33620300
2023-03-15,260.8055725097656,261.8274231030396,254.6843339357489,255.44090936840504,46028000
2023-03-16,271.37774658203125,271.73144683254515,258.68330786057317,260.5796041680503,54768800
2023-03-17,274.5513000488281,278.38320221583945,271.4956133158903,273.4017443911038,69527400
2023-03-20,267.47705078125,272.6353891713259,265.13859924685386,272.1441188484615,43466600
2023-03-21,268.9999694824219,270.19867023704575,264.814336850172,270.08077016032206,34558700
2023-03-22,267.53594970703125,276.13317871461095,267.4278546645775,268.6265552227389,34873300
2023-03-23,272.81219482421875,276.1528264782384,270.3951536254245,273.0873049607908,36610900
2023-03-24,275.67144775390625,275.73039779634655,270.4737991238302,272.3995704746585,28172000
2023-03-27,271.5545349121094,276.54582721480784,270.7095345313454,275.60259677665124,26840200
2023-03-28,270.4246826171875,271.31879823570057,267.30018046098104,270.9749030001552,21878600
2023-03-29,275.6124572753906,276.2314626149595,273.5491161384135,274.0895014430885,25087000
2023-03-30,279.0906066894531,279.49345187769654,276.5655004864353,279.2674867613138,25053400
2023-03-31,283.2664489746094,284.21951457614847,278.05899567842283,278.77626112609994,32766000
2023-04-03,282.21514892578125,283.23696956652316,278.99241693897744,281.5175235068159,24883300
2023-04-04,282.1659851074219,285.37891186376925,280.6823692815174,282.2151301252811,25824300
2023-04-05,279.3755798339844,282.1365164147506,277.98038902724386,280.8592256779027,22064800
2023-04-06,286.50885009765625,286.9804504038719,277.10592919060144,278.2653199230616,29770300
2023-04-10,284.3374328613281,284.54375798741194,279.7391201581484,284.1605527684974,23103000
2023-04-11,277.8919677734375,280.98699490817353,276.72277194835743,280.76099975689954,27276600
2023-04-12,278.5404357910156,281.9989980260232,277.0371498147004,279.81775661090296,27403400
2023-04-13,284.779541015625,284.83849104810594,278.22601253185434,278.6386627592207,24222700
2023-04-14,281.1441955566406,283.443337075977,278.7369589738927,281.9891661216718,20987900
2023-04-17,283.7576904296875,286.50882187894223,281.1637990466979,284.8679660158174,23836200
2023-04-18,283.3352355957031,286.66606271139386,281.99899473668074,286.47937759362446,20161800
2023-04-19,283.413818359375,284.003318669782,279.5720814178553,280.99674714768076,17150300
2023-04-20,281.11468505859375,283.98371688946736,280.10266940979704,280.269714510074,23244400
2023-04-21,280.7707824707031,281.271857735347,278.11791113062174,280.03387709676457,21676400
2023-04-24,276.85040283203125,279.9749041502111,273.8536665505275,277.1648229621852,26611000
2023-04-25,270.61138916015625,276.6834838571945,270.56224413132526,274.6299772681223,45772200
2023-04-26,290.2130126953125,294.3396952159119,287.6191210991788,291.5198084868981,64599200
2023-04-27,299.5078125,299.87137767835986,290.09508754369574,290.80251791508084,46462600
2023-04-28,301.8954162597656,303.53624217197233,298.0143691284371,298.70215950112447,36446700
2023-05-01,300.22509765625,303.21202941946285,299.82225241970167,301.6104834742064,21294100
2023-05-02,300.0777587890625,303.78192643359597,298.6039477390434,302.38673543104494,26404400
2023-05-03,299.08538818359375,303.22187620540313,298.78080296018044,301.2666297741827,22360800
2023-05-04,300.0777587890625,302.38673543104494,298.10284238691287,300.8932543767775,22519900
2023-05-05,305.2261657714844,306.52312628098895,298.9575532936322,300.3822488512361,28181200
2023-05-08,303.26116943359375,304.78412545107415,300.74586773679005,304.71534040836775,21318600
2023-05-09,301.6399841308594,304.6269161479535,300.9620286732827,302.62252479578075,21340800
2023-05-10,306.8572692871094,307.53522473722796,302.29829624410297,303.23169187465317,30078000
2023-05-11,304.69561767578125,305.6879931681305,300.91286076821495,304.68581266049245,31680200
2023-05-12,303.5755920410156,305.2262531704453,301.24697545043415,305.12799310648273,19758100
2023-05-15,304.0570373535156,304.4893576613307,302.21969103768305,303.7033370933557,16336500
2023-05-16,306.2972106933594,308.23281696097433,304.4205544655897,304.4205544655897,26730300
2023-05-17,309.19219970703125,309.6156085646195,305.9821054697701,307.50839072780883,24315000
2023-05-18,313.6429443359375,314.1550015459057,308.91645194585186,309.71404716104996,27276000
2023-05-19,313.4657287597656,313.8694546447181,311.5258912419883,311.8902211734482,27529500
2023-05-22,316.26226806640625,317.65068255774975,313.1408221240689,313.72178477500375,24115700
2023-05-23,310.4328918457031,317.7786593037001,310.4230353450579,315.129844956525,30797200
2023-05-24,309.0445251464844,311.6539439435322,307.82349084026635,309.91105592821606,23384900
2023-05-25,320.9296875,321.89466299286516,315.10031838769214,318.29069949526894,43301700
2023-05-26,327.7929992675781,328.29517001444793,318.9209454523759,319.058786228864,36630600
2023-05-30,326.1386413574219,330.59927867316253,325.4592039473821,330.0971080159677,29503100
2023-05-31,323.3618469238281,330.7962325265706,322.3180495450649,327.20212577855807,45950600
2023-06-01,327.4876708984375,328.4231369444022,319.7480341193022,320.9394987276046,26773900
2023-06-02,330.2644958496094,332.3323475779333,327.4581277933345,329.1321101568125,25864000
2023-06-05,330.7962341308594,333.3761130137204,329.535834140366,330.08725725806266,21307100
2023-06-06,328.5708312988281,330.23495716570153,327.08397218930753,330.19556121403355,20396200
2023-06-07,318.4285583496094,329.36843269361947,317.5620276985379,326.57192107899317,40717100
2023-06-08,320.27978515625,321.6386600689706,318.3990265502694,318.97998914840355,23277700
2023-06-09,321.7863464355469,324.9373314399376,319.44278312053285,320.0138891984146,22514900
2023-06-12,326.7688903808594,327.01506251011267,320.18132179801705,323.54893969802896,24260300
2023-06-13,329.1715087890625,331.82032311090893,325.3312298625047,329.34874549714056,22951300
2023-06-14,332.1748046875,333.8487871057347,327.71416712277926,329.2207392790675,26003800
2023-06-15,342.7700500488281,344.48339830870674,332.0369521231739,332.312663682813,38899100
2023-06-16,337.08843994140625,346.088508295725,336.71428351042255,345.9408110137167,46533600
2023-06-20,332.8739318847656,336.842225295789,330.7174616885454,334.1146489977438,26375400
2023-06-21,328.45269775390625,332.55886207227235,326.9855214866997,331.21967006940366,25117800
2023-06-22,334.5085144042969,334.9122402862619,328.23605360829237,329.0041094190213,23556800
2023-06-23,329.8903503417969,332.7853371103675,328.3444121418227,329.24045228657593,23084700
2023-06-26,323.5686340332031,330.96362393512885,323.460302676421,328.61023414140016,21520600
2023-06-27,329.44720458984375,331.0029990368277,324.25787749926053,326.7786773945669,24354100
2023-06-28,330.7076721191406,332.8050636439162,328.6988989622739,329.5358902818276,20259500
2023-06-29,329.9198913574219,330.9636588312666,327.52710535890856,329.5851008516896,16997000
2023-06-30,335.32586669921875,337.4823371529425,332.0370103573136,332.57857707113163,26823800
2023-07-03,332.81488037109375,335.68032771766394,331.41663942897316,333.99651867597373,12508700
2023-07-05,332.9723815917969,336.4187910450174,329.60476403996404,329.9592374452914,18172400
2023-07-06,336.0446472167969,337.73831270755437,330.3630051592924,332.13543251111116,28161200
2023-07-07,332.0566101074219,336.55664312667625,331.8399774661143,334.12446167439316,21185300
2023-07-10,326.7491760253906,330.0971410096197,322.5741063466411,329.4767824384207,32791400
2023-07-11,327.3793640136719,327.76337687578695,321.9931170915051,325.99094971925894,26698200
2023-07-12,332.0369567871094,336.4188023518634,330.53038466322164,331.4461377080676,29995300
2023-07-13,337.413330078125,338.47678032587305,333.82904988511615,334.36079003414267,20567200
2023-07-14,339.9538269042969,346.0490507428633,339.03807386853134,342.2678507449193,28302200
2023-07-17,340.4363098144531,341.676996685761,336.96036118435035,340.3870573673857,20363900
2023-07-18,353.9856262207031,361.16401313001876,336.93084583021295,340.5347789596811,64872700
2023-07-19,349.6431884765625,356.9101946041354,347.04362639492615,356.21107416498864,39732900
2023-07-20,341.55889892578125,352.4889474054873,340.0818661596131,348.1563239681224,33778400
2023-07-21,338.50634765625,344.93636222302956,334.62667264440915,343.8039764820787,69368900
2023-07-24,339.8258056640625,341.60811934772215,337.0686901125497,340.5544955279168,26678100
2023-07-25,345.60595703125,346.5020271113136,339.78644478620345,341.79518755329605,41637700
2023-07-26,332.5982360839844,339.3926110246211,328.00958389884386,336.21205623429853,58383700
2023-07-27,325.65618896484375,336.1037197516402,324.0117459121444,335.2667585487862,39635300
2023-07-28,333.18902587890625,334.80392936037714,328.06866397123474,328.5610081960286,28484900
2023-07-31,330.7765808105469,332.52932517386967,328.2557505534437,331.7612693303981,25446000
2023-08-01,331.19012451171875,333.3564512189415,328.5905625133595,330.0577387535238,18311900
2023-08-02,322.4854431152344,328.5215876676995,321.36288394253444,328.5215876676995,27761300
2023-08-03,321.6584167480469,324.8291155877172,320.9592961799185,321.00851859516,18253700
2023-08-04,322.7611999511719,330.00852304114176,322.229459739469,326.7984288690622,23727700
2023-08-07,325.05548095703125,326.0401693802271,322.5051415469907,323.3421327167684,17741500
2023-08-08,321.0577087402344,323.7163800029689,318.0544205048181,321.95377897989215,22327600
2023-08-09,317.296142578125,322.10139655564694,316.13418746953784,321.47121162839164,22373300
2023-08-10,317.9854736328125,323.23388055451517,316.26226863024675,321.0281577170199,20113700
2023-08-11,316.0948791503906,317.4734371020371,314.32242174086554,315.3563627423326,24342600
2023-08-14,319.0784606933594,319.0981436446772,315.1790727103108,316.4690422541551,18836100
2023-08-15,316.9317932128906,320.112347555103,315.98650076532334,318.05435241024975,16966300
2023-08-16,316.1622009277344,320.12904938898345,315.5701308469875,316.55690427692053,20698900
2023-08-17,312.688720703125,317.6127097168365,312.02756935768224,316.3003145091052,21257200
2023-08-18,312.29400634765625,314.1688694839408,307.4291913799028,310.3303071193683,24744800
2023-08-21,317.62261962890625,318.5008322758043,312.8466400945614,313.7248527414595,24040000
2023-08-22,318.1948547363281,321.7669686449776,317.20808160735635,321.1946534803015,16102000
2023-08-23,322.6748962402344,324.84580972840274,319.1817100325212,319.5369641096459,21166400
2023-08-24,315.73785400390625,328.57578427329713,315.7279766344483,328.44749892606876,23281400
2023-08-25,318.70806884765625,321.05656413544324,314.5833333396425,317.2180314460419,21684100
2023-08-28,319.4184875488281,321.8360637498044,317.46466582892504,321.3525545323946,14808500
2023-08-29,324.06622314453125,324.6286911530099,317.6225946985404,317.6225946985404,19284600
2023-08-30,324.44122314453125,325.4477211359216,322.13217708385923,324.32281515894806,15222100
2023-08-31,323.4248352050781,326.5331651614873,322.45778650386836,324.8457912046821,26411000
2023-09-01,324.3128967285156,327.59883836815857,322.457758218764,326.92783979218484,14931200
2023-09-05,329.13824462890625,330.4210680748013,324.31293852188503,324.6484378531068,18553900
2023-09-06,328.47711181640625,330.03620043198475,325.81281177247035,328.97049848276976,17535800
2023-09-07,325.54638671875,328.67444125152036,324.67802138664604,326.9081387064647,18381000
2023-09-08,329.8486633300781,331.71367911357964,325.1022866960148,325.72395862384866,19530100
2023-09-11,333.47021484375,333.9438769304571,330.9934039017012,332.77946139821074,16583300
2023-09-12,327.38177490234375,332.33539626234364,327.09563232037993,331.3782249333898,17565500
2023-09-13,331.6150207519531,332.3945800625575,326.7897151493459,326.9278477470877,16544400
2023-09-14,334.2200927734375,336.3514963717111,332.11826105249173,334.6641226422745,20267000
2023-09-15,325.852294921875,332.93732030579133,325.28982688834475,332.46368837349866,37666900
2023-09-18,324.7076416015625,326.02991429912345,322.04334146619146,323.46429752319824,16834200
2023-09-19,324.30303955078125,325.0332722714447,320.2178137413672,321.8558610357087,16505900
2023-09-20,316.5272521972656,325.23059969956495,316.2707116235492,325.15167108778996,21436500
2023-09-21,315.30364990234375,321.046677345135,310.8335683618871,315.0372319704766,35529500
2023-09-22,312.8170471191406,317.19832345154833,311.96840633060816,317.0700380905197,21447900
2023-09-25,313.3399658203125,313.46825115268246,310.83355349672485,312.4025192483227,17836000
2023-09-26,308.0114440917969,311.70196673842554,305.91945932011913,310.9618867351327,26297600
2023-09-27,308.65277099609375,310.14277792190427,305.59376831756833,308.1692316923944,19410100
2023-09-28,309.4916076660156,311.30726701468535,305.35702492417727,306.87663419975775,19683600
2023-09-29,311.57366943359375,315.24446731366316,310.81386483371,313.5472160333315,24140300
2023-10-02,317.5436096191406,317.63244570904936,311.0111757318988,312.0966322948684,20570000
2023-10-03,309.244873046875,317.1390587858504,307.09368454641833,316.5864380793077,21033500
2023-10-04,314.7412109375,315.80694299104033,309.84682368319505,309.87642567835275,20720100
2023-10-05,315.1358642578125,315.7476889172443,310.7348643635043,314.86944634365227,16965600
2023-10-06,322.9314270019531,324.8358921681667,312.1163703803469,312.36306369557445,25645500
2023-10-09,325.4575500488281,325.9311819206421,318.9053614253998,320.45460260529177,19891200
2023-10-10,324.0464782714844,326.72062531613193,323.3360003351507,326.5824626080448,20557100
2023-10-11,328.023193359375,328.4178966562557,324.786578142663,326.82917598535187,20063200
2023-10-12,326.77984619140625,329.2171774212292,324.37211695571347,326.197653564225,19313100
2023-10-13,323.3952331542969,329.414526355163,322.0433284012077,327.9837231000112,21072400
2023-10-16,328.24029541015625,331.6940020700412,326.22726938220796,326.6712993129767,22158000
2023-10-17,327.66790771484375,329.04938417767374,323.07941833897735,325.230576696379,18338500
2023-10-18,325.74365234375,331.15117975213576,323.957595448677,328.09217713101947,23153600
2023-10-19,326.93768310546875,332.4241393402107,326.5331025054701,327.75669155937004,25052100
2023-10-20,322.3492126464844,327.5297719167904,321.14534814482755,327.33240523235037,25012600
2023-10-23,324.9642028808594,328.3291035769389,320.0994175521123,321.16511950696747,24374700
2023-10-24,326.158203125,327.4508738398732,323.2669643574704,326.91800778434316,31153600
2023-10-25,336.1640930175781,341.62094848109837,333.1544162082352,340.45653303242403,55053800
2023-10-26,323.5531005859375,337.1113556219108,322.61565393783195,336.0357763758335,37828500
2023-10-27,325.4477233886719,332.2663310024127,324.0563693205719,326.059518061042,29856500
2023-10-30,332.8485107421875,334.9602201307453,327.44098203313024,329.0001007639954,22828100
2023-10-31,333.6379089355469,334.5161516349393,330.2631610837394,334.368141661427,20265300
2023-11-01,341.49261474609375,342.82476461304486,335.15751743704527,335.29568014223713,28158800
2023-11-02,343.7128601074219,344.2160939793093,340.2097970582298,342.64712815086057,24348100
2023-11-03,348.13360595703125,349.7026019942071,342.7359548361638,345.00555147993623,23624000
2023-11-06,351.81427001953125,352.810920650958,348.6763382726154,348.775021621636,23828300
2023-11-07,355.7613830566406,357.66584833262294,352.8997464578491,354.6463243893139,25833900
2023-11-08,358.3961181640625,359.0572394916119,355.7811445101007,356.89620329285094,26767800
2023-11-09,355.9192199707031,359.96499602316095,355.59356795817394,357.50791033254774,24847300
2023-11-10,364.7804870605469,365.20479233824454,356.2942309369423,356.7086588455069,28042100
2023-11-13,361.8299865722656,363.5963190166595,361.06030468757956,363.3496257188251,19986500
2023-11-14,365.3725280761719,367.03033005742196,362.4911669897253,366.1027607739128,27683900
2023-11-15,365.5208740234375,368.94203087910716,362.9895794473633,367.1127890598003,26860100
2023-11-16,371.9479675292969,372.1259400085941,366.0251773955339,366.79642164754426,27182300
2023-11-17,365.6988525390625,370.1681097203814,362.88083457344084,369.41663021620167,40157000
2023-11-20,373.20367431640625,374.61761697588884,366.83595346489807,367.0534854259764,52465100
2023-11-21,368.88275146484375,371.99739052137556,366.95462576672355,371.4535756706522,28423100
2023-11-22,373.60906982421875,375.5272979461787,370.76138971842033,373.7573802099264,23345300
2023-11-24,373.1937561035156,373.72770364641934,370.92948056102307,373.0948724585258,10176600
2023-11-27,374.36053466796875,376.36777927950243,371.9776106304941,372.5510875373221,22179200
2023-11-28,378.4046325683594,378.70125333384794,373.91558054196696,374.1034504184605,20453100
2023-11-29,374.59783935546875,379.98665110815534,373.20366140430053,379.4527337290247,28963400
2023-11-30,374.6571350097656,375.8238835014073,371.2557429993473,374.24183579364643,30554400
2023-12-01,370.3065490722656,373.91557582374776,367.1424534634021,372.53129531051445,33020400
2023-12-04,364.996826171875,365.3725357450279,358.82684275276864,364.9572666786292,32063300
2023-12-05,368.3388671875,368.8925793974309,361.51631803473913,362.33701910752933,23065000
2023-12-06,364.66058349609375,369.98020330280474,363.8992368249849,369.3474023420888,21182100
2023-12-07,366.7864990234375,367.28088706354185,362.208460944063,364.0970268782678,23118900
2023-12-08,370.0296936035156,370.2570927962262,364.0970369580223,365.0561509893791,20144800
2023-12-11,367.132568359375,367.429219306122,361.990950541345,364.3442425802933,27708800
2023-12-12,370.177978515625,370.2175380062211,366.3019631635577,366.6876003030071,24838300
2023-12-13,370.1680908203125,373.4014078665919,366.6084909494342,371.7995652934086,30955500
2023-12-14,361.8228454589844,369.5649795287377,360.0430604780347,369.1200181959737,43277500
2023-12-15,366.5690002441406,368.22023954945644,362.1689342190952,362.73254387781907,78478200
2023-12-18,368.4673767089844,368.8134543499527,364.54193471439714,365.3033115595372,21802900
2023-12-19,369.0705871582031,369.0705871582031,365.68895952374146,367.3204340997758,20603700
2023-12-20,366.4602355957031,371.80951853431884,366.3712493574519,370.79108024092596,26316700
2023-12-21,369.347412109375,370.2076424400769,365.8866959536453,368.3784007227526,17708000
2023-12-22,370.375732421875,370.9690041075322,368.5267259720335,369.4858399809148,17091100
2023-12-26,370.4548645019531,372.70927284710115,369.3078805824845,370.7910447615306,12673100
2023-12-27,369.87152099609375,370.85039977971724,368.6256533259875,369.49578121145504,14905400
2023-12-28,371.0679016113281,372.23465019250256,369.9604771834302,371.1568878412429,14327000
2023-12-29,371.8193664550781,372.92679083929943,369.2881020982719,371.77980696276984,18723000
2024-01-02,366.7073974609375,371.68094017367383,362.65340930447013,369.6638284252025,25258600
2024-01-03,366.4404296875,369.0705777416299,364.3738912539091,364.86827930524817,23083500
2024-01-04,363.81024169921875,368.91232945000587,363.04889504674566,366.5096110262484,20901500
2024-01-05,363.6224060058594,367.8840285269613,362.3864358970699,364.82871403903994,20987000
2024-01-08,370.4845275878906,370.988813066157,364.86828645661416,365.1550098059731,23134000
2024-01-09,371.5721740722656,371.76991118457596,367.0237980384077,367.83460167151895,20830000
2024-01-10,378.47381591796875,379.85812659429405,372.0962281951205,372.14565492996707,25514200
2024-01-11,380.31292724609375,386.2950101261023,376.1106291407019,381.66754557205917,27850800
2024-01-12,384.10986328125,384.3174978189153,380.33273123391484,381.1632995596287,21645700
2024-01-16,385.8896484375,389.6074563331201,383.2693977344923,389.2416139939335,27202300
2024-01-17,385.0986633300781,385.73146439966996,380.4909626708054,383.6253964652766,22234100
2024-01-18,389.44921875,389.56786704822485,385.74130855522117,387.3233562733369,23392100
2024-01-19,394.1953430175781,394.1953430175781,389.0833577969474,391.31800122328355,29272000
2024-01-22,392.05963134765625,396.1234867411943,389.17239178292385,395.53021503062706,27016900
2024-01-23,394.4227600097656,394.8973833764225,389.5085418380042,391.30812148964645,20525900
2024-01-24,398.0417175292969,401.0772674984209,395.95541437351613,397.0331767370542,24867000
2024-01-25,400.3257751464844,402.44177048645173,398.0120426913666,399.7819603610059,21021200
2024-01-26,399.39630126953125,401.611180132996,397.91313719960004,399.83136514404845,17803300
2024-01-29,405.121337890625,405.37842932819404,399.7918203197978,401.5024138062242,24510200
2024-01-30,404.0040283203125,408.4139613345208,401.8880631298829,407.6328499314226,33477600
2024-01-31,393.1175842285156,410.65849256823645,392.7517419035558,402.39230877230926,47871100
2024-02-01,399.2480163574219,403.4206527472509,397.2902287972473,397.3198908735355,30657700
2024-02-02,406.6044921875,408.01843470985267,399.03046395458153,399.2776579693306,28245000
2024-02-05,401.0970458984375,406.5452122317709,399.4556738410708,405.2993446059863,25352300
2024-02-06,400.9388122558594,403.3909878537456,398.38778318773774,401.3244494199643,18382600
2024-02-07,409.40277099609375,409.6499650445578,402.8274153419617,402.86697483873127,22340500
2024-02-08,409.4620361328125,410.89577347726316,407.89978324873107,409.40271198373665,21225300
2024-02-09,415.82977294921875,416.0967618057892,410.4310639420329,410.58927173757974,22032800
2024-02-12,410.5991516113281,416.01762504580444,410.09486617050925,415.83965259906256,21202900
2024-02-13,401.7594909667969,405.4674011458871,398.8623843888798,400.39497519288363,27824900
2024-02-14,405.64263916015625,405.9893567916934,400.76888180370327,404.2359976573727,20401200
2024-02-15,402.7402038574219,405.2860649354581,400.49154229797136,404.30537605508795,21825500
2024-02-16,400.2637023925781,404.45397083978673,399.6495323619633,404.1270543842311,22281100
2024-02-20,399.005615234375,400.68962483118145,394.2705266937162,399.451369143448,24307900
2024-02-21,398.4013366699219,398.5103188921078,393.4879464924858,396.4102420513832,18631100
2024-02-22,407.7823486328125,408.95125472253443,404.73129998270167,406.3360744839896,27009900
2024-02-23,406.48468017578125,411.9528065802778,405.1275567366277,411.76461952225566,16295900
2024-02-26,403.71099853515625,408.28758685257475,403.53266673551263,407.5941515550284,16193500
2024-02-27,403.6515808105469,404.4836850623454,400.055681208624,404.1567686089776,14835800
2024-02-28,403.8893127441406,405.45445472615467,401.51186772663095,404.3449824000404,13183100
2024-02-29,409.7536926269531,410.30842877280423,402.1062240667456,404.80066973124497,31947300
2024-03-01,411.5962219238281,411.9627407983519,407.019633390637,407.4059534745647,17800300
2024-03-04,411.0216979980469,413.4288600615765,408.44611984108144,409.55559222110224,17596000
2024-03-05,398.8669128417969,410.3579315766557,396.875818269098,410.07064779480004,26919200
2024-03-06,398.3122253417969,401.35338891279406,394.6470062269907,399.1839622822259,22344100
2024-03-07,405.2959899902344,405.92996122894976,398.46079390642615,402.3043446808418,18718500
2024-03-08,402.4034118652344,406.56396338142315,400.5311546136932,404.1270542383835,17971700
2024-03-11,400.7193603515625,401.8684653107991,397.49000992509303,399.9665214154685,16120800
2024-03-12,411.3782653808594,411.66554917132913,402.9680422398846,403.7902307329295,22457000
2024-03-13,411.1999816894531,414.25103060175684,407.5842808912539,414.1717955341408,17115900
2024-03-14,421.2248840332031,423.80046200765156,414.06280198030794,416.29166230285614,34157300
2024-03-15,412.5075988769531,418.62952831732593,408.9116991847294,415.3506293663728,45049800
2024-03-18,413.39910888671875,416.77707411837673,409.8923602232522,410.3579455831781,20106000
2024-03-19,417.45068359375,417.7082504608342,411.6457249805596,413.90430223487067,19837900
2024-03-20,421.23480224609375,421.95792425172124,416.7077319976527,418.0351385254577,17860100
2024-03-21,425.33587646484375,426.77226517382667,423.1466488448073,425.7915460992778,21296200
2024-03-22,424.71185302734375,425.8213254638717,422.06695538505966,425.66285531367333,17636500
2024-03-25,418.8870544433594,423.39432359578046,417.64879867030754,421.2446982721868,18060500
2024-03-26,417.6884460449219,421.98766661282076,417.39127674125456,421.6112320076055,16725600
2024-03-27,417.4704895019531,420.4621347429845,415.073243298201,420.4522190231072,16705000
2024-03-28,416.76715087890625,417.9063400745122,415.1821775398297,417.00488629896955,21871200
2024-04-01,420.5809631347656,423.869777356087,418.2530364952505,419.96679317686176,16316000
2024-04-02,417.4804382324219,418.41160904891876,413.9142553427375,416.1629170804003,17912000
2024-04-03,416.4997253417969,419.2833219106777,415.1524873360607,415.7864888048433,16502300
2024-04-04,413.953857421875,424.6424895808556,413.64677241260966,420.9970416568271,19370900
2024-04-05,421.52203369140625,422.50275274464576,414.3896991298408,416.0638232237435,16544300
2024-04-08,420.6007995605469,423.26552832814343,419.32291117383534,421.1753671524619,14272400
2024-04-09,422.2749328613281,423.72120713043927,417.65871174097106,422.43343322697575,12512300
2024-04-10,419.2833251953125,420.0460798769914,415.7567751324305,418.2233709862432,16216600
2024-04-11,423.909423828125,425.33589688609106,418.39174889077384,421.8192626102262,17966400
2024-04-12,417.93609619140625,421.1852782373019,415.82610344793704,420.0658901447868,19232100
2024-04-15,409.7536926269531,422.80985372463516,409.54564389911945,422.59191950798987,20273500
2024-04-16,410.6848449707031,414.46896182763265,409.8428552388163,410.6749594816062,16765600
2024-04-17,407.9706115722656,414.9444767069898,406.4747888910302,413.32978630581465,15855500
2024-04-18,400.4717102050781,408.02014264055606,400.15473970896494,406.7719711724091,21029900
2024-04-19,395.3701171875,401.67037838778936,394.03279488372993,400.23398957432255,30276500
2024-04-22,397.19281005859375,399.06506725448133,392.0317685818269,396.3210731778114,20286900
2024-04-23,403.74072265625,404.36480838898973,399.27308625210287,400.4419924205836,15734500
2024-04-24,405.2167053222656,408.5946705531457,402.95812809887644,405.7120076101216,15065300
2024-04-25,395.2908630371094,396.1328829826048,384.3842968555106,390.32792438015684,40586500
2024-04-26,402.50244140625,409.11967243625537,401.9477052858215,408.29748397482246,29694700
2024-04-29,398.4706726074219,402.5024403041244,395.4394251609336,401.4424862005164,19582100
2024-04-30,385.6720886230469,398.3815629989462,385.51361848485345,397.71784459298715,28781400
2024-05-01,391.2293701171875,397.9456678723463,386.6428661349504,388.92124454675456,23562500
2024-05-02,394.10211181640625,396.1724717048869,390.94208087323796,393.92381025223517,17709400
2024-05-03,402.8392333984375,403.324619934145,398.08431361506535,398.500380810565,17446700
2024-05-06,409.6546325683594,410.0409526402596,402.55198432258595,404.9195438147948,16996600
2024-05-07,405.49407958984375,410.77401898833904,405.2464284421319,410.76410326855756,20018200
2024-05-08,406.682861328125,408.35698568681687,402.88882840413817,404.3351330299559,11792300
2024-05-09,408.44610595703125,408.8423417605904,405.2563578574711,406.71254786446275,14689700
2024-05-10,410.84332275390625,411.477324178815,407.9309429487919,409.0602466503411,13402300
2024-05-13,409.83294677734375,414.4194510292962,406.9601994102217,414.0826490844057,15440200
2024-05-14,412.646240234375,413.56749523570926,407.68330162903794,408.14888698952717,15109300
2024-05-15,419.8609313964844,420.58538800605515,414.095139906024,414.7203513205961,22239500
2024-05-16,417.7868347167969,422.18315151911617,417.151719986036,418.59066930665216,17530100
2024-05-17,417.01275634765625,419.7021586835379,414.84935049574557,419.32504512881616,15352200
2024-05-20,422.1037292480469,423.52284159685394,416.7944295178616,417.0127568242458,16272100
2024-05-21,425.7756042480469,429.6756950854867,421.6174819616407,423.58239750259565,21453300
2024-05-22,427.2443542480469,429.11998861717575,423.88016299593255,426.8176331949398,18073700
2024-05-23,423.7510986328125,430.30088747906075,422.1831336543051,429.6756760944335,17211700
2024-05-24,426.8870849609375,427.7802311569624,421.180834455013,423.9396813142882,11845800
2024-05-28,427.0458679199219,427.54206361225715,423.3541707575322,426.3611154416687,15718000
2024-05-29,425.9046325683594,427.66115445230247,422.4510995765547,422.4510995765547,15517100
2024-05-30,411.5149230957031,421.071626093263,411.08817181006793,421.071626093263,28424800
2024-05-31,411.971435546875,413.5791047255822,401.43224401056676,413.5791047255822,47995300
2024-06-03,410.3736572265625,413.2615196687407,405.8086812773789,412.3683735171778,17484700
2024-06-04,412.904296875,413.27147684716857,406.56290129495756,409.2919776436919,14348900
2024-06-05,420.78387451171875,420.8533188907335,413.1325152430589,414.6310359031759,16988000
2024-06-06,421.2899475097656,422.07394512362515,417.37992333025653,420.7838485363347,14861300
2024-06-07,420.6250915527344,423.03659533238357,419.78155282449774,422.9572173477245,13621700
2024-06-10,424.6144714355469,424.82286513391676,420.66477334419267,421.4686078947135,14003000
2024-06-11,429.38787841796875,429.5268277427762,422.01441801832095,422.24267892962746,14551100
2024-06-12,437.7041320800781,440.0263242349242,429.9535579589742,432.00781534858527,22366200
2024-06-13,438.2201843261719,440.01644063600304,436.02700779586485,437.49575798146077,15960600
2024-06-14,439.2026672363281,439.7683376003339,433.39717151476515,434.94529966913103,13582000
2024-06-17,444.9585266113281,447.5089797746042,437.3667384679764,439.22250553797545,20790000
2024-06-18,442.9439697265625,446.7150751827561,441.50502038116036,446.28832386783046,17112500
2024-06-20,442.3088684082031,443.1325399619797,437.912551396736,442.9042790324355,19877400
2024-06-21,446.3577880859375,447.1516890658263,443.112679216781,443.9760548608899,34486200
2024-06-24,444.26385498046875,449.30518978099155,443.0134321712583,446.37762314479846,15913700
2024-06-25,447.5188903808594,447.98531552571586,443.3508346061679,444.8394216277891,16747500
2024-06-26,448.71966552734375,450.1487114593878,444.7798707523325,445.5837053034348,16507000
2024-06-27,449.4044189453125,452.6991654227889,448.3326193512516,448.7395034299803,14806300
2024-06-28,443.54931640625,451.9151680373726,443.01341660893064,449.62274649126965,28362300
2024-07-01,453.2548828125,453.88999748693993,442.269104011504,445.24627786855143,17662800
2024-07-02,455.7854919433594,456.0931308349297,449.6624240698802,449.75176594132466,13979800
2024-07-03,457.26416015625,457.5122579984809,454.39616484845857,454.70380374999445,9932800
2024-07-05,464.00250244140625,464.78650009669735,455.4778642825478,456.1129790053472,16000300
2024-07-08,462.69256591796875,464.14147919648303,460.92611040198074,463.0002048353039,12962300
2024-07-09,456.0435485839844,463.7742557192127,454.51525736098597,463.4467798855468,17207200
2024-07-10,462.7024841308594,462.91087784219644,455.36869724486377,457.71075666628917,18196100
2024-07-11,451.2403869628906,461.2436790661222,448.1143297880847,459.457386639418,23111200
2024-07-12,450.0990905761719,452.8877078833818,447.22116168053736,450.8731546278995,16324300
2024-07-15,450.5059814453125,453.7808911637112,447.99523247056425,449.85099950163277,14429400
2024-07-16,446.09979248046875,450.84342238707205,443.26156747821994,450.764044396858,17175700
2024-07-17,440.1454162597656,441.46531376189114,435.8384412822571,439.22249954002416,21778000
2024-07-18,437.0193786621094,441.2668124744543,431.0948010273652,440.95917357547034,20794800
2024-07-19,433.7841796875,437.7835460054657,428.7130742947466,429.80471086507333,20940400
2024-07-22,439.5698547363281,441.2172281155517,435.5705185548157,438.4286106688719,15808800
2024-07-23,441.46533203125,444.9784061601368,439.7286470352855,440.52254806214466,13107100
2024-07-24,425.63665771484375,438.12095826115956,424.3366274271562,437.0987963490377,26805800
2024-07-25,415.216552734375,426.52980855641556,414.3333401430881,425.5374171635106,29943800
2024-07-26,422.0342712402344,425.6565240052853,414.0951402007918,415.0180872010169,23583800
2024-07-29,423.4831848144531,428.86192913835873,421.4686315229256,428.29625878283395,15125800
2024-07-30,419.7021789550781,425.7855127211385,414.18445497765873,424.4656455012434,32687600
2024-07-31,415.16693115234375,418.5708262456948,409.07363367025533,417.3005665174137,42891400
2024-08-01,413.93634033203125,424.20759683358074,409.94693801865395,417.58836350695543,30296400
2024-08-02,405.3819274902344,411.84240478431724,401.2635094994672,409.35149283755305,29437900
2024-08-05,392.1434631347656,397.98866312927163,382.64626998707365,386.2089818321841,40709200
2024-08-06,396.56951904296875,402.5834388839359,395.4679791086585,396.9565662320286,24946500
2024-08-07,395.39849853515625,406.95985229689995,394.44581127033643,405.53083654236127,20650900
2024-08-08,399.6260681152344,402.77193167950935,396.8969919508049,399.3779702821044,20203000
2024-08-09,402.93072509765625,404.945278327108,399.1993542150353,400.9558760021183,19276700
2024-08-12,403.7147521972656,405.64992758545134,401.1642989727411,403.9628500529108,16762900
2024-08-13,410.8599548339844,411.79280513110314,406.4537347921751,406.47357171655057,19414300
2024-08-14,413.6882629394531,414.54173528870035,409.3118435327495,411.64393908583247,18267000
2024-08-15,418.5796203613281,418.6591414148161,415.22923848625584,417.35676799168647,20752100
2024-08-16,416.0345458984375,418.8878379189571,414.87134183677813,418.15215435686315,22775600
2024-08-19,419.07672119140625,419.2954420190991,414.03622098500824,416.52167114516885,15234000
2024-08-20,422.32769775390625,423.3815262412174,419.18611531171354,419.24576369099765,16387600
2024-08-21,421.6715393066406,423.91836557959886,419.26561024554667,421.6118605911061,16067300
2024-08-22,413.1315002441406,424.30610443723026,412.1969685866766,421.8902239006129,19361900
2024-08-23,414.36431884765625,416.8199448280934,409.69166039420327,414.5532154876874,18493800
2024-08-26,411.0835266113281,414.8514777475828,408.94604542911463,413.94677020088477,13152800
2024-08-27,411.4314880371094,411.9484507655821,407.86238512676584,410.4571806188663,13492900
2024-08-28,408.2103271484375,412.5847132206145,404.9394663484376,412.46541647118636,14882700
2024-08-29,410.7156982421875,419.5937196899045,408.21037518945246,412.52511339470357,17045200
2024-08-30,414.7122802734375,415.0602190186727,409.7314285183125,413.18123450252676,24308300
2024-09-03,407.0570983886719,417.43634095322227,404.66112073149435,415.47780496274754,20313600
2024-09-04,406.5202331542969,408.8466109265116,402.01659855552833,403.5476443909062,15135800
2024-09-05,406.0132141113281,410.69579375461194,403.7663574401279,405.24767603841406,14195500
2024-09-06,399.3621826171875,408.2600768498661,398.46739620074226,406.6793340354345,19609500
2024-09-09,403.3587341308594,406.27167441765806,399.8095040440946,404.8698768958274,15295100
2024-09-10,411.7893981933594,413.9069762623546,405.327227721672,405.8243177579556,19594300
2024-09-11,420.57794189453125,421.52239474938517,407.19625641616165,413.08181573237965,19266900
2024-09-12,424.514892578125,424.8827343519594,417.30708702498356,420.84636566939764,17418800
2024-09-13,428.083984375,429.3167579290349,422.98383586069434,423.35167762504557,15874600
2024-09-16,428.8296203613281,431.0068771042965,425.72778345078893,428.09393683099876,13834700
2024-09-17,432.6174621582031,439.27848092894993,429.75421863095636,437.6679140298658,18874200
2024-09-18,428.302734375,433.4923558065776,427.9050683956392,432.46835149823806,18898000
2024-09-19,436.1368408203125,438.93048428402824,434.3572500672092,438.66206659768085,21706600
2024-09-20,432.73675537109375,436.6836515284863,431.6928784161533,434.6754186759471,55167100
2024-09-23,430.9870300292969,433.9198431554934,427.88519293448667,431.75253779309,15128900
2024-09-24,426.6722717285156,430.82793711748263,423.62013164821116,430.47996802683457,17015800
2024-09-25,429.59515380859375,430.599285430914,426.0757780554542,427.3284243659067,13396400
2024-09-26,428.7998046875,432.766573468399,426.6324994108163,432.5578041483432,14492000
2024-09-27,425.5289306640625,429.3366572153901,424.982143776937,429.0085608111411,14896100
2024-09-30,427.795654296875,427.91498138591425,422.89435403602215,425.71782167728367,16807300
2024-10-01,418.2416076660156,425.9862787507864,416.3725443176016,425.95645456288486,19092900
2024-10-02,414.7023620605469,420.3592494217051,414.2847930567838,420.12062555956777,16582300
2024-10-03,414.11578369140625,417.1082451347957,411.8788784861643,415.19943635003835,13686400
2024-10-04,413.6385803222656,417.30710741019845,412.554927626964,415.8058857128688,19169700
2024-10-07,407.15655517578125,414.68247600169315,406.61968938897553,413.5789505765619,20919800
2024-10-08,412.2964172363281,413.24090045920747,405.79450128292336,408.50859351504334,19229300
2024-10-09,415.0303955078125,417.93341460570645,411.88878290651843,413.4397013585542,14974300
2024-10-10,413.4198303222656,414.9210519137125,410.74548354781774,412.81339505205864,13848400
2024-10-11,413.8970642089844,414.702347658303,410.84492403738636,413.7181190735733,14144900
2024-10-14,416.70062255859375,421.5720985232806,415.0900254622179,415.3385704638852,16653100
2024-10-15,416.3029479980469,420.02120204810905,412.84322081195853,419.7229298265709,18900200
2024-10-16,413.6982116699219,413.93680518127485,408.09105177334885,412.7537587941709,15508900
2024-10-17,414.29473876953125,420.04109862109203,413.1713103850963,419.9018988417956,14820000
2024-10-18,415.726318359375,417.20763687167505,413.8373824004759,414.7122656673259,17145300
2024-10-21,416.3427429199219,416.5216880571269,411.3420182082338,413.6982202013397,14206100
2024-10-22,425.0219421386719,428.07405197206367,415.6070554250592,416.0544182638452,25482200
2024-10-23,422.1288757324219,428.5711433507003,420.0709156477079,428.35242251551375,19654400
2024-10-24,422.2580871582031,423.50081217243513,419.9416307412936,422.8545708930616,13581600
2024-10-25,425.658203125,430.0027653012564,424.0874119188817,424.2763085648032,16899100
2024-10-28,424.1072998046875,429.4261695906152,423.81897907057987,429.1478003666399,14882400
2024-10-29,429.43609619140625,430.64899709836675,423.32186444879665,425.5090727531412,17644100
2024-10-30,430.0127258300781,435.9479823564893,429.5852356603292,434.8941538571239,29749100
2024-10-31,403.9850769042969,413.7379809491165,403.93534969689097,412.9426186903331,53971000
2024-11-01,407.9816589355469,413.0818074048316,405.12836706972047,406.62958864176215,24230400
2024-11-04,406.082763671875,408.03137836159885,403.20959918238225,407.41496126180874,19672300
2024-11-05,409.0653381347656,412.4853201284023,405.7050045203228,405.99332524640585,17626000
2024-11-06,417.73455810546875,418.00300613139274,408.1307753660983,410.01974169679755,26681800
2024-11-07,422.95404052734375,424.36578964518526,417.4363530057155,418.8281991036067,19901800
2024-11-08,420.0808410644531,424.0177855133015,419.32525452801985,422.8446603519728,16891400
2024-11-11,415.57720947265625,422.3376216288976,413.5788978774876,420.0609408352946,24503300
2024-11-12,420.5679931640625,421.969790701444,414.77193671429194,415.81581365023004,19401200
2024-11-13,422.72540283203125,426.8313412777235,415.7760631016859,419.18612400128455,21502200
2024-11-14,424.4055480957031,425.6780973820496,417.5556327945319,422.526533184943,30246900
2024-11-15,412.5847473144531,420.3393400677491,411.23267692258383,417.3767027455775,28247600
2024-11-18,413.34033203125,415.9649517435253,409.7016291897124,412.4554971706168,24742000
2024-11-19,415.3585205078125,415.5076414577029,409.15481593264525,410.7057344914447,18133500
2024-11-20,413.0718688964844,414.86141123218795,408.19044109637775,414.4438422518667,19191700
2024-11-21,411.2887268066406,418.1722655525636,408.7186214344056,417.8933391524707,20780200
2024-11-22,415.4029235839844,415.80138553605957,409.4856708735379,409.7944811664486,24814600
2024-11-25,417.1860656738281,419.46727321033643,413.2611532266888,416.7776323033626,27691100
2024-11-26,426.350830078125,427.396826920373,417.24585120009374,417.98300734363517,23458900
2024-11-27,421.3699951171875,425.5937771564677,420.4037088714897,423.48187093647766,18332400
2024-11-29,421.8381652832031,423.2527401453399,416.1998390930093,418.48107704362025,16271900
2024-12-02,429.32940673828125,431.3416594246016,419.69642835819553,419.9554423160969,20207200
2024-12-03,429.5485534667969,430.8136785324232,426.10178307894205,428.19374634076934,18302000
2024-12-04,435.7447204589844,437.98610309109085,430.973057365549,431.3715193088951,26009400
2024-12-05,440.9247741699219,442.95696954495514,434.4994957116604,436.24279326556575,21697800
2024-12-06,441.87115478515625,444.3914637865622,440.0780304611881,440.605999369761,18821000
2024-12-09,444.3117370605469,446.61288735234007,438.8128895478079,440.90485264962797,19144400
2024-12-10,441.632080078125,447.89799856218906,439.9087252497819,442.68804835999237,18469500
2024-12-11,447.2704162597656,448.6252234428676,442.34933339299914,442.34933339299914,19200200
2024-12-12,447.83819580078125,454.4129240722559,447.389907127457,447.389907127457,20834800
2024-12-13,445.5569763183594,449.7010474581427,443.8734464678006,446.722508676707,20177800
2024-12-16,449.8604431152344,450.4481798147897,443.57461233779367,445.5569810702514,23598800
2024-12-17,452.7194519042969,453.5462901057899,447.84819595840975,449.2826833242326,22733500
2024-12-18,435.71484375,450.9163784238889,435.34623528561843,449.59148560028365,24444500
2024-12-19,435.356201171875,441.4826409757379,434.64892893973837,439.92861811038824,22963700
2024-12-20,434.9278564453125,442.04049490082355,426.988379811487,431.45120224609855,64263700
2024-12-23,433.5830383300781,435.97384050264867,431.1722932989543,435.06732205874545,19152500
2024-12-24,437.6473693847656,437.9163547514511,432.52707119819956,432.9853009034494,7164500
2024-12-26,436.43206787109375,439.2512462781778,434.9577555797017,437.3983540840164,8194200
2024-12-27,428.881103515625,433.5531436249425,424.71711987555517,432.9355230391817,18117700
2024-12-30,423.2029113769531,425.91249514442245,420.2841404099869,424.42821148968693,13158700
2024-12-31,419.88568115234375,425.09566152109494,419.0489019483089,424.4680695178944,13246500
2025-01-02,416.97686767578125,424.43820240788705,413.2611726539346,423.90026204092493,16896500
2025-01-03,421.7286071777344,422.40599553232005,417.93320162542307,419.4672816518615,16662900
2025-01-06,426.21136474609375,432.6565862275622,423.85044657634234,426.3607841744266,20573600
2025-01-07,420.7523498535156,429.00063686122985,419.18835553907815,427.356962317073,18139100
2025-01-08,422.9339904785156,425.33476415419165,419.9255676122581,421.8381972488523,15054600
2025-01-10,417.345458984375,423.0833778600729,413.4304875422897,423.0036976315441,20201100
2025-01-13,415.5921936035156,416.8971739621178,410.71096634455273,413.6496498082875,17604800
2025-01-14,414.0780334472656,418.13242259689986,409.1469793562449,416.2098216251219,16935900
2025-01-15,424.6772766113281,426.51022596326726,416.6680604251186,417.52478252697114,19637800
2025-01-16,422.953857421875,427.8450559110229,422.76461308505725,427.0581034768278,15300000
2025-01-17,427.3868713378906,432.816010728012,426.53017961505896,432.4274897834489,26197500
2025-01-21,426.8588562011719,429.2496581837696,423.96996920550396,428.55235740588927,26085700
2025-01-22,444.4911193847656,445.55699830786784,434.3301720077898,435.8841949618168,27803800
2025-01-23,444.9991149902344,445.03897030447143,439.8090775364838,440.30716256200645,18389300
2025-01-24,442.3592834472656,444.9393603072831,439.70946738545626,443.4550766157881,15549500
2025-01-27,432.8956604003906,433.5332238334213,421.8780219291722,422.3860783898249,35647800
2025-01-28,445.4872741699219,446.66274757404807,429.72785612913765,432.93552501884864,23491700
2025-01-29,440.6358947753906,445.16848684550723,438.7132938317083,444.97921209968376,23581400
2025-01-30,413.4006042480469,421.24045777086803,411.57762641112805,417.1661258658952,54586300
2025-01-31,413.4703674316406,419.078810069406,413.32094799383236,417.37536767699305,34223400
2025-02-03,409.3462219238281,413.819015846871,407.09486781879804,410.02361028085903,25679100
2025-02-04,410.7906494140625,412.3347312724244,408.1707172498281,411.1094311345796,20532100
2025-02-05,411.7071533203125,412.2450632912695,408.82820710975375,410.7707509847515,16316700
2025-02-06,414.2274475097656,416.59833715024297,412.41441067873023,412.41441067873023,16309800
2025-02-07,408.1806945800781,417.0466023053385,406.5370200109021,414.8849302333569,22886800
2025-02-10,410.6412353515625,413.8688167120759,409.34622639599064,412.1255190561223,20817900
2025-02-11,409.8642272949219,410.9101937368833,407.7324086942097,408.0711332799312,18140600
2025-02-12,407.4734191894531,409.17686151888216,402.82129152637,405.65041091349894,19121700
2025-02-13,408.9676818847656,409.425911619151,404.80366775695455,405.4412312140984,23891700
2025-02-14,406.86572265625,407.3438952203064,404.3255012113121,406.22818963820515,22758500
2025-02-18,408.0711364746094,409.0274512633779,404.94314775203674,406.4374029097933,21423100
2025-02-19,413.18145751953125,413.8987012007662,406.0887313388178,406.31786140389937,24114200
2025-02-20,415.3674621582031,418.5416276159257,411.78404435480104,414.52900508229465,23508700
2025-02-21,407.4619445800781,417.28390907488637,407.14255413255484,416.57521868274245,27524800
2025-02-24,403.2596740722656,408.6198287275297,398.58825743588903,407.7614192904554,26443700
2025-02-25,397.17083740234375,401.18349019975926,395.9730546936776,400.3649855487621,29387400
2025-02-26,398.99749755859375,402.860400830509,393.5275288045757,397.28064827533655,19619000
2025-02-27,391.8106994628906,404.9964840093174,391.45137377356565,400.53467393026557,21127400
2025-02-28,396.26251220703125,396.9013540385077,385.86162375466716,391.94046026830176,32845700
2025-03-03,387.778076171875,398.0891633417286,385.4523593369203,398.0891633417286,23007700
2025-03-04,387.8978576660156,391.86058386063223,380.30181761040467,382.6974135187692,29342900
2025-03-05,400.2851257324219,400.9339589862258,388.09750890861034,388.62653647287385,23433100
2025-03-06,396.1627197265625,401.4130601425524,391.9604125552081,393.557486671848,23304600
2025-03-07,392.5892639160156,394.07652376953155,384.83351327034705,391.601087821307,22034100
2025-03-10,379.46337890625,385.69193466137494,376.5287638766263,385.1329632711281,32840100
2025-03-11,379.7528381347656,385.29265558349334,376.2193166501511,378.30548307291184,30380200
2025-03-12,382.5676574707031,384.5140963348653,378.2555969008229,382.2482670126177,24253600
2025-03-13,378.0758972167969,384.6139126915579,376.75833925298997,382.4578672121625,20473000
2025-03-14,387.84796142578125,389.51491455417886,378.81455773398244,379.0840519928303,19952800
2025-03-17,387.98773193359375,391.99036302361236,384.8634626840814,385.9913968692823,22474300
2025-03-18,382.81719970703125,386.6601507855219,380.4016513456866,386.36071271152235,19486900
2025-03-19,387.1093444824219,388.9659214939022,383.29633715100766,384.8235322758774,19185500
2025-03-20,386.131103515625,391.07204471614995,382.5776297310475,385.0331131975468,18470500
2025-03-21,390.54302978515625,391.0221306945889,382.09851071654674,382.5177544739553,39675900
2025-03-24,392.35968017578125,394.67543616141086,389.09568331150246,394.67543616141086,21004500
2025-03-25,394.4358825683594,395.63366532055824,391.9205113732519,393.19816458592396,15775000
2025-03-26,389.2554016113281,394.5856126855185,387.85797313035886,394.27618318122023,16108400
2025-03-27,389.8642578125,391.5212195564284,386.6900923994873,389.4151007040484,13766800
2025-03-28,378.1058349609375,388.4169222438939,376.2392666189567,387.36882809704144,21632000
2025-03-31,374.7021179199219,376.3790320336197,366.5670283067677,371.8573344110368,35184700
2025-04-01,381.4896545410156,382.1484487727996,372.54608191207893,373.96346276032,19689500
2025-04-02,381.43975830078125,384.3743428432238,375.92985398533636,377.2773862564683,16092600
2025-04-03,372.42626953125,376.788287190408,368.67318036225987,374.10321411915555,30198000
2025-04-04,359.18060302734375,373.9035742050073,358.8212773354498,363.4627502923482,49209900
2025-04-07,357.2042236328125,370.32015981776436,344.1581969485817,350.2370336524557,50425000
2025-04-08,353.9102783203125,372.9652928837084,349.6081786868937,367.585185716996,35868900
2025-04-09,389.7744140625,392.50941370351666,352.45294739016697,352.8921435234206,50199700
2025-04-10,380.65118408203125,383.19649903483815,367.12599611378243,381.3598744812396,38024400
2025-04-11,387.7381896972656,389.3352333779351,378.19571053548395,379.9425037151649,23839200
2025-04-14,387.0993347167969,393.92679674338564,383.5059256339463,392.4994245329486,19251200
2025-04-15,385.0231628417969,391.17187833074144,383.4560325474498,387.79806728846995,17199900
2025-04-16,370.92901611328125,380.9106912763521,367.32564600100716,379.97244183574617,21967800
2025-04-17,367.1060485839844,373.6340726815441,366.2176953329466,373.0651098854367,20943700
2025-04-21,358.4619140625,363.8121077971333,355.01825440362086,362.1551460624454,20807300
2025-04-22,366.1478271484375,367.09606804173376,359.20055908423666,362.7141283475077,19485000
2025-04-23,373.7039489746094,379.6929540391626,372.33643389707953,375.3708716590499,20545500
2025-04-24,386.59027099609375,387.7381880213899,374.5024768665421,375.01155205300716,22232300
2025-04-25,391.1319580078125,391.44138750936105,383.8952433175299,386.29083932956814,18973200
2025-04-28,390.4432067871094,392.0202980494585,385.9315006090283,391.241728610284,16579400
2025-04-29,393.31793212890625,394.3759872470841,389.66463540586307,390.5829324517716,14974000
2025-04-30,394.53570556640625,395.93313400867555,383.73552563819743,389.58477271143016,36461100
2025-05-01,424.6204528808594,436.1892106723326,424.12136912560175,430.3199808366381,58938100
2025-05-02,434.48236083984375,438.63474141621873,429.20204608174254,430.948839257634,30757400
2025-05-05,435.3707275390625,438.6946118778074,431.3181395047298,432.07675654489867,20136100
2025-05-06,432.5159606933594,436.92787448428356,430.3798980651205,431.408009380462,15104200
2025-05-07,432.555908203125,437.3171563878889,430.319992206568,433.04500054847074,23295300
2025-05-08,437.3670654296875,442.85698666150637,434.86165526525525,437.12748451655574,23491300
2025-05-09,437.9260559082031,439.93235195021686,435.08127232610667,439.19371771814804,15324200
2025-05-12,448.4367370605469,448.5465208630377,438.9740982732109,445.12281367736733,22821900
2025-05-13,448.3169860839844,449.8441812103938,444.54388351816056,446.9594623818115,23618800
2025-05-14,452.1099853515625,453.0682176126866,447.3187935842875,447.3187935842875,19902800
2025-05-15,453.1300048828125,456.19000244140625,450.42999267578125,450.7699890136719,21992300
2025-05-16,454.2699890136719,454.3599853515625,448.7300109863281,452.04998779296875,23849800
2025-05-19,458.8699951171875,459.5899963378906,450.79998779296875,450.8800048828125,21336500
2025-05-20,458.1700134277344,458.3399963378906,454.32000732421875,455.5899963378906,15441800
2025-05-21,452.57000732421875,457.7799987792969,451.80999755859375,454.57000732421875,19216900
2025-05-22,454.8599853515625,460.25,453.8999938964844,454.95001220703125,18025600
2025-05-23,450.17999267578125,453.69000244140625,448.9100036621094,449.9800109863281,16883500
2025-05-27,460.69000244140625,460.95001220703125,456.1199951171875,456.4800109863281,20974300
2025-05-28,457.3599853515625,462.5199890136719,456.92999267578125,461.2200012207031,17086300
2025-05-29,458.67999267578125,461.7200012207031,455.30999755859375,461.54998779296875,13974800
2025-05-30,460.3599853515625,461.67999267578125,455.5400085449219,459.7200012207031,34770500
2025-06-02,461.9700012207031,462.1099853515625,456.8900146484375,457.1400146484375,16626500
2025-06-03,462.9700012207031,464.1400146484375,460.8599853515625,461.4700012207031,15743800
2025-06-04,463.8699951171875,465.69000244140625,463.0199890136719,464.0,14162700
2025-06-05,467.67999267578125,469.6499938964844,464.0299987792969,464.9599914550781,20131700
2025-06-06,470.3800048828125,473.3399963378906,468.7799987792969,470.0899963378906,15285600
2025-06-09,472.75,473.42999267578125,468.6199951171875,469.70001220703125,16469900
2025-06-10,470.9200134277344,472.79998779296875,466.9599914550781,471.19000244140625,15375900
2025-06-11,472.6199951171875,475.4700012207031,469.6600036621094,470.0199890136719,16399200
2025-06-12,478.8699951171875,480.4200134277344,473.5199890136719,475.0199890136719,18950600
2025-06-13,474.9599914550781,479.17999267578125,472.760009765625,476.4100036621094,16814500
2025-06-16,479.1400146484375,480.69000244140625,475.0,475.2099914550781,15626100
2025-06-17,478.0400085449219,478.739990234375,474.0799865722656,475.3999938964844,15414100
2025-06-18,480.239990234375,481.0,474.4599914550781,478.0,17526500
2025-06-20,477.3999938964844,483.4599914550781,476.8699951171875,482.2300109863281,37576200
2025-06-23,486.0,487.75,472.510009765625,478.2099914550781,24864000
2025-06-24,490.1099853515625,491.8500061035156,486.79998779296875,488.95001220703125,22305600
2025-06-25,492.2699890136719,494.55999755859375,489.3900146484375,492.0400085449219,17495100
2025-06-26,497.45001220703125,498.0400085449219,492.80999755859375,492.9800109863281,21578900
2025-06-27,495.94000244140625,499.29998779296875,493.0299987792969,497.54998779296875,34539200
2025-06-30,497.4100036621094,500.760009765625,495.3299865722656,497.0400085449219,28369000
2025-07-01,492.04998779296875,498.04998779296875,490.9800109863281,496.4700012207031,19945400
2025-07-02,491.0899963378906,493.5,488.70001220703125,489.989990234375,16319600
2025-07-03,498.8399963378906,500.1300048828125,493.44000244140625,493.80999755859375,13984800
2025-07-07,497.7200012207031,498.75,495.2300109863281,497.3800048828125,13981600
2025-07-08,496.6199951171875,498.20001220703125,494.1099853515625,497.239990234375,11846600
2025-07-09,503.510009765625,506.7799987792969,499.739990234375,500.29998779296875,18659500
2025-07-10,501.4800109863281,504.44000244140625,497.75,503.04998779296875,16492100
2025-07-11,503.32000732421875,505.0299987792969,497.79998779296875,498.4700012207031,16459500
2025-07-14,503.0199890136719,503.9700012207031,501.0299987792969,501.5199890136719,12058800
2025-07-15,505.82000732421875,508.29998779296875,502.7900085449219,503.0199890136719,14927200
2025-07-16,505.6199951171875,506.7200012207031,501.8900146484375,505.0,15100616
