Price,Close,High,Low,Open,Volume
Ticker,NVDA,NVDA,NVDA,NVDA,NVDA
Date,,,,,
2010-01-04,0.4238542318344116,0.4268342804729633,0.4151433309397449,0.424312694549529,800204000
2010-01-05,0.4300435781478882,0.43462825999558813,0.4222496026106827,0.4222496026106827,728648000
2010-01-06,0.432794451713562,0.4337113773004971,0.425688182770792,0.4298144025657274,649168000
2010-01-07,0.42431268095970154,0.4323359011881551,0.4211034147298067,0.4305020230595617,547792000
2010-01-08,0.42522960901260376,0.4282096573827874,0.4183525869245754,0.4208741452940718,478168000
2010-01-11,0.41926953196525574,0.42935584789756387,0.41330943494494377,0.42752196978924806,556612000
2010-01-12,0.40505701303482056,0.4146848666500231,0.3963461121732301,0.4130802334897757,627432000
2010-01-13,0.41055870056152344,0.41193411620601955,0.39199072599513857,0.40780789659939376,508868000
2010-01-14,0.40414008498191833,0.4084955217209819,0.3972630623453808,0.40551550043996937,608524000
2010-01-15,0.3922199606895447,0.40459862004505326,0.3869475702599872,0.4011601081118893,818192000
2010-01-19,0.39955538511276245,0.40207694356907775,0.3880936539112237,0.3892398242986918,545328000
2010-01-20,0.3979507088661194,0.3995553692061781,0.38923980880277737,0.39451219784060465,719728000
2010-01-21,0.3908444941043854,0.40482778409860704,0.38717673784551665,0.3977215165946206,608632000
2010-01-22,0.37731966376304626,0.3933660494439821,0.375027322951484,0.38625978199739586,1067916000
2010-01-25,0.3837381601333618,0.3910736440536667,0.3807581121050604,0.383508915159318,643676000
2010-01-26,0.3715888261795044,0.3844259461540341,0.37135958115869316,0.38190436023254676,714636000
2010-01-27,0.38167503476142883,0.38305044994266507,0.3672332846658617,0.3713595028827171,812504000
2010-01-28,0.36883795261383057,0.3860305347089639,0.3635655636861876,0.3846551193967594,687764000
2010-01-29,0.35279151797294617,0.37709033618594084,0.3472898848336831,0.37296411816320657,774700000
2010-02-01,0.3798411786556244,0.380528886285519,0.3511868944736185,0.35416694265192517,949832000
2010-02-02,0.3837381601333618,0.3885520859734528,0.37731960145552496,0.37846577167203677,849812000
2010-02-03,0.38694754242897034,0.38855220307719,0.378465885735911,0.3802997641004037,562296000
2010-02-04,0.3644825220108032,0.383508955049268,0.3603563033368093,0.383508955049268,783480000
2010-02-05,0.37181806564331055,0.3727350184533838,0.35760552936549117,0.3640241170554218,604856000
2010-02-08,0.37113022804260254,0.38007037134745125,0.3637947447623416,0.3706717654613708,445160000
2010-02-09,0.3681502640247345,0.37892428743234124,0.36448253521365886,0.37709040936337473,930144000
2010-02-10,0.3752565383911133,0.37869504958788175,0.36792105330337876,0.3704426391117521,535828000
2010-02-11,0.3924490809440613,0.39657529941702707,0.3784657925986924,0.3812165958050513,695980000
2010-02-12,0.397721529006958,0.4057447221626252,0.3853428717420989,0.3896983358512908,780212000
2010-02-16,0.40505701303482056,0.406661673521927,0.3981799903535953,0.4029939171611966,457024000
2010-02-17,0.40895402431488037,0.4103294124883029,0.3972630745430607,0.4101001947894956,876560000
2010-02-18,0.3821336030960083,0.38855216304703694,0.37158882408168564,0.3864890398519604,1515508000
2010-02-19,0.38007059693336487,0.3846552801205629,0.37823671819311216,0.3805290597867112,510548000
2010-02-22,0.3807581663131714,0.3874059709114924,0.3782365805471087,0.3816750916861811,458084000
2010-02-23,0.3715888261795044,0.3835089933976482,0.3676918247868678,0.38190436023254676,489764000
2010-02-24,0.3793827295303345,0.3830504854692335,0.37365187795508964,0.3747980482701386,445868000
2010-02-25,0.3759444057941437,0.3768613588989113,0.3612734020596868,0.37067201425405555,576972000
2010-02-26,0.37135958671569824,0.3768612213557625,0.3690672457807197,0.37411039037230065,393396000
2010-03-01,0.3862597644329071,0.3880936424641361,0.3686087464518985,0.3715887948367885,555868000
2010-03-02,0.38603052496910095,0.39451217964208096,0.3832797217409527,0.3896982808245354,538648000
2010-03-03,0.3812166750431061,0.39038603918811016,0.3780074085230989,0.3883229431862285,399300000
2010-03-04,0.38190433382987976,0.38580130762624293,0.3770904073405235,0.3828212591960156,557396000
2010-03-05,0.3935953378677368,0.3963461416796416,0.3791535836966602,0.3791535836966602,632832000
2010-03-08,0.38786444067955017,0.3949707080941209,0.3862597802571996,0.39382453769350356,439312000
2010-03-09,0.40230613946914673,0.4062031128454763,0.3915321172806093,0.3917613622608628,830832000
2010-03-10,0.40322309732437134,0.40757856101321027,0.40093075664398975,0.4011600016427705,418520000
2010-03-11,0.39405372738838196,0.4013892392927873,0.39244909440686426,0.4000138239789973,540660000
2010-03-12,0.39542916417121887,0.3995553830097578,0.39336604108852063,0.3984092126283224,520352000
2010-03-15,0.39336609840393066,0.39886773343255083,0.3896983690450453,0.39497075903323325,358904000
2010-03-16,0.40712010860443115,0.40941244934259385,0.392907574166337,0.3931368191708961,664988000
2010-03-17,0.4149141013622284,0.42041573612899,0.40941249392232687,0.40941249392232687,651168000
2010-03-18,0.40024301409721375,0.41560168880341625,0.3965752586478883,0.41560168880341625,740964000
2010-03-19,0.39542916417121887,0.40734933067277557,0.3903859926314171,0.4062031602913402,584612000
2010-03-22,0.40184783935546875,0.403452472885645,0.3903861049175373,0.3903861049175373,435336000
2010-03-23,0.41010013222694397,0.4121632278357734,0.4020769128017543,0.4048277433826675,493612000
2010-03-24,0.3963460922241211,0.4078078234427907,0.3956583845252409,0.4066616530536095,436252000
2010-03-25,0.39749231934547424,0.4045985877033843,0.396575393834004,0.40207700155654874,495184000
2010-03-26,0.39749231934547424,0.40505705045911944,0.3942830527284667,0.4009308310037801,344676000
2010-03-29,0.40253549814224243,0.40345242366852596,0.39451227681638273,0.4000139119546698,394456000
2010-03-30,0.40414008498191833,0.40918322945000746,0.3972630623453808,0.4071201335897897,324104000
2010-03-31,0.39886757731437683,0.40436921018963856,0.39680445473858467,0.4025353325645513,389840000
2010-04-01,0.3947414755821228,0.40528625453242945,0.3906152565438785,0.4007015727847933,339664000
2010-04-05,0.4007016122341156,0.401389320029338,0.3968046105034756,0.39726310058486486,413636000
2010-04-06,0.3908444941043854,0.39657534617958146,0.3839674442872919,0.3956583934514351,809260000
2010-04-07,0.39336609840393066,0.40001390398098907,0.3851136595244311,0.3883229534561749,817468000
2010-04-08,0.38694754242897034,0.39382459312753343,0.3848844463482046,0.3908445442010905,1037600000
2010-04-09,0.38946908712387085,0.39084450258249637,0.3839674526162275,0.38603057580416583,817572000
2010-04-12,0.3965754210948944,0.39818005451370186,0.3892399071914373,0.38992761503574436,546460000
2010-04-13,0.4048278033733368,0.4062031915407541,0.39657536506139474,0.39817999825347805,648696000
2010-04-14,0.4098709225654602,0.41560177455824654,0.40345236286816794,0.41353867877158657,900720000
2010-04-15,0.4128510653972626,0.4153726517809758,0.40712021209506355,0.4112464319380197,957596000
2010-04-16,0.3910737931728363,0.39772159935957185,0.3823628907404479,0.3961169659099681,1917736000
2010-04-19,0.38923975825309753,0.3903859284460853,0.3761734235184078,0.3880935880601098,1094492000
2010-04-20,0.3906152546405792,0.3961168891070508,0.38557211020812426,0.39199067008891175,678188000
2010-04-21,0.38052886724472046,0.3931367669569712,0.3759441863773033,0.3926783043356002,895908000
2010-04-22,0.3821336030960083,0.3832797735398756,0.36906723817443404,0.37433962768159534,656932000
2010-04-23,0.3768610656261444,0.38190420813375664,0.3702132632656503,0.3809872557425601,752916000
2010-04-26,0.38052886724472046,0.38511354811213766,0.37663189397278657,0.3773196015682699,491092000
2010-04-27,0.369754821062088,0.3816749841882115,0.3686086510052136,0.37777801146020856,606704000
2010-04-28,0.37044262886047363,0.3757150180149871,0.3628778716446935,0.36952567617059556,672164000
2010-04-29,0.38167503476142883,0.3821335247064098,0.36608711445711595,0.37158874785520757,987128000
2010-04-30,0.3601270914077759,0.37777813806029664,0.359897873715696,0.3770904303303392,1068048000
2010-05-03,0.35623010993003845,0.36402408516192897,0.35072847553219955,0.36196096201516753,1078972000
2010-05-04,0.3381206691265106,0.35141625411041927,0.33307749641316114,0.35072854625615674,1311376000
2010-05-05,0.3323897421360016,0.3408713975850488,0.32826352325280467,0.3312435717421612,1330840000
2010-05-06,0.32551267743110657,0.33697440816767027,0.29892151458984323,0.3300973861218459,1002888000
2010-05-07,0.3200111389160156,0.32849279578117474,0.3085494057370836,0.32849279578117474,1153712000
2010-05-10,0.3337651491165161,0.3433930028315705,0.3300974200446062,0.33926678371466995,979156000
2010-05-11,0.330097496509552,0.3367452757795195,0.3275759099854316,0.33055595933388326,829124000
2010-05-12,0.33651602268218994,0.33834987378688214,0.33032667955983425,0.33238980304290705,901236000
2010-05-13,0.33582818508148193,0.3504991795377928,0.332618892234702,0.3351404775195396,1252000000
2010-05-14,0.297087699174881,0.31405104019151375,0.2888352600503718,0.3131341146562849,2493068000
2010-05-17,0.29777541756629944,0.30144317449121316,0.28837680752549755,0.29754617251091864,856060000
2010-05-18,0.28791841864585876,0.302130932556024,0.2863137575000275,0.30029705362283843,674112000
2010-05-19,0.2925029397010803,0.2929614023477811,0.2844797477398244,0.28654284331340535,826520000
2010-05-20,0.2856259346008301,0.2925029566811235,0.27531037415353327,0.28402127425394297,1129136000
2010-05-21,0.29181531071662903,0.2998385048402678,0.27737355582870676,0.27737355582870676,1069600000
2010-05-24,0.2833334803581238,0.29433674513037084,0.28241655529052734,0.2908982351366117,664564000
2010-05-25,0.2908983826637268,0.2922737709626402,0.2716426732103179,0.274393504461869,966652000
2010-05-26,0.29227375984191895,0.3083201746669224,0.2913568343441981,0.30258932198901445,995028000
2010-05-27,0.3094661831855774,0.3094661831855774,0.29892140884805934,0.2996091162747404,713560000
2010-05-28,0.3012138307094574,0.30900780478861656,0.29662914971942994,0.30900780478861656,545116000
2010-06-01,0.2883768379688263,0.30052625332246974,0.2881475928892446,0.29708774108994046,527492000
2010-06-02,0.2915860712528229,0.29204456135873075,0.2870013888086473,0.2888352672516901,649088000
2010-06-03,0.2911275625228882,0.2918152702463409,0.2847090026487602,0.2856259553889834,586360000
2010-06-04,0.27737343311309814,0.28768896385112025,0.27576877313681447,0.2826458209556795,671456000
2010-06-07,0.26361942291259766,0.28035354259080353,0.26247325257794163,0.27851966458998256,577248000
2010-06-08,0.2562839686870575,0.26247328376422463,0.24963616356006652,0.26247328376422463,967636000
2010-06-09,0.25009459257125854,0.26453637134938585,0.24917766724892787,0.2576593221244822,697152000
2010-06-10,0.2601809501647949,0.2613271206679802,0.25445009764886867,0.2551378054161519,611768000
2010-06-11,0.2661408483982086,0.2672870180430231,0.2567422463799942,0.25742995363225085,442104000
2010-06-14,0.2604101300239563,0.27049641699697147,0.259722422428784,0.2700379543758078,375080000
2010-06-15,0.27324727177619934,0.2746226597625003,0.2629317115812348,0.263390201570191,528632000
2010-06-16,0.2698087990283966,0.27393501822533445,0.266141042558483,0.2714134322364114,366480000
2010-06-17,0.2801242470741272,0.2808119546162675,0.2695794709662465,0.27920732190250774,859068000
2010-06-18,0.2819581925868988,0.28539670379809784,0.2796658517794328,0.281728947575409,932832000
2010-06-21,0.2753102481365204,0.2886058235380447,0.2727886909240456,0.2879181435062706,579836000
2010-06-22,0.2649948298931122,0.28218738437109686,0.26361941460413124,0.2787488734754999,818164000
2010-06-23,0.267974853515625,0.2707256565140132,0.2599516348361422,0.2675163909037025,614060000
2010-06-24,0.2546793520450592,0.2677457195253317,0.25376242644115365,0.26637030379260906,725028000
2010-06-25,0.25399166345596313,0.2567424675073647,0.24986544371542913,0.25651322245022146,507220000
2010-06-28,0.25444990396499634,0.25811765771408807,0.24986522544205148,0.25582531845261564,372008000
2010-06-29,0.24023762345314026,0.24917777207782965,0.23863298980056546,0.2489485269873758,660808000
2010-06-30,0.23404818773269653,0.24321754946382787,0.23404818773269653,0.24069596405702534,623072000
2010-07-01,0.23794525861740112,0.23954989211326108,0.22762970877461425,0.23473599162568115,737008000
2010-07-02,0.23496520519256592,0.23932067012036776,0.22694201052893878,0.23886220731924762,737096000
2010-07-06,0.23244360089302063,0.241612964438663,0.23038047769913578,0.23404823404813627,712020000
2010-07-07,0.2436760514974594,0.24505146691033178,0.2329020551861522,0.23336051788149037,608412000
2010-07-08,0.23634053766727448,0.2455098997670493,0.23336048951947674,0.2452806821106677,783272000
2010-07-09,0.23725755512714386,0.23886221597953997,0.23427750582152068,0.23748680019944765,571516000
2010-07-12,0.24161289632320404,0.24459294410077512,0.23702821584289505,0.23725743347079978,565396000
2010-07-13,0.2503238022327423,0.25192843498375933,0.24413448886347533,0.2455098766528391,723316000
2010-07-14,0.2528453767299652,0.2631609076814903,0.24917762146090483,0.2613270300469601,1355664000
2010-07-15,0.2457391619682312,0.25330389169594625,0.24275911361163358,0.2530746466966478,953088000
2010-07-16,0.23038049042224884,0.24642690484016955,0.22946356494778955,0.24573919707089487,1288604000
2010-07-19,0.2397790402173996,0.2406959654651355,0.23198506630422988,0.23358972647804818,798440000
2010-07-20,0.2457391619682312,0.24711454998345253,0.231526627856282,0.23358975086939873,1160988000
2010-07-21,0.23771589994430542,0.2482606761523495,0.23542355966663076,0.24803145852069305,624940000
2010-07-22,0.24161289632320404,0.24413448151811445,0.2388620935003889,0.24023748124837085,462612000
2010-07-23,0.23748672008514404,0.24161293870660788,0.23519437944287036,0.24138369371163812,817604000
2010-07-26,0.24184221029281616,0.24275916315027152,0.23313130844473196,0.23679906522082914,683548000
2010-07-27,0.2397790402173996,0.2429883059113289,0.23679899217197747,0.24252984328746094,683472000
2010-07-28,0.23221436142921448,0.24000833702559166,0.23152665368146655,0.2358821178659637,1320808000
2010-07-29,0.20929083228111267,0.22006483814598743,0.20791543105633098,0.21548015828776593,2664476000
2010-07-30,0.21066632866859436,0.21433407124140536,0.20447700026751106,0.20768628014250656,984288000
2010-08-02,0.2104371041059494,0.21525103121796124,0.2095201649577838,0.21433409206979562,917020000
2010-08-03,0.2049354612827301,0.20906168018290783,0.2033308281901215,0.20883244883588217,955444000
2010-08-04,0.21364639699459076,0.21433410481245838,0.2058524342669594,0.2067693734696392,855496000
2010-08-05,0.216397225856781,0.21685568865024854,0.21043712756111174,0.21433411595931331,800504000
2010-08-06,0.21891877055168152,0.22121111155273104,0.21364638078389556,0.21548025905010723,739904000
2010-08-09,0.22098185122013092,0.22144032755830415,0.21570946214342301,0.22121108255750335,466456000
2010-08-10,0.21181242167949677,0.21777250289040692,0.21089548295548965,0.2173140403601154,772560000
2010-08-11,0.20356005430221558,0.20745702809172067,0.20287234661539535,0.20745702809172067,796148000
2010-08-12,0.20539389550685883,0.20997857616061222,0.19828762956280016,0.1998922623262434,1343584000
2010-08-13,0.21525101363658905,0.21823106220886387,0.21158325734350336,0.2120417337118537,1797392000
2010-08-16,0.20974937081336975,0.21662639264490918,0.2069985538826973,0.21227094275224864,814008000
2010-08-17,0.2125001847743988,0.21639717220643845,0.2097493813687237,0.21181249075469427,481224000
2010-08-18,0.21364639699459076,0.21548027539995032,0.21043711661692713,0.2118125322526624,352920000
2010-08-19,0.22648344933986664,0.22717115694771647,0.2147925019869817,0.2159386722244467,1615100000
2010-08-20,0.22854655981063843,0.2340481933781333,0.22464958644628008,0.22487881776240226,1305308000
2010-08-23,0.2251080572605133,0.2349651271828852,0.22442034962372362,0.22923427575439634,748620000
2010-08-24,0.22281573712825775,0.2251080779099323,0.217314116519553,0.2177725792105164,641332000
2010-08-25,0.22740042209625244,0.2292343002144205,0.2191479842279252,0.22029416829935203,757532000
2010-08-26,0.22464965283870697,0.23290209196542855,0.22464965283870697,0.23038050575257965,657596000
2010-08-27,0.23198513686656952,0.23381901524670118,0.22029419976766546,0.22602505262628814,1060416000
2010-08-30,0.22098185122013092,0.23106816669880187,0.22098185122013092,0.22923428867296564,602804000
2010-08-31,0.21387553215026855,0.22464953833489992,0.2131878246857557,0.21777250468004372,931488000
2010-09-01,0.21548016369342804,0.21983561240068655,0.21433399370011919,0.2170848098821149,851440000
2010-09-02,0.21937714517116547,0.2200648389543706,0.21410475784947375,0.21616786652593675,596292000
2010-09-03,0.22694194316864014,0.22762963716620085,0.2218987855360546,0.22464960251658164,566484000
2010-09-07,0.2290051132440567,0.23427748994451486,0.22579583274705556,0.22625429553372786,899820000
2010-09-08,0.23656976222991943,0.2381744225057091,0.22694193720945835,0.2294635227912518,1224156000
2010-09-09,0.23336052894592285,0.23977908896555694,0.23038048029464353,0.23954984394358958,697748000
2010-09-10,0.23083896934986115,0.23565289674555842,0.2287758732241979,0.2349651889280499,609292000
2010-09-13,0.24390530586242676,0.2468853544866977,0.23496515998961387,0.23496515998961387,1015792000
2010-09-14,0.24161289632320404,0.24482216172867985,0.23954977371095426,0.24184211395110877,698536000
2010-09-15,0.24207144975662231,0.24230069479741517,0.23611135196462238,0.23932064590141522,555572000
2010-09-16,0.24230068922042847,0.24436378523263255,0.23886217764884776,0.23886217764884776,365280000
2010-09-17,0.24184221029281616,0.24482225925753737,0.2411545298083023,0.2445930415383201,416884000
2010-09-20,0.2455098181962967,0.2464267704977291,0.23954972388094536,0.2418420636442581,443168000
2010-09-21,0.2588054835796356,0.2629317020425587,0.24413451496352578,0.24413451496352578,1779624000
2010-09-22,0.26109787821769714,0.2633902190068092,0.25628395162981876,0.25788858471682563,999996000
2010-09-23,0.2663702368736267,0.27462267454301176,0.26178555535215886,0.2640778961128928,1240872000
2010-09-24,0.28104129433631897,0.2819582472331345,0.2702672959184952,0.2723303921143194,1086976000
2010-09-27,0.2750811278820038,0.2833335371242955,0.2714133722230827,0.2831043194748965,999504000
2010-09-28,0.27439337968826294,0.2782903524200921,0.2695794545139242,0.2753103048039228,723192000
2010-09-29,0.27233031392097473,0.28035353332526003,0.26935026568398684,0.2718718512676355,974904000
2010-09-30,0.2677456736564636,0.2789781606777664,0.2654533327125479,0.2757688669601686,787632000
2010-10-01,0.2601809501647949,0.2721011452594098,0.2581178541898056,0.27164265519664743,999120000
2010-10-04,0.25765931606292725,0.26201477955867336,0.25238692726642153,0.25765931606292725,749500000
2010-10-05,0.25949323177337646,0.26361945088128036,0.2588055240342493,0.2631609881641486,753588000
2010-10-06,0.24711444973945618,0.2606392706939123,0.24459289240434584,0.2594931008160861,1057604000
2010-10-07,0.24528071284294128,0.24848997904922338,0.2379452003825399,0.24826073403726406,761488000
2010-10-08,0.2489483505487442,0.25101147292001785,0.2409251606453255,0.24436367060393352,706932000
2010-10-11,0.24780221283435822,0.25215767574525855,0.24665604269888736,0.2500945531053,442680000
2010-10-12,0.25261619687080383,0.25376236727186763,0.24367605134639173,0.24573917446442126,605208000
2010-10-13,0.259951651096344,0.2636194068748516,0.2539915821148375,0.25674238528529086,968732000
2010-10-14,0.25582554936408997,0.2606394497621676,0.254679351371941,0.2601809869614265,599172000
2010-10-15,0.2588054835796356,0.2629317020425587,0.2558254627206653,0.2599516538567334,639940000
2010-10-18,0.2604101300239563,0.26155630024029225,0.2544500339682678,0.25903471483361173,448156000
2010-10-19,0.2588054835796356,0.2606393614883631,0.2526161695486785,0.25467926511671257,866136000
2010-10-20,0.2588054835796356,0.265911750228384,0.25445004745740596,0.2590347285657972,763532000
2010-10-21,0.2542208135128021,0.25949320248181834,0.2503238398667836,0.2590347398164378,1014428000
2010-10-22,0.2704963982105255,0.2725595208527549,0.2530746012014514,0.25582543139109065,1322676000
2010-10-25,0.27301809191703796,0.27508121537898317,0.2700380429121366,0.27255962914555987,673136000
2010-10-26,0.27210110425949097,0.27622732291459545,0.2675164229375651,0.269808763598528,675248000
2010-10-27,0.2759980261325836,0.27691495129418475,0.268891760486196,0.2695794680208224,496796000
2010-10-28,0.27622732520103455,0.28058276156217327,0.2737057395223607,0.2796658362209408,704448000
2010-10-29,0.27553969621658325,0.27851974541687546,0.27278889208049206,0.27576891395392006,554664000
2010-11-01,0.2759980261325836,0.28172887670971847,0.27370568590172967,0.27737344120183643,473920000
2010-11-02,0.28172898292541504,0.28631366511561107,0.2755396674340227,0.277144300735219,581036000
2010-11-03,0.28379204869270325,0.2856259266618468,0.27622731914927107,0.28356280369898934,671748000
2010-11-04,0.28425052762031555,0.28952291683575965,0.28379206493350684,0.2865428683812167,700016000
2010-11-05,0.2890644371509552,0.2915859954435556,0.2849382185585977,0.2863136065381463,735116000
2010-11-08,0.2902105450630188,0.29273210281343454,0.2865427899191505,0.28883513005235567,605156000
2010-11-09,0.2886059582233429,0.29250295929853276,0.28700132518895366,0.290210618584589,633964000
2010-11-10,0.2920444905757904,0.2920444905757904,0.2865428565800952,0.2906690752451525,521016000
2010-11-11,0.2890644371509552,0.29387833606965913,0.28127046262608973,0.28516743622509455,1089980000
2010-11-12,0.30396467447280884,0.3135925277004237,0.29869228516408114,0.3000677005756998,2142560000
2010-11-15,0.3002969026565552,0.30969551038493714,0.29960922231333503,0.3053400740192127,733548000
2010-11-16,0.29135674238204956,0.29937993359872733,0.2908982797778956,0.29525371550763685,739356000
2010-11-17,0.296170711517334,0.29960922254350214,0.28837673679523895,0.29112754015080217,551764000
2010-11-18,0.305340051651001,0.3083200997851201,0.3000676630024601,0.3000676630024601,993120000
2010-11-19,0.31519731879234314,0.31634348976760407,0.3041940719644639,0.30465253488919397,716484000
2010-11-22,0.31542643904685974,0.3172602900197935,0.3103832668907096,0.3131340980038318,462668000
2010-11-23,0.30809083580970764,0.3149678569290172,0.3057984954366045,0.31175859133741385,457832000
2010-11-24,0.31565555930137634,0.3168017294690284,0.3110708786307682,0.31130012359503956,397784000
2010-11-26,0.31175878643989563,0.317260395847577,0.31175878643989563,0.3154265442629298,143104000
2010-11-29,0.31519731879234314,0.31634348976760407,0.30900800099130843,0.3103833897654986,468192000
2010-11-30,0.31198784708976746,0.31359250740844063,0.3062569954569522,0.31038321409795044,720936000
2010-12-01,0.3257420063018799,0.32780510251608924,0.317718811849278,0.3181772746383397,626536000
2010-12-02,0.3296390175819397,0.33170214135197434,0.32551279736873706,0.32574204245214083,529316000
2010-12-03,0.33903759717941284,0.33903759717941284,0.32734664555253656,0.3280343534117994,606044000
2010-12-06,0.33261892199516296,0.34087135882313757,0.3312435340750703,0.34018365119966393,438424000
2010-12-07,0.3433929681777954,0.3514161605794343,0.33972521214916074,0.3404129198203868,1026812000
2010-12-08,0.34637296199798584,0.3500406901222718,0.3404128662215994,0.34293445151011337,613252000
2010-12-09,0.3406420648097992,0.3429344323337138,0.3333065816445647,0.33812050698913926,942408000
2010-12-10,0.34270524978637695,0.3459145157159006,0.3397252015221875,0.34064212683723544,451900000
2010-12-13,0.33399438858032227,0.344768385247963,0.3330774358324612,0.34408070484564074,609108000
2010-12-14,0.33445262908935547,0.3466020331436161,0.3339941666834446,0.34041272234671827,755160000
2010-12-15,0.32711726427078247,0.33926667262062293,0.326658774375926,0.3351404548548667,624176000
2010-12-16,0.32757583260536194,0.33238975944085697,0.32665887984643666,0.33055588124986557,631872000
2010-12-17,0.3294096291065216,0.33124350684273224,0.3239079958978897,0.32780496900805456,593156000
2010-12-20,0.32803431153297424,0.33216053083490943,0.32780506650019875,0.3305558975860625,344088000
2010-12-21,0.3408713638782501,0.3408713638782501,0.33101429400056,0.33124353898740244,466952000
2010-12-22,0.3445391356945038,0.34499759836260807,0.3369744060267864,0.34018367203037253,477988000
2010-12-23,0.3420175313949585,0.34453911692242883,0.34064211613872836,0.34453911692242883,273784000
2010-12-27,0.3438514471054077,0.34637303291016036,0.33491130161053206,0.3411006436173144,255500000
2010-12-28,0.3424760103225708,0.3461437662956805,0.3404129146669817,0.34385142564420096,194260000
2010-12-29,0.3424760103225708,0.34499759596994073,0.33926674434124193,0.3422467926535365,177660000
2010-12-30,0.3436221480369568,0.34568527082360195,0.3408713449816167,0.34201751519857954,174488000
2010-12-31,0.35302090644836426,0.35347939659365646,0.3433930779539378,0.34385154077236474,391252000
2011-01-03,0.36264869570732117,0.3660872072046996,0.3553131826514257,0.3557716727125644,817448000
2011-01-04,0.3615024983882904,0.36494100963056536,0.3534793054896489,0.36333637651620865,651384000
2011-01-05,0.38923975825309753,0.389698248191775,0.36448247661919164,0.36815020484064065,1428216000
2011-01-06,0.4431098997592926,0.4433391447740458,0.39817998103575974,0.399326151455809,3493312000
2011-01-07,0.4554885923862457,0.45686400792883247,0.4282097178552527,0.43806678970549623,2579984000
2011-01-10,0.4729102551937103,0.473827180399661,0.44379751099226955,0.44723602150486313,1750348000
2011-01-11,0.46557489037513733,0.48391367351892245,0.455488600636347,0.47932899139640667,2711088000
2011-01-12,0.5352621674537659,0.5357206028827255,0.46419953851505225,0.46580417182385714,3431896000
2011-01-13,0.5361790060997009,0.5464945667322045,0.513026326422761,0.5295312015732812,2695192000
2011-01-14,0.5407638549804688,0.5497040030091994,0.5238005392236962,0.5270098063149129,1595352000
2011-01-18,0.528155505657196,0.5370956461693979,0.5150891758759623,0.5334278920115444,1813348000
2011-01-19,0.5137138366699219,0.5409926973233935,0.5125676940699885,0.5283848554556603,1197896000
2011-01-20,0.5141727328300476,0.5171527824600461,0.49950170245044373,0.5086711237645644,1111408000
2011-01-21,0.5093587040901184,0.5270097815705117,0.5084417784862129,0.5196742674318099,739244000
2011-01-24,0.5668962001800537,0.5742317096038796,0.5267802252466133,0.5327402651680667,2056900000
2011-01-25,0.5494747161865234,0.5703350043108206,0.5458069594060354,0.564374906374243,1086856000
2011-01-26,0.5625410079956055,0.573085787357442,0.5513085208794127,0.5552054950516185,1074660000
2011-01-27,0.5609363317489624,0.5719395456670041,0.5501623355135463,0.5705641849175355,657396000
2011-01-28,0.5446606278419495,0.5717102796380823,0.5318235095873195,0.5623116996006349,1094796000
2011-01-31,0.5483284592628479,0.5558931897290937,0.5366375370212491,0.545577682963852,750160000
2011-02-01,0.5609363317489624,0.5650625233047991,0.5494746278119542,0.5531423840025399,654104000
2011-02-02,0.5863813161849976,0.5999061423834893,0.5577270308022556,0.5577270308022556,1606616000
2011-02-03,0.5753779411315918,0.5872981321241155,0.5627700426084454,0.5872981321241155,1030776000
2011-02-04,0.5884443521499634,0.593029033186802,0.5811088952832469,0.5834012358016663,872900000
2011-02-07,0.5639163851737976,0.5829428193411371,0.5618532620509634,0.5804212608490392,934236000
2011-02-08,0.5471823811531067,0.5682719418866005,0.5446607675955858,0.5646041850650723,1076584000
2011-02-09,0.5338866710662842,0.5547470102313955,0.524029600336924,0.5492453486866625,1277520000
2011-02-10,0.5231125354766846,0.5320526784492821,0.5180693652900065,0.5219663380759259,1042352000
2011-02-11,0.5380128622055054,0.5549762275340463,0.5127971138729025,0.5212787692103157,1359276000
2011-02-14,0.529760479927063,0.5616240328962013,0.5276973568463643,0.5444314498644749,1287828000
2011-02-15,0.5169234275817871,0.532511324908439,0.5146310318709857,0.5306774739242642,886980000
2011-02-16,0.53594970703125,0.5435144357719573,0.5219663924162153,0.5238002975176114,1318364000
2011-02-17,0.5886737108230591,0.5962384411090268,0.5182987427409059,0.5208203559387066,3470096000
2011-02-18,0.5875273942947388,0.5948629054084077,0.5783580327295057,0.5854642715464495,1394412000
2011-02-22,0.5320526361465454,0.5698762729050779,0.5302187313818826,0.5682716403945578,1396648000
2011-02-23,0.5068370699882507,0.5370959930139707,0.49927233923182074,0.5320528756121644,1491604000
2011-02-24,0.5192157030105591,0.528155793745546,0.5056908760871971,0.5093585775919532,1246120000
2011-02-25,0.5299896597862244,0.5387005321935856,0.5258634139192815,0.5331989256913726,775652000
2011-02-28,0.5194448232650757,0.5389297434596837,0.507524631649202,0.5387004711683521,903696000
2011-03-01,0.4962921142578125,0.5270095164380396,0.4962921142578125,0.5203617135101328,988448000
2011-03-02,0.4756612479686737,0.5050032471593363,0.4641995423442876,0.49560461028973324,1718140000
2011-03-03,0.47841203212738037,0.48941530249384685,0.4639702773458285,0.48666447123879913,1593704000
2011-03-04,0.47589051723480225,0.48368446697290196,0.47061812661109254,0.478870566485322,959760000
2011-03-07,0.46924254298210144,0.4809335180604641,0.45732237757139754,0.47932888513867117,1019140000
2011-03-08,0.44815313816070557,0.47680740292610885,0.43829603828917196,0.47428584402287083,1947184000
2011-03-09,0.43875429034233093,0.451132942401109,0.43485729058704947,0.4467774801236908,1318976000
2011-03-10,0.41078779101371765,0.43187731655561284,0.4103293010868605,0.42866805102872635,1722736000
2011-03-11,0.4137677848339081,0.425229513054332,0.40482766906766093,0.4142262747311314,1486832000
2011-03-14,0.41720646619796753,0.42752200055691153,0.41032941596514494,0.4169772211703581,1003360000
2011-03-15,0.4048278033733368,0.411704826191002,0.38992755994153594,0.39680458275920116,1256280000
2011-03-16,0.40184783935546875,0.4206450608791096,0.39657544861900523,0.40116013146343177,1476520000
2011-03-17,0.4094125032424927,0.4133094775450415,0.39428304144805515,0.4126217697676833,1238516000
2011-03-18,0.4039108455181122,0.4172064555904978,0.4034523828014097,0.4158310401135312,886960000
2011-03-21,0.40712010860443115,0.4167479342393429,0.40299388981036693,0.4126217154452787,751832000
2011-03-22,0.40001380443573,0.409870874164694,0.39817992654922546,0.40597390073515605,718332000
2011-03-23,0.4082662761211395,0.4094124464822131,0.39061523069912124,0.39932613090865166,782396000
2011-03-24,0.44081756472587585,0.4458607365020106,0.416060277861324,0.4169772032786983,1780592000
2011-03-25,0.4270634651184082,0.44586067972252097,0.42637575747952633,0.4447145094333363,1196392000
2011-03-28,0.44288063049316406,0.4502161148618113,0.43325277822453095,0.43714975173348214,1204284000
2011-03-29,0.4394421875476837,0.44448533212260016,0.4334820902056901,0.4428806989387894,715764000
2011-03-30,0.422937273979187,0.44471453820970336,0.41743563983899046,0.4428806601629712,1176320000
2011-03-31,0.4231666028499603,0.4282097756353675,0.41537265326192707,0.4236250929772622,655112000
2011-04-01,0.41720646619796753,0.42912663376959753,0.4114755864494721,0.42866817104123867,850072000
2011-04-04,0.40230613946914673,0.4183525502618261,0.39932609136012265,0.4172063800142672,924328000
2011-04-05,0.4029938876628876,0.4114755428835208,0.40207693497639446,0.40826627679793753,821076000
2011-04-06,0.40024301409721375,0.4064323275069548,0.3968044762841885,0.40597386490750215,856984000
2011-04-07,0.4149141013622284,0.4174356873795183,0.3995554222095482,0.40116005543561445,1021208000
2011-04-08,0.40230613946914673,0.4181233052815726,0.4011599692215878,0.4181233052815726,746552000
2011-04-11,0.3970338702201843,0.40597401723481785,0.39267843290088306,0.403910893772889,546208000
2011-04-12,0.3981800079345703,0.40093081166314576,0.3858013501656905,0.39313686321103863,840756000
2011-04-13,0.40712010860443115,0.4096416670202958,0.3972630379649603,0.40230618212354674,749588000
2011-04-14,0.42431268095970154,0.42454192597334756,0.40116002765578307,0.4034523684848103,1254704000
2011-04-15,0.4288974106311798,0.43416980025761187,0.41904031179870554,0.4211034350404535,969720000
2011-04-18,0.41468483209609985,0.4215618542042921,0.4080370276620667,0.41881105082638653,743584000
2011-04-19,0.4130801558494568,0.41651866654378544,0.4018476711852041,0.4149140063582823,659860000
2011-04-20,0.42568814754486084,0.4343990492073671,0.418811124231334,0.42820973369056525,650516000
2011-04-21,0.42454198002815247,0.43302366403697024,0.42362505451053734,0.43027283283040135,421300000
2011-04-25,0.43118971586227417,0.43829595579039626,0.4261465443513302,0.42637578935704845,619612000
2011-04-26,0.4424222409725189,0.446777705446523,0.4305020727510419,0.4348575098981846,676000000
2011-04-27,0.4424222409725189,0.44471460939300517,0.4332528765980195,0.44471460939300517,450004000
2011-04-28,0.4472361207008362,0.4561762664125953,0.4373790495797545,0.442422193984746,684000000
2011-04-29,0.4584687054157257,0.4685549963850697,0.44952855778998213,0.45021626565763384,836000000
2011-05-02,0.452279269695282,0.4683256548397391,0.4499869289603596,0.4680964371623611,613824000
2011-05-03,0.4307313561439514,0.44838240711785576,0.4252297476110887,0.4470070186480729,808000000
2011-05-04,0.42752203345298767,0.4369206430783986,0.41949883944534583,0.4321067157430687,639356000
2011-05-05,0.4277510643005371,0.43279420682888425,0.41835245938150734,0.42408330937436733,544000000
2011-05-06,0.44288063049316406,0.4470068489901704,0.43325277822453095,0.43669128908422705,841080000
2011-05-09,0.4527376890182495,0.4550300295336347,0.44310983699214807,0.44425600724984066,706328000
2011-05-10,0.45342543721199036,0.45686394829275556,0.4488407284441131,0.45640548561402494,690976000
2011-05-11,0.4554885923862457,0.4603024921315783,0.44929927709832645,0.4557178374189637,616000000
2011-05-12,0.46993041038513184,0.4703889005131162,0.4527378503916451,0.45388402105787756,1224000000
2011-05-13,0.41858166456222534,0.4412758462565302,0.41537239959220934,0.44012967629197486,2025192000
2011-05-16,0.40574461221694946,0.4183525110863189,0.4055153945850147,0.4174355585780248,728188000
2011-05-17,0.40414008498191833,0.40459854769231574,0.39244913556906097,0.4043693300005465,1420364000
2011-05-18,0.4135386347770691,0.41697714560693316,0.4043692725640982,0.40574466049993085,658844000
2011-05-19,0.4075785279273987,0.4169771348847595,0.4013892140581667,0.4167478899045881,650884000
2011-05-20,0.41468483209609985,0.41560175744644945,0.4048277616089863,0.4066616396365422,575820000
2011-05-23,0.41422635316848755,0.4172064014304847,0.4034523304268934,0.40872471930167986,588000000
2011-05-24,0.4158310294151306,0.43256512309568357,0.41514332169434054,0.41628949212003785,720372000
2011-05-25,0.4208742082118988,0.423625039319826,0.4096417207261581,0.41376794006118817,545312000
2011-05-26,0.4314190447330475,0.4350868018087068,0.4197280929653899,0.4208742636356753,706436000
2011-05-27,0.44700682163238525,0.4476945019007528,0.4327942890873285,0.4332527517085247,658824000
2011-05-31,0.45938554406166077,0.4596148164099635,0.44471457318760893,0.4557178150065774,1200716000
2011-06-01,0.43875429034233093,0.45800996221370316,0.43783733797120983,0.4573222547670742,762208000
2011-06-02,0.4366912841796875,0.44265138053363073,0.43141889545533074,0.4394421146980335,607592000
2011-06-03,0.4231666028499603,0.4355452624229631,0.42110350658455864,0.4316482876289464,549300000
2011-06-06,0.41422635316848755,0.4263757638816419,0.41376786318444514,0.42247879030527125,435988000
2011-06-07,0.4139971137046814,0.41972796531318024,0.41216323572459057,0.41743562466978074,433956000
2011-06-08,0.40276452898979187,0.41445547432340174,0.3995552638099398,0.41193391663261775,569288000
2011-06-09,0.3981800079345703,0.40345239768834174,0.38373825420097396,0.4025354722211033,741632000
2011-06-10,0.3924490809440613,0.40138922552329637,0.38923978776426343,0.39886763997680197,493548000
2011-06-13,0.38969823718070984,0.39749218334206454,0.3869474069337826,0.3924490401007849,574760000
2011-06-14,0.39290758967399597,0.4016184902881958,0.3913029565593203,0.39313683468760313,534576000
2011-06-15,0.38442593812942505,0.389927545245462,0.37640271781767853,0.3876352043926369,935916000
2011-06-16,0.37113022804260254,0.39061514735003655,0.3656286224141196,0.3846550518134707,1024908000
2011-06-17,0.36241939663887024,0.37571500523854834,0.35095769335658517,0.3754857602421601,1467884000
2011-06-20,0.3580639958381653,0.3667748966620941,0.3553131649160812,0.3592101662800807,745960000
2011-06-21,0.36585795879364014,0.3686087898276137,0.3560008871268617,0.3594393985924686,704276000
2011-06-22,0.36081475019454956,0.3681502345563943,0.36012704255787703,0.363336335753397,651720000
2011-06-23,0.3715888261795044,0.37411038477413266,0.3530208266264254,0.3562301202834874,744024000
2011-06-24,0.36081475019454956,0.37296416068624666,0.35852240962354465,0.36975489481758184,529052000
2011-06-27,0.35324999690055847,0.36310706615311006,0.34064209728777606,0.36081472573748663,1142152000
2011-06-28,0.35531312227249146,0.3594393408335426,0.35072844105506923,0.3532500266553937,692200000
2011-06-29,0.36081475019454956,0.3644825060388995,0.34522682884634504,0.35760545699902957,960544000
2011-06-30,0.36539945006370544,0.3692964237687672,0.35623008730974526,0.3617316940313788,652300000
2011-07-01,0.37021344900131226,0.3715888646147274,0.35806403550568494,0.3653995216812212,540804000
2011-07-05,0.36402401328086853,0.3731933748064708,0.36081472035079604,0.36975486423437,535296000
2011-07-06,0.3592101037502289,0.3644824923306153,0.35485464043301657,0.36379478471980764,529580000
2011-07-07,0.360585480928421,0.3628778213450823,0.35416692229639896,0.3610439708732359,986136000
2011-07-08,0.35370853543281555,0.35806399955340124,0.35072848678754304,0.3555424136242801,619516000
2011-07-11,0.3413299322128296,0.3484362010830361,0.3404130066352574,0.3470608127166778,714388000
2011-07-12,0.33674514293670654,0.34293448426757106,0.3310142915761689,0.33972519110955707,867604000
2011-07-13,0.33605751395225525,0.3436222449838343,0.3328482473700635,0.3413299039031656,634368000
2011-07-14,0.3227618932723999,0.33949598671109965,0.32115726016498664,0.3374328909054052,1088996000
2011-07-15,0.3232203722000122,0.32665888360006073,0.3165725944239956,0.3245957876907754,827736000
2011-07-18,0.3163433074951172,0.3225326217299576,0.31221708889627164,0.32069877108767586,818200000
2011-07-19,0.32597115635871887,0.3266588366784619,0.3172602292709442,0.3172602292709442,602224000
2011-07-20,0.3218448758125305,0.32895111392030435,0.3209279233514031,0.32711726365175,662956000
2011-07-21,0.33697447180747986,0.33926681292234473,0.31748954500426657,0.3223034722762275,1143420000
2011-07-22,0.3438514471054077,0.34499761750268476,0.3355990093142699,0.33995447322003736,737192000
2011-07-25,0.33834975957870483,0.33995441974396,0.3335358610634998,0.3385790045528423,566920000
2011-07-26,0.330097496509552,0.336974520855118,0.3252835685369096,0.3287220807096926,698276000
2011-07-27,0.3177187442779541,0.3271173524257411,0.31680179156798155,0.3255126920150035,652212000
2011-07-28,0.3170309364795685,0.3236787117253631,0.3115293039373617,0.3165724739327635,648176000
2011-07-29,0.3170309364795685,0.32001098402407435,0.3122170114209937,0.3138216439982356,677656000
2011-08-01,0.33399438858032227,0.33491131400132446,0.3216157314356394,0.32436653502550483,1019620000
2011-08-02,0.33055588603019714,0.35256236998662227,0.33055588603019714,0.3317020565002847,1356432000
2011-08-03,0.33949607610702515,0.3406422468179663,0.32803436899761396,0.3312436633843682,765236000
2011-08-04,0.3071739673614502,0.3333066688406437,0.3071739673614502,0.3333066688406437,979732000
2011-08-05,0.2968583106994629,0.31817710602533456,0.2888351204986258,0.3142801333931549,1270588000
2011-08-08,0.27347657084465027,0.29250303659020865,0.2716426923235356,0.28241671838751015,1084180000
2011-08-09,0.29639989137649536,0.29685835398945826,0.2750811202686179,0.278748848499174,1329832000
2011-08-10,0.2828751802444458,0.29594154758460267,0.28127054679138597,0.2876891079304893,1140052000
2011-08-11,0.3074031472206116,0.3115293656124432,0.28287508185183363,0.28287508185183363,1078792000
2011-08-12,0.2952537536621094,0.3406421312026124,0.2904398273792771,0.34018366853921317,3195784000
2011-08-15,0.30648624897003174,0.30717395665045166,0.2966291784222976,0.2982338114587062,864152000
2011-08-16,0.29777541756629944,0.30717402760710133,0.2922737821789289,0.3030478078982892,716868000
2011-08-17,0.29364916682243347,0.3037354836365167,0.2897521925808637,0.2986923115660449,553328000
2011-08-18,0.2737056314945221,0.2831042355035091,0.27049633941315904,0.2803534332386591,802564000
2011-08-19,0.26889172196388245,0.2840211762507634,0.2670578445765564,0.2691209668848659,761332000
2011-08-22,0.2737056314945221,0.2796657258407352,0.2707255843214156,0.2764564337593721,611876000
2011-08-23,0.30327701568603516,0.3035062607339018,0.27989511387812954,0.28035360397386283,938312000
2011-08-24,0.29892152547836304,0.3035062070092476,0.29112755047974476,0.30258928163381366,687500000
2011-08-25,0.2860844135284424,0.2982338253592851,0.28562595082907927,0.2929614359994637,690968000
2011-08-26,0.2982337176799774,0.30121376514015863,0.27989497038505806,0.28493814023775627,732660000
2011-08-29,0.30625706911087036,0.3074032397130841,0.29960929054877605,0.306715559213246,601528000
2011-08-30,0.31359249353408813,0.31611405174485124,0.3021307634487057,0.3041938863413536,684760000
2011-08-31,0.3051108121871948,0.3190941005088174,0.30258925397183756,0.31588483466132455,705808000
2011-09-01,0.30442315340042114,0.3158848853457465,0.3041939357041675,0.3092370802709206,762312000
2011-09-02,0.296170711517334,0.3016723182284604,0.2938783435063654,0.29754609953168737,471356000
2011-09-06,0.3021308481693268,0.3028185559930498,0.28379211861331294,0.2865429225813425,696248000
2011-09-07,0.3266589343547821,0.3355990817801017,0.3177188142563262,0.3266589343547821,1606620000
2011-09-08,0.3250542879104614,0.3312436310060412,0.3197818976901236,0.32344965453736624,880164000
2011-09-09,0.31817713379859924,0.3310142501712133,0.31542633095499667,0.32230335172742886,869828000
2011-09-12,0.3257420063018799,0.32849281036311356,0.3138218098250949,0.3138218098250949,916480000
2011-09-13,0.3330773711204529,0.33468203128573326,0.3234495467630382,0.32849269025245986,853836000
2011-09-14,0.35026997327804565,0.3546254367670369,0.3415590736269183,0.3417883186151803,1547192000
2011-09-15,0.35531312227249146,0.3598978308167693,0.35210385635103814,0.3580639528644293,752908000
2011-09-16,0.35439619421958923,0.36906719039801894,0.3525623162814286,0.35600082716790904,1391588000
2011-09-19,0.3470606803894043,0.35095765359854353,0.33812053644588747,0.34843606823135476,968204000
2011-09-20,0.3381206691265106,0.35279166981894433,0.3365160356844739,0.35141625411041927,792436000
2011-09-21,0.3317020833492279,0.3459145928633442,0.3314728383059108,0.33995452233257895,715252000
2011-09-22,0.3096955418586731,0.3190941505422168,0.30373547187496425,0.3186356878245252,1314632000
2011-09-23,0.3161140978336334,0.32505424368485264,0.3060278088663111,0.3078616870404221,1011440000
2011-09-26,0.3168017864227295,0.3209280052334469,0.3025892792541316,0.32001107986522404,972124000
2011-09-27,0.3172602653503418,0.3275758265687133,0.3147387067951983,0.32482502299634824,781388000
2011-09-28,0.3076324760913849,0.3259712325366537,0.3025893310491954,0.31794801122048877,1236532000
2011-09-29,0.300067663192749,0.3184064146466068,0.29227368904265993,0.31313402599472245,866416000
2011-09-30,0.2867721617221832,0.29685845183940324,0.28631367163124066,0.29525381850169036,677784000
2011-10-03,0.27072572708129883,0.29204453102460604,0.27072572708129883,0.28310438479094235,949896000
2011-10-04,0.2957122027873993,0.2957122027873993,0.26293170028882024,0.26407787055827314,1361548000
2011-10-05,0.30625706911087036,0.3090079004176734,0.289064510077665,0.2950245808130586,856708000
2011-10-06,0.31840646266937256,0.31932338808327365,0.3074031937414079,0.30786168377521705,773192000
2011-10-07,0.3243664801120758,0.32918040607451377,0.3131340226355261,0.3197817991295079,806976000
2011-10-10,0.3388083279132843,0.3388083279132843,0.3291804740016781,0.3298681817563442,534376000
2011-10-11,0.335140585899353,0.3415591463417341,0.3339944153677443,0.3360575113938956,816080000
2011-10-12,0.3349112868309021,0.34178833623793814,0.3346820691576768,0.34155909123785616,612064000
2011-10-13,0.35439619421958923,0.3550839018622564,0.33238971361537234,0.33330663892102497,854832000
2011-10-14,0.3603563606739044,0.3642533349700663,0.3516454592709856,0.36058557838140765,702452000
2011-10-17,0.3424760103225708,0.35623008155830405,0.340642132336016,0.35623008155830405,611780000
2011-10-18,0.3548547029495239,0.35577165570109626,0.33857907170941925,0.34064216757845384,590916000
2011-10-19,0.34774836897850037,0.36150243901550416,0.3468314437285652,0.35531309793445365,557568000
2011-10-20,0.33032655715942383,0.3397251635592596,0.3172601952555418,0.33834974841352905,990308000
2011-10-21,0.33193111419677734,0.3399543309468029,0.3264295095230502,0.33445269894622937,628428000
2011-10-24,0.3443099856376648,0.3495823760918228,0.33261903407961285,0.3333067419348272,535256000
2011-10-25,0.3312435448169708,0.34224678516880963,0.3305558371711955,0.3394959545857083,577996000
2011-10-26,0.335140585899353,0.33949602298872184,0.3255127315723509,0.33766217199963666,503116000
2011-10-27,0.3495822548866272,0.35302076564365387,0.3397251852511133,0.347519159363153,577732000
2011-10-28,0.35760554671287537,0.36081484071352293,0.3456853782185634,0.34660230374625584,490156000
2011-10-31,0.3392667770385742,0.34820692283707766,0.3392667770385742,0.3461437996557959,519984000
2011-11-01,0.3223033547401428,0.327804960478774,0.3190940619535649,0.3268880352979527,790824000
2011-11-02,0.3168017864227295,0.3271173471129516,0.3101540091859706,0.3255126867282757,961608000
2011-11-03,0.33582818508148193,0.33651589264342424,0.31175858437461484,0.3202402381002973,749372000
2011-11-04,0.3397253453731537,0.3408715161657182,0.3275759295065965,0.33284832061776665,654840000
2011-11-07,0.3378913402557373,0.34293451171818107,0.33009739271227206,0.33720363257205344,613536000
2011-11-08,0.34568533301353455,0.347748428844484,0.3367451873167506,0.3422468217440465,549728000
2011-11-09,0.3282634913921356,0.34201753478327723,0.32688807612227944,0.3376620986401577,532244000
2011-11-10,0.3317020833492279,0.33972527728926183,0.3234496443658769,0.3362867656006759,990484000
2011-11-11,0.3433929681777954,0.34614377153584314,0.3225326296759351,0.34110062749161285,1751560000
2011-11-14,0.33674514293670654,0.3468314577273657,0.33582821764976245,0.3433929469110431,500292000
2011-11-15,0.34110063314437866,0.3436221915448532,0.3326189506034584,0.3335359032892412,505660000
2011-11-16,0.3342236876487732,0.3436222984732801,0.3330775169300219,0.3346821777977661,512420000
2011-11-17,0.3223033547401428,0.3344527636837093,0.3163432590842493,0.333535838502888,657504000
2011-11-18,0.31932333111763,0.32413725699897755,0.3158848204386257,0.32413725699897755,501352000
2011-11-21,0.33536985516548157,0.33857912195509765,0.30946636648747283,0.31428029399875995,1330788000
2011-11-22,0.34568533301353455,0.3475192111559665,0.337203650020644,0.339037528163076,1287480000
2011-11-23,0.33101433515548706,0.3445391625430646,0.3307850901401426,0.34201757668170957,825340000
2011-11-25,0.3218448758125305,0.33422350175952376,0.3209279233514031,0.32665877375776114,406620000
2011-11-28,0.3399544954299927,0.3449976400421196,0.33238976484837257,0.33238976484837257,690616000
2011-11-29,0.34178829193115234,0.3461437277532517,0.33628665858408396,0.3394959242080674,623440000
2011-11-30,0.35829323530197144,0.35921018810733735,0.34912387120947563,0.35210392000490887,730324000
2011-12-01,0.36264869570732117,0.363565621175878,0.35370854941802116,0.3553131826514257,529760000
2011-12-02,0.3603563606739044,0.36792109155872493,0.35691784911960966,0.36654567600626276,546464000
2011-12-05,0.3548547029495239,0.36677489743195163,0.351874654328917,0.3663164347195949,644696000
2011-12-06,0.34981149435043335,0.3576054410126886,0.3461437386700462,0.3569177607336132,573832000
2011-12-07,0.34774836897850037,0.3502699544061027,0.3404128849984578,0.34751915132944344,510016000
2011-12-08,0.33674514293670654,0.3500407235585248,0.33559897266459904,0.34430987219798714,491488000
2011-12-09,0.3415590822696686,0.3443098855641422,0.32963888911552297,0.334223570381931,555840000
2011-12-12,0.3330773711204529,0.33559895652859045,0.326888057414033,0.33422354133745114,573208000
2011-12-13,0.3239080309867859,0.3415590753672387,0.3218449353893369,0.33743285684548535,516596000
2011-12-14,0.311300128698349,0.32299107553079665,0.3078616181390236,0.3211571977671192,636020000
2011-12-15,0.30854931473731995,0.3186356293085243,0.3078616344505016,0.31657253379436084,435148000
2011-12-16,0.3096955418586731,0.31703105464917514,0.3083201537055984,0.31107095733860707,619116000
2011-12-19,0.3016723394393921,0.3147387041190275,0.30052616901674745,0.31107094783582134,463276000
2011-12-20,0.3186357021331787,0.3197818726423072,0.3085493852567319,0.3085493852567319,445208000
2011-12-21,0.31450948119163513,0.32024033370733385,0.3083201659400526,0.31680182219791464,548424000
2011-12-22,0.32803431153297424,0.32895123701035517,0.31542643592125374,0.31542643592125374,576560000
2011-12-23,0.32482507824897766,0.3300974686001766,0.32207424688183856,0.32963897848774454,248948000
2011-12-27,0.3223033547401428,0.32734649788836334,0.32138640223246984,0.3234495248795953,195712000
2011-12-28,0.3142802119255066,0.32299111178560813,0.31405096693174506,0.3223034041311793,233960000
2011-12-29,0.320240318775177,0.3209280265103665,0.3129048333624936,0.3174895151612781,211112000
2011-12-30,0.3177187442779541,0.32253264352959365,0.31726025425953897,0.3190941323526264,186956000
2012-01-03,0.3218448758125305,0.33009731132842624,0.3211571682983975,0.32780494383903275,468044000
2012-01-04,0.32551267743110657,0.32688809277101405,0.3190941180562992,0.3220741664081944,347372000
2012-01-05,0.337203711271286,0.33880837201667563,0.32253271079380647,0.3239081264821795,563548000
2012-01-06,0.33330661058425903,0.33720358379225635,0.3294096373762617,0.3369743661487583,533252000
2012-01-09,0.33330661058425903,0.33972516915870626,0.33101427018816026,0.33353585555461013,508244000
2012-01-10,0.33193111419677734,0.33857891611494795,0.3296387743615833,0.33834967120069,546328000
2012-01-11,0.3252834379673004,0.3319312145688333,0.3239080227195362,0.32895116641658056,484272000
2012-01-12,0.3232203722000122,0.3262004208787595,0.31611410437583487,0.3259712031815386,652364000
2012-01-13,0.31473860144615173,0.32161562173862307,0.3131339688432783,0.320927914244006,504300000
2012-01-17,0.3099247217178345,0.319552573399353,0.3094662590965368,0.319552573399353,627176000
2012-01-18,0.32046952843666077,0.3229911140785152,0.3142802141565752,0.31588484714372983,632676000
2012-01-19,0.3289510905742645,0.32940958043571383,0.31978173057485176,0.32322024057463156,608312000
2012-01-20,0.32597115635871887,0.3323897155155464,0.3248249860566731,0.3284927146271063,546272000
2012-01-23,0.3349112868309021,0.3351405318309841,0.32207416801715794,0.3262003867306369,562792000
2012-01-24,0.3424760103225708,0.34385142564420096,0.33238972238680337,0.33261894005583764,730920000
2012-01-25,0.3404129445552826,0.34132986996563813,0.32367882353799676,0.3333066769810224,1274152000
2012-01-26,0.337203711271286,0.3493531527558996,0.33536986012260656,0.34545615074779723,799672000
2012-01-27,0.34178829193115234,0.3436221423866554,0.3323896853758604,0.33514048838596805,449996000
2012-01-30,0.3392667770385742,0.34087141018388756,0.3307850939491805,0.3358282657299634,399076000
2012-01-31,0.33857908844947815,0.3404129667164347,0.33261899091358466,0.3401837216854925,357900000
2012-02-01,0.34224677085876465,0.3461437442527437,0.3376620898477648,0.34247598851320205,428020000
2012-02-02,0.35508406162261963,0.35645945019991704,0.34064227660948915,0.3440808163699019,696236000
2012-02-03,0.36264869570732117,0.3656287444704212,0.3596686469442212,0.3603563547090689,495232000
2012-02-06,0.3598978817462921,0.36127326991003805,0.3566885880438327,0.3608148071887894,278868000
2012-02-07,0.36081475019454956,0.3628778457777119,0.35439619113036475,0.3603562875457196,410296000
2012-02-08,0.37388110160827637,0.38098734075985313,0.35898086103626703,0.3608147389010416,847612000
2012-02-09,0.3736519515514374,0.3805289747962639,0.3729642437615825,0.37846587875356047,561944000
2012-02-10,0.3644825220108032,0.37135954402517435,0.36241939901037806,0.3699841286915576,440268000
2012-02-13,0.37021344900131226,0.3750273763214033,0.36264871778125285,0.3736519607079882,610668000
2012-02-14,0.3722764849662781,0.3754857784369432,0.36700409573557335,0.37021338920623853,453756000
2012-02-15,0.3706718385219574,0.3874059583134976,0.3697549131787651,0.3757150098900847,1110856000
2012-02-16,0.3770904242992401,0.3800704728634878,0.3438514547156876,0.34522687015360454,1888588000
2012-02-17,0.3633364140987396,0.3798412643035045,0.3598979025007944,0.37731970552779465,1020360000
2012-02-21,0.3651702105998993,0.37411032782077763,0.36241938007637836,0.3631070877072586,518176000
2012-02-22,0.36264869570732117,0.3722765224346087,0.36219023297304276,0.36333640347216895,492432000
2012-02-23,0.36471182107925415,0.36677494454013304,0.35760555248099757,0.3633364327655307,323968000
2012-02-24,0.3619609475135803,0.3663164113198963,0.36035631445940375,0.36585792130996825,366668000
2012-02-27,0.35462552309036255,0.3589809603127039,0.3495823507358261,0.357376326984834,745268000
2012-02-28,0.3514162003993988,0.3587517132878759,0.34774844395516025,0.35462549411982247,699884000
2012-02-29,0.34728994965553284,0.3585224356654617,0.3470607319778958,0.3525623388171846,689196000
2012-03-01,0.3495822548866272,0.35370847326043003,0.3472899143819428,0.3486653296154952,449944000
2012-03-02,0.3525623083114624,0.35760545203225813,0.34843608987559144,0.34843608987559144,684076000
2012-03-05,0.3406420648097992,0.35072837807299095,0.33812050698913926,0.35004067054850163,514848000
2012-03-06,0.3374328017234802,0.3394958969839082,0.33147270624047587,0.3367450941943873,471400000
2012-03-07,0.33949607610702515,0.34087149189090066,0.33468217551719165,0.3392668583609561,441984000
2012-03-08,0.3406420648097992,0.3440806024322458,0.3385789695631819,0.3404128471862032,430852000
2012-03-09,0.3397253453731537,0.34408081078101915,0.33789146663967706,0.34155922410663037,367836000
2012-03-12,0.33445262908935547,0.34339276897539966,0.3335357042775338,0.34110042961900483,299948000
2012-03-13,0.33903759717941284,0.3408714756951591,0.33422366949143695,0.3358283302720049,553288000
2012-03-14,0.3294096291065216,0.3397251606299975,0.3282634589372465,0.339037453063062,735708000
2012-03-15,0.3342236876487732,0.3360575662641484,0.3291805419516406,0.3303267126703919,382380000
2012-03-16,0.33468204736709595,0.3360574352974687,0.3326189244812546,0.33445280238193975,428340000
2012-03-19,0.33559906482696533,0.33812065104882294,0.3339944314707206,0.3365160176925782,405400000
2012-03-20,0.330097496509552,0.3337652264310678,0.3271174471611003,0.3337652264310678,449616000
2012-03-21,0.3314726948738098,0.33445274251312196,0.32642955204481616,0.33009730718963876,467840000
2012-03-22,0.33101433515548706,0.3337651387053281,0.3280342865903016,0.32895121199796246,425372000
2012-03-23,0.3335358500480652,0.3344527752606254,0.3278049718255797,0.3300973395106855,315456000
2012-03-26,0.3374328017234802,0.3390374344067965,0.33353582882775473,0.3367450941943873,288600000
2012-03-27,0.3397253453731537,0.3438515656917594,0.3381207117289368,0.338808419669849,419968000
2012-03-28,0.34751924872398376,0.3521039309122543,0.3415591509484876,0.3440807370827809,892448000
2012-03-29,0.34912383556365967,0.35187463904517713,0.34270527588888045,0.347060739784236,372700000
2012-03-30,0.35302090644836426,0.3550840301215833,0.34706083515508374,0.3521039808115104,527240000
2012-04-02,0.3514162003993988,0.35508395684363736,0.3463730557837155,0.35210390814855097,407776000
2012-04-03,0.34568533301353455,0.3543962336949425,0.3438514548711026,0.3539377709910491,430476000
2012-04-04,0.33582818508148193,0.3447683014061752,0.33376506239565507,0.3404128657252943,495896000
2012-04-05,0.33536985516548157,0.34041300040353384,0.33422365722420383,0.33628678072626816,369424000
2012-04-09,0.33101433515548706,0.33216050557849236,0.32459577532128575,0.3300974097478262,365504000
2012-04-10,0.32459577918052673,0.3342236053828684,0.32299114603461293,0.3296389236363382,470360000
2012-04-11,0.3287220299243927,0.33582829824768734,0.3278050770905275,0.32895124763771294,372960000
2012-04-12,0.33651602268218994,0.33834987378688214,0.32780509330058843,0.3291805089559703,384868000
2012-04-13,0.32459577918052673,0.33536980314635967,0.3243665341624567,0.33353592498237583,311324000
2012-04-16,0.3206988275051117,0.327805068311225,0.3154264376638917,0.3268881428287783,463468000
2012-04-17,0.321386456489563,0.32551267515355853,0.32024028615661176,0.3216157014868957,460696000
2012-04-18,0.3179478943347931,0.32092794218636556,0.31405092129512996,0.31932330944378096,400764000
2012-04-19,0.31313395500183105,0.3257418249807233,0.31152929514303884,0.3138216351392011,667188000
2012-04-20,0.30694472789764404,0.3158848735626798,0.30625702018081696,0.3149679208312909,509592000
2012-04-23,0.30327701568603516,0.3046524313195104,0.2959415294035125,0.3016723823315556,706244000
2012-04-24,0.29387834668159485,0.3067154929089216,0.29227371365075033,0.30419390719841105,730440000
2012-04-25,0.2998383939266205,0.3021307342568401,0.2927321279721987,0.2982337611608372,727112000
2012-04-26,0.300067663192749,0.30258924869095377,0.2975460776945443,0.29960920055494483,539208000
2012-04-27,0.2975461184978485,0.30144311977072663,0.2943368522662694,0.29960924164117075,475356000
2012-04-30,0.29800453782081604,0.2996091980298886,0.2938783194616445,0.2959414423046574,262268000
2012-05-01,0.30327701568603516,0.30648630972185664,0.29639999217238344,0.29639999217238344,408680000
2012-05-02,0.29456600546836853,0.30327690418167214,0.2929613727038565,0.3021307340174704,684008000
2012-05-03,0.2895228862762451,0.29708761545412343,0.28768900839572087,0.2952537375735992,419536000
2012-05-04,0.28104129433631897,0.2892937337733424,0.28104129433631897,0.2876891003624943,545092000
2012-05-07,0.2858552038669586,0.2908983761642151,0.2835628627597917,0.28608444890841994,604440000
2012-05-08,0.2856259346008301,0.2874597852940897,0.2782904225203651,0.2833335665805423,462312000
2012-05-09,0.2867721617221832,0.28906450286944796,0.27783201485173353,0.28058281876307883,520608000
2012-05-10,0.28470897674560547,0.28998136570991034,0.2801242954421849,0.2895229030449395,597092000
2012-05-11,0.3028184771537781,0.31359249982439236,0.30167230685493446,0.3083201109843407,1435140000
2012-05-14,0.30098462104797363,0.30556930257598625,0.2941075987559547,0.30029691335340025,437472000
2012-05-15,0.29800453782081604,0.3076323897678344,0.296629149918995,0.3009845859317096,599940000
2012-05-16,0.2920444905757904,0.30190156090707837,0.2911275379130797,0.29846304990733996,470484000
2012-05-17,0.289981484413147,0.29594158347808863,0.289981484413147,0.2931907790353722,335364000
2012-05-18,0.2769150733947754,0.2920445638470724,0.2755396850459216,0.2906691481713555,567288000
2012-05-21,0.28172898292541504,0.2831043985132184,0.2755396674340227,0.27737354577547335,416260000
2012-05-22,0.2782905101776123,0.2819582673731321,0.27416429016436883,0.28149980455540846,410140000
2012-05-23,0.2851674556732178,0.28562594569119165,0.27118416596959816,0.27531038484335946,496000000
2012-05-24,0.27760279178619385,0.28723064722850616,0.27553969552104934,0.28677218442812563,520420000
2012-05-25,0.28425052762031555,0.2865428683812167,0.2773735053376121,0.2773735053376121,391752000
2012-05-29,0.2915860712528229,0.29341994969586566,0.28768909664064624,0.2888352672516901,310000000
2012-05-30,0.2881474494934082,0.29043978984098384,0.28310430619411237,0.2883766944589068,379792000
2012-05-31,0.28493839502334595,0.2892938339795603,0.28127063681936443,0.2881476629566752,358192000
2012-06-01,0.2746225893497467,0.28172885443426327,0.2741641268051954,0.2789780518401065,440984000
2012-06-04,0.26889172196388245,0.27760261905854583,0.2665993820614367,0.2759979865922032,432856000
2012-06-05,0.27668577432632446,0.27737348196200984,0.26751641205546633,0.26751641205546633,365224000
2012-06-06,0.28402119874954224,0.28470890624012224,0.27668571594600394,0.2787488110908946,368968000
2012-06-07,0.27255958318710327,0.28975216649688385,0.2723303381765878,0.2881475060769914,526780000
2012-06-08,0.2778319716453552,0.2787488970309228,0.2730180450539808,0.27347650774676463,370308000
2012-06-11,0.28104129433631897,0.29181532008100597,0.2803536138222864,0.286772174792542,839080000
2012-06-12,0.2867721617221832,0.28952296563352853,0.28379211276536664,0.2842505755294472,496128000
2012-06-13,0.2792074382305145,0.2872306324689201,0.2778320225731856,0.28654292464025566,494276000
2012-06-14,0.27576884627342224,0.28104123551429305,0.2730180428124463,0.27874889474233683,589884000
2012-06-15,0.28172898292541504,0.2819582279656694,0.2753104223937683,0.2778320085291207,385288000
2012-06-18,0.28425052762031555,0.2865428683812167,0.2773735053376121,0.2796658460985133,304424000
2012-06-19,0.30350619554519653,0.30786165923113656,0.2945660505015448,0.29594146583960085,960476000
2012-06-20,0.3083200752735138,0.31405092610396246,0.30465231981128577,0.30648619754239975,972720000
2012-06-21,0.29433685541152954,0.308090900539886,0.29364914768974,0.308090900539886,516376000
2012-06-22,0.29800453782081604,0.30144307589250424,0.2938783194616445,0.29800453782081604,865360000
2012-06-25,0.2886059582233429,0.29915073643822687,0.287459787866371,0.2982338110833921,494616000
2012-06-26,0.29181531071662903,0.29387840684624833,0.2860844577711728,0.29021067735727374,437152000
2012-06-27,0.3012138307094574,0.303276926224228,0.29204446872940254,0.29204446872940254,506064000
2012-06-28,0.30350619554519653,0.3053400735536525,0.29594146583960085,0.2984630515170849,545896000
2012-06-29,0.3168017864227295,0.31748949411232524,0.3103832268645977,0.31061247187008206,616508000
2012-07-02,0.3083200752735138,0.3186356067683214,0.30579848997737547,0.31840638913121483,581684000
2012-07-03,0.3163433074951172,0.31703101514940074,0.3080908702974261,0.30832011529113923,219284000
2012-07-05,0.31313395500183105,0.3156555126015005,0.30832003007915104,0.31428012499991215,280076000
2012-07-06,0.3071739673614502,0.3117586489549728,0.30373545616630826,0.31084169624015356,382760000
2012-07-09,0.30304771661758423,0.3067154724377368,0.30052613107537246,0.30534005717346585,306336000
2012-07-10,0.29387834668159485,0.30877858861617075,0.291586005972715,0.2998384434554252,512028000
2012-07-11,0.2890644371509552,0.298463044648722,0.28768902184455075,0.294795288716214,485216000
2012-07-12,0.28425052762031555,0.2863136233743836,0.28172894185258135,0.2858551606875749,472160000
2012-07-13,0.28791841864585876,0.2892938073505953,0.2826460269605266,0.2844799058937122,324260000
2012-07-16,0.2888351380825043,0.2911274782794408,0.2833335052137463,0.28608433531155064,334460000
2012-07-17,0.2835627496242523,0.29135672267510637,0.2787488242891116,0.28975209000567637,447476000
2012-07-18,0.2993800640106201,0.3035062838991187,0.28149979604503594,0.28287518445662585,616008000
2012-07-19,0.30235999822616577,0.3062569715671223,0.2993799501441917,0.3014430729671833,403036000
2012-07-20,0.29364916682243347,0.30258931313447496,0.2904398730206005,0.3005261898346837,451000000
2012-07-23,0.2975461184978485,0.29960924164117075,0.2826459031013515,0.28585516933293065,451584000
2012-07-24,0.29433685541152954,0.2998384625321287,0.2908983441294404,0.29800458438297617,351164000
2012-07-25,0.300067663192749,0.30304771132875796,0.2920444713871851,0.2934198593005976,415044000
2012-07-26,0.3014431595802307,0.3090078907843839,0.299150791120405,0.3055693517580762,338440000
2012-07-27,0.30900779366493225,0.3099247188991885,0.3002968673052316,0.30258923504457874,376516000
2012-07-30,0.30556929111480713,0.31290480314597563,0.30304773276509234,0.30900782945870264,363552000
2012-07-31,0.31038326025009155,0.3147387245347764,0.30511087049855734,0.305569333231982,387788000
2012-08-01,0.30694472789764404,0.31519716584585267,0.30556931246398983,0.3122171172908408,335912000
2012-08-02,0.30809083580970764,0.312675516555914,0.30029686214504514,0.3053400328273544,367912000
2012-08-03,0.31450948119163513,0.3177187749965426,0.305569334871029,0.3129048479526116,326548000
2012-08-06,0.3211572766304016,0.3227619098200828,0.3170310574806074,0.3174895202023935,360324000
2012-08-07,0.3243664801120758,0.3278049908490017,0.3225326022536778,0.32505418772483186,407340000
2012-08-08,0.326200395822525,0.3296389069584532,0.32322034737268246,0.32413730007171104,517064000
2012-08-09,0.337203711271286,0.33789141911547255,0.3262004677448922,0.3266589305320621,822300000
2012-08-10,0.335140585899353,0.3488946322786578,0.3307851214831232,0.34614382846816905,1278744000
2012-08-13,0.33949607610702515,0.3397253211799595,0.33422368537132296,0.3355991011551984,447244000
2012-08-14,0.33445262908935547,0.34110042961900483,0.3330772145447823,0.34064193988625335,388828000
2012-08-15,0.33193111419677734,0.33834967120069,0.3303264817775108,0.3355988688638264,594404000
2012-08-16,0.3388083279132843,0.3399544983954413,0.33376515593030587,0.33491132641246285,371008000
2012-08-17,0.33582818508148193,0.3388082329653304,0.33284813719763345,0.3388082329653304,309864000
2012-08-20,0.33582818508148193,0.3362866476804927,0.3307850145118066,0.33468201492052885,314392000
2012-08-21,0.3349112868309021,0.33903750554438106,0.3314727757908124,0.3369744098510699,340248000
2012-08-22,0.33559906482696533,0.33697448046195355,0.3317020902969818,0.3328482608838512,313556000
2012-08-23,0.32803431153297424,0.3351405796266882,0.32665889599004233,0.3349113345939127,379040000
2012-08-24,0.33468204736709595,0.3362866802826249,0.32734653576435535,0.32803424339296916,347724000
2012-08-27,0.3289510905742645,0.3353696753660715,0.3287218729703882,0.3344527229700212,340944000
2012-08-28,0.32757583260536194,0.3307850989444525,0.32574195441437054,0.3264296621518497,310764000
2012-08-29,0.3282634913921356,0.33032658697006484,0.32665883113501837,0.32734653876994646,250412000
2012-08-30,0.3220742344856262,0.3287220402645294,0.32046960113446415,0.3275758696812905,307488000
2012-08-31,0.3216158151626587,0.3266589609447828,0.3184065480268159,0.3243666194686477,485064000
2012-09-04,0.30442315340042114,0.31748951852695984,0.3014431320611075,0.3163433480651132,694452000
2012-09-05,0.305340051651001,0.3099247326798444,0.3021307585346979,0.30556926930633044,480256000
2012-09-06,0.31473860144615173,0.3229910367278571,0.3074030912727027,0.3076323362131916,657296000
2012-09-07,0.3071739673614502,0.3092370631477922,0.2968584064491665,0.3067155046674695,781064000
2012-09-10,0.30442315340042114,0.31084171345213396,0.3037354729848007,0.30648627662786065,371108000
2012-09-11,0.30809083580970764,0.31290476152396546,0.30304769245425117,0.3041938626408028,382808000
2012-09-12,0.31152933835983276,0.31313399844123085,0.3076323652911205,0.31061241316490706,322608000
2012-09-13,0.31359249353408813,0.3154263714408235,0.3076323971689119,0.3142802011649708,433836000
2012-09-14,0.3172602653503418,0.3227618998219305,0.31336329134558644,0.31336329134558644,339468000
2012-09-17,0.30854931473731995,0.3179479216948517,0.30511080399581136,0.3179479216948517,493348000
2012-09-18,0.31061244010925293,0.3142801958608225,0.3048815888267095,0.3051108064818986,359952000
2012-09-19,0.3142802119255066,0.3186356481921294,0.30763240770183575,0.3113001636408856,451936000
2012-09-20,0.31198784708976746,0.3151971404002577,0.3094662887674424,0.31359250740844063,320596000
2012-09-21,0.31336331367492676,0.3151971919627997,0.31130021768035754,0.31244638819442055,340136000
2012-09-24,0.31313395500183105,0.31359241753569383,0.30786156754528826,0.30832003007915104,357832000
2012-09-25,0.3074031472206116,0.3186356321387563,0.3069446845830424,0.31726021689919426,481544000
2012-09-26,0.3021308481693268,0.3064863128349976,0.2984631186542416,0.30625706778480244,436812000
2012-09-27,0.30442315340042114,0.30488164344664725,0.30029693427240156,0.3028185202192078,558888000
2012-09-28,0.30579856038093567,0.3101540244109402,0.29915075549098935,0.30304775681437723,485508000
2012-10-01,0.30075550079345703,0.30900794114789165,0.299609330040167,0.3071740624772544,504236000
2012-10-02,0.30190157890319824,0.3028185042937098,0.29846306769849285,0.3028185042937098,295492000
2012-10-03,0.29892152547836304,0.3035062070092476,0.2973168924079249,0.30258928163381366,430872000
2012-10-04,0.3122170567512512,0.31405093453157773,0.2980045244488607,0.29960918458592956,502608000
2012-10-05,0.30488166213035583,0.31634336745121616,0.30373549159826985,0.3131341008921197,483068000
2012-10-08,0.30190157890319824,0.30511084509684677,0.29960923810006135,0.30373545701107935,240596000
2012-10-09,0.2954829931259155,0.3023600149287374,0.294566040489426,0.3014430896191034,366360000
2012-10-10,0.2904398441314697,0.2954830157003132,0.28929367374343395,0.29410760030392724,326568000
2012-10-11,0.2920444905757904,0.2941075862448909,0.28975214990929815,0.2931906609090365,320516000
2012-10-12,0.2895228862762451,0.29227368943360416,0.28768900839572087,0.28998134891466254,260696000
2012-10-15,0.2931906580924988,0.2934198757608322,0.2865428538274196,0.28998136479412595,249580000
2012-10-16,0.3016723394393921,0.30258929217362285,0.29296143876192127,0.29571224231089666,367696000
2012-10-17,0.2993800640106201,0.30075547974907446,0.2950245990567577,0.29800464827216583,391752000
2012-10-18,0.2947952449321747,0.2986922179523872,0.29364907478935615,0.2986922179523872,254772000
2012-10-19,0.27760279178619385,0.2925030377500428,0.2759981583214299,0.2904399141580341,709412000
2012-10-22,0.27439337968826294,0.2803534749206014,0.2721010395722635,0.27874881497792203,480840000
2012-10-23,0.28264597058296204,0.2844798491503557,0.27118423636846783,0.2718719442470986,573948000
2012-10-24,0.2789781391620636,0.28562594378283457,0.2762273357068876,0.2844797733992731,332916000
2012-10-25,0.2792074382305145,0.2842505834292826,0.27806126762502803,0.28127053438964517,307356000
2012-10-26,0.27622732520103455,0.28127046923152577,0.27622732520103455,0.2796658362209408,389376000
2012-10-31,0.2746225893497467,0.2796657593203579,0.2739349091963442,0.27737341927075243,347112000
2012-11-01,0.2876889705657959,0.2879182155182871,0.2757687795732722,0.2759980245257634,473220000
2012-11-02,0.28631362318992615,0.2911275497154601,0.2844797724438726,0.2906690870289467,256700000
2012-11-05,0.29846301674842834,0.29960918695433625,0.28562589951151873,0.28562589951151873,444840000
2012-11-06,0.2982337176799774,0.29915064274764164,0.29319057515412755,0.29915064274764164,350804000
2012-11-07,0.2890644371509552,0.2977753369955198,0.28768902184455075,0.2959414590292658,324620000
2012-11-08,0.2906690239906311,0.2998383850397398,0.28998131644657765,0.29227365670885486,839024000
2012-11-09,0.27943649888038635,0.2957121232602871,0.2785195738421584,0.29227361337666136,846280000
2012-11-12,0.27324727177619934,0.2810412190124724,0.27049644114988564,0.27989504869379367,643624000
2012-11-13,0.27118411660194397,0.2780611650241872,0.27095489896154257,0.27187182417685357,492120000
2012-11-14,0.26453638076782227,0.27553962166182433,0.2643071357656497,0.27278881827003804,619300000
2012-11-15,0.26568251848220825,0.2730180024013253,0.2638486406707156,0.26614098110336804,466688000
2012-11-16,0.26086851954460144,0.26659936902038395,0.25559613256151237,0.2656824440349971,624552000
2012-11-19,0.2682042121887207,0.2691211652215827,0.2624733582090858,0.2656826528338017,404092000
2012-11-20,0.2650895416736603,0.26831951316761354,0.26232096324665666,0.2671659479907498,336976000
2012-11-21,0.2727031409740448,0.27339525823913086,0.26485887943909614,0.2650896035295713,422312000
2012-11-23,0.2745487093925476,0.27777867997200295,0.27247227616019304,0.27385656498176275,276932000
2012-11-26,0.27939361333847046,0.2800857576206254,0.27454865836968684,0.27501007872340666,364600000
2012-11-27,0.28054729104042053,0.2847001309038757,0.27593303063728397,0.2782401608388522,451404000
2012-11-28,0.2828543782234192,0.28423866713509194,0.27593298867137006,0.2793936834473946,398332000
2012-11-29,0.277778685092926,0.2847000743220613,0.27685584419697035,0.2833158129781278,488688000
2012-11-30,0.27616384625434875,0.27962454270451514,0.27454886007823853,0.277548108332513,460504000
2012-12-03,0.2710881233215332,0.27962452949797617,0.27039600606672476,0.27962452949797617,391380000
2012-12-04,0.27916306257247925,0.2796244831669551,0.26993451316713823,0.2715495265025509,528068000
2012-12-05,0.27593302726745605,0.2787015779748948,0.272010911473321,0.27685589583870973,633024000
2012-12-06,0.27639442682266235,0.27824013632191585,0.27431802082547657,0.2752408618235238,412896000
2012-12-07,0.27593302726745605,0.27800946092540596,0.272703056025971,0.27662517182010604,338288000
2012-12-10,0.28516146540641785,0.2872378984632377,0.27524080303224235,0.2759329473845156,513644000
2012-12-11,0.29185229539871216,0.29554371535323776,0.2853923242298754,0.28608446890924477,816724000
2012-12-12,0.2888530492782593,0.2943901797689249,0.2876994838639334,0.29277519368950244,399404000
2012-12-13,0.2890836000442505,0.2946206997120161,0.2863150502103677,0.2883914557099917,377556000
2012-12-14,0.2904679775238037,0.29346725250451156,0.2881608471545151,0.2902372809887729,338660000
2012-12-17,0.2893143594264984,0.2913907928809976,0.2849308235278197,0.28977580741849274,445232000
2012-12-18,0.28977587819099426,0.293005849904866,0.28839158888324057,0.2893144300862996,416436000
2012-12-19,0.29185229539871216,0.29531299129239263,0.2906987301008187,0.29185229539871216,458544000
2012-12-20,0.2916215658187866,0.2932365515523287,0.2883915668485394,0.29300582751760995,334332000
2012-12-21,0.28493091464042664,0.28769946596190255,0.2817009151793987,0.28769946596190255,462172000
2012-12-24,0.28262367844581604,0.28562295271737415,0.281700810014406,0.28470008428596405,127376000
2012-12-26,0.2823929786682129,0.28654581820763714,0.2812394136574372,0.28193155816453447,196740000
2012-12-27,0.28054729104042053,0.2833158692848316,0.27731731975948953,0.2828544212419888,299804000
2012-12-28,0.27916306257247925,0.2835465994747471,0.2775480492370666,0.2780094973347072,220600000
2012-12-31,0.2828543782234192,0.2840079431487607,0.27754797406621673,0.2782401185220531,326460000
2013-01-02,0.2934671938419342,0.2936979178340079,0.288622237536808,0.2897758024908606,478836000
2013-01-03,0.29369792342185974,0.29692789435339684,0.29023722849385925,0.2934671994253963,298888000
2013-01-04,0.3033878207206726,0.30431066148575703,0.29323643478898365,0.29415927555406807,524968000
2013-01-07,0.2946208119392395,0.3040800572699784,0.29254440564866896,0.3031572161415388,610732000
2013-01-08,0.2881608307361603,0.2962358140717507,0.28608442452337196,0.29531294547471887,466424000
2013-01-09,0.2817009687423706,0.29185236218887045,0.27985528584589103,0.29046807251333834,695020000
2013-01-10,0.28216224908828735,0.2856229437148952,0.28054723626001216,0.2842386548629896,506368000
2013-01-11,0.2817009687423706,0.28354667914202264,0.2789324168944788,0.2833159825315489,513172000
2013-01-14,0.2814702093601227,0.2835466159071809,0.2782402100052734,0.2835466159071809,305684000
2013-01-15,0.27639442682266235,0.28008584582116935,0.27477944132450016,0.28008584582116935,375888000
2013-01-16,0.2789323031902313,0.2812394333735223,0.2759330284513207,0.2759330284513207,337376000
2013-01-17,0.28262367844581604,0.28377724335771093,0.2791629837101314,0.2798551281578997,580736000
2013-01-18,0.28077802062034607,0.28262373031877214,0.277317325249483,0.28262373031877214,397088000
2013-01-22,0.27939361333847046,0.2830850311745297,0.278009352277311,0.2805471779743452,308224000
2013-01-23,0.27985525131225586,0.28054736856144347,0.2768559757208231,0.28031667197943727,421808000
2013-01-24,0.28123942017555237,0.28239298521306355,0.27754800105425276,0.2789322901005301,396980000
2013-01-25,0.2863151431083679,0.2865458396258712,0.2803165936027015,0.2817008552172051,393920000
2013-01-28,0.2909294664859772,0.29277517654142765,0.2870073223044571,0.2876994670131469,422492000
2013-01-29,0.2847001552581787,0.29046798125550055,0.28354659005871435,0.289775864138353,388872000
2013-01-30,0.28423863649368286,0.28885289569762396,0.2833157956541564,0.2849307808749049,287592000
2013-01-31,0.2828543782234192,0.2874686654279425,0.28100869634539855,0.28423866713509194,470544000
2013-02-01,0.2853921949863434,0.28631506330862505,0.28285434147901095,0.28516147102998457,288816000
2013-02-04,0.28054729104042053,0.2895451153284337,0.28031659452216057,0.283777289824513,511744000
2013-02-05,0.287007212638855,0.28862222550975647,0.2810086916296379,0.2819315325531615,367296000
2013-02-06,0.2847001552581787,0.2870072856571074,0.2784709086817039,0.2800858944603212,530688000
2013-02-07,0.2835465371608734,0.2860843911275039,0.2807779866992866,0.28377726115898844,440000000
2013-02-08,0.2853921949863434,0.287699324537317,0.28354648584493375,0.2853921949863434,307232000
2013-02-11,0.28862226009368896,0.2916215347092616,0.28493084095095955,0.2876993915564266,408308000
2013-02-12,0.2867766320705414,0.29000660411153906,0.28562306669830395,0.28608448734656533,277804000
2013-02-13,0.2853921949863434,0.29231358363926424,0.2844693541672154,0.2870071801713942,856396000
2013-02-14,0.29369792342185974,0.29392864741832314,0.27800943424762575,0.28147012917562625,882096000
2013-02-15,0.29369792342185974,0.2950822123943233,0.2872379540556271,0.29300577893562796,733860000
2013-02-19,0.28977587819099426,0.29415941516027233,0.28793016828171103,0.29392871861109016,433552000
2013-02-20,0.2856229245662689,0.2953128633705105,0.2847000562258171,0.2906986041777141,713012000
2013-02-21,0.2835465371608734,0.28839152109601934,0.28285439266968704,0.2851615226382025,580408000
2013-02-22,0.2888530492782593,0.289083773362392,0.28377736695585914,0.2853923530352816,370148000
2013-02-25,0.28377726674079895,0.29185222178943493,0.2833158462386516,0.28954509177553894,644444000
2013-02-26,0.28714311122894287,0.28876800454687795,0.28342904564061505,0.28435757587364147,487504000
2013-02-27,0.29248204827308655,0.29457122038732025,0.28644669906114956,0.2871430897658941,476980000
2013-02-28,0.2938748598098755,0.29828528860559217,0.29039293360108137,0.2915535756706794,591392000
2013-03-01,0.2950355112552643,0.2959640138716933,0.2892323007228567,0.2917856967539817,389396000
2013-03-04,0.2938748598098755,0.29666039524253285,0.2906250454118672,0.29294632955106326,353680000
2013-03-05,0.2971246540546417,0.2975889053598507,0.2941069790629476,0.295499760650465,366168000
2013-03-06,0.29689258337020874,0.3017672642580892,0.2954998015897319,0.29898172836902975,342928000
2013-03-07,0.2961960732936859,0.30153503107464585,0.2945711803182328,0.2985173568791569,314824000
2013-03-08,0.29758885502815247,0.29898163638010644,0.2954997106721072,0.29689249202406115,246464000
2013-03-11,0.2948032319545746,0.29596387351062103,0.29224980946252144,0.2945711202464918,299748000
2013-03-12,0.2957318425178528,0.296660344947359,0.29155352624130493,0.2943390612017085,310856000
2013-03-13,0.2957318425178528,0.30083866122390684,0.2929462798855642,0.2957318425178528,485840000
2013-03-14,0.29596400260925293,0.298517426215102,0.2941069697751708,0.2975888959621162,383304000
2013-03-15,0.29341068863868713,0.2959640852859304,0.2922500185802528,0.2959640852859304,355776000
2013-03-18,0.29132142663002014,0.29410696197128666,0.28923228204204243,0.2915535661050794,298312000
2013-03-19,0.28946438431739807,0.2929463102973447,0.28737523979818524,0.2915535565084988,355480000
2013-03-20,0.2929464280605316,0.29387495863158203,0.2896966402416027,0.29225003705021857,340588000
2013-03-21,0.28830379247665405,0.2917857190623075,0.28783954113294546,0.2913214677185989,339032000
2013-03-22,0.28969651460647583,0.29085715656301925,0.2880716214016925,0.2892322633582359,232476000
2013-03-25,0.2880716025829315,0.29155352822509906,0.2859824305944999,0.2913213887802005,362076000
2013-03-26,0.29016080498695374,0.2903929444783245,0.28760738126943863,0.2887680233825108,232540000
2013-03-27,0.2936428189277649,0.2952677128364376,0.2883038580804983,0.289000249090472,254944000
2013-03-28,0.2978210747241974,0.29805321423603404,0.29085722143181497,0.2929463663507724,349276000
2013-04-01,0.2880716025829315,0.297124598183813,0.2859824305944999,0.297124598183813,442828000
2013-04-02,0.28505396842956543,0.2890001458471396,0.2831969356236808,0.28830375508594674,371524000
2013-04-03,0.28157204389572144,0.2862146121008731,0.27948287160026963,0.2845896910915586,353156000
2013-04-04,0.28435760736465454,0.28528611002861853,0.27971503870105074,0.2806435413650147,294676000
2013-04-05,0.2892322242259979,0.2892322242259979,0.27948281097258976,0.2801792015866737,551352000
2013-04-08,0.2885359525680542,0.28946445532170895,0.2831969925548026,0.28946445532170895,326660000
2013-04-09,0.29317837953567505,0.2952675235544462,0.28667878039566963,0.2887679244144408,380584000
2013-04-10,0.2978210747241974,0.2982853260759776,0.29271425451082894,0.2934106453744458,384688000
2013-04-11,0.29642829298973083,0.29828532606869945,0.2855182616996433,0.2936427572072245,969220000
2013-04-12,0.3038563132286072,0.3071060991642032,0.29526754186532084,0.2978209648660627,770548000
2013-04-15,0.29758885502815247,0.30385634344005974,0.29573185012139475,0.3029278133147952,430420000
2013-04-16,0.30083876848220825,0.3029279135293843,0.29874959576313725,0.3003745171019352,468844000
2013-04-17,0.29689258337020874,0.30130301288856165,0.2950355502202044,0.2985174769995022,532948000
2013-04-18,0.2910892069339752,0.2994458383266679,0.2910892069339752,0.29758880605363824,402548000
2013-04-19,0.29178568720817566,0.29271421746611825,0.2871431189341318,0.2908571846221228,303028000
2013-04-22,0.29225003719329834,0.2948034616750633,0.2892323889336294,0.2915536738545434,245568000
2013-04-23,0.2999102473258972,0.30292789494852423,0.29433914808865386,0.29480339944045086,376948000
2013-04-24,0.3101238012313843,0.3126772244617264,0.3006065266512567,0.3008386660983371,556556000
2013-04-25,0.312677264213562,0.3133736549714524,0.30896319861940585,0.3117487616509675,353224000
2013-04-26,0.3112845718860626,0.31267735380089895,0.3096596781000182,0.3122131023865858,324332000
2013-04-29,0.3149986267089844,0.3161592690371071,0.31035605739649347,0.3117488392589991,269712000
2013-04-30,0.31964099407196045,0.31964099407196045,0.3136056467101027,0.31569481818392037,276712000
2013-05-01,0.31685560941696167,0.3217303174861207,0.31569496727400875,0.3196411450256705,341316000
2013-05-02,0.3205697238445282,0.321498226630614,0.31476648457985706,0.31662351782392434,323480000
2013-05-03,0.3219623565673828,0.32428364032881773,0.32080171468666535,0.32265874723019033,293864000
2013-05-06,0.32103395462036133,0.3238194904716238,0.3191769214955551,0.32196245734681755,217116000
2013-05-07,0.31685560941696167,0.3217303174861207,0.31383793431090573,0.3210339266659706,448068000
2013-05-08,0.3226589262485504,0.324515959822399,0.3161593225760307,0.3173199651006985,334032000
2013-05-09,0.322890967130661,0.32428372113142695,0.3163913654447438,0.3168556167783324,566800000
2013-05-10,0.3375149965286255,0.338907777922833,0.3296226147479274,0.3296226147479274,861136000
2013-05-13,0.3305510878562927,0.3365864359604556,0.3291583067024454,0.33519365480660823,289812000
2013-05-14,0.33542585372924805,0.3382113888592301,0.33124753719833167,0.3344973235713296,454140000
2013-05-15,0.34122899174690247,0.342389633446509,0.33380086273191567,0.33380086273191567,313172000
2013-05-16,0.33960407972335815,0.34424664625960466,0.3384434104174172,0.3407647213574198,308368000
2013-05-17,0.34517523646354675,0.34749652032323264,0.3386756361220491,0.3412290594364581,312116000
2013-05-20,0.3444790244102478,0.345871806517079,0.34262199082510647,0.34378263335683223,236380000
2013-05-21,0.3480951488018036,0.3494950050498999,0.34249577943431897,0.3464620017206581,357784000
2013-05-22,0.3359632194042206,0.349495063416695,0.33456336292234373,0.349495063416695,480404000
2013-05-23,0.3413291573524475,0.3424956946663253,0.331063612302857,0.33199683102898186,393884000
2013-05-24,0.3392294943332672,0.3422624979921915,0.3354965624742137,0.33946281300412806,283304000
2013-05-28,0.33899614214897156,0.3427290736389844,0.33572984795454824,0.34179585467270646,279300000
2013-05-29,0.33689653873443604,0.33899629626941524,0.33549668183614106,0.33689653873443604,335052000
2013-05-30,0.3413291573524475,0.34482876929408085,0.3354964429706152,0.3364296895091835,284504000
2013-05-31,0.3375963270664215,0.3443622343709538,0.3375963270664215,0.3394627928853292,577508000
2013-06-03,0.33712971210479736,0.3406293250289017,0.3301304584441375,0.33806293109291136,444468000
2013-06-04,0.3375963270664215,0.3452954811866335,0.335496542590481,0.3392294742282964,363676000
2013-06-05,0.33036383986473083,0.33969614276876264,0.3294305928868538,0.3371297761576278,464520000
2013-06-06,0.33246350288391113,0.3350298965818146,0.33013042781761653,0.33036374644922545,341044000
2013-06-07,0.33712971210479736,0.33922946873427945,0.33339678052743893,0.33479660900960995,274584000
2013-06-10,0.33689653873443604,0.33899629626941524,0.3343301436917163,0.3361966102852885,224148000
2013-06-11,0.3305972218513489,0.3371298406972572,0.3305972218513489,0.3324636605394983,296336000
2013-06-12,0.32779744267463684,0.3350299884892038,0.3259309765470915,0.33223030320411395,312588000
2013-06-13,0.33526328206062317,0.3368964293701683,0.32639758947850867,0.32663088034418414,236256000
2013-06-14,0.33479660749435425,0.33689639192678417,0.3324635322221773,0.33642978243483895,236012000
2013-06-17,0.3380628526210785,0.3410958553470991,0.33549645928080457,0.3373629246362361,255336000
2013-06-18,0.3359632194042206,0.3434290557451687,0.33316350644046694,0.3396961236684672,486772000
2013-06-19,0.34622883796691895,0.3611605426475977,0.33782975234575824,0.33899629047022706,1159588000
2013-06-20,0.33689653873443604,0.34389576760098445,0.33456346244558655,0.34342915790570716,628696000
2013-06-21,0.3364298939704895,0.33992950803897204,0.3308304947734412,0.3387629700161445,714228000
2013-06-24,0.32943058013916016,0.3357299066055872,0.3245311379916069,0.3315303648987877,580772000
2013-06-25,0.3317636251449585,0.33363006307479015,0.32826398449539784,0.33293016275732856,457360000
2013-06-26,0.3298971951007843,0.3359632024664902,0.32849733868948183,0.335496565121087,579752000
2013-06-27,0.3268642723560333,0.331297105735393,0.3233646582736566,0.3308304960869015,808036000
2013-06-28,0.3275640904903412,0.3308303847429411,0.3226646212989903,0.32686416234694093,431536000
2013-07-01,0.3289639949798584,0.33059717029599445,0.32686423787690844,0.3298972419908586,199524000
2013-07-02,0.32873061299324036,0.33363005414661173,0.3256976097197535,0.3270974381296668,256392000
2013-07-03,0.32966381311416626,0.3336300351011817,0.32593088194259395,0.32593088194259395,140388000
2013-07-05,0.33223018050193787,0.3329301085178208,0.3284972496255262,0.330597033673175,184684000
2013-07-08,0.3305972218513489,0.3347967367121468,0.3287307553507377,0.3331635889537852,262084000
2013-07-09,0.33223018050193787,0.33432993673714073,0.330363715063732,0.33129693387661197,157364000
2013-07-10,0.3366631269454956,0.3375963738906155,0.3312970474015368,0.3322302943466567,208468000
2013-07-11,0.3413291573524475,0.34179576671550993,0.33782951759837077,0.3385294455491861,239832000
2013-07-12,0.34156256914138794,0.34482889146495077,0.3394628123574537,0.34062935008462897,216360000
2013-07-15,0.340862512588501,0.34226236845896746,0.33549643550163666,0.34226236845896746,201332000
2013-07-16,0.3427291214466095,0.3445955874519711,0.3406293645733617,0.3422625118983827,162560000
2013-07-17,0.340862512588501,0.3438955150995498,0.3399292938831519,0.342728977811642,166100000
2013-07-18,0.3394628167152405,0.34156257352612995,0.3350299566075964,0.3403960357839794,344488000
2013-07-19,0.33223018050193787,0.33899608642643236,0.32873056823496916,0.3373629395976695,480532000
2013-07-22,0.3319970965385437,0.3378297877725375,0.33059726732986455,0.3347967827683676,292384000
2013-07-23,0.3315303325653076,0.3361964833816813,0.3298971853420674,0.3361964833816813,246792000
2013-07-24,0.3315303325653076,0.33549655519673466,0.33106372304616083,0.334563336158441,284252000
2013-07-25,0.3326968550682068,0.33712971482869236,0.32896392346068754,0.3312969987622742,243320000
2013-07-26,0.33129701018333435,0.33339679471462075,0.32873064395058754,0.32873064395058754,227360000
2013-07-29,0.3305972218513489,0.3347967367121468,0.32966397469481235,0.3305972218513489,179540000
2013-07-30,0.3361964523792267,0.34062931193347584,0.3315303019931435,0.3317636206374277,266076000
2013-07-31,0.33689653873443604,0.34016283441384,0.3343301436917163,0.33456346244558655,270160000
2013-08-01,0.34156256914138794,0.34226249734018377,0.3340967332499566,0.338062955959862,277648000
2013-08-02,0.3443622887134552,0.34506221698255507,0.33852959949171646,0.3408626751804119,209628000
2013-08-05,0.34599539637565613,0.34716193399218936,0.34156253674535947,0.34342900249430275,185188000
2013-08-06,0.340862512588501,0.34692851761059856,0.34016258465326776,0.34622858967536535,206608000
2013-08-07,0.34062930941581726,0.34412892217951335,0.33876284371268933,0.33899613454279914,244380000
2013-08-08,0.3429622948169708,0.34459544145004256,0.3385294364558416,0.3424956854664421,345696000
2013-08-09,0.3380628526210785,0.34319561148918154,0.32919716304211244,0.3294304538287634,906224000
2013-08-12,0.33526328206062317,0.34016272398925845,0.3058664914265404,0.3242978048127042,257568000
2013-08-13,0.3364298939704895,0.3378297229104063,0.33363018046573517,0.3357299655943009,197468000
2013-08-14,0.3506615459918976,0.35276130257158805,0.33549652920127004,0.33572984784899146,828508000
2013-08-15,0.3529946208000183,0.35579430550709695,0.345528757831208,0.3469286140909726,723616000
2013-08-16,0.35439446568489075,0.35929390681190976,0.3515947532552231,0.35229468136264,660456000
2013-08-19,0.3487951457500458,0.35346129708115714,0.34856182705850786,0.3522947592483793,393432000
2013-08-20,0.3505537807941437,0.35289861989355437,0.34820894169473293,0.3486779039240777,234192000
2013-08-21,0.3489123582839966,0.35289857869711666,0.3475054438075148,0.34844336815671356,261540000
2013-08-22,0.35078829526901245,0.35407105900851155,0.34867792319131574,0.34867792319131574,129016000
2013-08-23,0.35078829526901245,0.35407105900851155,0.3500848379097802,0.35125725752427106,245120000
2013-08-26,0.3514916002750397,0.3524295524062838,0.3500847140071913,0.3510226381857569,300152000
2013-08-27,0.3470364809036255,0.35055373913475474,0.34586406149324905,0.3482089003140019,277464000
2013-08-28,0.3470364809036255,0.35031924407160603,0.34562956643010034,0.34773993814038806,318824000
2013-08-29,0.3463330864906311,0.3496158782067837,0.3449261717618959,0.34586412423194896,276216000
2013-08-30,0.34586408734321594,0.3475054690498835,0.3442227056365484,0.3465675446325551,378120000
2013-09-03,0.34609851241111755,0.35102268488538924,0.3439881687522482,0.3468019696149681,284680000
2013-09-04,0.34938138723373413,0.35149173139911033,0.345629633214522,0.34609859547875127,222080000
2013-09-05,0.3503192365169525,0.3517261509601375,0.34773993064135744,0.34797439774676625,174904000
2013-09-06,0.3489123582839966,0.3524296165225173,0.34633302439467456,0.3505537398714362,226756000
2013-09-09,0.35477447509765625,0.35477447509765625,0.3507882544626327,0.3517261788640434,246408000
2013-09-10,0.36227795481681824,0.36251244989393416,0.35571240013711053,0.3573538097715514,292132000
2013-09-11,0.3683745563030243,0.3693125086817389,0.3592296673621581,0.36180900146276584,396164000
2013-09-12,0.36814001202583313,0.3728296890785846,0.366498602695226,0.366498602695226,303808000
2013-09-13,0.37048494815826416,0.3721263299686211,0.3667331943465732,0.3693125285861967,159696000
2013-09-16,0.37071922421455383,0.3761123570567218,0.36931233822486204,0.3735330520992836,231412000
2013-09-17,0.37189167737960815,0.37493997256658945,0.3704847912605461,0.37212617237578965,168608000
2013-09-18,0.3751745820045471,0.3761125063700226,0.3702504092040905,0.3721262858877256,268168000
2013-09-19,0.37353333830833435,0.377519560262464,0.37189192813366817,0.3768161027522777,227572000
2013-09-20,0.370250403881073,0.3768159582030621,0.3695469466407378,0.3744711193704005,356036000
2013-09-23,0.3667331337928772,0.37306419284614173,0.3646227621400004,0.37001589687155273,271244000
2013-09-24,0.36814001202583313,0.3695468983700505,0.36485722131729903,0.3669675927626453,229732000
2013-09-25,0.3686089515686035,0.37142275203741376,0.3657951231471148,0.36743653237720936,233156000
2013-09-26,0.36743655800819397,0.3702503586732843,0.3653261865448659,0.3695469015188417,148816000
2013-09-27,0.3653261661529541,0.3676710045684244,0.36321582276010234,0.36462270903777727,151920000
2013-09-30,0.3648572266101837,0.3674365602076868,0.3594640923307468,0.3615744638067076,226640000
2013-10-01,0.3646228313446045,0.36696769849930133,0.362512487243872,0.36532628869574474,226976000
2013-10-02,0.36438822746276855,0.36579511368444007,0.3608709699795733,0.3608709699795733,162036000
2013-10-03,0.36063650250434875,0.36790551303908214,0.35899512114405796,0.36462272236582066,436768000
2013-10-04,0.3655607998371124,0.36860909652401463,0.35922971135174275,0.3601676638453146,246228000
2013-10-07,0.3655607998371124,0.3681401342535734,0.3622780080386449,0.3641538850730993,169952000
2013-10-08,0.3625124394893646,0.36978145123910494,0.3596986384081597,0.36462278331209724,290712000
2013-10-09,0.35688483715057373,0.36509180186791906,0.35500898825222965,0.36485730677928274,275860000
2013-10-10,0.36087101697921753,0.3618089412491533,0.3568847689502873,0.3594641026216326,223484000
2013-10-11,0.35782283544540405,0.3596987125370275,0.3540710812621571,0.35524350095033547,213704000
2013-10-14,0.3632158935070038,0.3632158935070038,0.3568848061899268,0.3568848061899268,166628000
2013-10-15,0.3613399863243103,0.3653262064800996,0.3611054912758066,0.3632158628542941,208820000
2013-10-16,0.36579516530036926,0.36720207967324264,0.36298136450730417,0.36345032664736804,210072000
2013-10-17,0.3664986491203308,0.36743660142130147,0.3629813908852292,0.3629813908852292,213324000
2013-10-18,0.37071922421455383,0.3718916431823002,0.36438816737925794,0.36579505336894974,255068000
2013-10-21,0.37165728211402893,0.37540900710877156,0.3704848628120441,0.37517454001998324,195008000
2013-10-22,0.36978140473365784,0.3718917482909837,0.3664986139245408,0.37165728120277025,179452000
2013-10-23,0.3634503185749054,0.36907794798872406,0.362277899274445,0.36907794798872406,252216000
2013-10-24,0.36087101697921753,0.36673311354801924,0.3601675598004251,0.3643882749204986,236436000
2013-10-25,0.3573537766933441,0.3629813784963583,0.3561813573216593,0.36274691139363097,330492000
2013-10-28,0.35665029287338257,0.3585261693186729,0.35172612069858056,0.35688475995861846,394024000
2013-10-29,0.3571193814277649,0.35782283883787935,0.3528986649197685,0.35618145684940594,387952000
2013-10-30,0.35688483715057373,0.35993313353941286,0.3538365407617346,0.35829175177701844,204032000
2013-10-31,0.35618138313293457,0.3599331086225914,0.3554779258684099,0.3573538025895807,293368000
2013-11-01,0.35782283544540405,0.35946421741831575,0.35524350095033547,0.35805730261142554,206136000
2013-11-04,0.34750548005104065,0.358995208266821,0.3468020227394318,0.358995208266821,410264000
2013-11-05,0.3470364809036255,0.34867786248761573,0.34164334602535723,0.34539509931963525,422368000
2013-11-06,0.34938138723373413,0.3496158823421933,0.3435192890491458,0.3470365479598988,198044000
2013-11-07,0.34117451310157776,0.34914695693132786,0.3404710555983188,0.34820903222877875,553076000
2013-11-08,0.3648572266101837,0.36602964589037956,0.35031920517361087,0.35172611949091814,734532000
2013-11-11,0.3679056465625763,0.3688435711223765,0.3627470055782953,0.36345043502180047,297624000
2013-11-12,0.3686089515686035,0.37165724705676395,0.36438823688904887,0.36954687574064743,316032000
2013-11-13,0.378691703081131,0.378691703081131,0.3669675129976521,0.3676709420405216,332792000
2013-11-14,0.3803332448005676,0.38267808380800405,0.3772849485003631,0.3775194435821811,307980000
2013-11-15,0.3791607916355133,0.38220908766509465,0.3754090383756158,0.3817401254957783,450332000
2013-11-18,0.37001603841781616,0.3742367553854836,0.3690781137373094,0.37095399105101645,316948000
2013-11-19,0.36400431394577026,0.3715484318448388,0.3635328118465929,0.3682478890465204,206716000
2013-11-20,0.3585818409919739,0.36518295232616216,0.3578745740447275,0.36423992036181135,204776000
2013-11-21,0.3614109754562378,0.3621182425889637,0.3574031658428902,0.3590534370832011,213568000
2013-11-22,0.3578745722770691,0.36188238081958035,0.3571673053333161,0.36188238081958035,158668000
2013-11-25,0.36565443873405457,0.36612594064418097,0.35787455885273844,0.35787455885273844,248208000
2013-11-26,0.36871927976608276,0.3727270885545606,0.36730474579176425,0.3696622836795828,753176000
2013-11-27,0.37013378739356995,0.3713125562535722,0.36612595078630916,0.36848348850631363,181272000
2013-11-29,0.36777621507644653,0.3710767846886215,0.3654186773980641,0.3701337808588949,116964000
2013-12-02,0.37131255865097046,0.3739058332972791,0.36565445122398793,0.36636171816536905,373872000
2013-12-03,0.3710768520832062,0.3762634302968151,0.3687193139766502,0.3713126171354902,290560000
2013-12-04,0.37626349925994873,0.3769707664423606,0.3691908836439825,0.37013391592189043,493176000
2013-12-05,0.37013378739356995,0.3769706355399564,0.36966225736631586,0.3769706355399564,271812000
2013-12-06,0.3647114634513855,0.37461311675507825,0.3637684314532775,0.37461311675507825,281000000
2013-12-09,0.3585818409919739,0.3658902192734086,0.3578745740447275,0.3647114503960202,385220000
2013-12-10,0.3668332099914551,0.36848348073986253,0.3581103262321022,0.35858182814535206,524268000
2013-12-11,0.3632969260215759,0.36801200165468606,0.3625896590557959,0.3675404997121886,414156000
2013-12-12,0.35622429847717285,0.3640041785847914,0.35551703153937725,0.36211814278535864,258724000
2013-12-13,0.3541025221347809,0.3595248648938474,0.3536310201783552,0.3569315900814719,184588000
2013-12-16,0.3545739948749542,0.35763879949528954,0.35410249295737944,0.3543382579681999,237620000
2013-12-17,0.35622429847717285,0.357167302324856,0.3512734580166702,0.3543382626777401,274104000
2013-12-18,0.3611750900745392,0.3618823569716836,0.3524522066205981,0.3569315448998026,426232000
2013-12-19,0.36258962750434875,0.3630611294058176,0.358346054182999,0.36070359179440825,258544000
2013-12-20,0.36989811062812805,0.37013387569800255,0.36235396564102135,0.36329699781644625,382080000
2013-12-23,0.3720199465751648,0.375084752479992,0.3689551687744155,0.3720199465751648,168568000
2013-12-24,0.3729628324508667,0.3741416013279805,0.36919076080247576,0.3741416013279805,79600000
2013-12-26,0.36942651867866516,0.37555612796280097,0.3684834867327624,0.37437735910847225,168920000
2013-12-27,0.3715483248233795,0.37225559182046153,0.3691907869024853,0.3713125878937314,210976000
2013-12-30,0.37649914622306824,0.37673491124458935,0.37131256868620977,0.37178407062518465,248180000
2013-12-31,0.37767794728279114,0.3795639833033589,0.3748489073039744,0.37720644530366665,235776000
2014-01-02,0.373905748128891,0.3767348152500097,0.3706052072929996,0.3753202816894503,260092000
2014-01-03,0.36942651867866516,0.3753203629503087,0.36824774982433645,0.3746130960168982,259332000
2014-01-06,0.37437736988067627,0.3772064095916537,0.36966226622362436,0.37319857288836294,409492000
2014-01-07,0.3805070221424103,0.38192155631352287,0.375556208751661,0.37814948392660425,333288000
2014-01-08,0.3856935501098633,0.3875795859190158,0.38050694460867707,0.38192147849155816,308192000
2014-01-09,0.37131255865097046,0.3805069445767254,0.3701337897833574,0.3797996776353443,292172000
2014-01-10,0.3708411455154419,0.37508472039730145,0.36754060288737084,0.3724914449335529,218492000
2014-01-13,0.362118124961853,0.3731985460950491,0.3614108580588692,0.3708410084878131,243332000
2014-01-14,0.3734343945980072,0.3741416616591372,0.36235394288313694,0.3640042420604641,241828000
2014-01-15,0.3774421513080597,0.37885668523357535,0.37343434265785536,0.3750846135015786,175044000
2014-01-16,0.37862101197242737,0.3793282791065957,0.37579197153982824,0.37744224278350486,220652000
2014-01-17,0.37697067856788635,0.3831002885811664,0.37461314057878936,0.3786209495394403,340400000
2014-01-21,0.3783852458000183,0.3807427839959503,0.3743774364877484,0.3774422136592022,246076000
2014-01-22,0.3779137432575226,0.3795640143715718,0.3734344038290209,0.3790925123538537,337940000
2014-01-23,0.37649914622306824,0.38074271988197694,0.37367010648515153,0.37673491124458935,185028000
2014-01-24,0.3668332099914551,0.37484885493296616,0.3668332099914551,0.3734343210891507,246696000
2014-01-27,0.36447569727897644,0.3720198127197626,0.36235389636796084,0.36683323511072635,233812000
2014-01-28,0.3680119812488556,0.36824774625906526,0.36235387394041824,0.3637684077935441,167996000
2014-01-29,0.36447569727897644,0.3687192709969398,0.36423993225417434,0.36659747008592425,162944000
2014-01-30,0.3706052303314209,0.37131249715566733,0.36541862568965516,0.3665973943620452,202896000
2014-01-31,0.37013378739356995,0.3722555600999474,0.3651829469399339,0.3654186838494945,335348000
2014-02-03,0.3651829659938812,0.3731985834184963,0.3637684320464466,0.37272708147070743,431728000
2014-02-04,0.3673046827316284,0.36801194959736167,0.3630611096412926,0.36494714524856003,280692000
2014-02-05,0.36400431394577026,0.36589035044655666,0.3611752451425522,0.36471158114657476,214676000
2014-02-06,0.36871927976608276,0.3696622836795828,0.3640042039904457,0.3644757059471957,168380000
2014-02-07,0.3741416037082672,0.374613105641299,0.3663617234490071,0.36966226508429706,157248000
2014-02-10,0.37532028555870056,0.3802711249676371,0.3734342501598647,0.37367001512374187,324372000
2014-02-11,0.38310033082962036,0.38404333488762615,0.3755562140533558,0.37744222216936735,235384000
2014-02-12,0.396774023771286,0.3996030919072878,0.38427906651751265,0.38427906651751265,744528000
2014-02-13,0.4092690348625183,0.41162660132067025,0.3996031444732433,0.406675759535477,902836000
2014-02-14,0.4222354292869568,0.42317843317562204,0.40526113445844103,0.4054968994826412,817536000
2014-02-18,0.4219997227191925,0.42388575886184904,0.4184634154907384,0.42247125283291037,428988000
2014-02-19,0.4276578724384308,0.43142994508794535,0.4201137271394016,0.4219997634641589,450340000
2014-02-20,0.4427460730075836,0.44368907698603155,0.4278935776705715,0.4286008166023722,398088000
2014-02-21,0.43944552540779114,0.44769693711062475,0.43661648522331575,0.44203882863760213,451052000
2014-02-24,0.44581088423728943,0.4491114263114117,0.43449469581961603,0.43850250493935616,403112000
2014-02-25,0.44379791617393494,0.44711338938574197,0.43906155006932673,0.44521883729770495,242184000
2014-02-26,0.44308748841285706,0.44948157707383063,0.4416665672744322,0.44285065881279656,360884000
2014-02-27,0.438114196062088,0.44758692628041546,0.4369301047847971,0.4430873907190951,388848000
2014-02-28,0.4352724850177765,0.44000885124092165,0.4288783680317549,0.4357461159938971,321692000
2014-03-03,0.4331411123275757,0.4331411123275757,0.4217738275083583,0.4255629318584208,375948000
2014-03-04,0.43764060735702515,0.44048242105009405,0.4345619640932982,0.4352724245743068,260344000
2014-03-05,0.44142967462539673,0.4416665041916311,0.43527241644391895,0.4371669400499336,241472000
2014-03-06,0.4352724850177765,0.4445083878605217,0.4345620244381108,0.44214020474894916,290144000
2014-03-07,0.4347987473011017,0.4378773904364437,0.4314833028359423,0.43716692998506257,268452000
2014-03-10,0.42840465903282166,0.43527240574418163,0.4265101072424132,0.4333778539537732,300888000
2014-03-11,0.43266740441322327,0.43645650808958253,0.4291151303032484,0.4305360230086593,297220000
2014-03-12,0.4338514804840088,0.43645649269851405,0.42887828561303115,0.43053600782636897,239428000
2014-03-13,0.4201160669326782,0.43645654620410995,0.41798468534198663,0.4347987955565829,385172000
2014-03-14,0.42201051115989685,0.42579961445293374,0.4158532535974147,0.4158532535974147,460048000
2014-03-17,0.42201051115989685,0.4262732453068228,0.4215368803060078,0.4231946024101006,299656000
2014-03-18,0.4319570064544678,0.43479882050749974,0.4217738135527149,0.4236683656650593,293904000
2014-03-19,0.43953508138656616,0.4478237484214751,0.43408825595492306,0.43527237544359215,366168000
2014-03-20,0.43977198004722595,0.4435610839597865,0.4352724438531564,0.4371669675784698,191800000
2014-03-21,0.43906158208847046,0.44711342199207676,0.4366933988634635,0.44356114715456624,566116000
2014-03-24,0.43693017959594727,0.44285063699610216,0.43053606301900577,0.43929836255600924,306096000
2014-03-25,0.43693017959594727,0.44214017646189,0.4336147065132799,0.4416665455160712,304424000
2014-03-26,0.4269837439060211,0.44924467834014864,0.42319464027396736,0.4409560388471252,557756000
2014-03-27,0.4213000535964966,0.42958869184824283,0.41656366065025247,0.4260364183117802,540728000
2014-03-28,0.4239051938056946,0.426510206653554,0.41940565695681487,0.420589748572938,398820000
2014-03-31,0.42414194345474243,0.4284046781152957,0.42177376066898675,0.4246155743657004,273404000
2014-04-01,0.44166651368141174,0.4468765101718258,0.4324305838643014,0.43764060858568116,656272000
2014-04-02,0.4388246238231659,0.44261369868998657,0.4369300722742751,0.4416664370310216,239948000
2014-04-03,0.44356098771095276,0.4542178083927551,0.4395350550908366,0.4397718846205943,599548000
2014-04-04,0.42982566356658936,0.4485343273195301,0.4279311114075489,0.44592931457197826,368032000
2014-04-07,0.4312465190887451,0.43953515936315396,0.42769424468542705,0.43006242762097247,428576000
2014-04-08,0.446639746427536,0.44782383792189084,0.4305360682271492,0.4312465287699557,470692000
2014-04-09,0.44616612792015076,0.4525602451573665,0.4426138531132401,0.4487711407376068,421968000
2014-04-10,0.4352724850177765,0.4504288456394532,0.43385156385844514,0.4442715864879462,372748000
2014-04-11,0.4291151762008667,0.4385879081739912,0.4234315200784111,0.4319569901466104,353112000
2014-04-14,0.4338514804840088,0.4355092026973466,0.42911511517106404,0.4319569287126381,290184000
2014-04-15,0.43693017959594727,0.43929836255600924,0.43006243207318695,0.434325167047492,304636000
2014-04-16,0.4378775358200073,0.4395352586029821,0.4324307081922554,0.43906162755512845,235136000
2014-04-17,0.43953508138656616,0.4435610142475387,0.43527237544359215,0.4362196371573725,153532000
2014-04-21,0.44308748841285706,0.4442715799512214,0.43693020112097486,0.43977201516685543,117004000
2014-04-22,0.44687652587890625,0.4497183679108059,0.441429699625721,0.4437978824983262,255120000
2014-04-23,0.45208650827407837,0.4532705995990418,0.446876483859468,0.4475869443006389,261580000
2014-04-24,0.4561123549938202,0.4608487196899472,0.45516509334697897,0.45516509334697897,391492000
2014-04-25,0.44356098771095276,0.45942783219973815,0.4426136978228828,0.4551650982808251,313600000
2014-04-28,0.44166651368141174,0.4494815225325156,0.4362196876196747,0.4471133397431487,226788000
2014-04-29,0.44261372089385986,0.4442714712266514,0.4376405545883719,0.4433241812892045,171300000
2014-04-30,0.4374037981033325,0.44237699347042714,0.43645653623863206,0.44190336253807694,305740000
2014-05-01,0.43977198004722595,0.4449819767537715,0.4362197057158131,0.44403471489111485,198104000
2014-05-02,0.436456561088562,0.4419033876981254,0.4338515484658674,0.4419033876981254,156376000
2014-05-05,0.44119295477867126,0.4445083999325262,0.43550929821795803,0.43598292920694154,239260000
2014-05-06,0.43219372630119324,0.44924463452034163,0.43100963506054457,0.44545555948884313,416188000
2014-05-07,0.43266740441322327,0.43621967852319815,0.4279310389332568,0.43219377351141963,293900000
2014-05-08,0.438114196062088,0.44498191417799027,0.428878267160641,0.43100964839834244,432728000
2014-05-09,0.42745742201805115,0.4288783430947635,0.4194056111992621,0.424852437685369,539532000
2014-05-12,0.4400087893009186,0.4409560511198138,0.42816784717893464,0.42840467674914123,299856000
2014-05-13,0.43290412425994873,0.4411927905206192,0.43148323182200277,0.4340882154070502,221104000
2014-05-14,0.42864155769348145,0.4347988453526969,0.4284047563102629,0.4331411227462838,214320000
2014-05-15,0.4262733459472656,0.4300624501348861,0.4220106107939348,0.4276942670753655,325896000
2014-05-16,0.42532604932785034,0.42840469270033826,0.4229578664614699,0.4229578664614699,283960000
2014-05-19,0.43906158208847046,0.44142976531347744,0.4279311265771318,0.42982567880333156,360076000
2014-05-20,0.43394654989242554,0.4403700889939048,0.43180537964559834,0.4391805436654458,256200000
2014-05-21,0.43394654989242554,0.4394184640755367,0.4313295388254165,0.43561190768006863,216712000
2014-05-22,0.435849666595459,0.4382287563708566,0.4329947645371793,0.4329947645371793,130364000
2014-05-23,0.4398941397666931,0.44203533770879555,0.4356117722434772,0.4382287824968283,182656000
2014-05-27,0.4477452039718628,0.4477452039718628,0.44108374561187635,0.4425112111036566,209680000
2014-05-28,0.4515517055988312,0.4544066078792895,0.44512816837755254,0.44941053597873476,224676000
2014-05-29,0.4508380889892578,0.4551204576927698,0.4498864641044759,0.45131390143164873,171884000
2014-05-30,0.4520275890827179,0.4532171342502648,0.4484589535800773,0.450838043915171,239128000
2014-06-02,0.4506000578403473,0.4563098621083145,0.4467935027543771,0.4534549599743309,181500000
2014-06-03,0.44869688153266907,0.45202759671363024,0.4427491272335337,0.45155178431077786,243212000
2014-06-04,0.44917264580726624,0.4525033606313457,0.44726936803879597,0.44750728839522647,161236000
2014-06-05,0.4510759115219116,0.4525033485393763,0.44726935608669127,0.4498863664935291,188696000
2014-06-06,0.45274123549461365,0.456785682620592,0.45155169055397365,0.45321704779867195,161052000
2014-06-09,0.453217089176178,0.4574994570256485,0.44917264168095244,0.4522654644811806,247456000
2014-06-10,0.45559608936309814,0.45773728704576505,0.4496483652906658,0.45155164266604125,217608000
2014-06-11,0.4615440368652344,0.4627335821824748,0.45393092414609787,0.45393092414609787,266228000
2014-06-12,0.46439889073371887,0.4665400607334143,0.4574995116083772,0.46154398794712675,337148000
2014-06-13,0.46487465500831604,0.46939494328333475,0.46035436673329727,0.4691570229253369,227852000
2014-06-16,0.4634471833705902,0.4665400061781507,0.4594027358657761,0.46273347902814566,198620000
2014-06-17,0.46653997898101807,0.46844325662556385,0.4615439070701985,0.4639229970356334,157608000
2014-06-18,0.4660641551017761,0.46820535303415967,0.46106805495386993,0.46535042245764824,215536000
2014-06-19,0.4553583264350891,0.4598785866664849,0.4520275829942243,0.45749949636343584,474592000
2014-06-20,0.4503621757030487,0.45821317850801374,0.4467935406427001,0.4565478211520491,353148000
2014-06-23,0.44512832164764404,0.4453662137090179,0.4391805663373095,0.44441458874152395,414200000
2014-06-24,0.4382288157939911,0.44798309654018137,0.4363255380433941,0.44441446139318364,275780000
2014-06-25,0.4427490234375,0.44298694376364645,0.43537386201980055,0.4394183090373761,215420000
2014-06-26,0.4368014335632324,0.4429870803402492,0.4353739962492261,0.44274915994074987,256908000
2014-06-27,0.43727728724479675,0.4398942699114051,0.4337086229521539,0.43632563397975954,302820000
2014-06-30,0.441083699464798,0.44227324446316457,0.4356117868001135,0.4356117868001135,180512000
2014-07-01,0.4460798501968384,0.44869686083328963,0.4391804714102818,0.44060793691398126,321180000
2014-07-02,0.4444143772125244,0.446317654602604,0.4417973672560418,0.4444143772125244,179284000
2014-07-03,0.4484589099884033,0.4496484550403225,0.4403699866187581,0.4403699866187581,136892000
2014-07-07,0.44489026069641113,0.44941054876666814,0.44417652801574,0.4491726284194477,127496000
2014-07-08,0.44132164120674133,0.4456040090806936,0.4370392733327891,0.4437007313188269,221940000
2014-07-09,0.4546446204185486,0.4565478984451557,0.44179751500969716,0.44512825864650835,387668000
2014-07-10,0.4522654414176941,0.45416871907162143,0.44251116116693495,0.4460797961326776,266308000
2014-07-11,0.453217089176178,0.4546445545796652,0.4510759194319383,0.4527412768286793,191188000
2014-07-14,0.45892685651779175,0.4601164013961909,0.45345494440495826,0.45512030156251965,272636000
2014-07-15,0.4608301520347595,0.4620196969597237,0.45654778463269063,0.45964060710979526,395440000
2014-07-16,0.46035435795783997,0.4663021115454844,0.4577373758747071,0.46273347640949236,319728000
2014-07-17,0.45916491746902466,0.4639231270948311,0.45512046906613657,0.45512046906613657,324832000
2014-07-18,0.4387046694755554,0.4532171317850873,0.43799093670671074,0.44964849630185755,567816000
2014-07-21,0.44132164120674133,0.4444144640246508,0.4370392733327891,0.4370392733327891,243364000
2014-07-22,0.4394184350967407,0.44703151902461086,0.43846681024113043,0.4446524285245892,298816000
2014-07-23,0.43013978004455566,0.4398940582418596,0.42966396782148847,0.43965616631081783,297352000
2014-07-24,0.4308537244796753,0.43370862758327683,0.4277609009670246,0.4325190822600264,254576000
2014-07-25,0.4232405424118042,0.43037781270423814,0.42252680971036255,0.42942615964865233,266132000
2014-07-28,0.42157524824142456,0.4251438841629228,0.414437976398428,0.4251438841629228,330352000
2014-07-29,0.42300257086753845,0.4287124034270986,0.42157510563740147,0.4218130259627535,217972000
2014-07-30,0.43013978004455566,0.4313293247827155,0.4244299766457821,0.4256195213839419,246184000
2014-07-31,0.4163411855697632,0.42823663667021655,0.4156274528315375,0.4249059217064866,401880000
2014-08-01,0.42086145281791687,0.4232405429182416,0.41491369920611393,0.4163411646107052,219884000
2014-08-04,0.41990986466407776,0.4239543127875571,0.4177686945872345,0.4203856770854879,241724000
2014-08-05,0.42014777660369873,0.426333423040588,0.41515167537690395,0.4187203110071874,298136000
2014-08-06,0.4196718633174896,0.4249058553116386,0.4141999509941115,0.41729274510816217,223456000
2014-08-07,0.4153895080089569,0.4270470372607384,0.4125345774190612,0.4232405104091923,407696000
2014-08-08,0.4520275890827179,0.45440667941781165,0.433470678796788,0.433470678796788,894348000
2014-08-11,0.4496484696865082,0.4544066500491709,0.4484589245958425,0.4525033722319074,344624000
2014-08-12,0.4496484696865082,0.45202755986783955,0.4446523689613155,0.4494105776849703,296152000
2014-08-13,0.4522654414176941,0.45607199672554877,0.4475072614633705,0.45036216376376675,256596000
2014-08-14,0.4472694396972656,0.4539308987736697,0.44536616162386505,0.4539308987736697,255992000
2014-08-15,0.4529791474342346,0.4555961292385615,0.4444144126759205,0.44869678005507757,369796000
2014-08-18,0.45916491746902466,0.4596407582843035,0.45036228780132764,0.45488254865849714,284076000
2014-08-19,0.46286866068840027,0.46525827457896596,0.45761148734000007,0.45928423985255173,248260000
2014-08-20,0.46000126004219055,0.4633467377358477,0.45880645268441034,0.4611960673999707,221468000
2014-08-21,0.4556999206542969,0.4611960398692908,0.4549830590715847,0.4588064252963763,272796000
2014-08-22,0.4559389054775238,0.45976230028915704,0.45235448352403773,0.4552220153895359,251224000
2014-08-25,0.45665571093559265,0.4609570221799243,0.4556998481666033,0.4578505180319932,153380000
2014-08-26,0.4647805094718933,0.46573634394608016,0.4561778852583962,0.45785060983145015,269636000
2014-08-27,0.4595232307910919,0.4654972661238674,0.45880634085386934,0.4619128449242021,182972000
2014-08-28,0.4633466601371765,0.46430249446874117,0.45713365152265717,0.45856743150645385,179704000
2014-08-29,0.4647805094718933,0.46573634394608016,0.46000125164159744,0.46501945384721305,207932000
2014-09-02,0.46597522497177124,0.46597522497177124,0.4616739137127407,0.46597522497177124,192636000
2014-09-03,0.4702766239643097,0.47194934851975595,0.4652584218115174,0.4683649265496053,259456000
2014-09-04,0.4786403179168701,0.4815078785379049,0.4693208028714193,0.4695597757519909,491832000
2014-09-05,0.4772065281867981,0.48031303314062923,0.47410002323296696,0.4781623627173051,253792000
2014-09-08,0.4729051887989044,0.4776844181512058,0.4709934913606931,0.4767285836753271,319288000
2014-09-09,0.4669311046600342,0.4738610036085427,0.46645318747065967,0.47075449914793205,198588000
2014-09-10,0.46860378980636597,0.4702765425587097,0.4643024784894582,0.46955965259148363,172376000
2014-09-11,0.4638245105743408,0.46693101443467994,0.4588063098394511,0.46525829035186517,250720000
2014-09-12,0.45689454674720764,0.4666919740053108,0.45641662971944585,0.4666919740053108,262536000
2014-09-15,0.4506815969944,0.4590452452131758,0.4487699002756769,0.4583283553828492,294152000
2014-09-16,0.45737260580062866,0.45976222001908235,0.44805309325679027,0.44948687318244185,219936000
2014-09-17,0.45761165022850037,0.461912962459875,0.454027228116764,0.45617789847567863,173584000
2014-09-18,0.4645414650440216,0.4650193822074883,0.45904534644803086,0.4604791264248805,219604000
2014-09-19,0.4559389054775238,0.46645322696628844,0.4552220153895359,0.46597530973644763,601316000
2014-09-22,0.4513986110687256,0.4652583804862091,0.4509206653926615,0.4652583804862091,221464000
2014-09-23,0.4494868516921997,0.45450502421916145,0.44733618190654717,0.44900890608220106,196144000
2014-09-24,0.4521154761314392,0.45354925619789693,0.44877002729163945,0.44924794448497496,159592000
2014-09-25,0.4423180818557739,0.45283240340612096,0.441362247390494,0.4516375960812943,298440000
2014-09-26,0.4432739019393921,0.44661935073079384,0.44184012189367655,0.4437518191258137,241188000
2014-09-29,0.44255706667900085,0.4456635715048194,0.43538822253624476,0.4396895347191893,208540000
2014-09-30,0.4408842921257019,0.44399079659956453,0.43562711756080297,0.4406453192867697,277204000
2014-10-01,0.4365830421447754,0.44470772100664546,0.43538823475412064,0.44160124458010735,350976000
2014-10-02,0.4346713125705719,0.4380167616231358,0.42463490843997403,0.43586611987312374,288996000
2014-10-03,0.43562713265419006,0.44327392192754833,0.43562713265419006,0.4372998856117698,239140000
2014-10-06,0.4329985976219177,0.44088433169047736,0.4301310372432024,0.43729990970353694,199032000
2014-10-07,0.42845824360847473,0.43538814209126786,0.42798032645121814,0.4310868307030599,301896000
2014-10-08,0.4363439083099365,0.4384945779116315,0.4246347831090054,0.4279802596606049,260172000
2014-10-09,0.4279802441596985,0.43491014131001937,0.42439582343980814,0.4344321957582124,306956000
2014-10-10,0.4026504158973694,0.4260686723162467,0.40241147153786166,0.42463489221339235,691376000
2014-10-13,0.40121662616729736,0.4134036704244923,0.40073870900722974,0.4052789647575459,397628000
2014-10-14,0.41053611040115356,0.42176729106998706,0.4043231022934002,0.4067127164138519,376620000
2014-10-15,0.41674911975860596,0.4188997897123368,0.40193351685196266,0.40456207548014567,404428000
2014-10-16,0.4169880747795105,0.42176730315738137,0.4083854523047636,0.40934131507220667,351116000
2014-10-17,0.4162713289260864,0.42678565208901204,0.4145986041120745,0.4220064220567162,290716000
2014-10-20,0.41985562443733215,0.4236790187011147,0.41340367154284235,0.41627120299745457,200336000
2014-10-21,0.4377778470516205,0.43825576430787977,0.42176740531852097,0.42296221270239676,351092000
2014-10-22,0.4275023937225342,0.438494630371299,0.4275023937225342,0.43706085046530424,239512000
2014-10-23,0.4370608329772949,0.44016733699168503,0.43180368767641386,0.43491019169080397,214476000
2014-10-24,0.44160109758377075,0.4442296558763664,0.43706081391873985,0.43968940069778123,210156000
2014-10-27,0.44184011220932007,0.44351283656835777,0.4365829663010086,0.44136219503337365,145092000
2014-10-28,0.452354371547699,0.4528322886592356,0.44016732852806,0.4406452456395966,192580000
2014-10-29,0.4494868516921997,0.45307127284850685,0.4454244849258939,0.45044268593930276,168340000
2014-10-30,0.44661930203437805,0.4502037232713944,0.44088423944973093,0.4482920547341439,170260000
2014-10-31,0.4669311046600342,0.4671700774979469,0.4545050868175915,0.4568947012509149,256316000
2014-11-03,0.4748169481754303,0.4793572337442544,0.47242733318756214,0.47768448046358053,308732000
2014-11-04,0.48102977871894836,0.48270250288786337,0.47003754248931173,0.4779232746987078,360196000
2014-11-05,0.48102977871894836,0.48413628273918885,0.4774453575770817,0.48389733842159927,335652000
2014-11-06,0.48318058252334595,0.4838974726478638,0.47457792951558675,0.4819857466581796,394088000
2014-11-07,0.4729051887989044,0.49441174937071464,0.46812595944660307,0.4886766855425346,450800000
2014-11-10,0.47840118408203125,0.48150768786704595,0.47123231385468095,0.4724271208114985,293388000
2014-11-11,0.4726662337779999,0.478162324620203,0.46860386613087124,0.47553376562750876,212992000
2014-11-12,0.46955960988998413,0.4721881682155085,0.4631076292581378,0.47099336120760305,204584000
2014-11-13,0.4671700894832611,0.47194931847251975,0.4633466948972735,0.4712324284268406,225328000
2014-11-14,0.4729051887989044,0.4729051887989044,0.463107757232105,0.4676480422086637,160248000
2014-11-17,0.470754474401474,0.47577267584223853,0.467647970104165,0.470754474401474,158732000
2014-11-18,0.4819857180118561,0.4831805538060086,0.46979867207874204,0.4709934793864413,207772000
2014-11-19,0.48018577694892883,0.4837853957838235,0.47514636779407665,0.48234554824986564,240300000
2014-11-20,0.48810485005378723,0.4885848182725075,0.47538629300466656,0.4768261404468306,220968000
2014-11-21,0.4907447397708893,0.4931444671716314,0.4866652089110291,0.49242454323000734,198976000
2014-11-24,0.49386438727378845,0.496024101867856,0.4900248120196483,0.49194457103971145,136004000
2014-11-25,0.4936242699623108,0.497223888880238,0.4919444668719454,0.49290434617872536,190240000
2014-11-26,0.502023458480835,0.5025034268519888,0.4905047324992763,0.4907447452918607,219264000
2014-11-28,0.503223180770874,0.506102875924173,0.4991436507797018,0.5037031490344245,124832000
2014-12-01,0.49386438727378845,0.5039432079501407,0.4931444633377613,0.501063569420046,190060000
2014-12-02,0.49458420276641846,0.49674391688694336,0.48882481254101534,0.49338431073145905,245952000
2014-12-03,0.50730299949646,0.5075429551307439,0.4955443152061221,0.49698416343988233,284424000
2014-12-04,0.5027435421943665,0.5085028784083627,0.4993839341707047,0.5065831187417084,185332000
2014-12-05,0.5056229829788208,0.5082626654878593,0.5027432877224122,0.5029832432557783,165680000
2014-12-08,0.4991436302661896,0.5099424294332561,0.4950641004426755,0.5049030203360916,226944000
2014-12-09,0.4974638521671295,0.498663744229832,0.48858486831634107,0.4960240045774876,239448000
2014-12-10,0.48642510175704956,0.4979438253744442,0.4859451906984101,0.49602400949787684,204364000
2014-12-11,0.48618510365486145,0.49266436009116255,0.4852252244076313,0.489304754118858,135652000
2014-12-12,0.47106701135635376,0.4840255295049046,0.4705870429303246,0.4797060139197174,323964000
2014-12-15,0.46962711215019226,0.48522536912223085,0.4681872642429248,0.4765863102856338,254696000
2014-12-16,0.46434763073921204,0.47658625059717735,0.46410767518939167,0.46914711362667244,185308000
2014-12-17,0.4833054840564728,0.4840254079076459,0.4583483050601601,0.4737065756595072,345596000
2014-12-18,0.4852253794670105,0.4950642450197394,0.48066588006812894,0.4893049104818985,226156000
2014-12-19,0.4900246560573578,0.491944414466411,0.48402531090457407,0.48858480864357,325528000
2014-12-22,0.4986637234687805,0.4986637234687805,0.48786492421005906,0.48954472725670456,148976000
2014-12-23,0.4955439865589142,0.504902936657426,0.49506401839463526,0.5025032102640119,109280000
2014-12-24,0.4936242699623108,0.49746384440343255,0.4931443589159216,0.4967439206198471,45644000
2014-12-26,0.49410444498062134,0.49674412848234195,0.4924246411873423,0.4936244765193878,52636000
2014-12-29,0.4933844208717346,0.4967440277771981,0.49026476954122883,0.4926644969328476,82944000
2014-12-30,0.4888249337673187,0.4924245535508846,0.4881050098106055,0.4900248260998458,112120000
2014-12-31,0.48114579916000366,0.49218455593481675,0.47970592276254265,0.4895448159143111,166300000
2015-01-02,0.48306551575660706,0.48666513491743374,0.4753863663561806,0.48306551575660706,113680000
2015-01-05,0.4749065637588501,0.4845055032802518,0.47274682024591663,0.48306565520028877,197952000
2015-01-06,0.4605080783367157,0.4761063045401471,0.4600281386364724,0.4756263648399038,197764000
2015-01-07,0.4593082368373871,0.4679472662846049,0.45786838906051575,0.4638677071191379,321808000
2015-01-08,0.476586252450943,0.4794659479160211,0.4643476325453734,0.4645876167031313,283780000
2015-01-09,0.47850608825683594,0.48210570795201396,0.47178684583751546,0.47826613268182877,209540000
2015-01-12,0.4725067615509033,0.47994592777975453,0.4681872465988932,0.4797059436019181,190732000
2015-01-13,0.47178682684898376,0.4857052508844559,0.4684272200780449,0.476106341702338,236720000
2015-01-14,0.47370660305023193,0.47514645083583323,0.4655475418838383,0.46674740550283766,155260000
2015-01-15,0.47034701704978943,0.47994592642402795,0.4701070328726309,0.4770662593331577,188932000
2015-01-16,0.4789860248565674,0.4794659645817612,0.4681872237011776,0.46962707148376426,181512000
2015-01-20,0.48042574524879456,0.48498518573265104,0.4744264001501482,0.48234550364052414,140308000
2015-01-21,0.4871450960636139,0.4883449883118795,0.4744265357448577,0.4777861711045889,144780000
2015-01-22,0.4955439865589142,0.4969838338377607,0.48306538642756514,0.48810479468953755,159712000
2015-01-23,0.49698391556739807,0.497943794839819,0.4919444492626888,0.4960239790809775,120416000
2015-01-26,0.49482429027557373,0.4972240177715865,0.49170463880935544,0.49482429027557373,133240000
2015-01-27,0.47106701135635376,0.48762514966506953,0.4701071031113062,0.4871451812390404,357948000
2015-01-28,0.46338772773742676,0.4787459978172852,0.4631477435928186,0.4768262104814276,272728000
2015-01-29,0.474666565656662,0.4773062487576007,0.4614680357239347,0.46362780765053013,235340000
2015-01-30,0.46074801683425903,0.47682621074999537,0.4600281216140342,0.4713068328839219,298200000
2015-02-02,0.4708269536495209,0.47274674123293564,0.45450880210100447,0.46362777166697006,259604000
2015-02-03,0.4825855493545532,0.4830655176492124,0.47178677765077304,0.47418650469605755,183468000
2015-02-04,0.4837854504585266,0.4893048284864672,0.47970589152026394,0.48114576782394874,181516000
2015-02-05,0.4917047321796417,0.49194468781060346,0.4837856242176309,0.4842655354795543,140448000
2015-02-06,0.4895448386669159,0.4969840335253522,0.4873850668808525,0.4912246420958497,210524000
2015-02-09,0.48906469345092773,0.4905044834051875,0.48354531744864354,0.48666496724184705,273944000
2015-02-10,0.5027435421943665,0.5029834978491899,0.48738523600499895,0.4895450085405099,226204000
2015-02-11,0.49938368797302246,0.5039431292370165,0.496024024391652,0.5039431292370165,320832000
2015-02-12,0.5351396799087524,0.5399391343032158,0.5248208472392553,0.5279404983170574,676904000
2015-02-13,0.5353797674179077,0.536099691475916,0.5257808562631627,0.5339399193018913,310084000
2015-02-17,0.5370595455169678,0.5396992860083553,0.5310602549385851,0.534419862239601,203340000
2015-02-18,0.5308201313018799,0.5372994461620346,0.5298602518754155,0.5363395095215614,170948000
2015-02-19,0.5322600603103638,0.5384993633559695,0.5298603327708246,0.5375394837829572,169432000
2015-02-20,0.5360996127128601,0.5363395682922677,0.5279405508728503,0.5317801262134476,157752000
2015-02-23,0.5317801237106323,0.535859654611437,0.5291403834935121,0.535859654611437,125008000
2015-02-24,0.5374413132667542,0.5374413132667542,0.52900995315578,0.5338278896290033,149356000
2015-02-25,0.5333459973335266,0.5376821740047839,0.5309370294387142,0.5352731486756466,123820000
2015-02-26,0.5347912311553955,0.5379228942345048,0.5304550557684867,0.5338276557697407,152864000
2015-02-27,0.5314185619354248,0.5345502242681647,0.5294913541891186,0.5333457122474367,157492000
2015-03-02,0.544427216053009,0.5473180002611308,0.5292507138290107,0.529973409881041,301512000
2015-03-03,0.534309446811676,0.5429817406716482,0.5326231754270025,0.5403318938434913,160344000
2015-03-04,0.5403317809104919,0.5415362356045289,0.5302140972828037,0.5323821846532296,226840000
2015-03-05,0.5506906509399414,0.551654226719119,0.5388866897006042,0.5403320820865363,323056000
2015-03-06,0.5432225465774536,0.5502085099333553,0.5427407302547752,0.5475586637443683,257392000
2015-03-09,0.5446680188179016,0.54876331501359,0.5422590514621326,0.5434635638571732,222388000
2015-03-10,0.5540630221366882,0.5576765019748963,0.546113423926944,0.547076999405695,527212000
2015-03-11,0.5511723160743713,0.5612899451267223,0.5497269240856596,0.5540630426174792,262120000
2015-03-12,0.5461133122444153,0.5499676708054997,0.5357547487390077,0.5458724327825668,406972000
2015-03-13,0.5468361973762512,0.5482815895163332,0.5359958137599578,0.5434636540056077,359288000
2015-03-16,0.5533401966094971,0.5567127961469325,0.5475586876563652,0.5511721666485102,236956000
2015-03-17,0.5600854754447937,0.5603263549585076,0.5482815177581031,0.5521358771490953,299900000
2015-03-18,0.550931453704834,0.5629762928508627,0.545872638493799,0.5600855659164099,413844000
2015-03-19,0.5593628883361816,0.5612900396895955,0.5487634410237552,0.5528586807255035,310756000
2015-03-20,0.5653852820396423,0.568757883075402,0.5586401948367743,0.5639399472349746,462084000
2015-03-23,0.5470770597457886,0.5557493548796888,0.5468361802081113,0.548522451840492,426012000
2015-03-24,0.5396092534065247,0.5492451237011259,0.5372002858328744,0.545390764096422,330480000
2015-03-25,0.5068470239639282,0.5393680983099677,0.5051606958330521,0.5393680983099677,542552000
2015-03-26,0.5051608085632324,0.5073288959859358,0.4928750947031817,0.4964885737410206,311920000
2015-03-27,0.5150378346443176,0.5169649860043913,0.4998613310221786,0.5080518104539804,318288000
2015-03-30,0.5172058939933777,0.5198557413234475,0.5107016292906787,0.5174467735412961,253252000
2015-03-31,0.5041972994804382,0.5162421354637765,0.5037155405016898,0.515760376485028,357276000
2015-04-01,0.50612473487854,0.5078110069296801,0.4974524375910097,0.50612473487854,330768000
2015-04-02,0.5073291063308716,0.5104607703173251,0.502992987121957,0.509015378102912,192204000
2015-04-06,0.522023618221283,0.5237098892426856,0.4998611006240497,0.5051607931386582,515864000
2015-04-07,0.5266007781028748,0.5323822881132556,0.5191329392982518,0.5220237230205975,413964000
2015-04-08,0.5304551124572754,0.5323823208688504,0.5220237551388665,0.5270825695299118,366432000
2015-04-09,0.5427408814430237,0.5444271528906867,0.5261189890433718,0.5263598685546627,379432000
2015-04-10,0.5482815504074097,0.5485224299354675,0.5412955271848741,0.5432227357122895,258728000
2015-04-13,0.5432225465774536,0.5502085099333553,0.5408135223983594,0.54707684742169,236724000
2015-04-14,0.5386456847190857,0.543222740397567,0.53334593301588,0.5410546523233941,220276000
2015-04-15,0.5451496839523315,0.5492449215770433,0.5374409675797587,0.5400908711396222,243560000
2015-04-16,0.5417771935462952,0.5465951273782853,0.5379228349938427,0.5420180730076042,155284000
2015-04-17,0.5347912311553955,0.5400909819279591,0.53021417628065,0.5304550557684867,293636000
2015-04-20,0.5321415066719055,0.5405728650252045,0.5311778736306818,0.5372003216838849,231624000
2015-04-21,0.5314185619354248,0.5386454617569105,0.5287686584635407,0.5386454617569105,230456000
2015-04-22,0.5374413132667542,0.5381640094811709,0.5263600478914741,0.5345505858434201,207420000
2015-04-23,0.535273015499115,0.5403318870235956,0.521541907658432,0.5275643546142339,259380000
2015-04-24,0.530695915222168,0.5352729119944772,0.5246734694309142,0.535032032541803,240960000
2015-04-27,0.5347912311553955,0.5441862203927232,0.5278052090993589,0.5323822639741044,248456000
2015-04-28,0.5374413132667542,0.5393685223166433,0.5287690161280857,0.5338278896290033,234484000
2015-04-29,0.5333459973335266,0.5388866292350276,0.531177908997898,0.5335868768927103,195156000
2015-04-30,0.5347912311553955,0.5374410778245233,0.5294914803828319,0.5306959926906315,218844000
2015-05-01,0.5480404496192932,0.5497267205035361,0.5367182548569143,0.5391272214678746,256968000
2015-05-04,0.5446680188179016,0.5511722823693591,0.5429817474122945,0.5475588026185494,200720000
2015-05-05,0.530695915222168,0.5434634451626984,0.5282869483925264,0.542740749370376,292928000
2015-05-06,0.5323821902275085,0.5386455155181192,0.5253961691391889,0.5335866449341568,316484000
2015-05-07,0.5417771935462952,0.5434634646440615,0.5285278467911715,0.5302141178889378,534564000
2015-05-08,0.501788318157196,0.5261189263625888,0.49359784140596974,0.5061244934497089,1146552000
2015-05-11,0.4969703257083893,0.5020291962906357,0.4909479373085912,0.49480223831599796,544144000
2015-05-12,0.501788318157196,0.5058835565328091,0.49311602500647717,0.49335696192337686,388800000
2015-05-13,0.5046793818473816,0.5092564391633417,0.4998614449151095,0.5054020781306563,308524000
2015-05-14,0.5128697752952576,0.5155196803581387,0.504920174975272,0.5061246877191867,293052000
2015-05-15,0.5131105780601501,0.5174466964482668,0.5099789146664994,0.5150377290250211,215824000
2015-05-18,0.5123878121376038,0.515519475103714,0.5094970286506386,0.5119059957450076,324972000
2015-05-19,0.5091931223869324,0.5147593972331779,0.5082250294309537,0.5130652634102855,253808000
2015-05-20,0.5091931223869324,0.5154854381000917,0.508709075908943,0.5094351167758568,196824000
2015-05-21,0.5055630803108215,0.5116134035768836,0.5050790336774793,0.5094352802770822,239692000
2015-05-22,0.504837155342102,0.5087093561991121,0.5036271250306333,0.5067732846206932,212592000
2015-05-26,0.5016909241676331,0.5058051189598632,0.49781872386313286,0.5024169653309871,259732000
2015-05-27,0.528554379940033,0.5309744984023886,0.5033851017713931,0.5050791789250245,432332000
2015-05-28,0.535814642906189,0.5375087197676147,0.5275862530935026,0.5285542887714365,327656000
2015-05-29,0.5355726480484009,0.5392027962632315,0.5348466068654016,0.5358146425426787,335168000
2015-06-01,0.5416229963302612,0.5469472799118469,0.5355727291558984,0.5389608833895555,372660000
2015-06-02,0.5309744477272034,0.5411389673790853,0.5304904010008585,0.5382348024213561,224304000
2015-06-03,0.5251662135124207,0.5365407642529608,0.5241981199896806,0.5324265687319255,250788000
2015-06-04,0.5346046686172485,0.53629874565576,0.5220200303881106,0.5220200303881106,323712000
2015-06-05,0.5387188792228699,0.5411389975893626,0.5273442709701982,0.5329105489831488,313320000
2015-06-08,0.5263760089874268,0.5406547185244294,0.5203257445209933,0.5370245713845989,342812000
2015-06-09,0.5290382504463196,0.5329103925358185,0.5258920917234844,0.5268601272458592,256888000
2015-06-10,0.5195999145507812,0.5261342282160317,0.5166957494994824,0.5227460741229644,529460000
2015-06-11,0.5251662135124207,0.5287963622720859,0.5195999354074495,0.5195999354074495,283052000
2015-06-12,0.5108875632286072,0.5249242287092866,0.5096774750198309,0.5217780686066861,323728000
2015-06-15,0.5099192261695862,0.5123393434578551,0.5043529506365527,0.5082250921376651,306548000
2015-06-16,0.5162115693092346,0.516937610384367,0.503868986432298,0.5089512162580677,256892000
2015-06-17,0.5222617387771606,0.5251659022236075,0.5147593934740262,0.5159694231099524,233544000
2015-06-18,0.5309744477272034,0.5343626017111073,0.5251661755119151,0.5266182579907797,299404000
2015-06-19,0.5292803645133972,0.5353306311706502,0.5244401281075272,0.5309744414854348,355656000
2015-06-22,0.5271022319793701,0.5331525562353074,0.5191158362736272,0.5302483913604306,514236000
2015-06-23,0.5135497450828552,0.5321846559249462,0.5094355484839668,0.5280704593260578,414064000
2015-06-24,0.508467435836792,0.5154857973074894,0.5060473171607082,0.5128236263736707,253368000
2015-06-25,0.5123394131660461,0.5154855718388726,0.5084672134379401,0.5084672134379401,350460000
2015-06-26,0.5019328594207764,0.5087092235789938,0.4997547938879182,0.5082251769604935,421296000
2015-06-29,0.48692819476127625,0.5012069073470281,0.4862021536382583,0.49612461948590236,391724000
2015-06-30,0.48668619990348816,0.4920104828659363,0.48329804606382465,0.4898323592403665,315916000
2015-07-01,0.49370449781417847,0.5058050869370435,0.4893483088100112,0.498786785635894,302892000
2015-07-02,0.49418842792510986,0.4973345861251786,0.4910422697250411,0.49346238697892886,145764000
2015-07-06,0.4881381690502167,0.49685060383064605,0.4845080215501277,0.49007429772373107,214776000
2015-07-07,0.47894179821014404,0.4871702166505932,0.46369504916909254,0.4852341453470353,594252000
2015-07-08,0.47555363178253174,0.4791838086541442,0.471681431579446,0.4762796729268705,332492000
2015-07-09,0.4697452485561371,0.48523404663432057,0.46684111334151573,0.48305592358579746,357588000
2015-07-10,0.4779737889766693,0.4823300073506131,0.47458560630800917,0.4757956653646556,216708000
2015-07-13,0.48111990094184875,0.48378201329441395,0.4779737419341983,0.4828139776844049,212472000
2015-07-14,0.48136189579963684,0.4823299602604915,0.4750696066294451,0.4818459424551046,249216000
2015-07-15,0.4779737889766693,0.4832980430558968,0.4736175706027255,0.4801518837385994,265732000
2015-07-16,0.48862215876579285,0.48862215876579285,0.4791836840439962,0.48087776037352675,282848000
2015-07-17,0.48571813106536865,0.48741220786966144,0.4794258128207589,0.48692821889709986,220372000
2015-07-20,0.4767637252807617,0.48765428553468987,0.47555366623589007,0.48571815644279526,188412000
2015-07-21,0.47894179821014404,0.4857181343228427,0.4757956390667395,0.4757956390667395,149720000
2015-07-22,0.4697452485561371,0.4755535478354559,0.4639369781268944,0.4755535478354559,356472000
2015-07-23,0.47555363178253174,0.48257196219428333,0.4697453314779031,0.47071339595371514,169916000
2015-07-24,0.46998733282089233,0.4794257807054719,0.46805123280993044,0.4789417629152514,188844000
2015-07-27,0.4673251509666443,0.4726494038951581,0.46200089803813055,0.46587306887246904,192420000
2015-07-28,0.47748976945877075,0.4806358999150123,0.46369507318104414,0.46853530939074933,198308000
2015-07-29,0.48329800367355347,0.4871702038793227,0.4745855676356132,0.47652166773849786,232680000
2015-07-30,0.48450806736946106,0.489348302960751,0.4820879207237363,0.4820879207237363,190180000
2015-07-31,0.4828139841556549,0.4866861554976712,0.4799098484366224,0.48644416101696586,218340000
2015-08-03,0.49104252457618713,0.4915265136580671,0.4803939858224438,0.48668627663820785,397132000
2015-08-04,0.492978572845459,0.4944306554223541,0.48741229476747694,0.4893484241033951,260100000
2015-08-05,0.49806082248687744,0.5055631716074525,0.49709272904537083,0.5050791248866991,234628000
2015-08-06,0.4949146807193756,0.5004809585559757,0.486686232373855,0.496850752271162,655676000
2015-08-07,0.5561436414718628,0.5655820607921337,0.5295222871526698,0.5435590054446197,1405248000
2015-08-10,0.5755045413970947,0.5796187357057523,0.5488831890702284,0.5522714000010261,662304000
2015-08-11,0.5726005434989929,0.5781668215814025,0.5670342654165833,0.5670342654165833,435008000
2015-08-12,0.5740525722503662,0.5781667673689536,0.5634040638434242,0.5634040638434242,384048000
2015-08-13,0.5692121982574463,0.575988562114158,0.5677601161667113,0.5747784744718273,276884000
2015-08-14,0.5696963667869568,0.5730845205904045,0.565340119582381,0.5687282733858287,214652000
2015-08-17,0.5660661458969116,0.5687282584295893,0.5590477862742174,0.5687282584295893,273880000
2015-08-18,0.5609140396118164,0.5682049427750684,0.5565394629480966,0.5643164494994111,287084000
2015-08-19,0.5587266683578491,0.5665036537549606,0.5526508876520547,0.5601848603626749,249248000
2015-08-20,0.5385551452636719,0.5550811661428278,0.5358817740474451,0.5524078528695376,426932000
2015-08-21,0.5217860341072083,0.5436587386518558,0.5212999508290422,0.5346666325777941,382664000
2015-08-24,0.5033156871795654,0.5305350732270998,0.4860605147999103,0.4926223196975799,682284000
2015-08-25,0.4928654730319977,0.5273757656424213,0.4928654730319977,0.5254314903452076,622684000
2015-08-26,0.5300489664077759,0.5305350496145698,0.5050168690878781,0.5089053609134505,614976000
2015-08-27,0.5499776005744934,0.5502206132726067,0.5324794115656118,0.5356388084128527,463764000
2015-08-28,0.5524078011512756,0.5558102100792702,0.5460890086033248,0.5499775007822892,320944000
2015-08-31,0.546332061290741,0.5536230208748887,0.5441448313584322,0.5497345284109884,219352000
2015-09-01,0.5239731669425964,0.5395271336475291,0.5200847332092872,0.5305350292391345,353408000
2015-09-02,0.5397701263427734,0.5400131389564027,0.5293198306987325,0.5383119347751544,344044000
2015-09-03,0.5412285327911377,0.5504637110906986,0.5402564240077483,0.5477903395076968,262556000
2015-09-04,0.5285907983779907,0.5404992870193942,0.5283477857351851,0.5319932071489836,287972000
2015-09-08,0.551192581653595,0.5533798692084748,0.5392841512771903,0.541471380889143,238448000
2015-09-09,0.5402563214302063,0.5575114373737388,0.5390411422244851,0.5528939070436256,289392000
2015-09-10,0.5487623810768127,0.5555672576129435,0.5346666605867966,0.5370969612190709,357076000
2015-09-11,0.5504636764526367,0.554109098646694,0.540499402706802,0.542686690789001,301584000
2015-09-14,0.5514357686042786,0.5548381780012743,0.548519384582317,0.5531369733027764,192460000
2015-09-15,0.557511568069458,0.5604279524925211,0.5499776522338081,0.5516788571662792,327976000
2015-09-16,0.5613999366760254,0.5645593331185721,0.5524078306252903,0.5565393356787127,173508000
2015-09-17,0.5665035247802734,0.5762247253419875,0.5652883457385962,0.5711210544870395,268712000
2015-09-18,0.5660173892974854,0.570877989129416,0.555324081255822,0.5587264895495894,326412000
2015-09-21,0.5718501806259155,0.5730653597319854,0.5638301839432276,0.5667465674434519,281840000
2015-09-22,0.5562962293624878,0.5633441170050006,0.5533798460778826,0.5594556252731686,228356000
2015-09-23,0.5589697360992432,0.5623721458169926,0.5545952175968432,0.5567824478765707,161632000
2015-09-24,0.5696631669998169,0.5754958782695089,0.5468182894505174,0.5555673853265309,382440000
2015-09-25,0.5737943649291992,0.584973755989453,0.5682046693990723,0.5767106900256221,369692000
2015-09-28,0.5662605166435242,0.5774399101107494,0.5626150950023907,0.5737944884696159,395584000
2015-09-29,0.5762248635292053,0.5771969722299176,0.5643163726023961,0.5723363707834166,380736000
2015-09-30,0.5990696549415588,0.5997987509238651,0.578169057963278,0.5815714672520824,556380000
2015-10-01,0.5874043107032776,0.6007709368988498,0.5703921461840941,0.5990697320355204,489296000
2015-10-02,0.602715015411377,0.602715015411377,0.578168943385928,0.584244722720114,386144000
2015-10-05,0.6177830100059509,0.6253169244206238,0.6034442192019193,0.6066036157500257,482024000
2015-10-06,0.6258029341697693,0.6284762471105638,0.6087908321100292,0.6112211324042778,453216000
2015-10-07,0.6323647499084473,0.6386835423693821,0.6170538520003863,0.6272611365867372,310152000
2015-10-08,0.6360104084014893,0.6377116133208987,0.6189982433215017,0.629691614161999,460068000
2015-10-09,0.6335799098014832,0.6386835229681614,0.6216714211363051,0.6326077433424626,423248000
2015-10-12,0.6403848528862,0.6440303329647972,0.6296915412272152,0.634309072069518,227588000
2015-10-13,0.6416000127792358,0.6454884474879573,0.6330939314822962,0.6352812194631559,298444000
2015-10-14,0.6649308204650879,0.6753811176974963,0.6415999256658258,0.642328963617522,612148000
2015-10-15,0.6666319370269775,0.6802416286943772,0.6593410369847551,0.6661458538469935,526048000
2015-10-16,0.6770822405815125,0.6834010322785465,0.6671179698504497,0.6688192320282788,448396000
2015-10-19,0.6758668422698975,0.6824287024018206,0.6680899194257928,0.6792693075785295,294712000
2015-10-20,0.674895167350769,0.6780545642019754,0.6678472776101593,0.6729509498775383,264824000
2015-10-21,0.6661460399627686,0.68315820275727,0.6649309185876979,0.6790266394303883,386280000
2015-10-22,0.6902058124542236,0.6923930997581346,0.6729507004600473,0.6739228088363676,306884000
2015-10-23,0.6948235630989075,0.699441151401176,0.685831457102813,0.6962817549778274,381776000
2015-10-26,0.6916642785072327,0.6970109636134395,0.6853454846388819,0.6953097587939517,247436000
2015-10-27,0.6911781430244446,0.6955526607289026,0.6877756759843836,0.6882617592595164,208268000
2015-10-28,0.6967677474021912,0.6967677474021912,0.6853452844686169,0.6955525683472237,217036000
2015-10-29,0.6727077960968018,0.6926362834777108,0.6714926748119439,0.6855884525510784,327168000
2015-10-30,0.6894769668579102,0.6943376263890071,0.6748951620934439,0.6799988343210661,301160000
2015-11-02,0.697496771812439,0.6982258676427319,0.6875325587033129,0.6916640631130219,190088000
2015-11-03,0.6926363110542297,0.6972538995949904,0.6848593838698792,0.6933654070313465,376768000
2015-11-04,0.6812138557434082,0.6957956583672438,0.6780544593806171,0.6906920448317811,442264000
2015-11-05,0.6734369993209839,0.6865606705341988,0.6714927817783305,0.6846163950486013,478800000
2015-11-06,0.7667606472969055,0.776238838054557,0.7247164365324844,0.7400273377783277,1172272000
2015-11-09,0.763357937335968,0.7655452246370701,0.7526645713814156,0.7592264332847221,492568000
2015-11-10,0.7487761378288269,0.7575252290897039,0.732736146841039,0.7533936670958261,552260000
2015-11-11,0.7414854764938354,0.7546090886330089,0.7388121051744193,0.7492624039371157,619896000
2015-11-12,0.7388119101524353,0.7465888934857874,0.7356525142946937,0.7397840185833734,291080000
2015-11-13,0.7242302298545837,0.7427005248743761,0.7205847502059054,0.739541128493166,292940000
2015-11-16,0.7388119101524353,0.7392979933393662,0.7278755309613416,0.7337082974328175,344280000
2015-11-17,0.7388119101524353,0.7451307018679184,0.7356525142946937,0.7407561849572352,257048000
2015-11-18,0.7569865584373474,0.7579624165754052,0.7338110036732295,0.7418614552529682,350216000
2015-11-19,0.7591821551322937,0.7667446776741703,0.7535712325486563,0.7596700842033335,254072000
2015-11-20,0.7657688856124878,0.7701600728083672,0.7601579629708379,0.7647930856232793,239744000
2015-11-23,0.7543027997016907,0.7721113604109768,0.7516193362762852,0.7721113604109768,242552000
2015-11-24,0.7604019045829773,0.7669886267633395,0.7508877244722512,0.7543030532823713,195428000
2015-11-25,0.7594260573387146,0.767964437648861,0.7567425929728776,0.7589381864519937,138300000
2015-11-27,0.7657688856124878,0.7682084146669895,0.7569865693836897,0.7608898275034844,86996000
2015-11-30,0.7738193869590759,0.7772347743848876,0.7657689347463846,0.7665007993259897,327244000
2015-12-01,0.7989464998245239,0.7996783643107047,0.7799181395097363,0.7806500039959171,409496000
2015-12-02,0.7928478717803955,0.8084608495023705,0.7911402068860367,0.80016646054035,294240000
2015-12-03,0.7911401391029358,0.8074849801168146,0.7872368804661211,0.7991905918654385,246656000
2015-12-04,0.8233418464660645,0.8248055755409075,0.7911400394713618,0.7911400394713618,458756000
2015-12-07,0.8077288269996643,0.8230978651024384,0.8052892980653026,0.8230978651024384,333588000
2015-12-08,0.8187065720558167,0.8221219004888608,0.7926036216561935,0.7977266143057596,314488000
2015-12-09,0.7979705929756165,0.8233417385117374,0.7896762068563246,0.81846268101063,372676000
2015-12-10,0.8045575618743896,0.8089486913913269,0.7977268448710834,0.8004103096779357,236596000
2015-12-11,0.7926035523414612,0.8021177305697221,0.7908958882742777,0.7965068094219999,227320000
2015-12-14,0.7945554852485657,0.7989466731181105,0.7850413030275213,0.7933357496156718,275892000
2015-12-15,0.8043136596679688,0.8099245835659795,0.7991906649552964,0.8035817949714479,307296000
2015-12-16,0.809192419052124,0.8118759413327417,0.7989464334230633,0.8060210259299047,236356000
2015-12-17,0.7969949841499329,0.8187068126831333,0.7965071131806502,0.8104124245756531,254160000
2015-12-18,0.7840651869773865,0.7994342220024476,0.7830893872316413,0.7913837723148943,395896000
2015-12-21,0.8026058673858643,0.8033377319662343,0.7855291628908148,0.7926038150590817,284216000
2015-12-22,0.8033377528190613,0.8113882052491382,0.798458694265255,0.805045417496597,130012000
2015-12-23,0.8065090179443359,0.8096804113143258,0.8030936891344873,0.8045574180995528,122524000
2015-12-24,0.809192419052124,0.8111440769073871,0.8028496328076853,0.8040694262375936,52448000
2015-12-28,0.8084606528282166,0.8084606528282166,0.7894323499465377,0.800654194947792,142024000
2015-12-29,0.8216341137886047,0.8240736426566938,0.8067529469791921,0.808948540409359,203660000
2015-12-30,0.8145595788955688,0.8279770186667929,0.8143156434228265,0.8209023664905851,180344000
2015-12-31,0.804069459438324,0.8169989678818731,0.804069459438324,0.8133397037669577,148528000
2016-01-04,0.7896761894226074,0.7947991822367836,0.7816257389072151,0.7877245897304314,358076000
2016-01-05,0.8023618459701538,0.815779284289138,0.792847665607399,0.8045574394760875,490272000
2016-01-06,0.7691841721534729,0.7928475950689323,0.7601578634864552,0.7891882728846071,449344000
2016-01-07,0.7386902570724487,0.7550350987207073,0.7289320810201912,0.7499120461147523,645304000
2016-01-08,0.7228330969810486,0.7489360496775421,0.7213693680486749,0.7482041852113552,398472000
2016-01-11,0.7240528464317322,0.7291758977949157,0.7111233375486252,0.7235649755533999,409372000
2016-01-12,0.7362504005432129,0.7469843728315353,0.7311274079712518,0.7369822649339144,469356000
2016-01-13,0.7138068675994873,0.7467405369173091,0.7130750031112729,0.7418614209415605,481672000
2016-01-14,0.6994135975837708,0.7074640484226237,0.6786775737472213,0.6991696039902312,600236000
2016-01-15,0.6613566875457764,0.6794092419422176,0.6498909113390121,0.6713587934288832,841452000
2016-01-19,0.6667237877845764,0.694046530377855,0.6640402657079318,0.6750181730908743,457140000
2016-01-20,0.6703832745552063,0.6789216562680477,0.645256116709485,0.6540384339057608,481180000
2016-01-21,0.6781896948814392,0.6886796752908366,0.6637964564792261,0.6777018239841864,481456000
2016-01-22,0.694046676158905,0.698681798753105,0.6896554890182021,0.691119218065103,257996000
2016-01-25,0.693314790725708,0.7018531711331475,0.6918510617229517,0.6938027197809461,270728000
2016-01-26,0.700145423412323,0.7030728813128495,0.6877038436609972,0.6947784948119656,227944000
2016-01-27,0.6918511986732483,0.7013653809115156,0.6786777513667056,0.6991697869727685,231700000
2016-01-28,0.684288501739502,0.6999014745287981,0.6708710641704653,0.6974619457128782,276776000
2016-01-29,0.71453857421875,0.7160023029909317,0.6874598245851853,0.6901432885588856,310504000
2016-02-01,0.7147826552391052,0.7184419194543011,0.7077080040833156,0.7138068553259167,289884000
2016-02-02,0.6845325231552124,0.7111234080376627,0.6796534649105223,0.7074641434356261,341908000
2016-02-03,0.6879479885101318,0.694046841605071,0.6720910751566427,0.6898996470922207,326772000
2016-02-04,0.6881917119026184,0.7038046836125841,0.6813609967924797,0.688923518150145,348140000
2016-02-05,0.6447683572769165,0.6911194847807429,0.6428167565698634,0.6835569593371841,600428000
2016-02-08,0.6152498126029968,0.6381813733433525,0.6062235030457057,0.6350099798584574,608852000
2016-02-09,0.6218365430831909,0.64769556219499,0.6050037754827436,0.6079312335568943,425372000
2016-02-10,0.6203728914260864,0.643792384451559,0.6169575620222182,0.6257398791771412,335800000
2016-02-11,0.6172015070915222,0.6235442950332098,0.6045159312081471,0.6045159312081471,340144000
2016-02-12,0.6276914477348328,0.6289112414107353,0.6037840267864085,0.6269595831618839,340816000
2016-02-16,0.6584294438362122,0.6594053019186451,0.6347660195148632,0.6367176193538163,485352000
2016-02-17,0.6747743487358093,0.6811171355419647,0.664040374988643,0.6667238975069132,771468000
2016-02-18,0.7328349947929382,0.7557666075670343,0.7294196667722036,0.7301515310856387,1068660000
2016-02-19,0.7425931692123413,0.7491799485754261,0.7233208764190828,0.7289317978419675,525628000
2016-02-22,0.7689403295516968,0.7774787108830467,0.7518636250519615,0.753327354213103,449668000
2016-02-23,0.7708918452262878,0.7782104315152868,0.7591820722661173,0.7628413944920935,369380000
2016-02-24,0.7762588262557983,0.7774786198015058,0.7464965500634358,0.7677205040876764,336852000
2016-02-25,0.7779663801193237,0.7818696374826883,0.7640610730197335,0.7791861734916654,349616000
2016-02-26,0.7728436589241028,0.7835775768202683,0.7650371414561806,0.7816259765347726,361964000
2016-02-29,0.767824113368988,0.7839836736660638,0.7673344651023208,0.7739451837011513,323344000
2016-03-01,0.8018572330474854,0.8018572330474854,0.7685586968852232,0.7697829343856089,348700000
2016-03-02,0.8065091371536255,0.8094472602848256,0.7959809404332966,0.7974500019988967,233812000
2016-03-03,0.7994089126586914,0.808957697786891,0.788635831507862,0.8055299257729288,302004000
2016-03-04,0.7969604134559631,0.8062643734439691,0.7908393425988307,0.8055298426061189,175304000
2016-03-07,0.7918187379837036,0.7979398091530875,0.7815353641040776,0.7925532688590241,239968000
2016-03-08,0.7773731350898743,0.7883910408893333,0.7749247180649796,0.7837390310295735,274940000
2016-03-09,0.7768834233283997,0.7854528530289675,0.7668448734829123,0.7842286738038272,222788000
2016-03-10,0.7756593227386475,0.7859426985706168,0.7599894639648288,0.7815355124819705,286084000
2016-03-11,0.7888808250427246,0.7891257076497671,0.7778629757218632,0.7871669386678101,277400000
2016-03-14,0.7908393740653992,0.7940223216977765,0.7815353553323393,0.7852080096677209,190312000
2016-03-15,0.7869217991828918,0.7918186321137243,0.7729658311675047,0.7866769750488062,226216000
2016-03-16,0.8104265928268433,0.8131198917476963,0.7773729420129041,0.7810455958254983,363644000
2016-03-17,0.8035711646080017,0.8114060632321763,0.7925532599765377,0.8074886431075192,353680000
2016-03-18,0.827810525894165,0.8385835482182986,0.8079783088061354,0.8131200249862935,545512000
2016-03-21,0.8302590847015381,0.830503908912747,0.8116511020276252,0.8204654157547283,337780000
2016-03-22,0.8287901282310486,0.8346663186724936,0.8185067511773606,0.8275659486442337,242012000
2016-03-23,0.8429908156394958,0.8491118290933188,0.82878996168686,0.8324626164590476,429008000
2016-03-24,0.8442149758338928,0.8456840377094502,0.8327074217668032,0.8354006629554145,244956000
2016-03-28,0.8527844548225403,0.8564570510947844,0.8417665492560774,0.8427459043703516,265388000
2016-03-29,0.8664954304695129,0.8684541403113412,0.8471529226883314,0.8491116325301595,261812000
2016-03-30,0.8755546808242798,0.8875519407145798,0.8691887854386161,0.8696784921509215,376700000
2016-03-31,0.8723716735839844,0.8814308093318043,0.8655161303288311,0.8794720993660056,379884000
2016-04-01,0.8851035833358765,0.8855932900810648,0.8603745310137382,0.8669852510120217,348292000
2016-04-04,0.8765340447425842,0.8971007928697194,0.873106272846349,0.8924487833677649,393940000
2016-04-05,0.8753100037574768,0.8833897864317809,0.8652714522796277,0.8686992830921136,339568000
2016-04-06,0.8765340447425842,0.8770237514598445,0.8478875735921212,0.8642919605596999,453376000
2016-04-07,0.8674750328063965,0.8787377635463306,0.8638024362117795,0.8709028051946711,378104000
2016-04-08,0.8731061816215515,0.8802066072182089,0.8645366944014676,0.874575243244978,255936000
2016-04-11,0.8784927129745483,0.8929383881741281,0.8755545897560387,0.8782478304564356,387524000
2016-04-12,0.8775132298469543,0.882654886353441,0.8603742580756384,0.8814306490662699,292764000
2016-04-13,0.8995493054389954,0.8997941296362494,0.8814309722202304,0.8814309722202304,350716000
2016-04-14,0.9019976258277893,0.905915104438179,0.893428137719133,0.8971007921585177,416564000
2016-04-15,0.909098207950592,0.9171779907269887,0.8988148321329403,0.9017529561879472,436972000
2016-04-18,0.9051805138587952,0.9073841063771116,0.8963662021603876,0.9073841063771116,307320000
2016-04-19,0.889021098613739,0.9103223213424261,0.8833897335001374,0.9086084352263126,309152000
2016-04-20,0.8924488425254822,0.8978353832729534,0.8865726534031554,0.8875520085277322,200172000
2016-04-21,0.8914692997932434,0.8968558394071299,0.8875518217444945,0.8926934788476224,178280000
2016-04-22,0.8880416750907898,0.9005285837075208,0.8851035514751528,0.8944075706747613,223540000
2016-04-25,0.8924488425254822,0.8973456765232322,0.8858381224660064,0.8882865394648813,191972000
2016-04-26,0.8931834101676941,0.908118795337002,0.8892659311335336,0.897835420169189,214536000
2016-04-27,0.9135052561759949,0.9139949629341783,0.8892659099558211,0.8909797960471627,352396000
2016-04-28,0.8863276243209839,0.9132602652312074,0.8841240902486713,0.9078737253741914,381224000
2016-04-29,0.8699232339859009,0.8846137334663473,0.8603743918111539,0.8826550235522301,321904000
2016-05-02,0.8814309239387512,0.8868174646073622,0.8740856730496626,0.8782479760493263,256076000
2016-05-03,0.8709026575088501,0.8750649601851878,0.8633125830255121,0.8713923642133617,224024000
2016-05-04,0.8510704040527344,0.8611088941870912,0.8422560929805619,0.8603743633998391,525764000
2016-05-05,0.8562121987342834,0.8662507488561304,0.8498463031386886,0.858170967273239,246884000
2016-05-06,0.8650264143943787,0.8672300068634675,0.8530291554513708,0.854743041246821,183240000
2016-05-09,0.863802433013916,0.8709028019705215,0.8567020056824404,0.8672302053895008,333336000
2016-05-10,0.880451500415802,0.8819205621544439,0.8608641662335377,0.8691887715860279,269676000
2016-05-11,0.882899820804596,0.8926934868265778,0.8782478119316983,0.8831447033175434,328176000
2016-05-12,0.8709026575088501,0.8931832910040735,0.8552328018376624,0.8892658124925613,670540000
2016-05-13,1.0033621788024902,1.0038518271400818,0.954883490889238,0.9595354419706652,2110256000
2016-05-16,1.0329880714416504,1.0479235142000902,0.9925891622379408,0.9957721101373158,973032000
2016-05-17,1.035191535949707,1.0425367271624986,1.0151144386853443,1.0283358762681365,628392000
2016-05-18,1.0616346597671509,1.073631979457582,1.0283361171209435,1.0283361171209435,541072000
2016-05-19,1.066286563873291,1.0738766970001516,1.0560032480882995,1.0574721931292481,398880000
2016-05-20,1.085384488105774,1.0897916744429863,1.0711836321857007,1.0728975185252139,391084000
2016-05-23,1.0870980024337769,1.0941983695891495,1.0804872835650614,1.0900361256531417,413636000
2016-05-24,1.1134870052337646,1.1169237957621834,1.0874663771595703,1.0904121307251227,415788000
2016-05-25,1.1088231801986694,1.1215879189341278,1.099985918320744,1.1169239450603041,458076000
2016-05-26,1.1206058263778687,1.128706589413443,1.1075955135344586,1.110786726762197,309964000
2016-05-27,1.126743197441101,1.1284615346381417,1.118151394402955,1.1218336458705644,277416000
2016-05-31,1.1468720436096191,1.1493268773216987,1.1309159756398448,1.1316524725746342,412524000
2016-06-01,1.1490809917449951,1.1601273881990593,1.1380344782380603,1.1414711505197075,387132000
2016-06-02,1.157181978225708,1.1670010772448176,1.143926089202306,1.1552180647795713,329208000
2016-06-03,1.1409800052642822,1.1473624294814393,1.1208508932273158,1.1458896704031964,461076000
2016-06-06,1.1350891590118408,1.1527635639595,1.129197651678316,1.1439263029592126,322512000
2016-06-07,1.1372979879379272,1.1483445015066545,1.136807068195766,1.141962076647073,193400000
2016-06-08,1.133616328239441,1.1417170926257294,1.1242881469333101,1.1375439219194328,234616000
2016-06-09,1.1630730628967285,1.1647913989225438,1.127233349155025,1.1296881817935398,472168000
2016-06-10,1.1341073513031006,1.1596370637030562,1.1326344742759547,1.1493270415659653,400024000
2016-06-13,1.1485899686813354,1.1709284558319153,1.135334199135721,1.135334199135721,475588000
2016-06-14,1.1507996320724487,1.1562001017921133,1.1331252292001175,1.1458900822219624,298344000
2016-06-15,1.162582278251648,1.1726468357224973,1.1476081719862716,1.1603730222626174,301036000
2016-06-16,1.1672461032867432,1.1692098989500264,1.1426983648635791,1.1539903362435195,246456000
2016-06-17,1.1468720436096191,1.1689650788066783,1.1422079531989995,1.1687196188460531,471000000
2016-06-20,1.1674917936325073,1.1824658994693242,1.1645460410295234,1.165282537706706,293768000
2016-06-21,1.160373330116272,1.175592900301282,1.1586548763820392,1.1724016868855485,212508000
2016-06-22,1.1593915224075317,1.1704380408100479,1.1574277255266876,1.1628281962122393,202620000
2016-06-23,1.190321683883667,1.1915491008086037,1.1697015243458293,1.1704380213219594,297880000
2016-06-24,1.1225693225860596,1.1625822071949623,1.1120138459967681,1.1414711369635102,1017684000
2016-06-27,1.1105417013168335,1.121833681998008,1.094094591825579,1.1132418786831721,449088000
2016-06-28,1.126743197441101,1.132880049114565,1.1112780456147924,1.1316527490116377,381920000
2016-06-29,1.1451536417007446,1.1539909020981072,1.1336162048371663,1.1365619583029538,318932000
2016-06-30,1.1539908647537231,1.161109671188248,1.137789338269098,1.1471174012050158,430940000
2016-07-01,1.1453988552093506,1.1625823353607314,1.1414712628019459,1.1476082283597877,218488000
2016-07-05,1.162337303161621,1.1643011000879242,1.1299342441923836,1.1390168488713819,371084000
2016-07-06,1.1697009801864624,1.176574441536736,1.1483444506607368,1.1542359555172952,273104000
2016-07-07,1.200140357017517,1.2043135262523217,1.1721559400195682,1.1775564086885397,395400000
2016-07-08,1.2482538223266602,1.254145326953279,1.2082409403520746,1.2129050286726708,481932000
2016-07-11,1.2769752740859985,1.2863033376356108,1.2647013399192137,1.2661742167013443,448776000
2016-07-12,1.2961225509643555,1.3079054481299763,1.2750113561737897,1.2912130007242708,436760000
2016-07-13,1.2956315279006958,1.3059416654525011,1.2936677311941798,1.2985772814869259,324604000
2016-07-14,1.3088871240615845,1.320670136804775,1.2917037588992586,1.3025048148962177,316892000
2016-07-15,1.2936675548553467,1.29955906122474,1.2725564797688815,1.2921946782629983,428616000
2016-07-18,1.3002958297729492,1.311587808988571,1.2953862786815018,1.3096240119625784,252992000
2016-07-19,1.313796877861023,1.3189518877515625,1.2971043143855425,1.2995591478874589,382652000
2016-07-20,1.3309800624847412,1.3380989850262461,1.3128147418511524,1.3182152109441416,296460000
2016-07-21,1.3064322471618652,1.332207408789438,1.3020136179263975,1.328034239447127,361308000
2016-07-22,1.3420264720916748,1.3420264720916748,1.3015226644472886,1.3110963023498599,315768000
2016-07-25,1.3668196201324463,1.3700108326351437,1.344235672736877,1.3501271779888948,312528000
2016-07-26,1.3901402950286865,1.3972591008461468,1.3768845230635434,1.3788483194559917,514508000
2016-07-27,1.3761481046676636,1.4046235636657496,1.3678018817345419,1.402168730245649,446676000
2016-07-28,1.3790937662124634,1.3894037849640968,1.3749205964970543,1.3793392261275652,221916000
2016-07-29,1.4016778469085693,1.4053599800817713,1.3594556942269498,1.3842489037409615,409588000
2016-08-01,1.3925950527191162,1.412724288236496,1.3835124502387823,1.407569278657999,301120000
2016-08-02,1.3756569623947144,1.399959247470704,1.3624011918174255,1.3992227507425874,282748000
2016-08-03,1.379339575767517,1.3820398696239027,1.3663292605460768,1.3739391051076677,299828000
2016-08-04,1.4048690795898438,1.411251506273004,1.383267083075327,1.3859672594815762,272712000
2016-08-05,1.4286800622940063,1.4294164419179762,1.41419687621341,1.4210702209152868,371588000
2016-08-08,1.4419361352920532,1.451755234661223,1.426716449332812,1.4483185615873033,305064000
2016-08-09,1.4456182718276978,1.4596105411367883,1.4419361388184784,1.4490549449100223,372344000
2016-08-10,1.4362900257110596,1.4605923131406242,1.43162593615756,1.4583830568480793,375740000
2016-08-11,1.4655016660690308,1.4716386313454868,1.4409539220160836,1.4438996747130126,681064000
2016-08-12,1.5474915504455566,1.555837773411213,1.488331492835901,1.519507128254144,1425744000
2016-08-15,1.546018362045288,1.5587832123785905,1.5251527503122266,1.5492095746286136,573304000
2016-08-16,1.5366909503936768,1.5462644751350345,1.5320268594898263,1.5438097582162809,287652000
2016-08-17,1.501096248626709,1.5401273047171151,1.4890678924096972,1.5366906315122546,595212000
2016-08-18,1.5244165658950806,1.5268712820912336,1.4929953558035007,1.498886861958895,331684000
2016-08-19,1.5283446311950684,1.539882070106021,1.5170526522743382,1.523680540222057,291560000
2016-08-22,1.534726619720459,1.5369359931057165,1.51484296157051,1.533008283227978,244748000
2016-08-23,1.5471460819244385,1.557229187840737,1.542719309594625,1.5503431757289816,339764000
2016-08-24,1.5232905149459839,1.5532940314177273,1.5161585920790954,1.5525562948184934,298448000
2016-08-25,1.5132079124450684,1.52452069826107,1.4942713768370703,1.5237829614174365,406032000
2016-08-26,1.5255041122436523,1.5341116264406605,1.505091873126649,1.5171425102710463,300024000
2016-08-29,1.5245205163955688,1.53780071614563,1.5220612766082162,1.531652558042949,274652000
2016-08-30,1.5156668424606323,1.5306685428023814,1.5114859830529745,1.522552853467523,285544000
2016-08-31,1.5085346698760986,1.5227986323331688,1.50410801591277,1.5186178905601841,388544000
2016-09-01,1.5530482530593872,1.558704585946696,1.5085348575493924,1.5097645359226628,428492000
2016-09-02,1.5378005504608154,1.5579668774336326,1.5203396097729418,1.5562453745873834,323148000
2016-09-06,1.5523104667663574,1.5523104667663574,1.5353413500964568,1.5432111278522764,306812000
2016-09-07,1.529439091682434,1.5550158418145672,1.5205856643967095,1.5473919757708898,397988000
2016-09-08,1.5405058860778809,1.542965242975183,1.5105024824497775,1.5279634238925401,315808000
2016-09-09,1.4637759923934937,1.5321445302886554,1.4509876159140231,1.5235370143000158,697760000
2016-09-12,1.4940252304077148,1.4969764120885993,1.4096712265835538,1.4443474354310404,598260000
2016-09-13,1.4723832607269287,1.5075512901302022,1.4640216584203007,1.490336143779904,471768000
2016-09-14,1.4854174852371216,1.4903360815219364,1.4635297728137002,1.4758262048914448,319048000
2016-09-15,1.5417356491088867,1.5434571521240066,1.4844338733051343,1.4878769966039718,515212000
2016-09-16,1.5454245805740356,1.5555076865012794,1.5277176085041597,1.547146083603843,902444000
2016-09-19,1.565837025642395,1.6049398931801035,1.55452423971691,1.5616561650155056,417128000
2016-09-20,1.5515729188919067,1.58378977053081,1.5429654033936284,1.58378977053081,331112000
2016-09-21,1.5951026678085327,1.5980538496925782,1.5559998010164577,1.5562457132953595,336212000
2016-09-22,1.5990372896194458,1.6093664248623307,1.5899379501474098,1.6044478281219177,308732000
2016-09-23,1.597316026687622,1.605677630676147,1.5901841013861604,1.601005062748812,276132000
2016-09-26,1.582314133644104,1.5887083213334847,1.5623938338126948,1.5791170397994136,230040000
2016-09-27,1.6364187002182007,1.6388780573007322,1.5754281221557789,1.5761658589193783,402752000
2016-09-28,1.6423208713531494,1.6435505497506202,1.621416807670492,1.6388778656551004,319788000
2016-09-29,1.6575685739517212,1.6627332000452564,1.6243680763138098,1.6396156905496295,336684000
2016-09-30,1.6851131916046143,1.701590487590008,1.656831167643975,1.6666683627776018,429932000
2016-10-03,1.6833914518356323,1.7094601460890728,1.6804403873194276,1.6851130722672796,242596000
2016-10-04,1.6797025203704834,1.7141327006361056,1.6671600565154228,1.685850796163639,281624000
2016-10-05,1.677980899810791,1.7111815164095905,1.6728163907226041,1.6939663688470354,305440000
2016-10-06,1.6560931205749512,1.6681436413124302,1.6295326048743495,1.6578146235374482,360212000
2016-10-07,1.6440421342849731,1.671586293118397,1.6393694508713441,1.6671595218946584,286260000
2016-10-10,1.650190830230713,1.6615036147395121,1.6346971856185881,1.6526500700272695,287876000
2016-10-11,1.6263352632522583,1.6472393251259234,1.613792802674344,1.6447800858123856,388540000
2016-10-12,1.6337132453918457,1.6423207590483713,1.6061690844223853,1.6196951940638653,419920000
2016-10-13,1.6071531772613525,1.6182200506020548,1.5665747198578521,1.6145311319113576,390116000
2016-10-14,1.6228927373886108,1.6378944417128047,1.6133014549677467,1.626827568360376,330636000
2016-10-17,1.6135472059249878,1.637894277958705,1.6113338783832314,1.6226466628817848,195328000
2016-10-18,1.638140320777893,1.647485690732128,1.6292868926366133,1.6359269930597253,269372000
2016-10-19,1.6346973180770874,1.642321184874509,1.6187118476640785,1.6270735685482745,199060000
2016-10-20,1.6656845808029175,1.6710951201639208,1.630516661299471,1.6538799702065181,312084000
2016-10-21,1.6610119342803955,1.6639629988384663,1.6452723760505072,1.6597822556411772,279508000
2016-10-24,1.7389717102050781,1.7409391256170343,1.6720786480497203,1.6723246775862455,339836000
2016-10-25,1.7674992084503174,1.778074254946064,1.7276586137778702,1.7360202157238682,397460000
2016-10-26,1.7746316194534302,1.794060096395053,1.7510222820324186,1.7527437852254353,333792000
2016-10-27,1.7382339239120483,1.7916007579953641,1.7311019987898835,1.7881577515730354,388664000
2016-10-28,1.7352826595306396,1.7731558430845342,1.7320855657538992,1.7465954438738287,290856000
2016-10-31,1.7500381469726562,1.7615968415642607,1.7399549256208258,1.740938691715919,252388000
2016-11-01,1.6981474161148071,1.7660241303036694,1.6794566757141296,1.7564328478246816,473224000
2016-11-02,1.691015362739563,1.7342990897540187,1.688064180877662,1.7111816939501459,295848000
2016-11-03,1.6713407039642334,1.7003604588144907,1.6388779432529073,1.6988848681213766,309664000
2016-11-04,1.6617496013641357,1.6902775348000008,1.6374025282187112,1.6602740105127218,328780000
2016-11-07,1.7527434825897217,1.7638103539303263,1.7092138511932575,1.7104435296241223,487580000
2016-11-08,1.7500381469726562,1.7650398469942215,1.7338067686493688,1.759383397167445,429884000
2016-11-09,1.7205270528793335,1.743644567376844,1.6900318178095095,1.7025741655928168,456532000
2016-11-10,1.666668176651001,1.7584001341598723,1.641829279302791,1.7581542218992865,869280000
2016-11-11,2.1634464263916016,2.1831208097500645,1.9305506847120766,1.9553896933804247,2175344000
2016-11-14,2.0569591522216797,2.1688573135644935,2.056467327738999,2.166397956613903,1348796000
2016-11-15,2.119670867919922,2.1506579141564246,2.0640904922759598,2.072944034573733,626092000
2016-11-16,2.2534573078155518,2.276328671617294,2.123606257987244,2.1479533298300515,987984000
2016-11-17,2.2721474170684814,2.331170562552853,2.229355413782037,2.2701798850708164,832988000
2016-11-18,2.2960033416748047,2.3198583549803877,2.2576382153216996,2.27214809383202,576060000
2016-11-21,2.2866580486297607,2.32035049144068,2.2723939646307736,2.31395630350184,436436000
2016-11-22,2.3031346797943115,2.3053480069144086,2.2719016015643465,2.2945271662510716,330368000
2016-11-23,2.314464807510376,2.3459908135362357,2.2849090447364513,2.3083072101272735,443236000
2016-11-25,2.3191442489624023,2.342296249008914,2.300671693601955,2.3255480086489886,195564000
2016-11-28,2.317913770675659,2.3334304986548204,2.305352408597706,2.3120025690964345,278736000
2016-11-29,2.29673171043396,2.326041316645684,2.278998342852625,2.3152040368402926,444568000
2016-11-30,2.2708699703216553,2.319144452590862,2.2684069314055595,2.305351575593718,440500000
2016-12-01,2.158557891845703,2.2701310182756886,2.0878703659439415,2.268406938007068,1035524000
2016-12-02,2.1785082817077637,2.187128683646022,2.096490912029475,2.1243225960965666,478292000
2016-12-05,2.262988567352295,2.2809683308224313,2.1920546352023926,2.2164381596984,602284000
2016-12-06,2.3001794815063477,2.3085537203998467,2.2553531569053633,2.2711162781300867,498796000
2016-12-07,2.341557741165161,2.3472225433545977,2.2684071688945795,2.2866333299382133,480804000
2016-12-08,2.302395820617676,2.3797334991945087,2.2918051767915837,2.344512937644935,381544000
2016-12-09,2.2615106105804443,2.321853654700991,2.2341714893186406,2.320129574437213,382312000
2016-12-12,2.2065863609313965,2.215453161667298,2.1560952286474184,2.212990122314821,601332000
2016-12-13,2.2455012798309326,2.2730868012408667,2.217915993309337,2.218901115002726,387796000
2016-12-14,2.375546932220459,2.391802614318678,2.255353161972921,2.279244124282172,983980000
2016-12-15,2.431210517883301,2.461505243578905,2.3792414691517445,2.3866303521616814,746548000
2016-12-16,2.473080635070801,2.4802231184298194,2.4070725605158145,2.4587951985761682,1089528000
2016-12-19,2.503129005432129,2.523325406343752,2.4383524489290562,2.455593485218951,744656000
2016-12-20,2.5903191566467285,2.6139637228854733,2.5644577141360543,2.5757875538241803,848056000
2016-12-21,2.606574535369873,2.609530135165365,2.5543593304633885,2.6018948552677044,576136000
2016-12-22,2.6381008625030518,2.6814492694346526,2.623815423878263,2.6309581431906572,718612000
2016-12-23,2.703862190246582,2.7053401075688916,2.6174115433177727,2.6201207452242445,647692000
2016-12-27,2.889571189880371,2.890556311486065,2.739329105261079,2.7600183031988808,1194272000
2016-12-28,2.6908090114593506,2.953855560013339,2.6770163666012095,2.9457277178807395,2295764000
2016-12-29,2.744502067565918,2.7459799852513287,2.5319466400707737,2.5836692961809296,2175368000
2016-12-30,2.6289877891540527,2.756570446694395,2.6181507456313184,2.742531405267551,1212932000
2017-01-03,2.5124893188476562,2.619875358864156,2.447712737745746,2.5713544637963417,1501996000
2017-01-04,2.571107864379883,2.598446989423303,2.500666491891685,2.5467243394672394,1199220000
2017-01-05,2.50583815574646,2.6063278323626813,2.488843517634228,2.5745554318915245,984296000
2017-01-06,2.539334774017334,2.5676590131947408,2.492537980265864,2.5331771775298835,822856000
2017-01-09,2.6422877311706543,2.6600213304146063,2.5491871572490665,2.5491871572490665,916248000
2017-01-10,2.622338056564331,2.6893310357936175,2.60164885483546,2.655341985285871,880920000
2017-01-11,2.5900726318359375,2.6156876752094353,2.565196547183536,2.6107618318082544,525664000
2017-01-12,2.5477094650268555,2.57874314900227,2.5028831370127467,2.5671671463428867,625616000
2017-01-13,2.5474631786346436,2.586131906623827,2.5383499807890764,2.5516500633090398,457820000
2017-01-17,2.490321159362793,2.541797393877887,2.4770210807554878,2.5368715519324976,580612000
2017-01-18,2.5356409549713135,2.5425372771361086,2.441062453315277,2.4688941398610673,654424000
2017-01-19,2.5900726318359375,2.62209143605281,2.5363797408325213,2.5385963821074697,644872000
2017-01-20,2.561748504638672,2.6304657966655163,2.5398280189700198,2.6127321958703007,492024000
2017-01-23,2.588347911834717,2.6082981481562584,2.5541124748024298,2.556575513338577,369904000
2017-01-24,2.643519163131714,2.649676760535379,2.583668678720365,2.5984466776008377,428052000
2017-01-25,2.6548495292663574,2.6920405793809628,2.6188899988773393,2.685882980753026,522760000
2017-01-26,2.7006607055664062,2.7080495882736866,2.6280026934278364,2.6575584591453034,458800000
2017-01-27,2.7528762817382812,2.75583188219244,2.6809572187599615,2.7075573879590142,471996000
2017-01-30,2.7097742557525635,2.7341577853682963,2.657805432780073,2.7319411435647565,496004000
2017-01-31,2.689085006713867,2.710512933405373,2.664947642642815,2.683420203828516,362756000
2017-02-01,2.8065688610076904,2.8107557455088608,2.705832772242028,2.7235661365721744,590004000
2017-02-02,2.8420357704162598,2.850656407602803,2.7600186322017377,2.7905595196136854,483240000
2017-02-03,2.8171608448028564,2.854598304351161,2.805338674594268,2.8435148582948044,372744000
2017-02-06,2.8893256187438965,2.8898181796876776,2.807800792894289,2.807800792894289,506768000
2017-02-07,2.934152126312256,2.9782395043770085,2.903857395041303,2.923561243286274,746224000
2017-02-08,2.921344041824341,2.938584847013782,2.8664193933248514,2.9161718002675086,449580000
2017-02-09,2.866419553756714,2.9324276478262377,2.847208503978022,2.9275015689887707,842568000
2017-02-10,2.798441171646118,2.9728201640751877,2.7733186888368557,2.953855279198185,1651092000
2017-02-13,2.6693804264068604,2.8073073107162574,2.6649469095909435,2.7927757106456084,1180724000
2017-02-14,2.679232358932495,2.7129752389905017,2.617903960953829,2.6597746811750547,850632000
2017-02-15,2.684650421142578,2.70435425934306,2.654109542398315,2.6821876175337276,373020000
2017-02-16,2.6415491104125977,2.695488399162489,2.6023875867208,2.6942568795929245,647176000
2017-02-17,2.6410560607910156,2.645489577792925,2.5809594148586945,2.628002377407486,563740000
2017-02-21,2.735635280609131,2.739576002638773,2.6654400684169337,2.665686466307444,551952000
2017-02-22,2.73144268989563,2.757090061179606,2.7124536350883863,2.7477188881962467,433772000
2017-02-23,2.478175163269043,2.623674591625127,2.458199977467479,2.6017264405365244,1592888000
2017-02-24,2.502096176147461,2.515413044525929,2.360049266530752,2.3938347375744757,1029904000
2017-02-27,2.5748462677001953,2.5898893946614487,2.5045626938589316,2.5203457122796236,715400000
2017-02-28,2.5025899410247803,2.594328728691696,2.4853273734031123,2.584464135553777,625360000
2017-03-01,2.534895420074463,2.5738596623191294,2.493465029985055,2.55955619296747,504804000
2017-03-02,2.441429615020752,2.5361276865569793,2.438716994366049,2.5220709305390363,754332000
2017-03-03,2.4273736476898193,2.435758220345672,2.3728728670952597,2.4308261602866024,864692000
2017-03-06,2.4086310863494873,2.4192353320262594,2.34697881243142,2.391121816097541,883568000
2017-03-07,2.4350180625915527,2.454500297414397,2.395807354506265,2.4086310385154204,603400000
2017-03-08,2.430579900741577,2.4981508528901806,2.4283604615454952,2.4833541996082573,638712000
2017-03-09,2.4300858974456787,2.452527225893885,2.4019723832972653,2.414549593135382,478060000
2017-03-10,2.4443891048431396,2.468310215484258,2.426140179848184,2.4564731321540894,499740000
2017-03-13,2.511714220046997,2.521578576340403,2.454007629897411,2.454747521295238,774136000
2017-03-14,2.5099875926971436,2.533908470905857,2.4776816718600494,2.5245375337188647,522016000
2017-03-15,2.5289766788482666,2.539827399761133,2.473982712547506,2.5215784707342577,615036000
2017-03-16,2.560048818588257,2.56054223619771,2.5255236970116566,2.539580454447023,523100000
2017-03-17,2.6157827377319336,2.6170158114199213,2.5600488888847694,2.5775581589585843,1119688000
2017-03-20,2.6991376876831055,2.703083619368824,2.6172634857547354,2.6332932158676936,748568000
2017-03-21,2.6118369102478027,2.7117137662274495,2.6039455205570254,2.6818739932887112,913484000
2017-03-22,2.665104627609253,2.6697902137576572,2.596793800408482,2.6007394952743046,616764000
2017-03-23,2.640936851501465,2.677188467576278,2.6313192053997567,2.6572130488926424,533940000
2017-03-24,2.65030837059021,2.695191273699471,2.624414523710715,2.6872998827985213,439500000
2017-03-27,2.669543504714966,2.673489199580463,2.5543770512244213,2.603698825005055,506644000
2017-03-28,2.655733346939087,2.685326410002295,2.645375810144678,2.6707764696906944,432444000
2017-03-29,2.6471028327941895,2.675462830377159,2.6448833935791023,2.6631323250674424,349992000
2017-03-30,2.6979033946990967,2.712700043874251,2.6485816227565167,2.6542535736133424,525532000
2017-03-31,2.6863131523132324,2.7099877942379282,2.673242992670033,2.6882861175352213,440808000
2017-04-03,2.6727495193481445,2.7040688395364185,2.649074879999404,2.6868062776652675,445232000
2017-04-04,2.4853262901306152,2.5750920730070073,2.474475571667161,2.5499378888758604,1271280000
2017-04-05,2.466831922531128,2.524538526855325,2.4537615237598294,2.4665852136096507,747048000
2017-04-06,2.4848337173461914,2.4969175123790257,2.4268804196270235,2.4720100309320165,635120000
2017-04-07,2.474228858947754,2.5087542142726975,2.4591857372888457,2.4912449454081345,429068000
2017-04-10,2.4110987186431885,2.4816287903459298,2.406906312516406,2.474970470484192,756332000
2017-04-11,2.4197287559509277,2.4389642842663135,2.3760789303719507,2.3810109904815246,618148000
2017-04-12,2.3997535705566406,2.434032226570279,2.394574801102909,2.41972899215304,414092000
2017-04-13,2.3548707962036133,2.3972875544308696,2.3548707962036133,2.375586110341924,506892000
2017-04-17,2.4471025466918945,2.4473490203621933,2.3625155111890024,2.3676942804828776,497292000
2017-04-18,2.4485816955566406,2.4547470640821816,2.4069048391369354,2.4327986813899223,370116000
2017-04-19,2.4581997394561768,2.4902587171766912,2.451541188043826,2.466091129470659,380828000
2017-04-20,2.497164487838745,2.501850075112817,2.4515416891369726,2.4727501863111567,404016000
2017-04-21,2.507521629333496,2.5102342506775046,2.474969232466242,2.4868063180276514,341896000
2017-04-24,2.5388412475585938,2.5519114084828494,2.518126169028914,2.539087721245005,371820000
2017-04-25,2.582984209060669,2.5975341525474755,2.5319361700161402,2.553391139539423,388440000
2017-04-26,2.56522798538208,2.599013217880945,2.563255020372871,2.596547305600392,327004000
2017-04-27,2.6051783561706543,2.613562927552629,2.554623513525946,2.5726259650982617,319700000
2017-04-28,2.572133779525757,2.6051793658175884,2.566461591621876,2.5982743389970415,348248000
2017-05-01,2.6298391819000244,2.635018185308947,2.5758318259753086,2.582983559078343,307732000
2017-05-02,2.5519111156463623,2.6041924588984497,2.5292230743048103,2.6029593850534454,629972000
2017-05-03,2.570899724960327,2.5805173700253965,2.5302092358682104,2.545005649073663,336904000
2017-05-04,2.5610363483428955,2.5881632730272295,2.5531447211285623,2.577065841296175,209788000
2017-05-05,2.5612823963165283,2.5684341308440746,2.5339087672879455,2.5494453102398427,228428000
2017-05-08,2.5344018936157227,2.57459896914308,2.52305775618023,2.5731194217478963,365240000
2017-05-09,2.5385944843292236,2.587669793127988,2.531689458300519,2.5400742671552665,847672000
2017-05-10,2.991122007369995,3.004192402009824,2.8118373502495926,2.818495666806465,2129096000
2017-05-11,3.119605541229248,3.216523082330404,2.957090254572052,2.960542767496054,1939792000
2017-05-12,3.153883934020996,3.1960542121739643,3.10184953563685,3.122811320293868,962620000
2017-05-15,3.312206506729126,3.314672653983484,3.190628222269281,3.195067334364075,1087540000
2017-05-16,3.373859405517578,3.3893959479666393,3.288779426054846,3.363255158496102,1120700000
2017-05-17,3.149690866470337,3.3257696662341742,3.1454984636982823,3.3070273257365543,1271368000
2017-05-18,3.2816274166107178,3.290505406525122,3.1331686763119477,3.193587879125277,1156032000
2017-05-19,3.3574163913726807,3.4122210697504376,3.3381606044817205,3.382843805225208,1018372000
2017-05-22,3.429008722305298,3.443327020847676,3.390250175613813,3.4011125604428614,836608000
2017-05-23,3.3828437328338623,3.4509795383516892,3.3502570534745746,3.448757762110369,681248000
2017-05-24,3.420860767364502,3.482577962297124,3.408764014462154,3.479862249392965,815996000
2017-05-25,3.4132087230682373,3.4569045201818596,3.3682785534707156,3.4561638496050247,608228000
2017-05-26,3.5015876293182373,3.5865104763514983,3.384818773505622,3.405061963759457,779140000
2017-05-30,3.5763895511627197,3.6114447453828937,3.5314593758054444,3.547505749288217,989652000
2017-05-31,3.5635523796081543,3.62897248200684,3.506772414891312,3.621319512839124,887316000
2017-06-01,3.5637993812561035,3.5803396934866827,3.518375500234917,3.5793520540331594,503340000
2017-06-02,3.5460243225097656,3.587004407531052,3.540099428536631,3.5608363220101142,487456000
2017-06-05,3.65390682220459,3.66674401743602,3.5181291035916424,3.5297319259624484,817376000
2017-06-06,3.6373658180236816,3.6953799151116806,3.624034924127556,3.6492153706910764,758728000
2017-06-07,3.6813082695007324,3.7000703551013854,3.6462530787704157,3.6618057487345164,612612000
2017-06-08,3.948421001434326,3.9499021073673632,3.7472227309980943,3.7884497890406985,1161744000
2017-06-09,3.693157911300659,4.159740110665946,3.524052649769855,4.066917561040551,3692928000
2017-06-12,3.702291965484619,3.745000358092621,3.5082532286339285,3.601322746434236,1697532000
2017-06-13,3.73759388923645,3.820788652307251,3.5956441343398704,3.8116543443082107,1672504000
2017-06-14,3.7454941272735596,3.8032614882870446,3.666002469715884,3.7405568727616902,1184640000
2017-06-15,3.761540651321411,3.7919053191670233,3.6166284323548594,3.627984517717282,963824000
2017-06-16,3.743025302886963,3.819061045475842,3.7089575176371854,3.7711684299346944,924960000
2017-06-19,3.8837411403656006,3.8889253640219152,3.783512345478517,3.787215227843027,778176000
2017-06-20,3.8780629634857178,3.9928570249667255,3.873866379185245,3.925955584228461,1095444000
2017-06-21,3.9368176460266113,3.9405207637262647,3.8437481204875974,3.9057123049065003,682652000
2017-06-22,3.9096624851226807,3.9582957795241054,3.885716173266372,3.9449646488556334,469132000
2017-06-23,3.797583818435669,3.933114771721947,3.782524614352754,3.9173151324435977,1088588000
2017-06-26,3.7561097145080566,3.865966281048943,3.661805818226422,3.8304171522903037,1063960000
2017-06-27,3.6186039447784424,3.747222605231285,3.6129260190769314,3.738582232330615,999492000
2017-06-28,3.74623441696167,3.750924937758911,3.5981130297458477,3.686245285745481,994948000
2017-06-29,3.6210720539093018,3.720806895508231,3.556886101590462,3.7178446842619426,1064424000
2017-06-30,3.5687355995178223,3.6519303621466417,3.542567518833467,3.638352502253812,731060000
2017-07-03,3.4396238327026367,3.595644949332706,3.4211087147380392,3.5808329491340274,709072000
2017-07-05,3.531458616256714,3.5603421764864107,3.484059705809756,3.5030685224587272,820188000
2017-07-06,3.54207444190979,3.588979659060248,3.450239286291264,3.502328727111114,746284000
2017-07-07,3.6230475902557373,3.6413159758776796,3.5758956379960383,3.598854545516891,654972000
2017-07-10,3.7943737506866455,3.8017797493958874,3.670445638324874,3.696613720167819,958492000
2017-07-11,3.848191738128662,3.8558447064423387,3.7561096205541578,3.79807734422546,757956000
2017-07-12,4.011866092681885,4.0239626152441375,3.8649792764180715,3.907934409437304,1145208000
2017-07-13,3.9654548168182373,4.105429334703045,3.9190435344199077,4.023962621798524,1369132000
2017-07-14,4.072102069854736,4.073582940231202,3.97483548999258,3.981747787966034,941948000
2017-07-17,4.054821968078613,4.135054558302163,3.993104735865148,4.106170750483267,930792000
2017-07-18,4.0970354080200195,4.1116006732532115,3.9819941563952743,3.993843943511251,776640000
2017-07-19,4.075806140899658,4.132585882489912,4.0637096159178725,4.106170820016063,687044000
2017-07-20,4.135053634643555,4.135300367908142,4.046427893560725,4.096295323177917,699596000
2017-07-21,4.149864673614502,4.179489138775712,4.100243988760037,4.114562519493363,648332000
2017-07-24,4.1017255783081055,4.166652201525153,4.091110399367189,4.157024426338633,652524000
2017-07-25,4.081975936889648,4.096294467951444,4.0382801440650375,4.078766521660039,496556000
2017-07-26,4.129129409790039,4.195043458728762,4.094320708373494,4.1394978589640985,640404000
2017-07-27,3.992856740951538,4.165665124894278,3.8896655066748553,4.154062070422866,782856000
2017-07-28,4.058277606964111,4.0827178576251075,3.9321279147434627,3.957061396549192,513348000
2017-07-31,4.011866092681885,4.107898073356324,3.965208077084623,4.071855238944093,559672000
2017-08-01,4.060746192932129,4.062474267614769,3.9745891920790517,4.002485120280235,431384000
2017-08-02,4.058277606964111,4.095801784898339,3.981254913921558,4.091852168820034,478444000
2017-08-03,4.109871864318848,4.113574745556384,4.040748432407414,4.057782439483851,442420000
2017-08-04,4.127893447875977,4.1984977527203995,4.109872036439122,4.132583732915626,589096000
2017-08-07,4.25478458404541,4.2552780505044145,4.147396300229188,4.157024546559084,717412000
2017-08-08,4.204177379608154,4.309343203128121,4.164925128033148,4.292803126821467,755336000
2017-08-09,4.248859882354736,4.25132862735607,4.139250052793297,4.158012138111468,530784000
2017-08-10,4.066916465759277,4.2624364921171365,4.056794755487074,4.250092770737075,1328088000
2017-08-11,3.8501665592193604,3.925214665998029,3.7748717191969616,3.8792970913884313,1497196000
2017-08-14,4.157271385192871,4.160974267189058,3.930152029082633,3.941754847840141,1279020000
2017-08-15,4.122216701507568,4.188624210469322,4.087901940968568,4.162456356824852,764532000
2017-08-16,4.077038764953613,4.160727475464654,4.044699289520613,4.137275105043556,596632000
2017-08-17,3.9861910343170166,4.085679147526469,3.983969493490646,4.068645608019484,525444000
2017-08-18,3.986931085586548,4.057535861031429,3.941013520117107,4.040501853305406,601204000
2017-08-21,3.9289169311523438,4.022727103131315,3.8849744091885103,4.011371255138839,623672000
2017-08-22,4.016385555267334,4.0223156649222185,3.9462132193905073,3.9654859579490114,450456000
2017-08-23,4.096689224243164,4.107808122222164,3.974381346474157,3.9830297971507407,579520000
2017-08-24,4.081615924835205,4.133257311427241,4.0551780911197355,4.128809376124616,469700000
2017-08-25,4.047518730163574,4.115961705686054,4.04109424836721,4.105831082102233,357200000
2017-08-28,4.076180934906006,4.079393176120151,4.010950193865473,4.066544682543091,389496000
2017-08-29,4.069510459899902,4.0912543595512245,4.009221541724101,4.0173756219132555,324096000
2017-08-30,4.093725204467773,4.1048441046189765,4.058885858319439,4.0892772673835935,384400000
2017-08-31,4.186628818511963,4.190581911349058,4.106573033206224,4.11398531791555,612684000
2017-09-01,4.211831092834473,4.2474117531565305,4.190581571082092,4.1992300213399805,445432000
2017-09-05,4.099406719207764,4.165378778358945,4.041341787309063,4.160436941646016,695364000
2017-09-06,4.096936225891113,4.14610670511085,4.062097357393405,4.132269937902735,397672000
2017-09-07,4.115962505340576,4.148330457217101,4.075687424904707,4.113738537068342,352868000
2017-09-08,4.044554233551025,4.119174283791737,4.020339889398641,4.104349242452664,498856000
2017-09-11,4.175756454467773,4.186381450787491,4.084828730363378,4.090264939391895,567444000
2017-09-12,4.190828800201416,4.200465051865915,4.125598063888678,4.200465051865915,411488000
2017-09-13,4.2096076011657715,4.2385163575226885,4.133257964322512,4.165625912274932,580960000
2017-09-14,4.185639381408691,4.263718598584521,4.146105636353544,4.1705669231396865,513712000
2017-09-15,4.450270652770996,4.450270652770996,4.265944226906758,4.271133015865527,1364792000
2017-09-18,4.634100914001465,4.724287780836063,4.567634956672139,4.574553339274753,1684460000
2017-09-19,4.629160404205322,4.690931958160431,4.56170569008523,4.583696536724125,874280000
2017-09-20,4.591848850250244,4.680305641572066,4.551573782030145,4.632865241002906,724920000
2017-09-21,4.466329097747803,4.514263868998936,4.388496832067294,4.488072515842163,1075600000
2017-09-22,4.422843933105469,4.504629801372794,4.4129607278304075,4.454965410628601,491232000
2017-09-25,4.225175380706787,4.3931941224733215,4.20442022417132,4.391958427186401,874580000
2017-09-26,4.2488932609558105,4.414935373863232,4.209112563893136,4.359835267504038,1125620000
2017-09-27,4.342045783996582,4.35538864993813,4.268414013405476,4.339327914969848,713720000
2017-09-28,4.340810298919678,4.353164419671504,4.293369419566591,4.349210855965581,435244000
2017-09-29,4.4171600341796875,4.440880003115021,4.379602827599356,4.424819740029084,619092000
2017-10-02,4.422843933105469,4.496475721087204,4.373426964170889,4.4673195350423365,503480000
2017-10-03,4.431984901428223,4.461882400997212,4.387756263846444,4.429019610876857,390332000
2017-10-04,4.4690470695495605,4.491284860258753,4.401592374894419,4.438161301484505,427848000
2017-10-05,4.466577053070068,4.496968926437225,4.43667955191421,4.493509734796688,437364000
2017-10-06,4.479671478271484,4.493014340867663,4.422841779591674,4.438902510533154,318800000
2017-10-09,4.580730438232422,4.613840177597584,4.4977093750154795,4.5164879768907085,563492000
2017-10-10,4.668199062347412,4.767527811217,4.626935715969351,4.729970606690063,974876000
2017-10-11,4.717862129211426,4.7193447740527485,4.6387946497713575,4.684752398338205,529508000
2017-10-12,4.72008752822876,4.770987127519946,4.692907897197017,4.721322751784978,528292000
2017-10-13,4.808050155639648,4.8181807800731615,4.73540713134761,4.782353168857842,628728000
2017-10-16,4.890576362609863,4.8935416530142355,4.774692983267617,4.837947170726928,576640000
2017-10-17,4.886128902435303,4.9145437553441935,4.851536989551343,4.869821219035798,478596000
2017-10-18,4.881929874420166,4.89576664378514,4.776671458528157,4.895025792237396,567316000
2017-10-19,4.887363433837891,4.8923047978740515,4.755172402463653,4.804342391398776,570772000
2017-10-20,4.865126609802246,4.9315925642268095,4.856231210216592,4.904413407166979,451620000
2017-10-23,4.858208656311035,4.9133087691456385,4.837947408483661,4.886870461044879,428696000
2017-10-24,4.909108638763428,4.910838234626346,4.841406978358119,4.867350916301889,407244000
2017-10-25,4.785069942474365,4.922450245763197,4.723545829840115,4.8695736389523345,828160000
2017-10-26,4.835230350494385,4.8468431503510025,4.7887782085087744,4.812745602263417,322744000
2017-10-27,4.987680912017822,4.987927862423726,4.861419505249473,4.887363907530836,572192000
2017-10-30,5.036605358123779,5.092199376818089,4.9718685165117185,4.987682301202705,504056000
2017-10-31,5.109989643096924,5.136674903690228,5.0627961826558865,5.068479342458345,411908000
2017-11-01,5.119626998901367,5.1880699966345905,5.055384516487478,5.172750581065168,502576000
2017-11-02,5.088493824005127,5.13469901721824,5.031911054298749,5.089976469584046,342308000
2017-11-03,5.156442165374756,5.156442165374756,5.073668508396481,5.119626277347894,353640000
2017-11-06,5.1796674728393555,5.1883154515098235,5.10727140246101,5.119625523053253,389944000
2017-11-07,5.238969802856445,5.260466752572668,5.190294156026737,5.2024013301007,427700000
2017-11-08,5.168054580688477,5.238227153146508,5.120614174092398,5.234520540012803,522988000
2017-11-09,5.073174476623535,5.098130144892817,4.950867054181357,5.071939252811215,978564000
2017-11-10,5.340521335601807,5.403034209813154,5.229085403913691,5.264913016890397,1253256000
2017-11-13,5.253795146942139,5.365971952015836,5.238475731308025,5.340522380747215,582376000
2017-11-14,5.292091369628906,5.307410779921818,5.219200931157452,5.262935194240325,529292000
2017-11-15,5.188313961029053,5.238225743805189,5.134449558292541,5.236990049333256,501948000
2017-11-16,5.228590488433838,5.292586001420134,5.219695559372977,5.262441551514452,441768000
2017-11-17,5.222413539886475,5.321000969417621,5.207341550250995,5.2856677315907605,515664000
2017-11-20,5.2896223068237305,5.301729479450562,5.201165013193303,5.237980903362062,396100000
2017-11-21,5.3382978439331055,5.349911115325224,5.297528861370084,5.329402913154158,399176000
2017-11-22,5.314312934875488,5.365495490511105,5.281674906483567,5.365495490511105,356640000
2017-11-24,5.364505290985107,5.365494722158135,5.306152432119051,5.330631185711029,180752000
2017-11-27,5.294780254364014,5.374397418054593,5.291565781118891,5.373161336133309,422896000
2017-11-28,5.2099690437316895,5.309366787856489,5.148896429497677,5.299970964773808,512752000
2017-11-29,4.856639862060547,5.195382930810033,4.728312759220756,5.192663173060931,1396788000
2017-11-30,4.96271276473999,5.011422692257335,4.862326501765291,4.9253770545036,823768000
2017-12-01,4.88779354095459,4.948371927275592,4.758972211909841,4.928096600616302,811548000
2017-12-04,4.615314960479736,4.952574735551664,4.561907364804277,4.94639291222798,1240844000
2017-12-05,4.642019271850586,4.764659246499219,4.464982735826903,4.509983471774531,981488000
2017-12-06,4.67960262298584,4.70136115344428,4.57031431177538,4.591578598136448,467032000
2017-12-07,4.747103214263916,4.786912025324654,4.700865929383784,4.746361376591119,542600000
2017-12-08,4.7347412109375,4.816089170850988,4.726334344878298,4.797049925385037,466876000
2017-12-11,4.813121795654297,4.816089146769523,4.7330103896479025,4.748834690239173,372748000
2017-12-12,4.718669414520264,4.792847063420354,4.695180085085747,4.769604856049477,455016000
2017-12-13,4.603446960449219,4.760950006165571,4.596029054684728,4.759713924341632,554280000
2017-12-14,4.610617160797119,4.6815803289089635,4.56437987302724,4.597017903028691,438164000
2017-12-15,4.736471652984619,4.756746978828,4.58960051646093,4.654629455098165,670036000
2017-12-18,4.893232345581055,4.8961992242842935,4.747350198184303,4.7770208716441,477704000
2017-12-19,4.848973751068115,4.889029685328241,4.820539154678573,4.88383729307294,373100000
2017-12-20,4.866034984588623,4.89743646261068,4.810401869202465,4.888288230743086,288820000
2017-12-21,4.84353494644165,4.894469916733646,4.835128080146963,4.869496911522012,300904000
2017-12-22,4.82820463180542,4.837600457467436,4.728806860394039,4.806693223085775,466276000
2017-12-26,4.8818583488464355,4.889523375346236,4.742899383845124,4.772817652233782,355080000
2017-12-27,4.875183582305908,4.944415961271547,4.853919765964039,4.868507985244181,329488000
2017-12-28,4.880868911743164,4.929825944787848,4.87468756106917,4.89891871981105,240248000
2017-12-29,4.78443717956543,4.907077085579418,4.78443717956543,4.907077085579418,279964000
2018-01-02,4.929084300994873,4.9327934888305265,4.809164584063915,4.840813176215853,355616000
2018-01-03,5.253488540649414,5.283901534015248,5.037879715844818,5.046533704622003,914704000
2018-01-04,5.2811808586120605,5.39145813309675,5.258927611748553,5.334836056105132,583268000
2018-01-05,5.325934886932373,5.363270596144935,5.219119208850839,5.296016612187395,580124000
2018-01-08,5.4891252517700195,5.563302428845159,5.40456281716165,5.449564027782346,881216000
2018-01-09,5.487641334533691,5.534125747091946,5.406046254701231,5.494564524846327,497000000
2018-01-10,5.530663013458252,5.534124607902006,5.34076909144722,5.395165642935768,582664000
2018-01-11,5.540554046630859,5.594703480944722,5.519042168833695,5.563301534543965,406032000
2018-01-12,5.513354778289795,5.563053651351608,5.472804606510232,5.528684830554388,359916000
2018-01-16,5.442392826080322,5.625363590891768,5.357830869564582,5.539812674593235,702348000
2018-01-17,5.556379795074463,5.566269866259045,5.363024210925864,5.45698200941106,538408000
2018-01-18,5.5494561195373535,5.603852685323697,5.505938583944081,5.537092942126597,408632000
2018-01-19,5.689650058746338,5.713881221348609,5.612753138625897,5.639704058229479,609380000
2018-01-22,5.778167724609375,5.779898521760923,5.639950602869832,5.697561624459998,550944000
2018-01-23,5.907238006591797,5.929985496905558,5.813032629054478,5.831576686495855,475228000
2018-01-24,5.830340385437012,5.9463042891241145,5.77470727199061,5.9104517858356616,579972000
2018-01-25,5.843939304351807,5.928007010548228,5.82910396549565,5.884736604107968,409884000
2018-01-26,6.0165252685546875,6.016772390580219,5.874846532783307,5.887703952214747,516356000
2018-01-29,6.103559970855713,6.134714796126016,5.949271406327384,6.001937166797412,455116000
2018-01-30,6.001441478729248,6.092927077047073,5.894873421690981,5.961633144387217,570832000
2018-01-31,6.077597618103027,6.163396117774382,6.0442177534959365,6.076855780453061,478576000
2018-02-01,5.94655179977417,6.104797162986118,5.886221005590821,5.897594751063359,519224000
2018-02-02,5.773966312408447,5.8839964742285655,5.715861026511327,5.860012427708611,718464000
2018-02-05,5.283898830413818,5.766793043527303,5.068784359831079,5.612751650504442,1165204000
2018-02-06,5.577643394470215,5.580610273976281,5.04406065572031,5.05395119728782,1114800000
2018-02-07,5.657260417938232,5.80981868219399,5.605336486471155,5.676546786488152,802932000
2018-02-08,5.378353118896484,5.815999168461384,5.3781055252547265,5.782866894731704,1144000000
2018-02-09,5.73836088180542,5.906743436472376,5.378353565879385,5.890919136003815,1674604000
2018-02-12,5.638219833374023,5.822427113135537,5.564042677484753,5.819459762800126,1093172000
2018-02-13,5.751958847045898,5.798196127776822,5.5694823589406734,5.601873261973672,625524000
2018-02-14,5.969300270080566,5.998229587745385,5.700530959225074,5.711657583587926,744988000
2018-02-15,6.094906330108643,6.141143619170893,5.971772112245807,6.052625351790188,698900000
2018-02-16,6.029135227203369,6.181445860797815,6.019986525096617,6.067707483330444,637656000
2018-02-20,6.158700466156006,6.2276852593921195,6.047928458411162,6.051637647880399,686240000
2018-02-21,5.971524715423584,6.230156807601068,5.967815998208812,6.223233617276445,892292000
2018-02-22,5.991069793701172,6.077168894069091,5.925505894107212,6.005419801062494,534364000
2018-02-23,6.084590911865234,6.084590911865234,6.000223691426203,6.0509430283033305,415300000
2018-02-26,6.100673198699951,6.135310658814071,6.038325298594533,6.130857338499399,469312000
2018-02-27,6.0878071784973145,6.158319413458955,6.06479780862879,6.0739517239410326,455436000
2018-02-28,5.987358570098877,6.138279266257159,5.975730010479308,6.098693463471381,523116000
2018-03-01,5.745141983032227,6.0390667451249325,5.643950592377936,5.985130942058105,1040120000
2018-03-02,5.852271556854248,5.8587044975791205,5.488824090998769,5.637518363562243,913428000
2018-03-05,5.830251693725586,5.869837493013903,5.678588240378509,5.802046705555171,620776000
2018-03-06,5.991316795349121,6.010615145318128,5.872559388416727,5.91560893663222,636808000
2018-03-07,5.983400344848633,6.035604286283068,5.8871572763951185,5.888394126388336,581208000
2018-03-08,5.967071533203125,6.010863387137588,5.922784656102708,6.010863387137588,411912000
2018-03-09,6.069747447967529,6.082612387267655,5.998492899158838,6.014574309234023,505524000
2018-03-12,6.179350852966309,6.2595120482149005,6.102900679972718,6.111065495213823,605060000
2018-03-13,6.128631591796875,6.296624248656835,6.087313907511748,6.2221532235446775,619772000
2018-03-14,6.154114246368408,6.198895670808555,6.091766343627969,6.171680252768678,505496000
2018-03-15,6.1689581871032715,6.2501089380675525,6.12689821430228,6.167721337270878,401952000
2018-03-16,6.197164058685303,6.216214663355408,6.147681564147333,6.1852882222441865,399456000
2018-03-19,5.962616920471191,6.169205285236644,5.863652420227263,6.14025846975152,713772000
2018-03-20,6.174898147583008,6.213741663012065,5.9655877885689055,5.9655877885689055,554696000
2018-03-21,6.149660587310791,6.234770111002701,6.1192287003997325,6.168463442632263,438688000
2018-03-22,5.98364782333374,6.13283713703567,5.9462889119515285,6.086323836553158,551196000
2018-03-23,5.763947010040283,5.999729994576866,5.752813471586715,5.997255822487175,735620000
2018-03-26,6.0487165451049805,6.049953395010789,5.836437520008111,5.888393710252099,611424000
2018-03-27,5.579625129699707,6.1852885757073715,5.439342924485084,6.129620884145991,1409000000
2018-03-28,5.476454257965088,5.675372867043692,5.368830374846065,5.545234632912422,945904000
2018-03-29,5.72980260848999,5.826540211014817,5.460371330994088,5.544738548181709,916628000
2018-04-02,5.469031810760498,5.805511645851864,5.381200830009458,5.6592915283502645,922092000
2018-04-03,5.575417995452881,5.6991237428059955,5.476453491950384,5.6360340192918965,667432000
2018-04-04,5.597439289093018,5.607830529347265,5.2946073082974845,5.319595834418426,789168000
2018-04-05,5.477197170257568,5.668941032573034,5.405695339757752,5.655828344632258,701240000
2018-04-06,5.3007917404174805,5.4826393625081264,5.271597172883745,5.374520458006071,662988000
2018-04-09,5.329492568969727,5.491794588267893,5.309451915250675,5.363882761124516,499524000
2018-04-10,5.638755798339844,5.665723467865293,5.502679185102247,5.559831466480039,761676000
2018-04-11,5.597439289093018,5.665230098299369,5.564780970608212,5.623912412936024,460244000
2018-04-12,5.804274082183838,5.82208783635735,5.646178134656478,5.6904650085253445,593920000
2018-04-13,5.7275776863098145,5.876271996670059,5.679332506209749,5.867859905230021,503036000
2018-04-16,5.727331161499023,5.760731784077893,5.633067213680891,5.734258656087218,350792000
2018-04-17,5.877012729644775,5.898290228235538,5.7238651387100745,5.779532820877773,447224000
2018-04-18,5.8480658531188965,5.919320396940565,5.758998027266827,5.826541077415477,391364000
2018-04-19,5.666713237762451,5.767162347969244,5.6112932993863005,5.733761736437181,471996000
2018-04-20,5.6585493087768555,5.742421521198401,5.627375591163541,5.658054285619478,386200000
2018-04-23,5.539050102233887,5.727577494955595,5.513072001801779,5.676363592946597,427508000
2018-04-24,5.472743511199951,5.660775867659746,5.40742687927811,5.564780540553449,414596000
2018-04-25,5.360418796539307,5.48214542404197,5.203065128150547,5.44305416461547,588492000
2018-04-26,5.572200775146484,5.580365587435121,5.456164833725553,5.522223742997585,375824000
2018-04-27,5.599663734436035,5.69788640272496,5.55735648951256,5.678093503727433,400848000
2018-04-30,5.564284324645996,5.6657229972684915,5.544986447487554,5.615993235183322,327844000
2018-05-01,5.619706153869629,5.622427601656644,5.49748450389756,5.556121392690874,253788000
2018-05-02,5.599171161651611,5.6607763043070705,5.572945313466075,5.616242619752555,268248000
2018-05-03,5.764440536499023,5.790666378467172,5.585809401721605,5.631085846303413,443144000
2018-05-04,5.914619445800781,5.9178359161576575,5.71842230443126,5.735741034199062,400660000
2018-05-07,6.152629852294922,6.209782137688004,6.009378461333076,6.019275148911113,687616000
2018-05-08,6.195184230804443,6.197905678044703,6.103889043108539,6.152876509133175,506616000
2018-05-09,6.328290939331055,6.330517835299844,6.188008762696615,6.215224177893057,596760000
2018-05-10,6.435915946960449,6.445069863572011,6.363424081401196,6.381237835302107,994080000
2018-05-11,6.297366142272949,6.4275048628866776,6.198649361388514,6.254069308551706,1214456000
2018-05-14,6.31790018081665,6.39534038782348,6.294148981515842,6.3354666586130906,523140000
2018-05-15,6.075436115264893,6.257036424697581,5.974987022511373,6.254314505853818,963528000
2018-05-16,6.0865702629089355,6.148670413429668,5.9999761436294365,6.036840498613852,553828000
2018-05-17,6.128631591796875,6.222400499191869,6.0722215988315105,6.0883034820006,519784000
2018-05-18,6.0848388671875,6.243924387150148,6.079890523549154,6.180587381799405,483716000
2018-05-21,6.042779445648193,6.186030845419014,5.950000117448968,6.182319823299066,640624000
2018-05-22,6.0046772956848145,6.081374729541812,5.944061269767192,6.056138933650798,518264000
2018-05-23,6.128212928771973,6.129451015975673,5.94773834533285,5.948481103216686,442956000
2018-05-24,6.131925582885742,6.174259472342994,6.071272537837177,6.12449894923433,437372000
2018-05-25,6.171288013458252,6.187627267427657,6.108902028588795,6.144551095343937,292112000
2018-05-29,6.154207229614258,6.22228786156331,6.107417731626801,6.153217043144587,352684000
2018-05-30,6.263134956359863,6.271799677085783,6.163119053013903,6.187875600313042,390996000
2018-05-31,6.243330478668213,6.317847557048535,6.220554773814961,6.231199868358472,493868000
2018-06-01,6.377756118774414,6.383945608722253,6.279473175783651,6.28813789508048,421968000
2018-06-04,6.556746959686279,6.578779905209056,6.3797382767103175,6.411921458982363,642024000
2018-06-05,6.562193393707275,6.599823310358099,6.515155997893746,6.559965120145622,391712000
2018-06-06,6.564173221588135,6.5673916812904825,6.455740027760719,6.472079282614053,371356000
2018-06-07,6.508471965789795,6.572343473392094,6.4181104934033755,6.560460292398204,369448000
2018-06-08,6.4931230545043945,6.535703903212414,6.416873034763,6.435687993096275,360456000
2018-06-11,6.452027797698975,6.522088332007463,6.439154428913196,6.480497666172766,265372000
2018-06-12,6.500548362731934,6.512678970095048,6.428259575560509,6.478515421113784,319160000
2018-06-13,6.49609375,6.5770472749269535,6.4869336991953075,6.502035340766299,338208000
2018-06-14,6.607746124267578,6.664438435094432,6.526297261289826,6.541151475895539,430016000
2018-06-15,6.566895008087158,6.621854351545413,6.519610197322104,6.550555756577724,432260000
2018-06-18,6.56268835067749,6.580265220851918,6.495598385382977,6.522830162726342,356268000
2018-06-19,6.440887451171875,6.526792386973748,6.3133918490326115,6.459454510561664,594932000
2018-06-20,6.4938645362854,6.546843040157841,6.4436086903568315,6.481981357337177,369780000
2018-06-21,6.365132808685303,6.544121888145371,6.357458272969415,6.525802257174516,359516000
2018-06-22,6.212630748748779,6.399294775894989,6.1972821544607255,6.3859260818022845,434160000
2018-06-25,5.919763088226318,6.109892556671241,5.831135037324501,6.106179239895131,665816000
2018-06-26,5.990813732147217,6.0814226269121345,5.939320266141152,6.033147620579412,478884000
2018-06-27,5.8355913162231445,6.100732720418736,5.8301445829433645,6.034385512234195,453892000
2018-06-28,5.962840557098389,5.974723739991702,5.818015032898074,5.825689568842007,338012000
2018-06-29,5.864804267883301,6.040574870117865,5.863566180717197,6.027949403051781,392300000
2018-07-02,5.997003078460693,6.000716395107011,5.7746899650871395,5.795237865288204,357572000
2018-07-03,5.863318920135498,6.037604483832405,5.854901627055698,6.031662892963836,222732000
2018-07-05,6.009134769439697,6.014085701796092,5.87965832643344,5.918525860534723,306216000
2018-07-06,6.123013496398926,6.131430788669225,5.963334260570474,5.984624919785975,296352000
2018-07-09,6.1705451011657715,6.206937396953347,6.091819864298572,6.197282490802284,303880000
2018-07-10,6.2695722579956055,6.291605203959334,6.142571526198076,6.182924573263383,360016000
2018-07-11,6.127964973449707,6.211394194953113,6.117319407619024,6.176735311299435,367508000
2018-07-12,6.2195634841918945,6.267591063430919,6.163366513451234,6.173269321298891,345508000
2018-07-13,6.172277927398682,6.238130269602753,6.13019194344398,6.238130269602753,246988000
2018-07-16,6.1445512771606445,6.197530257916777,6.1321732401052484,6.1445512771606445,197036000
2018-07-17,6.2804646492004395,6.295566290036867,6.069787268475396,6.095286574599116,362136000
2018-07-18,6.231198310852051,6.286900416243609,6.1802001801471445,6.27303686506914,277640000
2018-07-19,6.2393693923950195,6.273038565450064,6.197283870460064,6.212385040429117,235752000
2018-07-20,6.211146354675293,6.27576061442862,6.200253361023998,6.236893087166103,222352000
2018-07-23,6.1745076179504395,6.186390799802978,6.022750329052509,6.184657855457479,301584000
2018-07-24,6.157177448272705,6.309182147808036,6.1396001061330505,6.222534468561057,354620000
2018-07-25,6.235407829284668,6.2480337675255,6.1086545341870195,6.166584920781068,319112000
2018-07-26,6.308933734893799,6.345820888127693,6.198520175900621,6.215354758871407,325124000
2018-07-27,6.239121913909912,6.3525065269188215,6.185152738217964,6.345574749508105,295420000
2018-07-30,6.043791770935059,6.2591730796582885,6.008884993611516,6.2532314904927535,340340000
2018-07-31,6.061866283416748,6.136630797445941,5.994528876730627,6.0333964135562494,283988000
2018-08-01,6.10172176361084,6.1485117199444925,6.037850269394131,6.0933049450133145,283556000
2018-08-02,6.204462051391602,6.208422796608205,5.971503842481577,6.0304239412092535,269668000
2018-08-03,6.241100788116455,6.26486714621285,6.212136070402258,6.228970180560697,214288000
2018-08-06,6.288881301879883,6.292347189956352,6.181933628553498,6.228475689063752,207508000
2018-08-07,6.361170291900635,6.379737819853415,6.310914913231839,6.337651832393384,258132000
2018-08-08,6.397562026977539,6.442619044922221,6.327501506510279,6.362408288576708,262100000
2018-08-09,6.3490400314331055,6.418110370372209,6.341365496862997,6.415387239819953,204280000
2018-08-10,6.3076958656311035,6.340126943297172,6.255954976222859,6.267095397517748,256396000
2018-08-13,6.3406219482421875,6.461433641374095,6.314627788678252,6.316360732649181,375208000
2018-08-14,6.4720778465271,6.486189297064438,6.362901919132466,6.446083690526414,466220000
2018-08-15,6.413901329040527,6.526790586669102,6.335175621254827,6.492873993144286,591136000
2018-08-16,6.373301982879639,6.486191740946191,6.313143786501939,6.483716038652599,801260000
2018-08-17,6.060874938964844,6.262640164081372,6.033890117974757,6.26189740626977,1143188000
2018-08-20,6.135639667510986,6.268334087399236,5.909860644231387,6.020274689900095,854388000
2018-08-21,6.271304607391357,6.275760681871915,6.132173279035272,6.151978421764745,673988000
2018-08-22,6.506490707397461,6.51144211119561,6.235160295506525,6.238626183726857,749856000
2018-08-23,6.606011390686035,6.671368406236362,6.454006702170211,6.467870254293999,720684000
2018-08-24,6.739201545715332,6.7538078565024255,6.60997302201604,6.614429096593281,531512000
2018-08-27,6.830304145812988,6.904573302076229,6.737467464388048,6.768907881848163,505776000
2018-08-28,6.792675018310547,6.847139513201832,6.672606078782216,6.8243633400928605,475384000
2018-08-29,6.898196220397949,6.923213874070783,6.764190455138891,6.784997160476675,420108000
2018-08-30,6.881352424621582,6.978203291393143,6.844445090068747,6.866985687510032,346608000
2018-08-31,6.952442169189453,6.965322577513358,6.851380358509544,6.86128858296646,306592000
2018-09-04,7.027248382568359,7.064898411525182,6.910829093872969,6.939314533833487,391720000
2018-09-05,6.89646053314209,7.045080570900778,6.8154627472118765,7.009659571352558,393156000
2018-09-06,6.755273818969727,6.882591595892405,6.722329864654004,6.880114539353221,322796000
2018-09-07,6.733970642089844,6.859554501670406,6.618294534242689,6.6631281620379035,295420000
2018-09-10,6.805061340332031,6.834785545354204,6.7126694495280725,6.756512356654396,220140000
2018-09-11,6.757254600524902,6.846426258546171,6.7379337517793605,6.758740456235985,243112000
2018-09-12,6.643311977386475,6.736942614198448,6.4877563587234715,6.717374202765893,419092000
2018-09-13,6.721089839935303,6.811747818137047,6.691861241738277,6.709200160592427,305536000
2018-09-14,6.847169399261475,6.913305332808739,6.7745934977877695,6.811500830664712,386936000
2018-09-17,6.785245418548584,6.870702213429056,6.765925039458347,6.82165762906513,205528000
2018-09-18,6.713163375854492,6.892002756900242,6.706475844315346,6.789207530848946,299520000
2018-09-19,6.736942768096924,6.754777288004263,6.644550893383441,6.694586196710857,224860000
2018-09-20,6.595752716064453,6.657182088287664,6.541754038151684,6.614825524387989,430584000
2018-09-21,6.525654315948486,6.65322009784488,6.492462805882714,6.6076433081313395,435128000
2018-09-24,6.581387519836426,6.584855303977938,6.407502240097522,6.494692443848466,293912000
2018-09-25,6.648514270782471,6.673531924198632,6.561819193647669,6.64752354279324,280388000
2018-09-26,6.611606597900391,6.6938431586458185,6.595754005984475,6.653468042339497,268548000
2018-09-27,6.623496055603027,6.668082118487996,6.592038436699828,6.6467798149507145,214428000
2018-09-28,6.96086311340332,6.983156144445148,6.727529923942313,6.755520230899315,709396000
2018-10-01,7.167444705963135,7.234323321724944,6.999999421592283,7.0386406410624796,622060000
2018-10-02,7.096108913421631,7.251664086279883,7.07381587834063,7.139951819420904,383964000
2018-10-03,7.102299213409424,7.173884373868482,6.998265238011981,7.166453206893644,320552000
2018-10-04,6.91801118850708,7.090410118955749,6.840976310277799,7.066135632936268,391220000
2018-10-05,6.684431552886963,6.95541529202399,6.626965071649361,6.893242734249144,426636000
2018-10-08,6.583121299743652,6.716631459367274,6.4421799717504795,6.601203384237762,408612000
2018-10-09,6.5774245262146,6.657183560478461,6.509554699966674,6.56256218940692,273500000
2018-10-10,6.085740566253662,6.517234053566455,6.083511073784917,6.471409219382642,684940000
2018-10-11,5.824170112609863,6.132061214441879,5.8026202394679345,5.998550554083559,725436000
2018-10-12,6.106794834136963,6.1811051078776975,5.9361297605805925,6.081282051184313,608236000
2018-10-15,5.830361843109131,6.093419275798444,5.8293711150546805,6.093419275798444,449760000
2018-10-16,6.089207172393799,6.100353687680232,5.893772045325111,5.943064181949507,408712000
2018-10-17,6.020596504211426,6.18952819035506,5.971551912579458,6.1513820818966725,329668000
2018-10-18,5.933155536651611,6.128343085992142,5.872716889036797,6.089949903529075,524020000
2018-10-19,5.676539421081543,6.0079617748606715,5.640127689020312,5.988393835084986,613608000
2018-10-22,5.727318286895752,5.82887523050148,5.624523051394906,5.728804615130029,368844000
2018-10-23,5.475653648376465,5.553183641057675,5.36790386281119,5.460048151866654,626436000
2018-10-24,4.939386367797852,5.483831030483779,4.925515226385512,5.437263492185119,884288000
2018-10-25,5.148194789886475,5.195505466731336,4.797451642818794,4.841790136318195,951720000
2018-10-26,4.9116435050964355,5.073886705632766,4.7835825536690475,4.912138632973951,664784000
2018-10-29,4.597806453704834,5.056299010980577,4.359766696610632,5.0528312268640185,758016000
2018-10-30,5.028308391571045,5.03821661555016,4.597806170111114,4.620842365657446,807192000
2018-10-31,5.222257614135742,5.265852948757622,5.053325987757277,5.193029015146663,745772000
2018-11-01,5.402583122253418,5.411995745606221,5.132094573349276,5.258669152231622,566528000
2018-11-02,5.323566436767578,5.498938012717661,5.206899616637207,5.393170143237599,452960000
2018-11-05,5.245541095733643,5.333722488208509,5.084783809799898,5.310438257833892,379332000
2018-11-06,5.227954864501953,5.321833064703682,5.190799497618055,5.237615052013715,299012000
2018-11-07,5.295578479766846,5.385245763079442,5.230928856067152,5.294587751532218,483812000
2018-11-08,5.102370738983154,5.237119174182968,5.0488671835890155,5.236376010190677,511352000
2018-11-09,5.094444274902344,5.184854691849739,4.979759370860876,5.013446481667973,413240000
2018-11-12,4.694904327392578,5.025088360941829,4.673106424846353,5.003042894545107,617116000
2018-11-13,4.936906814575195,5.058279713015093,4.786552883223397,4.792745758894376,644712000
2018-11-14,4.884395599365234,5.124416832590913,4.776398682456311,5.110050094706398,526580000
2018-11-15,5.0131988525390625,5.08527962129641,4.842533336165641,4.8784499386148505,840708000
2018-11-16,4.072930812835693,4.227247694190023,4.003079050730328,4.045436100982573,1963520000
2018-11-19,3.5842185020446777,4.008280572621784,3.5824846098767686,4.007537880935693,1697820000
2018-11-20,3.692711114883423,3.821019611162175,3.302088349151415,3.3206657994753512,1692032000
2018-11-21,3.584465265274048,3.8467794691761874,3.557218360689491,3.829935915275277,1025496000
2018-11-23,3.5916495323181152,3.705343726803127,3.536907909368861,3.549788319030462,411968000
2018-11-26,3.7910478115081787,3.8014511640561635,3.6302905023331147,3.7127746310637026,814832000
2018-11-27,3.8078911304473877,3.8891367260030134,3.7291225909317354,3.7650389586110915,738060000
2018-11-28,3.964933395385742,3.970135072056033,3.7930295564624514,3.9255490020534256,804524000
2018-11-29,3.9017064571380615,4.004356732968369,3.871456890931644,3.967164658875983,549172000
2018-11-30,4.052211284637451,4.062872859190397,3.861043303532666,3.9113767275238516,729564000
2018-12-03,4.216104984283447,4.331152955664539,4.149158954223166,4.279579759729772,890804000
2018-12-04,3.895507335662842,4.1764320017087915,3.8803823181221584,4.1714729330473075,812112000
2018-12-06,3.9247655868530273,3.929724419568827,3.739300608638037,3.75492125091574,692308000
2018-12-07,3.6599576473236084,3.9391469895281426,3.610616179292055,3.928981038229835,681676000
2018-12-10,3.765333890914917,3.790128756492967,3.611358291160997,3.6150775919361133,629472000
2018-12-11,3.6743390560150146,3.865258767491933,3.5952436354998776,3.8570764907649013,671912000
2018-12-12,3.6919431686401367,3.788146808546028,3.5907804587740237,3.680041589904781,654136000
2018-12-13,3.691694736480713,3.8030233863059797,3.655742428855396,3.7388049503556817,471384000
2018-12-14,3.6311957836151123,3.7338460670296034,3.6076406755034944,3.6500396336429493,471820000
2018-12-17,3.5600340366363525,3.673346112799722,3.502014207312883,3.6011934573056377,662868000
2018-12-18,3.643345355987549,3.7273996051963136,3.5766473786462805,3.603921553932556,564372000
2018-12-19,3.434324026107788,3.6631798680968104,3.3827508519737677,3.609623019395564,745364000
2018-12-20,3.3497750759124756,3.5159001327893007,3.290019608301569,3.4258950957181384,749588000
2018-12-21,3.2126593589782715,3.4092820051140853,3.185137140021637,3.376304857389919,863740000
2018-12-24,3.1509206295013428,3.2228254807124803,3.086950005592058,3.136291705788628,463840000
2018-12-26,3.300185203552246,3.301176922832359,3.0859582325928656,3.1970388316544467,695100000
2018-12-27,3.252331256866455,3.2823330130761676,3.1038105277404284,3.247868283406106,637044000
2018-12-28,3.313822031021118,3.406554637168781,3.231007563100586,3.2729106566799224,628728000
2018-12-31,3.310103178024292,3.3896942088352975,3.2793575150549694,3.3572131553186004,465140000
2019-01-02,3.377544403076172,3.4335805565574042,3.2245607241949834,3.239189646167782,508752000
2019-01-03,3.173483371734619,3.3512619200370706,3.1660450050395994,3.317293055632547,705552000
2019-01-04,3.3768017292022705,3.4149855299623937,3.215883539977081,3.246628971771938,585620000
2019-01-07,3.5555710792541504,3.5925153388052258,3.382751357758868,3.434076728034462,709160000
2019-01-08,3.4670538902282715,3.6393777646665835,3.3944051330701552,3.6371460416093,786016000
2019-01-09,3.5352394580841064,3.5825974791842783,3.467797585926189,3.518378812698559,617260000
2019-01-10,3.600945472717285,3.6096236069964913,3.4554001554766547,3.515899520319643,523156000
2019-01-11,3.69020676612854,3.713017962937659,3.5508600508146664,3.5786300800806794,874764000
2019-01-14,3.7301266193389893,3.7554173535643547,3.614334994925471,3.637890102118774,730168000
2019-01-15,3.715994119644165,3.8022798556710824,3.697645891926714,3.7628560536482167,617012000
2019-01-16,3.6904544830322266,3.7762443395502117,3.6849997911157066,3.743267430642726,470104000
2019-01-17,3.761864185333252,3.8017838454772237,3.6302038631564932,3.6574782738023623,493436000
2019-01-18,3.891044855117798,3.91707949754239,3.7601284446484033,3.811701633369426,651336000
2019-01-22,3.6887197494506836,3.8724491309293523,3.658470179176692,3.86079560020211,661552000
2019-01-23,3.7016122341156006,3.832776674451561,3.670370951294192,3.7440114219664813,591020000
2019-01-24,3.9136078357696533,3.9312119161807204,3.781451671668244,3.786162692703459,708972000
2019-01-25,3.97088360786438,3.9889837847391187,3.7514499988212924,3.8541002716388526,1154572000
2019-01-28,3.4219272136688232,3.511932236758191,3.248116003850277,3.3857268605864648,2511528000
2019-01-29,3.2629923820495605,3.424158562902406,3.2483634608822025,3.3758085904158506,1153932000
2019-01-30,3.40655517578125,3.420936052853785,3.2595220164842664,3.339113291234349,974228000
2019-01-31,3.5642499923706055,3.599954492492543,3.3815123295424754,3.403331811967402,842852000
2019-02-01,3.588548421859741,3.6396257502642957,3.5352398432141046,3.582845681072949,625048000
2019-02-04,3.6988847255706787,3.7360767948557183,3.58234921257006,3.604416500706879,528592000
2019-02-05,3.7179770469665527,3.7546732608916793,3.67706567146793,3.710786491133026,542424000
2019-02-06,3.7936015129089355,3.858067999794347,3.745747625649884,3.7512023185284105,702464000
2019-02-07,3.6552460193634033,3.7494662025740335,3.612351207362776,3.7472347160999955,637120000
2019-02-08,3.673842191696167,3.6845037641664473,3.5736712229745025,3.5880520971078647,461604000
2019-02-11,3.6311957836151123,3.6840085043529274,3.582845799969006,3.629707968123085,495180000
2019-02-12,3.7482259273529053,3.7638468034770534,3.65524552399793,3.669626633035311,591060000
2019-02-13,3.79062557220459,3.863770184004004,3.7640950735310996,3.7777322766853225,605372000
2019-02-14,3.8315377235412598,3.8598038547973244,3.746491518152022,3.7896346228221915,827264000
2019-02-15,3.901210308074951,4.063119936975075,3.878399111087039,4.0403089764485856,1516748000
2019-02-19,3.883854389190674,3.9644376166735125,3.871457187850045,3.890549086000697,551892000
2019-02-20,3.9312119483947754,3.998405774245338,3.901954339175043,3.913111771758899,540988000
2019-02-21,3.8622820377349854,3.968403550411445,3.847653116628807,3.9438569651757716,448548000
2019-02-22,3.947080135345459,3.965924217238518,3.900466026630124,3.9141032284940063,401740000
2019-02-25,3.9346835613250732,4.098081015761407,3.926005190104835,4.030639376229336,656020000
2019-02-26,3.895259380340576,3.986008305437182,3.861786375463224,3.929972152412802,488464000
2019-02-27,3.8533565998077393,3.9074090823796626,3.7963284865594273,3.8808788189500047,500256000
2019-02-28,3.828784704208374,3.8694901795904637,3.806446602030147,3.8471518407070815,324944000
2019-03-01,3.883141279220581,3.9253356282880483,3.8203457712511417,3.8786734696049785,357188000
2019-03-04,3.891331911087036,3.944447361102525,3.8347413929030174,3.9216126528980455,409992000
2019-03-05,3.884877920150757,3.9231010593736735,3.821337750467559,3.875694235759063,362924000
2019-03-06,3.7739312648773193,3.8843816607723984,3.7712011080326033,3.875942886568223,403524000
2019-03-07,3.704683303833008,3.760032784393902,3.658517510548082,3.7503527263715624,450104000
2019-03-08,3.7389349937438965,3.7496077918450132,3.593984103274318,3.6153296994765514,422416000
2019-03-11,3.9995474815368652,4.022381947047157,3.71535463021863,3.7625133830031348,859728000
2019-03-12,4.033801078796387,4.080214700396872,3.951149080399836,4.027347549256115,579576000
2019-03-13,4.18520450592041,4.2144925069713945,4.063832995794522,4.071279266258605,768900000
2019-03-14,4.109253883361816,4.206301561816602,4.101559546771888,4.194387719779923,519384000
2019-03-15,4.214740753173828,4.257431469987885,4.148966552191375,4.152441383483336,661484000
2019-03-18,4.19339656829834,4.300124106341274,4.166342109789452,4.246263729792407,486992000
2019-03-19,4.361180782318115,4.405609393358679,4.271083225217314,4.287960776280812,854972000
2019-03-20,4.328664302825928,4.443582231190495,4.293915529998938,4.390218500851618,719148000
2019-03-21,4.565451145172119,4.591760917663486,4.3467843888168325,4.351748568292217,824312000
2019-03-22,4.405608654022217,4.586796952653689,4.391709329569417,4.53814931706889,747644000
2019-03-25,4.313277244567871,4.429187957112007,4.247006910656651,4.364903579201484,525212000
2019-03-26,4.389972686767578,4.511095663125908,4.333630231331192,4.4550017481058095,703508000
2019-03-27,4.380788326263428,4.461950725302951,4.31129170245478,4.4155371115779944,474372000
2019-03-28,4.399403095245361,4.465176810899341,4.346287420769738,4.406848890430236,480264000
2019-03-29,4.45673942565918,4.481063722571825,4.415786116984334,4.4661711799533865,456896000
2019-04-01,4.524250030517578,4.554530769530599,4.47684320275739,4.548573848513748,483824000
2019-04-02,4.542119026184082,4.586547617484,4.505385242690285,4.548324485807721,440920000
2019-04-03,4.681610107421875,4.7406827034480346,4.586796462821118,4.591760641998479,783504000
2019-04-04,4.672676086425781,4.715118739747322,4.609880577632591,4.66622255726246,457376000
2019-04-05,4.739442348480225,4.756816978997621,4.679377472968502,4.715863202893456,481744000
2019-04-08,4.760291576385498,4.7853600694662095,4.684837556760998,4.708913308543006,424192000
2019-04-09,4.69749641418457,4.7379535838550275,4.655301828762811,4.726784414966612,439972000
2019-04-10,4.7679853439331055,4.793798510821382,4.692283732268877,4.69675130472834,444772000
2019-04-11,4.754086017608643,4.801989453221213,4.704693706783581,4.770467432227982,374600000
2019-04-12,4.716111660003662,4.796777937142768,4.707424580731489,4.792806498013926,471708000
2019-04-15,4.584314823150635,4.71338065396783,4.54460233265461,4.708416474303269,440092000
2019-04-16,4.671435832977295,4.690299343808354,4.590770014550437,4.62353285474956,394964000
2019-04-17,4.648601055145264,4.727281385263946,4.626262713416492,4.706432392559857,351004000
2019-04-18,4.624027729034424,4.6893053245977745,4.596229077872031,4.655301685002387,380988000
2019-04-22,4.677888870239258,4.693525614129307,4.5689277970566575,4.600449351860623,279936000
2019-04-23,4.732492923736572,4.763766881513108,4.681363191190301,4.69104301157838,346856000
2019-04-24,4.74490213394165,4.785607361054785,4.682106641223069,4.742916178255764,318204000
2019-04-25,4.639167308807373,4.72703128897895,4.5594942713449225,4.704692956839724,499296000
2019-04-26,4.420252799987793,4.489749897976611,4.301363390472027,4.485281852044919,868988000
2019-04-29,4.4510297775268555,4.478828425050092,4.355967587155458,4.428194836054047,391920000
2019-04-30,4.492481231689453,4.518045865251692,4.399653032074296,4.418764608839681,362920000
2019-05-01,4.479324817657471,4.587045045056981,4.479076277309205,4.544850468484447,354280000
2019-05-02,4.546837329864502,4.588535311797683,4.445818666435667,4.4890059972694125,394684000
2019-05-03,4.542368412017822,4.5652028791525385,4.480813725391701,4.555274994044894,336824000
2019-05-06,4.463936805725098,4.476098715230669,4.318737619172182,4.355968022023356,422176000
2019-05-07,4.2966485023498535,4.4155379326562265,4.248496990665566,4.4155379326562265,555220000
2019-05-08,4.316752910614014,4.396922584982704,4.25718416068849,4.269098005355663,419168000
2019-05-09,4.2241716384887695,4.257431073046785,4.10528271131123,4.247751254408855,660248000
2019-05-10,4.190169334411621,4.258921774760138,4.07053522154666,4.1933960994529045,569500000
2019-05-13,3.932781457901001,4.081207165854173,3.9168964140925757,4.058124156092293,656912000
2019-05-14,4.021886825561523,4.057131747207826,3.9337745214457662,3.972494037813597,524880000
2019-05-15,3.9608285427093506,3.9973142709161906,3.9069684215084126,3.9662888565686694,502320000
2019-05-16,3.975968599319458,4.018659788300513,3.9129252672448542,3.955367915847823,781088000
2019-05-17,3.885126829147339,4.06333692853435,3.845662636542295,3.9340230118361346,1022068000
2019-05-20,3.7664859294891357,3.841443353464409,3.741665499504612,3.7863421787946896,572064000
2019-05-21,3.848639965057373,3.864525007224222,3.788574863877966,3.827294609777456,361848000
2019-05-22,3.7776548862457275,3.835982585702869,3.7667337840500266,3.809921348723662,325868000
2019-05-23,3.656532049179077,3.715356125312322,3.5967149948420474,3.715356125312322,591844000
2019-05-24,3.602670907974243,3.7106392086195745,3.595969312973102,3.675394291535654,357584000
2019-05-28,3.5574984550476074,3.6530567960748073,3.5555127355741414,3.62029396334607,428356000
2019-05-29,3.483285427093506,3.54483964859207,3.4485368777206618,3.5098430322459575,559800000
2019-05-30,3.456697463989258,3.522297917083706,3.4184304540257267,3.4865158302162516,394300000
2019-05-31,3.365999698638916,3.475085359045798,3.364260299850263,3.4077455065418905,389720000
2019-06-03,3.324254274368286,3.4159457139585063,3.294932843794382,3.3771817646938214,478644000
2019-06-04,3.553358793258667,3.558576989646319,3.3662482997359766,3.3883635468515476,641836000
2019-06-05,3.5106189250946045,3.6326258954090536,3.474339902427115,3.6271591122073428,511616000
2019-06-06,3.5727405548095703,3.5973407235932213,3.5123583007973993,3.5148432237796587,408140000
2019-06-07,3.615480422973633,3.6497714614073336,3.5595708378395097,3.5787044614283463,348856000
2019-06-10,3.6882872581481934,3.756869575699366,3.671638556770695,3.671638556770695,402780000
2019-06-11,3.7459359169006348,3.7859423270741654,3.706426680944435,3.7481722529773527,383872000
2019-06-12,3.6328744888305664,3.708662986534529,3.617716836684837,3.702450678622138,358892000
2019-06-13,3.684062957763672,3.7024508211514497,3.637347300970326,3.6549898769601796,308080000
2019-06-14,3.5941107273101807,3.615232101359098,3.5493832928936073,3.5908805166081557,394428000
2019-06-17,3.6038012504577637,3.6408257958345915,3.5695099780771105,3.5923707473391158,276040000
2019-06-18,3.798863649368286,3.854276062034481,3.6542444847962368,3.665177815064037,581920000
2019-06-19,3.8048272132873535,3.8455789092207207,3.7787359948257992,3.8341486421815967,331644000
2019-06-20,3.829179048538208,3.909440221129955,3.8147669202394323,3.8955250300862647,350168000
2019-06-21,3.7710325717926025,3.8634697599835874,3.764571914472138,3.814269424306657,434428000
2019-06-24,3.793396234512329,3.822966246804563,3.7451897753515966,3.792402360192091,282948000
2019-06-25,3.76407527923584,3.873409525271991,3.761342006026294,3.7983665542934184,311868000
2019-06-26,3.9573981761932373,4.0185261992152705,3.8786280508730115,3.8915493676475124,584072000
2019-06-27,4.056047439575195,4.075180827563614,4.007095446055656,4.043126122836819,445440000
2019-06-28,4.080895900726318,4.109223455426042,4.034180483762125,4.100029287318495,397668000
2019-07-01,4.1291022300720215,4.322424786421558,4.091580508503092,4.288133512182532,709756000
2019-07-02,4.031198024749756,4.133574667474192,4.018028360010262,4.11245305991974,400228000
2019-07-03,4.044119834899902,4.060271598661679,3.9842347500502386,4.054556227928874,246636000
2019-07-05,3.9815008640289307,3.9901978568813945,3.9181365173031906,3.9857251854073508,396552000
2019-07-08,3.906458616256714,3.940749895830146,3.8763918960662678,3.9218648570491452,329788000
2019-07-09,3.9089436531066895,3.9370226249615636,3.851543247654204,3.8642159782695615,342860000
2019-07-10,3.977276086807251,4.034676233054773,3.9385121485574075,3.9524273355265036,452076000
2019-07-11,4.131835460662842,4.17258715519137,4.013058700538229,4.050331597655183,682560000
2019-07-12,4.164884567260742,4.235952047097599,4.159666370477853,4.159666370477853,506392000
2019-07-15,4.156435966491699,4.202157513334915,4.128108883058418,4.186006222523119,289840000
2019-07-16,4.151714324951172,4.1787991796497455,4.09605309302902,4.141526282943707,341444000
2019-07-17,4.217066287994385,4.224023882515274,4.124132162378991,4.153453588988617,348204000
2019-07-18,4.228745937347412,4.291613127448863,4.170848594246631,4.2275037125725925,442192000
2019-07-19,4.185508728027344,4.273473017091492,4.179545007247517,4.267012596051214,344896000
2019-07-22,4.257073402404785,4.269994719950473,4.1994244107432,4.206879181079412,315940000
2019-07-23,4.3649163246154785,4.36690407365911,4.280679179045427,4.296334243103651,428176000
2019-07-24,4.4394612312316895,4.445176601016965,4.332115221329818,4.408152057335403,366236000
2019-07-25,4.308260917663574,4.410637569643034,4.284903209165684,4.397964603964706,392700000
2019-07-26,4.350255489349365,4.396970908244091,4.335346424030986,4.335346424030986,274160000
2019-07-29,4.344042778015137,4.360194539533935,4.25583014978656,4.343048903667154,248160000
2019-07-30,4.35969877243042,4.37187456653632,4.283164735528325,4.297577103101945,197772000
2019-07-31,4.192465305328369,4.329133201919049,4.15022256986587,4.328138853738319,359416000
2019-08-01,4.0980424880981445,4.293352844996273,4.045860038621475,4.202903613467248,421212000
2019-08-02,4.0053558349609375,4.074683911416591,3.9578951296952116,4.0053558349609375,428348000
2019-08-05,3.746929883956909,3.822966729486843,3.6999658802545063,3.8217242679420345,589156000
2019-08-06,3.785693407058716,3.8671970319645412,3.7379841183664704,3.821724079152354,361272000
2019-08-07,3.823960542678833,3.835887983737689,3.7074203531611025,3.72481434055918,372560000
2019-08-08,3.932549238204956,3.9337916997220894,3.8242091058491536,3.8816095008790104,309300000
2019-08-09,3.8311667442321777,3.8950277976904943,3.780723943545715,3.891549000193173,341816000
2019-08-12,3.7633304595947266,3.8311672568443944,3.741463560274829,3.778985050427264,279200000
2019-08-13,3.877634048461914,3.9236041828501813,3.7228270669077466,3.7618393684733302,351956000
2019-08-14,3.729039192199707,3.80060337477063,3.685305630395405,3.7894214564329642,419880000
2019-08-15,3.696735382080078,3.7678026174302053,3.6624443444204147,3.7479237069368603,477200000
2019-08-16,3.9648525714874268,4.014052673664609,3.898258007873997,3.9596343752417362,1007960000
2019-08-19,4.243655681610107,4.259559099760011,4.062012152490059,4.078163920844419,815112000
2019-08-20,4.171344757080078,4.238684603573622,4.150223149424043,4.23818742941383,463188000
2019-08-21,4.254836082458496,4.310000140994208,4.215823786508172,4.237442095343741,427244000
2019-08-22,4.261048793792725,4.307018686388839,4.221787672238829,4.264527591351883,303488000
2019-08-23,4.036417484283447,4.23893426035067,4.01653856892383,4.184515711780567,568056000
2019-08-26,4.111211776733398,4.1392909852168716,4.072944998221193,4.115187749051195,318208000
2019-08-27,4.020513534545898,4.152211138085143,3.9911921061883855,4.1494778649248,290968000
2019-08-28,4.01006555557251,4.062796822359423,3.954846906697014,3.994146879509134,255612000
2019-08-29,4.153834819793701,4.186169850683917,4.098118483059722,4.101600724454358,357976000
2019-08-30,4.1665191650390625,4.249844823119335,4.148361698720995,4.200098119093525,290616000
2019-09-03,4.0834431648254395,4.126722585321678,4.06056000028665,4.093641292804164,296140000
2019-09-04,4.197611331939697,4.205073480928097,4.144133783572324,4.144133783572324,227728000
2019-09-05,4.470720291137695,4.476938511681045,4.2980997941497545,4.299840914878685,695676000
2019-09-06,4.443607807159424,4.50429843204044,4.405551750021269,4.447338644315782,376976000
2019-09-09,4.489623069763184,4.57618237942632,4.473206722581863,4.474699247167374,417524000
2019-09-10,4.556283473968506,4.582897472178681,4.447089604845747,4.456790065136728,352812000
2019-09-11,4.584888458251953,4.633142646556369,4.54185763211947,4.5709594924601324,361512000
2019-09-12,4.583394527435303,4.686121093055734,4.5754351886274005,4.631400105029274,327840000
2019-09-13,4.5254411697387695,4.553796766998046,4.481664082333933,4.5167355663372115,324592000
2019-09-16,4.482409954071045,4.516983768687138,4.439876799098536,4.450323522270038,231832000
2019-09-17,4.503802299499512,4.508030804000582,4.442613993875636,4.489127068967522,223048000
2019-09-18,4.476688861846924,4.51250660456592,4.390130028572315,4.496836520033768,258152000
2019-09-19,4.401074409484863,4.501065014692448,4.390378616112157,4.482658477044444,245476000
2019-09-20,4.295362949371338,4.423709154072333,4.285165296330682,4.40007972839213,350244000
2019-09-23,4.348841190338135,4.39435940282457,4.291881394334734,4.295612706453195,249712000
2019-09-24,4.291384696960449,4.409781402736051,4.255816013463773,4.380182344897127,317268000
2019-09-25,4.43316125869751,4.452811252375424,4.246114136424576,4.290886081748511,308432000
2019-09-26,4.411023139953613,4.432165654764178,4.360032982894829,4.423460052906805,234564000
2019-09-27,4.272231578826904,4.419978719208728,4.211540474884004,4.369237147670172,362056000
2019-09-30,4.329689025878906,4.339887155357967,4.266759602509441,4.298100253398734,186184000
2019-10-01,4.327948093414307,4.502061141332193,4.323222396904995,4.352821453748274,366008000
2019-10-02,4.3040690422058105,4.3179980068188035,4.2316877658749155,4.306058758744874,293372000
2019-10-03,4.509771823883057,4.515990045273473,4.278201786550403,4.308547105448337,450588000
2019-10-04,4.526187896728516,4.555538355329556,4.446842125220631,4.5120098594335225,265524000
2019-10-07,4.584888458251953,4.684630005905446,4.582401075157726,4.591106678777614,480984000
2019-10-08,4.4082865715026855,4.493104266488154,4.390129107998648,4.493104266488154,444436000
2019-10-09,4.494845867156982,4.544343972864902,4.456292624089063,4.485145407408388,292412000
2019-10-10,4.552552700042725,4.6035428645978325,4.487384974498355,4.492608336380693,309124000
2019-10-11,4.626176357269287,4.709501523500609,4.617719352935098,4.636623077534003,446404000
2019-10-14,4.639608860015869,4.6605023059879,4.58637991244162,4.6174714854485,200040000
2019-10-15,4.88436222076416,4.9569925743549135,4.715970226391049,4.729899666742848,664124000
2019-10-16,4.830634593963623,4.955249935639082,4.819193014655875,4.850284582492364,428944000
2019-10-17,4.832624912261963,4.9201785912223865,4.778152043710868,4.875158060530655,263436000
2019-10-18,4.738107681274414,4.8657076382947935,4.663736680149976,4.833123535647285,307440000
2019-10-21,4.875406742095947,4.888838512532386,4.780639510117975,4.799543237329417,261868000
2019-10-22,4.8654584884643555,5.037581303518562,4.857747743872669,4.932367332493109,328720000
2019-10-23,4.852523326873779,4.86670088432573,4.751537881258078,4.78337571096772,279916000
2019-10-24,4.896550178527832,4.93012866210685,4.859737575270974,4.8938137252049945,232020000
2019-10-25,5.087577819824219,5.108471271660315,4.969429714354056,4.977140460782123,423092000
2019-10-28,5.14354133605957,5.196023547122898,5.102002565502803,5.1313530181138445,330792000
2019-10-29,5.047281742095947,5.136079365274636,5.027880819932421,5.12961207494028,211236000
2019-10-30,5.049271106719971,5.079865486856086,4.981118339097256,5.074144459222086,205960000
2019-10-31,5.000022888183594,5.049271934959887,4.920179930672557,5.028378486222032,209732000
2019-11-01,5.039073944091797,5.071408973392834,4.939580524415221,4.964702475301818,283640000
2019-11-04,5.235820293426514,5.248257206304459,5.0970278564145515,5.120159612970067,376716000
2019-11-05,5.213684558868408,5.261689677476283,5.16567896584071,5.235572866232116,300868000
2019-11-06,5.164434432983398,5.2151755201128704,5.076880272973076,5.1895563806129115,269012000
2019-11-07,5.182094573974609,5.2656688324253835,5.137322632860989,5.250993606145686,280340000
2019-11-08,5.16816520690918,5.199754443828543,5.127621772233323,5.1651806324635885,189100000
2019-11-11,5.1781158447265625,5.201247606281531,5.081109800991607,5.167420049897883,243436000
2019-11-12,5.213684558868408,5.269649493262924,5.181349052587211,5.2164205379863935,283504000
2019-11-13,5.187816619873047,5.209953524402727,5.121404957444309,5.182344186925834,300188000
2019-11-14,5.218161582946777,5.220400370057971,5.136826100870658,5.196770467868032,518080000
2019-11-15,5.078871726989746,5.26765951228127,4.990571282790923,5.215923079702975,1053628000
2019-11-18,5.280094623565674,5.306708618748674,5.068423269563676,5.071407843767681,574588000
2019-11-19,5.173388957977295,5.27263330067502,5.115185719333257,5.249003876002134,414564000
2019-11-20,5.2527360916137695,5.336558967798211,5.13782163428988,5.1505071474137765,472588000
2019-11-21,5.227861404418945,5.303973514997048,5.206221696007912,5.248257658644872,288388000
2019-11-22,5.245521545410156,5.297008897141253,5.2218916467211445,5.250495836442807,224100000
2019-11-25,5.502215385437012,5.507190152625691,5.360686437532472,5.373620547571093,506476000
2019-11-26,5.397497177124023,5.489279370124913,5.391029887139489,5.484553200610099,385244000
2019-11-27,5.432345390319824,5.477399148393635,5.405960531619837,5.443049076205152,215784000
2019-11-29,5.395008087158203,5.429856193035978,5.371111971830681,5.401480149546838,141556000
2019-12-02,5.208569049835205,5.401479401493358,5.193385437849747,5.388037719790713,372036000
2019-12-03,5.168992519378662,5.17297488878141,4.987532638602952,5.0248699629878235,465232000
2019-12-04,5.212802410125732,5.275031454040564,5.184177106897301,5.2526289602496306,273424000
2019-12-05,5.195876121520996,5.250388727016992,5.165259160014401,5.234707077119913,184884000
2019-12-06,5.281253814697266,5.314111214265809,5.255117732418763,5.2650746064886045,232236000
2019-12-09,5.281253814697266,5.336015672541618,5.249641736542283,5.258353763968451,211880000
2019-12-10,5.326308727264404,5.378083339537347,5.258603209415971,5.311373414268016,256388000
2019-12-11,5.409943580627441,5.415420051339278,5.3342733308255665,5.336762549372784,233796000
2019-12-12,5.5774641036987305,5.595634971362413,5.372108563588309,5.381069370326332,404348000
2019-12-13,5.575472354888916,5.6996816386489,5.5214573161967015,5.580450791359779,454704000
2019-12-16,5.604346752166748,5.676781440217568,5.594887912239394,5.623015652614642,320976000
2019-12-17,5.682506561279297,5.705157830802687,5.613556685564712,5.623015525277864,321196000
2019-12-18,5.712874889373779,5.773361524358729,5.708892044670487,5.717355292933794,343548000
2019-12-19,5.860979080200195,5.874420763919292,5.742495044080471,5.74747348062605,445360000
2019-12-20,5.9583048820495605,5.9836941462814766,5.908272691700668,5.927439148252875,603044000
2019-12-23,5.944615364074707,6.019041238215181,5.9339121521571325,5.986931127692588,355060000
2019-12-24,5.939636707305908,5.9568119814362035,5.894831726925983,5.929182275186573,138864000
2019-12-26,5.953824520111084,5.981951781932293,5.924203157740431,5.943120835049996,182852000
2019-12-27,5.896075248718262,5.9824491587667135,5.869689920176516,5.969007477764934,254644000
2019-12-30,5.782819747924805,5.879399330050427,5.751456451582098,5.87417211399331,258056000
2019-12-31,5.856996059417725,5.866454897894464,5.7283063851222105,5.747472841444349,231004000
2020-01-02,5.971746444702148,5.971746444702148,5.892342616375051,5.942872368471369,237536000
2020-01-03,5.876163005828857,5.919972391625994,5.827126404235172,5.8520181115010415,205384000
2020-01-06,5.900805950164795,5.906033166396497,5.756683859907929,5.782819941066442,262636000
2020-01-07,5.972245216369629,6.018045791935149,5.884128876158687,5.929182638702775,314856000
2020-01-08,5.983445644378662,6.024765810938136,5.927937456660726,5.968012776764655,277108000
2020-01-09,6.049160480499268,6.121595173601819,5.9953946891466146,6.069820567182259,255112000
2020-01-10,6.081520080566406,6.186811711179941,6.067332055418035,6.156444000948203,316296000
2020-01-13,6.27218770980835,6.297328193460846,6.142004414452742,6.164656154968752,319840000
2020-01-14,6.1551971435546875,6.254763483153179,6.142004241545948,6.229373746085979,359088000
2020-01-15,6.112633228302002,6.190295129500702,6.086745927902435,6.167892639740698,263104000
2020-01-16,6.196268081665039,6.2022421095475595,6.142751084846039,6.1661491628985114,284192000
2020-01-17,6.204980850219727,6.22290293601468,6.157437875586734,6.2154352815743295,253792000
2020-01-21,6.17162561416626,6.205229342869277,6.137523851987078,6.168389583495585,217916000
2020-01-22,6.225641250610352,6.312263957542838,6.198011544974662,6.216929224037822,239240000
2020-01-23,6.294093132019043,6.302556379249734,6.176853941628619,6.265717088011191,244516000
2020-01-24,6.234850883483887,6.459373323812355,6.18058706828655,6.409589911292452,373512000
2020-01-27,5.978966236114502,6.0299940295735315,5.780579837662684,5.930178407016322,470536000
2020-01-28,6.172374248504639,6.204733140451449,5.991660683100027,6.044928916130357,310976000
2020-01-29,6.111886501312256,6.194028800283632,6.072059486118129,6.15793584965853,258848000
2020-01-30,6.118607997894287,6.1320496832853735,5.959053027351357,6.014063191282162,290504000
2020-01-31,5.885122776031494,6.084753483041502,5.843305057017128,6.072805427674614,370420000
2020-02-03,5.98220157623291,6.001616814042242,5.860730288532247,5.866953096816272,255564000
2020-02-04,6.151464462280273,6.170631396450673,6.074051811682412,6.124084009466591,271544000
2020-02-05,6.2418212890625,6.282643426590387,6.158434133822679,6.272437773515948,208220000
2020-02-06,6.328691482543945,6.328691482543945,6.195023851884492,6.276170551478344,218284000
2020-02-07,6.262481212615967,6.310771004142484,6.237091470292002,6.288617293152528,189752000
2020-02-10,6.545748233795166,6.546494572045924,6.280154366819347,6.28513280377701,529608000
2020-02-11,6.668213367462158,6.782963800994379,6.592045100779323,6.654025347107429,638556000
2020-02-12,6.783959865570068,6.790431927775322,6.682153073689096,6.720984022611155,374644000
2020-02-13,6.74014949798584,6.8073569545679735,6.698580557562089,6.725961478711051,528016000
2020-02-14,7.213340759277344,7.342279230927972,7.1190016154884255,7.150364912026992,1041924000
2020-02-18,7.382105827331543,7.400525948248123,7.090625146480826,7.110040385017932,620164000
2020-02-19,7.833390712738037,7.851064020655914,7.504572706264025,7.504572706264025,694332000
2020-02-20,7.684041500091553,7.873715383495716,7.376629913289164,7.785350267172473,810052000
2020-02-21,7.319876670837402,7.5969205452635755,7.2349963676537605,7.571780057437713,768180000
2020-02-24,6.802379131317139,7.016198355246249,6.670951457602206,6.725464050687614,856916000
2020-02-25,6.522846698760986,6.9395322172531095,6.421039910157294,6.877551968604878,1055496000
2020-02-26,6.662240028381348,6.856394779557783,6.5216027575919115,6.523095908730695,747732000
2020-02-27,6.291382789611816,6.650036570091333,6.198979590174947,6.3486676331800185,906416000
2020-02-28,6.726500034332275,6.786026663184987,6.022144268583815,6.038831486904785,1133252000
2020-03-02,6.884903430938721,6.913795251009622,6.500596333801726,6.896609705893293,890744000
2020-03-03,6.622389793395996,7.000470395030386,6.536960391481216,6.940694849025888,652792000
2020-03-04,7.086148738861084,7.0956132359591555,6.655016977084495,6.729736766025134,597408000
2020-03-05,6.806697845458984,7.053521079061993,6.76211499539061,6.886647501659512,540328000
2020-03-06,6.626125812530518,6.684656244226965,6.4258773236974855,6.627122000401982,515412000
2020-03-09,6.113051891326904,6.460746629882328,5.932230732024252,5.975069660026909,614160000
2020-03-10,6.502588272094727,6.502588272094727,6.126749508698685,6.389512656427825,580648000
2020-03-11,6.138705253601074,6.391008234937779,6.041570049950041,6.362614743471863,499964000
2020-03-12,5.387524604797363,5.880922069568333,5.374822142852396,5.615418809951852,816540000
2020-03-13,5.998480796813965,6.002963878976591,5.469716053656302,5.740947512559459,634836000
2020-03-16,4.891636371612549,5.6313597140981075,4.831860829552244,5.290389388582319,726972000
2020-03-17,5.411435604095459,5.500850236647753,4.757142058920643,5.003965304168558,833632000
2020-03-18,5.0515360832214355,5.228870331557441,4.500106489192804,4.983790564772913,874268000
2020-03-19,5.304337024688721,5.397985319032711,4.8166677551201635,5.03011605232648,765512000
2020-03-20,5.124512672424316,5.736465097616872,5.109070573692925,5.454523519308622,804636000
2020-03-23,5.29736328125,5.391759319460472,4.944438220491036,5.123515921979336,643876000
2020-03-24,6.206201553344727,6.292876542904936,5.679927461197208,5.703588465428573,1101644000
2020-03-25,6.117534637451172,6.52101967399618,6.0687176349099206,6.32126953132004,793432000
2020-03-26,6.406949043273926,6.530983226398637,6.226625730298214,6.3247571275823,696108000
2020-03-27,6.294620513916016,6.553398962971216,6.193749008437143,6.226625583919375,638828000
2020-03-30,6.614917278289795,6.624132846623998,6.316039091002299,6.360123607000323,602252000
2020-03-31,6.565354347229004,6.859251158835112,6.419651057553096,6.655017435052641,949960000
2020-04-01,6.054023265838623,6.513797461672745,6.009440889323961,6.367347392791303,656912000
2020-04-02,6.362863063812256,6.376063381921753,6.035093564269917,6.083162826462513,675764000
2020-04-03,6.074944972991943,6.366848916226877,5.937461073176995,6.325255104286607,663212000
2020-04-06,6.684905052185059,6.721766853089152,6.299601252887598,6.35713549567767,727884000
2020-04-07,6.451530456542969,6.930233591530364,6.408442129323046,6.906572113258992,784520000
2020-04-08,6.648791313171387,6.673697912730504,6.490634952282948,6.560622264267669,542444000
2020-04-09,6.549164295196533,6.797482039426098,6.486150784615565,6.774568294698725,525564000
2020-04-13,6.721019744873047,6.729736982605259,6.400971230836599,6.4893891992940835,398408000
2020-04-14,7.072201728820801,7.106323421730624,6.821642176309914,6.849288410185477,530948000
2020-04-15,6.9947428703308105,7.077681578740186,6.8587534689517,6.904083111060107,366148000
2020-04-16,7.3399457931518555,7.447043825203684,7.136958148736596,7.150158469067251,745620000
2020-04-17,7.28066873550415,7.44355709099503,7.146671728445653,7.422137389111221,539120000
2020-04-20,7.149411201477051,7.3100582493763655,7.105077754438887,7.154143687567235,449388000
2020-04-21,6.712549209594727,7.092622073855849,6.652773681371183,7.031352501840628,735160000
2020-04-22,7.126996040344238,7.169835447515494,6.859251408212411,6.904829975952202,483356000
2020-04-23,7.073694705963135,7.301091073476738,7.048539183220256,7.169086929885074,424160000
2020-04-24,7.212673664093018,7.2146660397927675,6.988764174240431,7.063483963626841,352328000
2020-04-27,7.399222373962402,7.5591221384213565,7.322510220517155,7.347167885038527,479388000
2020-04-28,7.256759166717529,7.576558787513227,7.251279895273593,7.546670772696578,442904000
2020-04-29,7.43359375,7.486395500504461,7.316283974207402,7.391501611488203,379160000
2020-04-30,7.2796735763549805,7.43359578771742,7.265725994102577,7.379548431435465,375916000
2020-05-01,7.043060302734375,7.1954879668155,6.994741630122242,7.082163406583699,342096000
2020-05-04,7.255014419555664,7.268713070765857,6.995737659529854,6.995737659529854,317556000
2020-05-05,7.316035747528076,7.478675168809637,7.255014610996246,7.359124077908612,368896000
2020-05-06,7.416906356811523,7.521763077483136,7.357629146127671,7.3954871319733,323464000
2020-05-07,7.593245506286621,7.656507952184078,7.504827533970793,7.556134774726998,373732000
2020-05-08,7.7832818031311035,7.7895083335628446,7.631103062114562,7.664975824712747,339216000
2020-05-11,8.035334587097168,8.082158734602563,7.749656741595703,7.77829915708931,469060000
2020-05-12,7.773319244384766,8.14193536937113,7.763605818569572,8.09311883703048,493060000
2020-05-13,7.750904083251953,8.048287320220563,7.566346611441565,7.887889662215809,625852000
2020-05-14,8.000468254089355,8.005947525781878,7.658750581906968,7.812423868080642,602312000
2020-05-15,8.458995819091797,8.468708769873249,7.844552158385767,7.860243186670584,987660000
2020-05-18,8.717525482177734,8.88315396472862,8.648036502009505,8.727737240208418,774460000
2020-05-19,8.772568702697754,9.053513652036244,8.729978224426016,8.757375530322994,717320000
2020-05-20,8.93645191192627,9.009178841811678,8.855505601923822,8.957373279418714,587536000
2020-05-21,8.742430686950684,9.018643100840507,8.704821630062318,9.017647388137924,761068000
2020-05-22,8.99249267578125,9.058993562375434,8.680663535956443,8.792244181472723,1038764000
2020-05-26,8.68514347076416,9.147408717358143,8.639564919340625,9.12250165228752,770780000
2020-05-27,8.493367195129395,8.600464286122484,7.966843156069111,8.59274371088442,1175892000
2020-05-28,8.455260276794434,8.727736915986602,8.347912357345622,8.380788934384054,734896000
2020-05-29,8.842304229736328,8.842304229736328,8.45326468089764,8.522504711672052,745256000
2020-06-01,8.7733154296875,8.807686525942671,8.65700229460749,8.80021487896814,389876000
2020-06-02,8.792244911193848,8.804200117078208,8.625620713723935,8.763354034572084,391320000
2020-06-03,8.736702919006348,8.833091344234202,8.667462870934342,8.789256225705493,365440000
2020-06-04,8.737700462341309,8.913869029088284,8.648992148622396,8.699326160627427,424280000
2020-06-05,8.890694618225098,8.967441310512191,8.679391222113672,8.765607205316844,481748000
2020-06-08,8.776073455810547,8.860544253093519,8.657214928312351,8.848085509142086,387736000
2020-06-09,9.016279220581055,9.079820038398275,8.722498348734677,8.771088106318125,468488000
2020-06-10,9.335975646972656,9.468788094666236,9.123426112419908,9.137630047390424,632180000
2020-06-11,8.767352104187012,9.230823645573384,8.757135687164366,9.11993921020311,583652000
2020-06-12,8.903153419494629,9.15706672531287,8.674656633598799,9.132398281278823,570908000
2020-06-15,9.143610000610352,9.152082173117153,8.715022441175071,8.786288306935749,400004000
2020-06-16,9.03870677947998,9.236306235829865,8.809711897652152,9.19469344293352,535716000
2020-06-17,9.205657958984375,9.26845071766497,9.040451978902558,9.083809970038748,408304000
2020-06-18,9.187716484069824,9.252004437519501,9.08455614796191,9.196686741439816,254408000
2020-06-19,9.23082447052002,9.413970966814569,9.19693672249018,9.212136828482864,524160000
2020-06-22,9.495451927185059,9.499937531414169,9.242784751394272,9.269447433874996,398468000
2020-06-23,9.418952941894531,9.610820619759522,9.37659302692569,9.519620950930749,375108000
2020-06-24,9.205161094665527,9.525106686888092,9.114459480682262,9.445119575926377,449372000
2020-06-25,9.458820343017578,9.473771402658837,9.152081707683207,9.325011733648926,376072000
2020-06-26,9.124923706054688,9.468790577384969,9.095022528277667,9.468790577384969,592084000
2020-06-29,9.169775009155273,9.17426061310616,8.870760410375395,9.139624792643687,342248000
2020-06-30,9.466548919677734,9.494954897992837,9.236058796542249,9.283402410581209,367892000
2020-07-01,9.498690605163574,9.54429091758464,9.382075360572797,9.489471306179315,326648000
2020-07-02,9.580670356750488,9.705508725032958,9.546781664515374,9.607332084802287,364056000
2020-07-06,9.806924819946289,9.876196461855601,9.680591238091617,9.709745287833652,315892000
2020-07-07,9.83931827545166,10.036916783375405,9.81838735788152,9.913573604682442,357800000
2020-07-08,10.182435989379883,10.191407196448925,9.932759255070566,9.960916184059673,365480000
2020-07-09,10.474474906921387,10.535274376086363,10.19987970265039,10.346148037713432,494548000
2020-07-10,10.444819450378418,10.620240829387154,10.344649545568863,10.553959609991333,497676000
2020-07-13,10.0192232131958,10.756791712991678,9.992062454182715,10.560190363952852,457076000
2020-07-14,10.34290599822998,10.36857155574055,9.753349102875985,10.041898180116869,542676000
2020-07-15,10.193652153015137,10.398725748827697,10.02271534917091,10.380038105631712,403984000
2020-07-16,10.101452827453613,10.173215824102382,9.862988696491197,9.982096241096595,344964000
2020-07-17,10.167984008789062,10.214829526908186,10.0546082164538,10.191905326667152,266284000
2020-07-20,10.476218223571777,10.496651056202886,10.123381149635357,10.24049542404984,284852000
2020-07-21,10.294567108154297,10.525307174326196,10.252954316936837,10.47846070344216,277036000
2020-07-22,10.404454231262207,10.567665933966028,10.257687839491613,10.333438357894638,367292000
2020-07-23,10.096473693847656,10.512352694691,9.998297018597484,10.415671221165846,411660000
2020-07-24,10.16100788116455,10.33069849637551,9.744879954170079,9.842557567989697,473292000
2020-07-27,10.387261390686035,10.40744423014073,10.184180182952018,10.198633160576877,292132000
2020-07-28,10.181937217712402,10.347890279157388,10.175708322188948,10.340166182556809,271636000
2020-07-29,10.431118965148926,10.48170202240806,10.313008500753721,10.3566145845978,284508000
2020-07-30,10.579130172729492,10.588100430153268,10.26142698106072,10.340915039427342,308880000
2020-07-31,10.579877853393555,10.731129880171068,10.398724650120394,10.528546724133998,386080000
2020-08-03,10.974077224731445,11.062286491322997,10.680046336092941,10.697239724104751,412720000
2020-08-04,11.190864562988281,11.190864562988281,10.870171883791201,11.013698870045127,310336000
2020-08-05,11.249671936035156,11.334392742049081,11.129568176290547,11.207062966447479,249924000
2020-08-06,11.298259735107422,11.320685854849678,11.14202497287641,11.31246272248456,244316000
2020-08-07,11.16270637512207,11.46695370483284,11.001238890163282,11.275335052663479,342516000
2020-08-10,11.128317832946777,11.37076853903549,10.82083110751174,11.297012256001894,427796000
2020-08-11,10.81435489654541,11.10016267764318,10.760282409156774,11.037368974633992,354512000
2020-08-12,11.402666091918945,11.429327823141078,10.922249241981222,10.95464273687655,464412000
2020-08-13,11.40540599822998,11.683240635337325,11.318442885169105,11.508067299164681,374460000
2020-08-14,11.526008605957031,11.66629612771983,11.402914473135302,11.492119911655452,366436000
2020-08-17,12.296466827392578,12.368977899388444,11.77842481721311,11.812312555503244,621300000
2020-08-18,12.220470428466797,12.454948049475947,12.046544187854458,12.409098691003054,503448000
2020-08-19,12.098624229431152,12.274543781071337,12.058256636540479,12.256105178667333,622624000
2020-08-20,12.101113319396973,12.334344771298433,11.839724934948656,11.935659259917403,921388000
2020-08-21,12.641829490661621,12.766667853213088,12.155182873648899,12.16166176166838,999868000
2020-08-24,12.678461074829102,12.870079738679214,12.466409575863372,12.841423771046609,490564000
2020-08-25,12.708113670349121,12.719326255563132,12.532442230999175,12.589255134157558,289076000
2020-08-26,12.731039047241211,12.826225311579584,12.636101824747241,12.75720269902437,321244000
2020-08-27,12.586762428283691,12.807784169735637,12.525214885431776,12.739508696253512,317604000
2020-08-28,13.104557991027832,13.104807032870374,12.600967819707689,12.633361319524445,537160000
2020-08-31,13.330559730529785,13.530400544551487,12.994916057578646,13.139439180720887,500840000
2020-09-01,13.779716491699219,13.951950004731,13.396364498958052,13.43973451032996,511316000
2020-09-02,14.3036470413208,14.682761202243139,13.858479972111429,14.659829188797334,874012000
2020-09-03,12.97662353515625,13.843027365996592,12.840281778774981,13.787443994461466,945128000
2020-09-04,12.584795951843262,13.135645359790704,11.669786990581494,12.745563447837947,1463684000
2020-09-08,11.877415657043457,12.51251300468833,11.66928942707176,11.699448666363057,795728000
2020-09-09,12.677017211914062,12.770985389345263,12.195210186487811,12.362957664600744,736200000
2020-09-10,12.27497386932373,13.026223067344244,12.130655660062205,12.950449874656908,698684000
2020-09-11,12.12816333770752,12.61470553639161,11.86021593774041,12.44820456904525,636928000
2020-09-14,12.833799362182617,13.275226816511958,12.593520020624492,13.041926535075225,1201744000
2020-09-15,12.952194213867188,13.259024669913838,12.789431895217097,13.240330488660307,727556000
2020-09-16,12.477118492126465,13.053641174204953,12.476371143154827,12.918545962260684,556384000
2020-09-17,12.426270484924316,12.55214363163374,11.998801159722575,12.096009766771703,792512000
2020-09-18,12.152839660644531,12.594765338345685,11.952939035287185,12.556131392172427,698460000
2020-09-21,12.4798583984375,12.485092692761814,11.868938758512488,11.88937770325281,721044000
2020-09-22,12.599996566772461,12.610216037938308,12.119187943606269,12.537434158531815,646452000
2020-09-23,12.08753490447998,12.688983439651807,12.043168431262433,12.53793528519006,647012000
2020-09-24,12.311117172241211,12.53195596655407,11.978115166302063,12.036191604589453,731240000
2020-09-25,12.835293769836426,12.845015010133675,12.20917039914584,12.410317541642243,588016000
2020-09-28,12.996065139770508,13.012765443286595,12.711916568604412,13.001299435537762,573808000
2020-09-29,13.18624496459961,13.402596798297033,12.894619111633903,12.898855991013688,621460000
2020-09-30,13.490084648132324,13.58180985065697,13.110970482174041,13.118198658993458,689184000
2020-10-01,13.573829650878906,13.721636413120029,13.420538527619799,13.716901302532378,525004000
2020-10-02,13.023231506347656,13.479115283934282,13.012014617123738,13.185495594454558,552496000
2020-10-05,13.601747512817383,13.603492277670412,13.183251162729013,13.196461932684318,479820000
2020-10-06,13.695466995239258,14.099756122403639,13.624180750405333,13.78868783495499,784420000
2020-10-07,13.922287940979004,14.077074742006564,13.822088037630643,13.957931540235233,418084000
2020-10-08,13.797411918640137,14.042428260573914,13.716903615171535,14.032956136150796,378900000
2020-10-09,13.721640586853027,13.78295743513768,13.619945974034568,13.72587841703546,346892000
2020-10-12,14.18350601196289,14.304144867560792,13.870943000857837,13.947712663060697,434744000
2020-10-13,14.2056884765625,14.305639259093581,13.976874207969084,14.253794544783366,344604000
2020-10-14,14.053147315979004,14.299907495721095,13.918301219343562,14.247813658868305,276100000
2020-10-15,13.928271293640137,13.96391394401047,13.726624943608442,13.769496721406764,267224000
2020-10-16,13.770241737365723,14.079316120436602,13.751298441121284,13.994819111584793,242392000
2020-10-19,13.457428932189941,13.941727115410734,13.366700217976371,13.861467940105848,298068000
2020-10-20,13.604738235473633,13.75852760316148,13.46665175079998,13.542923168533347,229212000
2020-10-21,13.48435115814209,13.750304707225926,13.437242499865034,13.584301953541909,219596000
2020-10-22,13.321090698242188,13.571091296191828,13.192226243674368,13.482108274250182,290480000
2020-10-23,13.549654006958008,13.552645304156187,13.251547375438108,13.409822748262625,233484000
2020-10-26,13.101995468139648,13.651848403574887,12.999552567317002,13.386892293084564,336896000
2020-10-27,13.356732368469238,13.401847139151327,13.1520947428376,13.26625275998549,250520000
2020-10-28,12.589282035827637,13.220391588892099,12.571336153115137,13.158576513820305,376520000
2020-10-29,12.985095977783203,13.153341711912574,12.71191428002789,12.800149943144369,320080000
2020-10-30,12.496562004089355,12.897858959300288,12.263260744267104,12.811618113680714,416820000
2020-11-02,12.543169975280762,12.798404833311498,12.35797482933027,12.619939630643891,299652000
2020-11-03,12.980608940124512,13.065853305359841,12.56510386899864,12.670538064484012,272900000
2020-11-04,13.753042221069336,13.786193700242313,13.297158513280802,13.349252336516306,410228000
2020-11-05,14.117701530456543,14.29616672826443,13.949206689153698,14.120194594995569,319028000
2020-11-06,14.518503189086914,14.545172898182244,13.853495718543453,14.067603592756274,383348000
2020-11-09,13.590033531188965,14.647614991238628,13.570093767264419,14.509030256532114,582976000
2020-11-10,12.731856346130371,13.565856929271977,12.590529420024712,13.565856929271977,644068000
2020-11-11,13.377920150756836,13.394869568890236,12.909572908495479,13.014757996625594,404744000
2020-11-12,13.416553497314453,13.72487962042422,13.276223997600011,13.438737209686394,365812000
2020-11-13,13.257282257080078,13.62792173111172,13.020242354777883,13.58654559888262,346312000
2020-11-16,13.474879264831543,13.60872793938212,13.11670229974728,13.133152533946083,413776000
2020-11-17,13.382158279418945,13.555638338098918,13.264012475748178,13.512019207083945,312028000
2020-11-18,13.388635635375977,13.565106946079712,13.145614146444156,13.425026579645657,510924000
2020-11-19,13.400102615356445,13.44721126806381,13.060868971282808,13.17328222556949,565936000
2020-11-20,13.048657417297363,13.454192184098973,13.02597451944593,13.413813469182104,341088000
2020-11-23,13.100748062133789,13.342523010858649,12.976619699169749,13.131904711010874,361356000
2020-11-24,12.919041633605957,13.122680861457185,12.846508868397768,13.103239334397621,346500000
2020-11-25,13.19521713256836,13.229863317887357,12.981109260118792,12.993571732015607,259916000
2020-11-27,13.221636772155762,13.36745063039831,13.131158110731977,13.335047445141566,167276000
2020-11-30,13.361469268798828,13.372437042983178,12.933501680749448,13.225377589647909,286952000
2020-12-01,13.350003242492676,13.488338860186964,13.188735612786905,13.451947911695566,296948000
2020-12-02,13.50404167175293,13.632656047733402,13.194718135843367,13.310620924340784,283360000
2020-12-03,13.359930992126465,13.623220107578893,13.293111953614648,13.55091508657304,199520000
2020-12-04,13.521742820739746,13.523488100995525,13.35269887470123,13.412287593276208,202244000
2020-12-07,13.570111274719238,13.694276313294244,13.463649179605614,13.564626244098609,223244000
2020-12-08,13.314053535461426,13.562133473070054,13.245737464417683,13.548420420885549,271920000
2020-12-09,12.895933151245117,13.37788163975025,12.833601435868163,13.264687602241741,401300000
2020-12-10,12.937323570251465,13.033564149842743,12.814903780148565,12.834352008905753,207764000
2020-12-11,12.978211402893066,12.984943334641821,12.788473266636718,12.932334781262501,209264000
2020-12-14,13.27291488647461,13.35269940163199,13.042287742625733,13.052759424573647,270156000
2020-12-15,13.324525833129883,13.427746562998335,13.151243748720166,13.403561828148067,193016000
2020-12-16,13.2068452835083,13.401070757774127,13.17692537278182,13.386359992334286,223116000
2020-12-17,13.305327415466309,13.34347439206806,13.143015396942612,13.330758099129858,231384000
2020-12-18,13.2362642288208,13.368905535790848,13.035306847011773,13.342975520360442,342064000
2020-12-21,13.296353340148926,13.33400194396829,12.932585499466203,13.039546948170877,302332000
2020-12-22,13.242496490478516,13.301337641252605,13.018850469781013,13.283386458378164,185580000
2020-12-23,12.974222183227539,13.23925658084675,12.969984052480672,13.220307685229642,179144000
2020-12-24,12.958762168884277,13.09713864160341,12.903910910665946,13.002144985917322,97884000
2020-12-28,12.865267753601074,13.027330620228394,12.728886668754045,13.027330620228394,212564000
2020-12-29,12.908398628234863,13.037301133896053,12.807670748854408,12.890198255264263,170372000
2020-12-30,13.11035442352295,13.178171170166523,12.86202527236656,12.955272704559913,225396000
2020-12-31,13.019850730895996,13.115591976825197,12.880227327623167,13.101131351738447,192424000
2021-01-04,13.078193664550781,13.615743004019343,12.927600184802177,13.068968880642727,560640000
2021-01-05,13.368659019470215,13.407304384898575,13.051764550080375,13.064479894892635,322760000
2021-01-06,12.580536842346191,13.209339128183563,12.552113971233737,13.18689966900286,580424000
2021-01-07,13.30807113647461,13.341730797202668,12.851803450025132,12.932584733559379,461480000
2021-01-08,13.241003036499023,13.384864571344687,13.006885287324671,13.32652273983297,292528000
2021-01-11,13.584824562072754,13.923410895275449,13.326522086293744,13.382620254524944,518344000
2021-01-12,13.448441505432129,13.717465785050065,13.309068260271541,13.715470363600701,291476000
2021-01-13,13.495315551757812,13.588314750482555,13.34896117763871,13.453678009092934,210028000
2021-01-14,13.164704322814941,13.56312845126183,13.145007862807192,13.538445341014057,283120000
2021-01-15,12.824875831604004,13.289371544788706,12.813905768586988,13.192383404846169,277780000
2021-01-19,12.990178108215332,13.058742418465295,12.80941557877871,12.981201565883781,226188000
2021-01-20,13.329763412475586,13.394338793425506,13.021595370917542,13.076446638238593,258572000
2021-01-21,13.830162048339844,13.961557417872259,13.217316544480186,13.382370623620872,337780000
2021-01-22,13.675578117370605,13.804480631139272,13.590557755615594,13.703004224602513,246820000
2021-01-25,13.616487503051758,13.791265684616299,13.200859674410438,13.74464149346533,251112000
2021-01-26,13.399075508117676,13.608010784567076,13.351453604533209,13.543933787035837,163980000
2021-01-27,12.88296890258789,13.197120336526261,12.759302228716475,13.194377345328904,371272000
2021-01-28,13.01585865020752,13.303831811595503,12.925602451344746,12.961256579303447,228316000
2021-01-29,12.9547758102417,13.298847185389983,12.876736562006572,13.03979618097437,271552000
2021-02-01,13.201360702514648,13.235019414347688,12.868010199979219,13.018105285262322,217204000
2021-02-02,13.520248413085938,13.535456606417386,13.249728037558501,13.362673839590776,220440000
2021-02-03,13.494070053100586,13.894239588569938,13.480107808440119,13.599285267904376,245408000
2021-02-04,13.627457618713379,13.636682399933367,13.301836822912238,13.494566175636725,201340000
2021-02-05,13.554404258728027,13.70026118646218,13.50927616047802,13.688044224271543,169152000
2021-02-08,14.399870872497559,14.434776475404368,13.690286569613093,13.690286569613093,434624000
2021-02-09,14.224846839904785,14.543984942068638,14.184206056265495,14.302137564025148,287560000
2021-02-10,14.724495887756348,14.864866838735598,14.30288465502693,14.424306711751539,485352000
2021-02-11,15.209686279296875,15.231128975490353,14.884813976484939,14.93991538084391,450828000
2021-02-12,14.920966148376465,15.250077525443757,14.735216954033524,15.009477068993924,374756000
2021-02-16,15.288972854614258,15.331109727378509,14.909746706375207,15.02368926911717,321960000
2021-02-17,14.865862846374512,15.182508030293892,14.740201722497181,15.130148673866293,274756000
2021-02-18,14.789073944091797,14.833204338482444,14.535757167617932,14.689342809907556,233868000
2021-02-19,14.886309623718262,15.136134860179705,14.806774295570746,14.984045325435936,271724000
2021-02-22,14.317095756530762,15.09250241032756,14.286428280136466,14.734967228936872,325884000
2021-02-23,14.103922843933105,14.200412603129806,13.353448418568957,14.037352043386486,391780000
2021-02-24,14.459961891174316,14.467691534547837,13.718962344581133,14.084725606988082,448320000
2021-02-25,13.271668434143066,14.33604503377152,13.180664664299409,14.007681229546021,824436000
2021-02-26,13.677573204040527,13.817195635830556,13.325024661557736,13.715470041878904,500932000
2021-03-01,13.804482460021973,13.887508362431754,13.516759388085847,13.837642792776997,353184000
2021-03-02,13.37015151977539,13.883016621267926,13.359929028239604,13.862571638196355,264116000
2021-03-03,12.77027416229248,13.41528231151047,12.764289799651356,13.390100813531074,377592000
2021-03-04,12.336943626403809,12.940066006481727,12.051215032516671,12.766284562581788,573344000
2021-03-05,12.427947998046875,12.516209737601972,11.647803776575412,12.516209737601972,542840000
2021-03-08,11.562033653259277,12.43766880990918,11.53535511872111,12.416476257089949,543112000
2021-03-09,12.49084758758545,12.587120409983385,12.030929765036829,12.101763126582322,521824000
2021-03-10,12.438971519470215,12.949519064176807,12.428246945993985,12.81034698204329,384376000
2021-03-11,12.962987899780273,13.015614616203285,12.70459626900852,12.919590101501337,299916000
2021-03-12,12.825810432434082,12.858483655591442,12.560435280974492,12.618547968351923,243964000
2021-03-15,13.160274505615234,13.175738177431093,12.737270344251586,12.834541245117032,221988000
2021-03-16,13.260038375854492,13.480768395679805,13.085947690037107,13.325134593591912,272128000
2021-03-17,13.309920310974121,13.421656807101401,12.958995974954899,13.009128022957645,243864000
2021-03-18,12.69262409210205,13.153040536918233,12.687137167380808,13.105652421851302,293896000
2021-03-19,12.815585136413574,12.891157608452602,12.582883194939253,12.720060123632631,299208000
2021-03-22,13.155282974243164,13.363043962929513,12.87643934803199,12.882425775135179,297804000
2021-03-23,13.040055274963379,13.313161761620359,12.990671054992674,13.223123686816244,222048000
2021-03-24,12.613309860229492,13.128348149769211,12.60707510808042,13.120366563354045,245840000
2021-03-25,12.505814552307129,12.684893630534804,12.24318331483644,12.470149063376926,295144000
2021-03-26,12.809099197387695,12.8260594741813,12.344443177035437,12.525017891116645,363968000
2021-03-29,12.917842864990234,13.03182474930074,12.670175833913577,12.790143194302527,273520000
2021-03-30,12.841522216796875,12.944779525612617,12.675163853550226,12.81184221026854,200204000
2021-03-31,13.316902160644531,13.438864661982795,12.952010808679086,12.98493330090775,314776000
2021-04-01,13.779315948486328,13.837428633427542,13.47952075210775,13.540378326389908,308276000
2021-04-05,13.954651832580566,13.981089348588277,13.70074911424588,13.834933755719648,255672000
2021-04-06,13.828948020935059,14.021245352074898,13.741155331035856,13.96687371055432,191744000
2021-04-07,14.1102876663208,14.210052269137044,13.679301956194475,13.848154048342845,251284000
2021-04-08,14.283380508422852,14.437517711576461,14.215539397755496,14.219281391027328,244416000
2021-04-09,14.366185188293457,14.374166775460855,14.14171410964083,14.180622087424064,195172000
2021-04-12,15.173282623291016,15.316445953337535,14.106045005412486,14.256191866122997,869324000
2021-04-13,15.642677307128906,15.663129346843292,15.090227716129744,15.195729452629978,676212000
2021-04-14,15.241125106811523,15.683583192027253,15.19174088446408,15.58830746441622,385500000
2021-04-15,16.099355697631836,16.176174543167058,15.59479269878928,15.625720038310805,598480000
2021-04-16,15.87513256072998,16.127787967643215,15.8279927734532,16.01530173726823,335208000
2021-04-19,15.325675964355469,15.770379454639816,15.197228457595033,15.50001592977335,404420000
2021-04-20,15.13562297821045,15.460607402763602,14.927861975871348,15.287265504225546,334132000
2021-04-21,15.324430465698242,15.326425624635467,15.066786658160913,15.083247432969173,216776000
2021-04-22,14.81537914276123,15.402247984102662,14.748785358767373,15.338896690298554,277788000
2021-04-23,15.229403495788574,15.298989537503722,14.865260837449016,14.89918044111861,227500000
2021-04-26,15.441652297973633,15.44265035305597,15.089481569125153,15.14934108819596,197796000
2021-04-27,15.345627784729004,15.633699383146427,15.3184414890742,15.541915427259136,164572000
2021-04-28,15.240874290466309,15.495775075867305,15.179768393969029,15.328418655657499,209416000
2021-04-29,15.288763999938965,15.400251235771371,15.036108565900433,15.363836968784277,173196000
2021-04-30,14.974249839782715,15.328915171124805,14.961779386236682,15.138863251754962,201912000
2021-05-03,14.801909446716309,15.210946506859448,14.752775448772729,15.089482529603162,203912000
2021-05-04,14.317548751831055,14.603126667056316,13.977349915631075,14.602877391136245,405324000
2021-05-05,14.424545288085938,14.77871209397735,14.353711926907655,14.674456735035893,292024000
2021-05-06,14.48889446258545,14.537031351884043,14.184611360813907,14.461209614484677,193380000
2021-05-07,14.777467727661133,14.935595253298557,14.637297583950682,14.773477409774001,229328000
2021-05-10,14.23224925994873,14.771230400251692,14.2165363146306,14.752524241129697,268904000
2021-05-11,14.27265453338623,14.321040702680126,13.717711144915837,13.79253483360114,285584000
2021-05-12,13.726189613342285,14.22676129514802,13.677055622256908,13.97659961647428,303408000
2021-05-13,13.633159637451172,14.047684555705244,13.427393785260387,14.000794043152032,285404000
2021-05-14,14.209552764892578,14.294353194891832,13.716213854283868,13.857382037486973,258616000
2021-05-17,14.13223648071289,14.135977522791514,13.820969791691539,14.123756341331719,216980000
2021-05-18,13.982836723327637,14.370424621276909,13.971114095138578,14.233496978952044,186256000
2021-05-19,14.032719612121582,14.046437399200386,13.511446557431478,13.534641586644556,344000000
2021-05-20,14.57818603515625,14.64926868256999,14.23698913728333,14.268913581492626,321592000
2021-05-21,14.95654582977295,15.18625550974863,14.834583295522643,15.128141867348338,672992000
2021-05-24,15.575337409973145,15.708024495719034,15.140360485684418,15.17677474663919,554816000
2021-05-25,15.611004829406738,15.781353528165734,15.44614305534638,15.728977040449402,435408000
2021-05-26,15.663131713867188,15.756661562020973,15.549649326186696,15.69730154384964,370440000
2021-05-27,15.451626777648926,15.713011561638623,15.423692656656314,15.662879519090199,581476000
2021-05-28,16.20635414123535,16.239277595002665,15.464601210683815,15.464601210683815,644536000
2021-06-01,16.226306915283203,16.349767007135505,15.865905288663171,16.231794791624537,472804000
2021-06-02,16.73885154724121,16.879022649205133,16.19737661054913,16.214087613596078,594168000
2021-06-03,16.929901123046875,17.218473231242367,16.544060019232305,16.661533686398684,580008000
2021-06-04,17.536968231201172,17.619522309019455,17.055352034082247,17.07231040448416,617120000
2021-06-07,17.577625274658203,17.770671401569484,17.152377671861235,17.529988835613384,575756000
2021-06-08,17.416004180908203,17.58011714862569,17.210486678845946,17.4860887622057,323848000
2021-06-09,17.321455001831055,17.537746648406795,17.219173263047757,17.47862236374269,381656000
2021-06-10,17.3880672454834,17.45492658004247,17.139596351931722,17.313227348700284,287772000
2021-06-11,17.787464141845703,17.90122280109145,17.40677261299802,17.44244626573176,416308000
2021-06-14,17.980552673339844,18.001258732686562,17.625308335365094,17.86804258177238,321376000
2021-06-15,17.750797271728516,17.978065334264514,17.690426307919196,17.87703023722949,243032000
2021-06-16,17.77250099182129,17.916695458889237,17.54722949323063,17.75304349397499,307124000
2021-06-17,18.617700576782227,18.79507342417138,17.71861140852497,17.73682223567558,809656000
2021-06-18,18.599245071411133,19.333934506526916,18.54461067298054,18.744187532434825,968856000
2021-06-21,18.388187408447266,18.49720683800472,17.784969023899652,18.39616987126198,672384000
2021-06-22,18.84671401977539,18.923552367100278,18.34702589732033,18.432345374061867,580144000
2021-06-23,19.016857147216797,19.11215567859267,18.867674119699874,18.967462549927667,332356000
2021-06-24,19.164791107177734,19.37883687301,19.047789192158998,19.186995072180395,320924000
2021-06-25,18.990657806396484,19.304491929409387,18.854447755917565,19.23962918490759,278364000
2021-06-28,19.942638397216797,20.03618967530736,19.278049752226757,19.320209875130892,495436000
2021-06-29,19.98430061340332,20.056146596873912,19.615333384101778,19.840355506804368,367632000
2021-06-30,19.960098266601562,20.11975893860351,19.82164231942585,19.95685503429711,326568000
2021-07-01,20.169157028198242,20.412639309870123,19.9765653336419,20.082341546483036,480136000
2021-07-02,20.44357681274414,20.461789547480244,20.2447498588856,20.39692678365208,342764000
2021-07-06,20.654624938964844,20.797820136823574,20.307113690069503,20.693541828851433,446708000
2021-07-07,20.328567504882812,20.83075087840981,20.2889026163701,20.80929681779007,418428000
2021-07-08,19.86056137084961,20.09032270700947,19.658989893200676,19.814410017857035,503300000
2021-07-09,20.007747650146484,20.037684742935145,19.71237556719273,19.920184175619486,296624000
2021-07-12,20.469024658203125,20.48923015491635,20.144962065241245,20.197101230365774,321984000
2021-07-13,20.207077026367188,20.41787955419586,20.071365618933118,20.357257363850678,290708000
2021-07-14,19.7994384765625,20.374466993497354,19.71087767842871,20.314594716968347,380100000
2021-07-15,18.926048278808594,19.80493208076439,18.81852672845942,19.76975708657047,550564000
2021-07-16,18.12250518798828,19.11639435261983,18.034692367796808,18.990163304637974,688224000
2021-07-19,18.73994255065918,19.001635642721592,17.827629202357667,17.877275024090657,749060000
2021-07-20,18.572547912597656,18.79806869601825,18.125497577709076,18.690297820075134,434687000
2021-07-21,19.368858337402344,19.485610922359243,18.70227496362997,18.841977610035965,371017000
2021-07-22,19.552465438842773,19.844843620586143,19.23513872825936,19.60036402572014,323826000
2021-07-23,19.516544342041016,19.658243548910573,19.209196632541854,19.614336189466204,195672000
2021-07-26,19.25310516357422,19.400790275891424,18.87390954372015,19.270069328407626,203943000
2021-07-27,19.167285919189453,19.580407941955066,18.701274837113473,19.224164307286145,248863000
2021-07-28,19.4616641998291,19.604360765149682,18.9547414701217,19.278054167418617,202191000
2021-07-29,19.620323181152344,19.810918303884666,19.28702962192941,19.477624744661732,190781000
2021-07-30,19.45766830444336,19.588389236703136,19.222168495320503,19.376838722008504,183497000
2021-08-02,19.708139419555664,19.918692641756888,19.31996397493198,19.658246157031073,217444000
2021-08-03,19.773000717163086,20.179137630045226,19.17926065929862,19.698158925620326,301811000
2021-08-04,20.23102378845215,20.274931142504634,19.785968158812594,19.947625409514743,231309000
2021-08-05,20.59325408935547,20.689051264426222,20.29887933607092,20.456545361432738,211435000
2021-08-06,20.322830200195312,20.526398261297704,20.16716073032945,20.480496237740073,178497000
2021-08-09,20.251981735229492,20.464529594578934,20.100303496019695,20.402660738937794,146443000
2021-08-10,19.89374351501465,20.38669589108739,19.792955863671565,20.278925011040567,179238000
2021-08-11,19.657243728637695,20.00650221950057,19.388814822300052,20.00051441991226,185925000
2021-08-12,19.862810134887695,19.986545949880266,19.578414371896507,19.827884472997958,151652000
2021-08-13,20.14520835876465,20.171154222520798,19.80892278527907,19.862809177199853,183063000
2021-08-16,19.90771484375,20.244000433695106,19.41176663794206,20.0923221857742,210876000
2021-08-17,19.416757583618164,19.728096551757375,19.226162436773894,19.6432757255147,204585000
2021-08-18,18.999643325805664,19.592384133770697,18.95972719706717,19.458667386463677,285913000
2021-08-19,19.756032943725586,20.451555960002374,18.722227832226636,19.452676503962294,766555000
2021-08-20,20.77187728881836,20.82077321265322,19.890749520984425,19.948625241185688,675741000
2021-08-23,21.911455154418945,21.950372043387453,20.90559242072421,20.92654781503845,575807000
2021-08-24,21.74680519104004,21.912453690418516,21.48935264580462,21.706890967760486,297299000
2021-08-25,22.16591453552246,22.422369743168733,21.67595608286225,21.690923678362765,347701000
2021-08-26,22.021224975585938,22.292647798917162,21.743814352286968,22.152945155041646,237940000
2021-08-27,22.5880184173584,22.6738365657371,22.120012688178594,22.13697685142239,304722000
2021-08-30,22.639907836914062,22.99415488450195,22.503199104539085,22.78160703661034,262580000
2021-08-31,22.341489791870117,22.650886701989464,22.077005489964968,22.650886701989464,259850000
2021-09-01,22.397380828857422,22.65288375278332,22.31354446734334,22.441295929306293,201767000
2021-09-02,22.352466583251953,22.549084157384094,22.251663074484764,22.474229180862586,187834000
2021-09-03,22.798603057861328,22.941324774678556,22.156853134445257,22.28161018609497,280532000
2021-09-07,22.617952346801758,22.854491200701247,22.478223171429327,22.78861950065067,198107000
2021-09-08,22.295576095581055,22.566049209455233,21.93427836820164,22.469237645153033,254434000
2021-09-09,22.133893966674805,22.49419234140638,22.08798385031387,22.268631791690794,196856000
2021-09-10,22.434309005737305,22.58202014272437,22.226713123185643,22.304560627321905,248376000
2021-09-13,22.10894012451172,22.91936198742503,21.81551099383179,22.639905581842193,297500000
2021-09-14,22.198766708374023,22.366439419952215,22.043069803205213,22.23170160373068,199755000
2021-09-15,22.297574996948242,22.32352543494079,21.923303891252903,22.265637607115426,166538000
2021-09-16,22.198766708374023,22.233698523286147,21.88437847052377,22.139881377001995,156033000
2021-09-17,21.857433319091797,22.27761456331861,21.78756968034166,22.25665547169357,294503000
2021-09-20,21.07196617126465,21.391343922715027,20.621842510335245,21.10490107385771,349440000
2021-09-21,21.2047061920166,21.38335723367458,20.90928197489874,21.375373361321564,204688000
2021-09-22,21.898359298706055,21.917321475113713,21.15480631266548,21.324476006575566,268726000
2021-09-23,22.438302993774414,22.491199477251058,21.84745268085838,22.096966765943165,248555000
2021-09-24,22.038076400756836,22.10594500833699,21.818504741267382,22.02709810332851,217655000
2021-09-27,21.617902755737305,21.756632542660846,21.283554755626117,21.66780481724471,245215000
2021-09-28,20.65876579284668,21.377367513543536,20.610858757648057,21.1727660577654,343069000
2021-09-29,20.477121353149414,20.976149504320897,20.42721739584747,20.899299504081362,218394000
2021-09-30,20.67573356628418,21.02505364612349,20.647788112188337,20.72763253869664,221009000
2021-10-01,20.701684951782227,20.818456217323668,20.16373112853372,20.709668823706075,240978000
2021-10-04,19.693645477294922,20.502070474018467,19.51698948251553,20.464144231451307,345635000
2021-10-05,20.4112491607666,20.607866750153438,19.815409440787132,19.911223513585874,279282000
2021-10-06,20.659767150878906,20.679726831057735,20.04097137794133,20.08089454558181,297202000
2021-10-07,21.03403663635254,21.280556275967378,20.931236200994114,21.051001887267585,256919000
2021-10-08,20.790510177612305,21.164781290413057,20.73461926843348,21.059985835702765,151258000
2021-10-11,20.654775619506836,21.02206038251233,20.47113323800409,20.535009924932787,163388000
2021-10-12,20.63081932067871,21.01606869560909,20.48809763377739,20.78751373351945,162134000
2021-10-13,20.898298263549805,20.94919972445094,20.67273772647982,20.877339174409542,180652000
2021-10-14,21.703733444213867,21.712714824312044,21.080945740229247,21.24662345805557,243589000
2021-10-15,21.81950569152832,21.888371817837406,21.619895579675383,21.76760671979113,226994000
2021-10-18,22.178804397583008,22.24767051718403,21.601926909254455,21.706724254183573,189494000
2021-10-19,22.24667739868164,22.335503212500797,21.99416887820326,22.232702766778203,161473000
2021-10-20,22.060039520263672,22.389398030310446,21.93927441597296,22.26164656222543,146276000
2021-10-21,22.647891998291016,22.666856072278105,22.040076484597826,22.054049211265685,187590000
2021-10-22,22.68182373046875,23.085037742019935,22.51714545682392,22.77863529813936,249384000
2021-10-25,23.120973587036133,23.309605413323606,22.725743366931656,22.928347921092275,230235000
2021-10-26,24.668956756591797,25.209904995015314,23.877498837400612,23.942373030271778,485898000
2021-10-27,24.403472900390625,25.0412307654121,24.234800774457163,24.426428909268584,245990000
2021-10-28,24.892518997192383,24.90150227943553,24.475332247849263,24.829641732413585,234204000
2021-10-29,25.51730728149414,25.65903148752957,24.951409869139933,24.952407377285944,292503000
2021-11-01,25.776798248291016,25.843667453082208,25.177964121870314,25.599144739630198,265740000
2021-11-02,26.349681854248047,26.62614385904909,25.749850221733695,25.77180872302394,294112000
2021-11-03,26.546300888061523,26.73194018116518,26.18400748882943,26.618161443808873,239910000
2021-11-04,29.74307632446289,31.30403555183797,27.065290714006657,27.176075023978193,1153631000
2021-11-05,29.694175720214844,31.33897152940962,29.352839461630857,30.128329734357944,851260000
2021-11-08,30.744129180908203,31.0395533934276,29.848871355720146,30.090401575233358,503101000
2021-11-09,30.597412109375,32.24720098373927,29.905760193187888,32.219255528686915,646746000
2021-11-10,29.4017391204834,30.790036130161724,28.722063048254366,29.298940589292386,636206000
2021-11-11,30.3309326171875,30.53054465357895,29.719125095093094,30.408782034763924,332172000
2021-11-12,30.3309326171875,30.620369879590957,29.572409543998038,29.9516720324135,413054000
2021-11-15,29.966636657714844,30.584432920167473,29.190149065446004,30.492612695096632,384909000
2021-11-16,30.1442928314209,30.33092962922338,29.648259120968326,29.70115750469505,264484000
2021-11-17,29.204126358032227,30.44970177167363,28.744021941865494,30.358877136697892,428508000
2021-11-18,31.61343002319336,32.6963201086988,31.260118029758093,32.304086267949565,781711000
2021-11-19,32.920894622802734,33.02369508305405,31.842993667123984,32.18033611297184,533867000
2021-11-22,31.893884658813477,34.57965399197314,31.83799375290327,33.4518493719841,754335000
2021-11-23,31.684297561645508,32.297104487807275,30.819979625082112,31.473707227590513,532163000
2021-11-24,32.61048889160156,32.79113682471123,30.867882432908655,31.399847345189094,435162000
2021-11-26,31.4417667388916,32.64641947671285,31.28906425235593,32.5366326785244,283069000
2021-11-29,33.31112289428711,33.34705221663582,31.973727445585286,32.30308781622663,454964000
2021-11-30,32.61248016357422,33.28816609984741,31.802060231201335,33.104521856608265,622066000
2021-12-01,31.37773895263672,33.22836378888721,31.32283883342435,33.15849160220757,484368000
2021-12-02,32.067481994628906,32.41884201521568,30.96848763188964,31.157144450095895,472890000
2021-12-03,30.63709259033203,32.07047769659645,30.075116481664228,31.941711059402788,544325000
2021-12-06,29.98229217529297,30.185919184174285,27.986932544871674,29.82557663768749,658938000
2021-12-07,32.3679313659668,32.389894460338404,30.59516733357207,30.900611605357778,593053000
2021-12-08,31.768028259277344,32.23118377085528,31.3637652927713,31.940713469994417,475551000
2021-12-09,30.43446159362793,32.14633974115003,30.372574253777344,31.676195103543325,488507000
2021-12-10,30.142993927001953,31.247977863240173,29.806607883251402,31.093259512246096,488825000
2021-12-13,28.10970115661621,30.238817003977385,28.064783052565364,30.193898899926538,598344000
2021-12-14,28.285383224487305,28.625761687072913,27.200363333189514,27.64854487263401,667035000
2021-12-15,30.403518676757812,30.444444360950847,27.787292529334405,28.348269122536728,698297000
2021-12-16,28.335290908813477,31.103240477932836,28.04182772270702,31.095255629077702,707366000
2021-12-17,27.75035858154297,28.869316868990403,27.70943290117271,27.934023424287588,713758000
2021-12-20,27.668508529663086,28.09273361260145,27.095554688998547,27.255263089907647,461847000
2021-12-21,29.02203941345215,29.06695752019476,27.35108698495158,28.322316101508555,524385000
2021-12-22,29.346445083618164,29.501163423672104,28.39717719566868,28.838373396379197,395184000
2021-12-23,29.58601188659668,30.004249327388557,29.37739293325969,29.700802192444193,343022000
2021-12-27,30.88863182067871,31.03037335853597,29.58600863922849,29.60597266515189,403686000
2021-12-28,30.266767501831055,31.272930801926755,29.95733081114991,31.254963940116887,420591000
2021-12-29,29.946352005004883,30.492356516503865,29.31250844227248,30.217857815509355,343139000
2021-12-30,29.53211212158203,30.401525960392252,29.4861963787333,29.77267238430813,308864000
2021-12-31,29.35742950439453,29.97530343119612,29.277575294180412,29.619950958224834,266530000
2022-01-03,30.066131591796875,30.655056994544072,29.730743210865995,29.760689247977854,391547000
2022-01-04,29.23664665222168,30.41250032098128,28.297360780125985,30.221848259188473,527154000
2022-01-05,27.553720474243164,29.362420260563717,27.482850650929727,28.89626992342823,498064000
2022-01-06,28.126676559448242,28.386203228261643,27.015704794741346,27.589656357033327,454186000
2022-01-07,27.197372436523438,28.370233450289252,27.007717966779992,28.089745122678423,409939000
2022-01-10,27.3500919342041,27.418966497963304,25.597289879667642,26.53258345671372,594681000
2022-01-11,27.766332626342773,28.013882007516063,26.79011525228301,27.27323293224692,404089000
2022-01-12,27.947999954223633,28.542913097666553,27.557711420208538,28.015874979351672,383413000
2022-01-13,26.526592254638672,28.428120924939382,26.44973094755964,28.327305072130287,540171000
2022-01-14,26.892925262451172,27.147461852547423,26.162258231690252,26.25209445126841,395832000
2022-01-18,25.855817794799805,26.589479608098458,25.72306063189079,26.212167872798418,424270000
2022-01-19,25.021343231201172,26.49465472604693,25.00637116094526,26.03150104355896,488315000
2022-01-20,24.10601234436035,25.53241038918925,24.034142983923402,25.25791166025765,435181000
2022-01-21,23.331424713134766,24.777784759787487,23.220626839158037,23.464181874321053,718958000
2022-01-24,23.329431533813477,23.337416384367327,20.8499564726205,22.28932954612355,913982000
2022-01-25,22.283336639404297,22.90121052799981,21.959927393616226,22.50493239222421,664616000
2022-01-26,22.730518341064453,24.013177458484208,22.259378004965594,23.197666252872104,755959000
2022-01-27,21.90402603149414,23.95129042839998,21.63551504917434,23.525068225789852,573353000
2022-01-28,22.798397064208984,22.81636392687395,21.257208837637826,21.97190424675103,543774000
2022-01-31,24.4414005279541,24.464359350922813,23.010012443225385,23.139774819631263,564680000
2022-02-01,24.593120574951172,25.09919700704266,23.84648201482847,25.05827132598659,518925000
2022-02-02,25.19602394104004,25.769975474149156,24.508277827684687,25.747018555149506,543419000
2022-02-03,23.904380798339844,25.0313241356802,23.736687526513133,24.41345210708109,410178000
2022-02-04,24.274703979492188,24.59012838058224,23.58895505339578,23.928335906810663,354829000
2022-02-07,24.682958602905273,25.13613021047086,24.15791573679818,24.32760615805768,376868000
2022-02-08,25.062265396118164,25.18404291329778,23.936319797452178,24.314629156787657,410359000
2022-02-09,26.656356811523438,26.67632083848713,25.306820193092953,25.57532931141932,524282000
2022-02-10,25.77695655822754,26.875950730239445,25.55336558745263,25.94764648409482,513200000
2022-02-11,23.90537452697754,26.104362619629715,23.72969643389119,25.868792450202136,605472000
2022-02-14,24.222797393798828,24.829689712177974,23.71172897587469,23.890403776889993,440424000
2022-02-15,26.44674301147461,26.49665118023949,24.738858974406003,24.903557454429787,699869000
2022-02-16,26.46270751953125,26.53357923761162,25.505454789455644,26.211167656729955,732676000
2022-02-17,24.462358474731445,25.738030371883664,24.12098239988401,25.583312031602375,810595000
2022-02-18,23.598936080932617,24.9404878356842,23.057923521612185,24.623066283551836,761255000
2022-02-22,23.347393035888672,24.020165089299326,22.958104054636774,22.993040147627365,633422000
2022-02-23,22.34621810913086,24.110999005697554,22.26037623222335,23.75864140441162,566511000
2022-02-24,23.70473861694336,23.756643936767112,20.85194509445092,20.976717388034515,735801000
2022-02-25,24.112998962402344,24.17288914266841,23.33841333215444,23.67779419345299,528866000
2022-02-28,24.34058380126953,24.620074476427934,23.663819257250537,23.948299987378526,477319000
2022-03-01,23.434236526489258,24.332598722507477,23.089865620598573,24.2467549276186,412056000
2022-03-02,24.180002212524414,24.368691177995753,23.376333195498205,23.716769669293978,389642000
2022-03-03,23.67483901977539,24.28582786565828,23.430242778868017,24.22193247470261,365095000
2022-03-04,22.898122787475586,23.640893578473943,22.444872081015294,23.345382884792695,431415000
2022-03-07,21.316740036010742,22.994965806817614,21.294777005132957,22.77932098647633,450821000
2022-03-08,21.47847557067871,22.336056425401903,20.615901905708935,21.273814147149704,557467000
2022-03-09,22.975990295410156,23.181649443728116,22.210256865283647,22.350025033635806,492742000
2022-03-10,22.62058448791504,22.750368973602082,21.845864966328087,22.493793402927853,428066000
2022-03-11,22.06350326538086,23.106777572967157,22.00959159077199,22.98397960489083,367209000
2022-03-14,21.294775009155273,22.225235088059737,21.124057875227315,21.83288444881525,385354000
2022-03-15,22.935060501098633,22.99995368914288,21.28678799668495,21.48246345674619,491996000
2022-03-16,24.45554542541504,24.556378457499935,23.133732590392377,23.46119001859307,671422000
2022-03-17,24.72510528564453,24.800978097864387,23.86652477225049,24.08017210028269,471941000
2022-03-18,26.40931510925293,26.525124676230377,24.583336918829904,24.75804716530596,730719000
2022-03-21,26.689851760864258,27.10716266483215,25.92411815693594,26.463227335855564,591727000
2022-03-22,26.48019790649414,27.193019493440183,26.028944683421926,26.682861784708894,547007000
2022-03-23,25.59166717529297,26.568050780126192,25.532764596374257,26.082853330192354,502120000
2022-03-24,28.103511810302734,28.273231143042416,25.864215941656777,26.12278899769975,877379000
2022-03-25,27.64626693725586,28.311167424037748,27.225962678243405,27.83994679587031,579016000
2022-03-28,28.172393798828125,28.203342736809745,27.16106636649001,27.71015913751336,425494000
2022-03-29,28.60867691040039,28.898197007048974,27.933792679399332,28.647612063062294,488984000
2022-03-30,27.64427375793457,28.448942500082115,27.457582292215672,28.257260129122102,463487000
2022-03-31,27.240936279296875,28.201347422929302,27.22496386116162,27.736117421263867,523440000
2022-04-01,26.667884826660156,27.45059044090147,26.223620052142195,27.329789983863368,517235000
2022-04-04,27.314817428588867,27.51249039934316,26.569051307297613,26.68386116410857,397120000
2022-04-05,25.88817596435547,27.27388423698452,25.77735921455071,27.208991048164048,436615000
2022-04-06,24.3666934967041,25.25821843251392,23.96336133874279,24.89282362740827,703833000
2022-04-07,24.16802406311035,24.68117520320366,23.439230012821977,24.400639098224342,557992000
2022-04-08,23.080821990966797,23.883495161066943,23.02391690989206,23.87750455120678,524781000
2022-04-11,21.88080406188965,22.283138388650364,21.624228525861138,22.177314452244133,575207000
2022-04-12,21.46848487854004,22.687469011899285,21.24685139974745,22.499779776636807,662258000
2022-04-13,22.166330337524414,22.462840718557523,21.41956648457213,21.692116334602638,516943000
2022-04-14,21.222890853881836,22.739383160755054,21.128048436273925,22.467831116909583,569097000
2022-04-18,21.747028350830078,22.05152307223847,21.044190468954255,21.16499093817341,525701000
2022-04-19,22.161340713500977,22.336050945283077,21.27879983247337,21.68412947440656,512781000
2022-04-20,21.446523666381836,22.632561456576205,21.16498978967486,22.479814251969298,468974000
2022-04-21,20.149669647216797,22.355021261277425,19.966971296213607,21.673148627868898,656209000
2022-04-22,19.482772827148438,20.452170013277524,19.467798207102003,20.269471651075698,624713000
2022-04-25,19.8691349029541,19.912063162922802,19.064466149204407,19.170290098791902,641566000
2022-04-26,18.756975173950195,19.755323857541587,18.639169998819227,19.68543975436203,653143000
2022-04-27,18.38459014892578,19.135347189747915,18.25979657551477,18.567286599843538,499460000
2022-04-28,19.749330520629883,20.00391046614627,18.45946438232982,18.93567592267168,570327000
2022-04-29,18.516366958618164,20.094755009551232,18.486415823856117,19.369954305254563,500435000
2022-05-02,19.50074005126953,19.541670796677515,18.360625991565414,18.510377869263486,572049000
2022-05-03,19.56962776184082,19.792260968432522,19.101402424190688,19.367961687811373,475751000
2022-05-04,20.300416946411133,20.36630792864942,18.720031172729577,19.890096435626784,648855000
2022-05-05,18.812881469726562,19.892095715504983,18.469449677687027,19.83419283544988,626331000
2022-05-06,18.64415740966797,19.479774994567933,17.96028922277007,18.7050574905657,633297000
2022-05-09,16.922006607055664,18.22484970535877,16.79920865366026,18.00421593681167,644455000
2022-05-10,17.565940856933594,18.167945631447047,16.996882526811753,17.659785477148134,761474000
2022-05-11,16.602537155151367,17.723683782104512,16.540641169056297,17.31835409448159,670167000
2022-05-12,16.148284912109375,16.76027336113687,15.541290223626186,16.19221286711286,708728000
2022-05-13,17.676759719848633,17.89839323132893,16.565598761869367,16.76027643455907,670437000
2022-05-16,17.235488891601562,17.75862368678509,17.077750784212707,17.48008511831433,521446000
2022-05-17,18.1469783782959,18.340658205931817,17.60487594426634,18.044147856312307,585830000
2022-05-18,16.9100284576416,18.088080120418184,16.836151254717954,17.67576203844638,545161000
2022-05-19,17.095722198486328,17.65779219343571,16.706364944536844,16.90903073363906,621310000
2022-05-20,16.666433334350586,17.38125060287998,15.728983781594074,17.303380288329137,739105000
2022-05-23,16.870094299316406,16.887066422487216,16.152281838098215,16.247124263630415,639889000
2022-05-24,16.127323150634766,16.56959238729459,15.753941165503504,16.482736162840254,588550000
2022-05-25,16.94696807861328,17.082743170012566,15.97357780055235,15.993545229810767,781132000
2022-05-26,17.821521759033203,18.062123009138755,15.99554158796511,16.009518408268345,996575000
2022-05-27,18.779937744140625,18.84982184670428,18.070111394588807,18.155969822395146,738379000
2022-05-31,18.64116668701172,19.168294646988997,18.31969792226833,18.948656727532523,664100000
2022-06-01,18.28974723815918,19.021536611568727,18.09207424818962,18.69308133274079,544514000
2022-06-02,19.55964469909668,19.58660053766134,18.167947658558926,18.261792289244305,648656000
2022-06-03,18.6890869140625,19.300077733080343,18.491413917844703,19.05049055894073,598779000
2022-06-06,18.754974365234375,19.305064987096657,18.533340874652392,19.107392028269373,422406000
2022-06-07,18.894742965698242,18.968620155351253,18.15796095661271,18.44149230658704,388914000
2022-06-08,18.62114143371582,19.1523747665173,18.508303322559527,18.7719230143709,363252000
2022-06-09,18.022005081176758,18.905730608941067,18.015015194029495,18.45438197777364,395574000
2022-06-10,16.949552536010742,17.671510740907465,16.84470232459891,17.574650332348853,465248000
2022-06-13,15.624462127685547,16.288504213144048,15.58352081904636,15.976953348584077,604153000
2022-06-14,15.813190460205078,16.04285871390006,15.38980044565933,15.708341205730797,469680000
2022-06-15,16.503198623657227,16.843707127190637,15.903063385254484,16.071819667773564,563936000
2022-06-16,15.57852840423584,15.919037789492796,15.378816671462324,15.837155169600095,545749000
2022-06-17,15.857125282287598,15.971959398466023,15.305920381870472,15.625459123341072,630334000
2022-06-21,16.542139053344727,16.983501852392877,16.38336767373331,16.451270521864426,483089000
2022-06-22,16.336437225341797,16.638002299046885,16.156696175443187,16.20262944908796,437135000
2022-06-23,16.201629638671875,16.561109793946137,15.830164779980462,16.49520487660904,463680000
2022-06-24,17.10133171081543,17.115311484717584,16.28650706625883,16.476233929646163,472153000
2022-06-27,16.844701766967773,17.305038195164876,16.602051748038424,17.28706447239258,427968000
2022-06-28,15.95898151397705,17.17722366523123,15.922034149805866,16.875658589400278,461149000
2022-06-29,15.519613265991211,15.797212715501667,15.148149350331243,15.791221792094543,482352000
2022-06-30,15.137166023254395,15.544578349949315,14.840593877871374,15.338874735915367,686070000
2022-07-01,14.502080917358398,15.041303066342433,14.371270043261264,14.877539732875723,577610000
2022-07-05,14.942445755004883,14.94943564180237,14.034755625514359,14.154582664457305,651397000
2022-07-06,15.108206748962402,15.296934641459803,14.767697371772694,14.988379712137199,529066000
2022-07-07,15.835158348083496,15.92203292887166,15.36683402070792,15.433737904176146,492903000
2022-07-08,15.815186500549316,16.01390020969926,15.366832903101747,15.407774210465988,467972000
2022-07-11,15.130175590515137,15.504635443105993,15.016339475354497,15.503636479723609,437321000
2022-07-12,15.06027603149414,15.40877331749036,14.855571384713883,15.246007992085453,458483000
2022-07-13,15.142156600952148,15.352853108240026,14.444164068510663,14.568984012480094,521918000
2022-07-14,15.349858283996582,15.450712638434682,14.706785832690487,15.086238604158117,456235000
2022-07-15,15.739296913146973,15.759267610476122,15.422753123079167,15.63644558399528,385935000
2022-07-18,16.077810287475586,16.872663372195703,15.978953847871448,16.27852100954639,670517000
2022-07-19,16.96752166748047,17.085351705512984,16.148703275620854,16.46225010006628,702366000
2022-07-20,17.781349182128906,17.90716904198324,16.776799657559938,16.922589260993277,760538000
2022-07-21,18.024002075195312,18.117866551176544,17.519730257668552,17.859240712784164,557049000
2022-07-22,17.294052124023438,17.94111748780087,17.11231318379006,17.86722467946482,536671000
2022-07-25,16.999481201171875,17.099337556208535,16.625021298235573,16.994487335889186,480748000
2022-07-26,16.509183883666992,16.894627500937617,16.454262810670745,16.86467003259395,397865000
2022-07-27,17.764375686645508,17.910165292626324,16.888638135113293,17.007466206039837,569776000
2022-07-28,17.958093643188477,18.113869065284593,17.41487854474153,17.9491077350413,474646000
2022-07-29,18.136837005615234,18.217719703529824,17.66651479253147,17.787340786197223,435460000
2022-08-01,18.414440155029297,18.818857535494043,17.964089498853447,18.155812405222676,476469000
2022-08-02,18.49931526184082,18.910722495389777,18.065940355800908,18.09589783114426,489527000
2022-08-03,18.865787506103516,18.940680243238706,18.110875877082155,18.15780906533518,418146000
2022-08-04,19.18732452392578,19.246239560652153,18.73297994285984,18.821852455830648,409652000
2022-08-05,18.96164894104004,19.201303021248535,18.639114229543424,18.78290591582799,386068000
2022-08-08,17.767372131347656,18.212730811911012,17.21716704327838,17.47679279559304,981859000
2022-08-09,17.061391830444336,17.421871950579003,16.699913699114166,17.227153109770796,668263000
2022-08-10,18.07093048095703,18.091900137977376,17.292053424627696,17.67250509296943,597422000
2022-08-11,17.916156768798828,18.680056200111537,17.850251846796258,18.10488562543429,509327000
2022-08-12,18.682048797607422,18.691036609933438,17.927137318657554,18.13383986074653,478094000
2022-08-15,19.00458335876465,19.136393177894906,18.586188222110913,18.674060799997406,457666000
2022-08-16,18.851804733276367,19.114426372450737,18.474348978800155,18.892746038942505,451240000
2022-08-17,18.30858612060547,18.661078237142025,18.11886120140195,18.49631692261255,446799000
2022-08-18,18.74595832824707,18.83782485814622,18.15680806715107,18.27463811937027,415447000
2022-08-19,17.823287963867188,18.493320860347776,17.744401297581433,18.379484766834334,441588000
2022-08-22,17.009462356567383,17.53270768486589,16.94155952049922,17.464804848797726,409593000
2022-08-23,17.156251907348633,17.439843224344006,16.94555539401324,16.964529031670615,369986000
2022-08-24,17.19719696044922,17.38093197849024,16.870668241762502,16.98749841250807,522661000
2022-08-25,17.88719940185547,17.921150826653033,16.80875503887168,16.8197388752235,770691000
2022-08-26,16.23657989501953,17.89818268593195,16.21361230728249,17.831279754143317,769127000
2022-08-29,15.778239250183105,16.314465436808703,15.744288781285178,15.996924609001962,496132000
2022-08-30,15.445719718933105,16.015896375666905,15.160131432747091,15.937010650215527,530181000
2022-08-31,15.072258949279785,15.517616644220695,14.937453170398651,15.36184120448703,573710000
2022-09-01,13.916926383972168,14.359288157443446,13.250887267454193,14.18853397404984,1178865000
2022-09-02,13.627342224121094,14.150586633370288,13.571422181905431,14.079689759971137,743157000
2022-09-06,13.445605278015137,13.759153124531602,13.331769162696869,13.711221928123773,535751000
2022-09-07,13.698315620422363,13.822174355497893,13.330736456144963,13.5474882899435,512657000
2022-09-08,13.9739990234375,13.991979038375039,13.353709941222819,13.443606205576218,624873000
2022-09-09,14.3705472946167,14.457447695839932,14.109846090947006,14.140809824331798,486612000
2022-09-12,14.488411903381348,14.530363688437092,14.181762834747161,14.352567755795985,484159000
2022-09-13,13.115981101989746,13.906076768617028,13.08401811321921,13.786214131852185,714956000
2022-09-14,13.11298656463623,13.274800997891466,12.89823229463527,13.238841917417972,588507000
2022-09-15,12.914213180541992,13.217865400833004,12.775372213905372,13.000115265517547,523625000
2022-09-16,13.182904243469238,13.196888169475306,12.60256845646688,12.72742548299735,670751000
2022-09-19,13.366694450378418,13.447602135184914,12.995120180495919,12.997117748224642,569685000
2022-09-20,13.160930633544922,13.467579686600898,13.042067248592078,13.19988654096315,524818000
2022-09-21,13.245834350585938,14.014954232937612,13.095007011890376,13.197889860840233,807679000
2022-09-22,12.546632766723633,13.133960517397542,12.413785469514776,13.055050404059042,759162000
2022-09-23,12.501687049865723,12.596578678788296,12.242983406092987,12.405797113187182,663309000
2022-09-26,12.214016914367676,12.644524772644914,12.20003298439622,12.476716660403659,547343000
2022-09-27,12.398804664611816,12.721435237771948,12.243982188527069,12.492697029529888,553854000
2022-09-28,12.721436500549316,12.808336909739626,12.339873346364827,12.395809066747779,542414000
2022-09-29,12.206024169921875,12.485703665301216,11.93233737792376,12.433763092329551,532763000
2022-09-30,12.125118255615234,12.618553771004274,12.06119131394908,12.073177675047967,565638000
2022-10-03,12.497690200805664,12.663500713610109,12.091155142665752,12.332878948203971,547478000
2022-10-04,13.151942253112793,13.204882092806615,12.864271498472437,12.864271498472437,584182000
2022-10-05,13.193891525268555,13.305763887456804,12.60656471967671,12.896232987153471,507131000
2022-10-06,13.114982604980469,13.640381012464916,13.088013059620748,13.204879819401478,644157000
2022-10-07,12.062190055847168,12.655510618114189,12.00825190951232,12.490699350817794,672478000
2022-10-10,11.656652450561523,12.11013270550287,11.394952030651826,12.023232318912974,698699000
2022-10-11,11.572749137878418,11.832451043030106,11.270095239713184,11.547777159682585,667482000
2022-10-12,11.486849784851074,11.721580720133083,11.332027293604805,11.565759921072047,492590000
2022-10-13,11.946322441101074,12.064187525392592,10.800633851376169,10.95845315309276,850103000
2022-10-14,11.214159965515137,12.097148763311685,11.19118650675513,12.043210621943858,713432000
2022-10-17,11.87440299987793,11.93433479585558,11.503827982743358,11.504826290335897,580774000
2022-10-18,11.953314781188965,12.477714020454915,11.6047139136043,12.329883506592216,659362000
2022-10-19,12.037217140197754,12.335875918736503,11.820465311388295,11.86541392194289,523131000
2022-10-20,12.180054664611816,12.754396879534767,12.091155747711756,12.09914697198284,652398000
2022-10-21,12.451743125915527,12.483707070858399,11.873405767148114,12.084163950866346,609494000
2022-10-24,12.584590911865234,12.695464025751829,12.050202926324882,12.493695381871259,517457000
2022-10-25,13.245834350585938,13.284790260624495,12.64951696009475,12.679483337842468,505482000
2022-10-26,12.881250381469727,13.37268729346915,12.693465676835155,12.854281787974458,532953000
2022-10-27,13.160930633544922,13.822174178761271,13.10699249084429,13.614411879420391,583113000
2022-10-28,13.818178176879883,13.834160625070403,13.04606246592636,13.089013509344072,521040000
2022-10-31,13.481563568115234,13.822174131468698,13.281792493503145,13.762242332793258,486341000
2022-11-01,13.527510643005371,13.909073706460989,13.503537924946162,13.795203771971535,432817000
2022-11-02,13.203882217407227,14.19374905531883,13.195891945618369,13.834161105061225,672628000
2022-11-03,13.405651092529297,13.765240001370984,12.941183672914923,13.028084071862681,500065000
2022-11-04,14.139810562133789,14.21272702962129,13.681334912820548,13.970004907215351,612576000
2022-11-07,14.284645080566406,14.39551820241561,13.938042738906823,14.211728608772217,410061000
2022-11-08,14.585299491882324,14.87396851193535,14.199740339117714,14.78407129521519,595292000
2022-11-09,13.760245323181152,14.19474826160069,13.743264566818908,14.145803560453576,454414000
2022-11-10,15.731988906860352,15.754962368705796,14.53036454272175,14.783075480772823,700819000
2022-11-11,16.308326721191406,16.370256087071166,15.46429382079919,15.788921932687243,655487000
2022-11-14,16.2763614654541,16.52108206686752,15.903787966983026,16.199449875205215,527852000
2022-11-15,16.646936416625977,16.978555473985047,16.36326088303957,16.702872115333125,545876000
2022-11-16,15.891804695129395,16.343287439083888,15.854847306643538,16.143517308173692,649547000
2022-11-17,15.65907096862793,16.247398057022366,15.517233169479347,15.697027616432967,710894000
2022-11-18,15.391378402709961,15.983700649375441,15.102708397423328,15.94774061551983,492072000
2022-11-21,15.299483299255371,15.459300164906633,15.062753876386287,15.129677641354991,404739000
2022-11-22,16.019655227661133,16.039632808134733,15.104702617773174,15.3104673147673,472866000
2022-11-23,16.500110626220703,16.50810280470266,16.029650420700868,16.079592486666538,427241000
2022-11-25,16.251392364501953,16.4681432353888,16.153504874424023,16.29933780193483,167934000
2022-11-28,15.808899879455566,16.338294456377017,15.70701724317918,16.007671708290847,303741000
2022-11-29,15.621114730834961,15.913779868644749,15.502251340847867,15.808899454307763,298384000
2022-11-30,16.907970428466797,16.914964181032015,15.583147881912108,15.68305849672562,565298000
2022-12-01,17.119783401489258,17.249667115814997,16.62022742912828,16.983904497157077,470977000
2022-12-02,16.861011505126953,16.917961995078077,16.43039452961162,16.644205172795033,371389000
2022-12-05,16.595251083374023,16.979909435612054,16.45737313825051,16.66419005593578,352255000
2022-12-06,15.972803115844727,16.55828220439157,15.804952088174314,16.515321122565265,352694000
2022-12-07,16.10568618774414,16.17162756412737,15.653087432863181,15.757994687742379,372388000
2022-12-08,17.15375328063965,17.16374462857711,15.944826859373718,16.25854908651471,515456000
2022-12-09,16.985902786254883,17.567386709663257,16.959926803873323,17.144761992717473,465338000
2022-12-12,17.519426345825195,17.522423940579902,16.78208282842497,17.02186944660051,457328000
2022-12-13,18.055952072143555,18.77331488010068,17.695272589049537,18.514544101686898,656589000
2022-12-14,17.65830421447754,18.235791937239984,17.404530071372026,17.971025977289464,496888000
2022-12-15,16.93694305419922,17.304616230476075,16.6851679759373,17.130770989108214,478542000
2022-12-16,16.55628204345703,17.02586584479586,16.395425732702005,16.84902299700821,478232000
2022-12-19,16.239564895629883,16.59424917069416,16.13066244311434,16.55728327967807,354039000
2022-12-20,16.07071304321289,16.295513588505056,15.837921135341295,16.049731786029263,403260000
2022-12-21,16.48634147644043,16.612230906424532,16.087695743741804,16.099686120718538,325025000
2022-12-22,15.325376510620117,16.123667623113473,14.868782613395195,16.0797060763862,565045000
2022-12-23,15.192495346069336,15.325376644787509,14.869782259429021,15.182503998741366,349326000
2022-12-27,14.10845947265625,15.086590117215547,14.04351666537455,15.06061318486834,464902000
2022-12-28,14.02353572845459,14.249334863819179,13.871670283599162,13.91463231895457,351066000
2022-12-29,14.590030670166016,14.669959545430306,14.214365146989318,14.38920991894021,354923000
2022-12-30,14.601020812988281,14.616006880843551,14.22035868196572,14.32126881054406,310490000
2023-01-03,14.302286148071289,14.982682047498178,14.08348078348017,14.837810367489242,401277000
2023-01-04,14.73590087890625,14.839808607059629,14.228352617509586,14.554063307465187,431324000
2023-01-05,14.252330780029297,14.55106500758206,14.135434115107048,14.478129888796087,389168000
2023-01-06,14.845804214477539,14.996670137157544,14.02153707163228,14.461145896873958,405044000
2023-01-09,15.614121437072754,16.04174083826341,15.127553464181608,15.270427071771651,504231000
2023-01-10,15.894871711730957,15.947824139665439,15.458259534317742,15.493228298581526,384101000
2023-01-11,15.986788749694824,16.013765197501424,15.54917801774992,15.82593243722272,353285000
2023-01-12,16.496334075927734,16.622221609826266,15.478239131308847,16.085699840694257,551409000
2023-01-13,16.883991241455078,16.906971530423156,16.150643894020064,16.263542495863074,447287000
2023-01-17,17.686279296875,17.712257183113643,16.883992908954816,16.883992908954816,511102000
2023-01-18,17.361568450927734,17.857126341803287,17.266651599952407,17.651309913601228,439624000
2023-01-19,16.750112533569336,17.181730042412166,16.716144233908317,17.020871801588246,452932000
2023-01-20,17.823156356811523,17.840141455842918,16.81005703807903,16.995890753129473,564967000
2023-01-23,19.17595863342285,19.2279125064766,17.802179545686606,18.047959497387954,655163000
2023-01-24,19.247888565063477,19.47768573151411,18.80328411093273,18.810277863168658,496204000
2023-01-25,19.30583953857422,19.3527986829265,18.56349935328675,18.896203804799455,449537000
2023-01-26,19.78441619873047,20.148093292928074,19.26088133432698,19.683506052750065,489535000
2023-01-27,20.346912384033203,20.609679285685996,19.3877659327664,19.444714514869208,542142000
2023-01-30,19.144981384277344,20.122111480612517,19.132991005740035,19.93228160654775,488611000
2023-01-31,19.519649505615234,19.6695159068721,18.933170937254296,19.15297486538739,498017000
2023-02-01,20.924402236938477,21.173179754180076,19.593584395695807,19.673513274993415,660477000
2023-02-02,21.689720153808594,21.929506784254198,20.681617361721663,20.981350173364984,564276000
2023-02-03,21.08125877380371,21.725686324206944,20.77053418941779,20.981347215456356,429366000
2023-02-06,21.070274353027344,21.550846234436474,20.767542004641438,20.78752470264707,452197000
2023-02-07,22.153305053710938,22.23922910587892,21.13121302221455,21.363007297657617,664150000
2023-02-08,22.185277938842773,22.85768053067308,21.988452406748905,22.36711549775643,559651000
2023-02-09,22.317161560058594,22.999555526039853,22.10035523115799,22.585923657185848,523876000
2023-02-10,21.246110916137695,22.05838850067455,20.79251561122699,21.670734556522017,550737000
2023-02-13,21.768648147583008,22.02841744596163,20.94338158194869,21.51887019594832,474919000
2023-02-14,22.950599670410156,23.028529512840443,21.347023654423356,21.5588352663049,675474000
2023-02-15,22.743783950805664,22.834702740208446,22.086369260238467,22.528974733051307,420575000
2023-02-16,21.982460021972656,22.52997175274306,21.907525869971312,22.113342288734373,412026000
2023-02-17,21.36900520324707,21.72069186561659,20.956371893451113,21.611789418600182,465888000
2023-02-21,20.636653900146484,21.474907454748386,20.599686109819366,20.98134676815922,410015000
2023-02-22,20.735570907592773,21.085260501359326,20.40286641662807,20.688613663327068,513184000
2023-02-23,23.642982482910156,23.866784468278883,23.004550068861985,23.419182403196057,1117995000
2023-02-24,23.265317916870117,23.4531525765487,22.92662020294301,23.204373176224866,589716000
2023-02-27,23.480127334594727,23.858790440868052,23.433170098482496,23.648977864432165,452994000
2023-02-28,23.195375442504883,23.803835590024388,23.185384097424375,23.35123699558317,455963000
2023-03-01,22.677845001220703,23.235350082705878,22.488013180346723,23.171405829838072,460026000
2023-03-02,23.293292999267578,23.359234366551537,22.412076372322428,22.468028298017433,389415000
2023-03-03,23.8687801361084,23.878771482721607,23.109454944395214,23.29928671873714,412393000
2023-03-06,23.533082962036133,24.226464971153543,23.46614112197271,23.869783571567154,437429000
2023-03-07,23.27126693725586,24.107665419371397,23.224299823878457,23.58304302978278,515154000
2023-03-08,24.16362762451172,24.182614980874536,23.407171499495316,23.470125964528833,513573000
2023-03-09,23.41916275024414,24.43643099664028,23.36619942637725,24.157630214818013,501257000
2023-03-10,22.948501586914062,23.610026647081675,22.709672969612804,23.392182851427492,474866000
2023-03-13,22.949501037597656,23.281263263706624,22.280982921943256,22.735655977833733,421890000
2023-03-14,24.045711517333984,24.201599575418847,23.443144105930298,23.479119446090365,474910000
2023-03-15,24.210596084594727,24.268553077595318,23.343219595226962,23.743930600602233,524486000
2023-03-16,25.52265167236328,25.569616885886756,23.87683361412043,24.009739393277343,583253000
2023-03-17,25.706518173217773,26.380033722306916,25.649558011957538,25.963333500255636,848547000
2023-03-20,25.88139533996582,26.005306818209036,25.11194798271265,25.59660021134252,432747000
2023-03-21,26.180179595947266,26.373041749069,25.362768311774655,26.161194144043428,547408000
2023-03-22,26.448984146118164,27.569179039359145,26.218149211334993,26.406013865923246,797295000
2023-03-23,27.171464920043945,27.479244205116395,26.670825406717857,27.095519307910028,564889000
2023-03-24,26.759763717651367,27.147485501476414,26.33606849437024,27.011583511779637,454920000
2023-03-27,26.511940002441406,26.980602930937245,26.346058892547795,26.817719925026797,361026000
2023-03-28,26.391027450561523,26.493954097903753,25.831430276636002,26.4280015261845,356104000
2023-03-29,26.96461296081543,27.05854529054868,26.57789186488892,26.80572870176275,393694000
2023-03-30,27.363327026367188,27.479244818412727,27.082528764123946,27.209438333385553,364516000
2023-03-31,27.757043838500977,27.814002093547877,27.08552575743304,27.12050045894926,433933000
2023-04-03,27.944908142089844,27.97988284316554,27.316360349357428,27.48923638951916,398716000
2023-04-04,27.43327522277832,27.979883109323673,27.287380209480947,27.945907140533155,368592000
2023-04-05,26.86168670654297,26.978601316294384,26.376035833177692,26.80972402243849,515015000
2023-04-06,27.017576217651367,27.0605445928743,26.408013855590625,26.56490064896027,397654000
2023-04-10,27.559186935424805,27.601156578457452,26.64984085776074,26.80372954888045,395279000
2023-04-11,27.14948272705078,27.7700368974792,27.106512443675086,27.704084326370346,314378000
2023-04-12,26.475963592529297,27.448264043474452,26.42899647869956,27.350334885590687,446259000
2023-04-13,26.443984985351562,26.867680116770625,26.310082396202247,26.71479017326276,353615000
2023-04-14,26.7387752532959,26.863685447596264,26.201161670292343,26.48495802818626,395660000
2023-04-17,26.982603073120117,26.98659990988573,26.414011588181,26.545916731338338,321471000
2023-04-18,27.647123336791992,28.08980587035403,27.33734658015157,27.513220733188845,604812000
2023-04-19,27.910932540893555,27.97988321134387,27.212435336818444,27.34134236619058,358660000
2023-04-20,27.08452796936035,28.00986330483547,26.980602593808353,27.651120059660737,427713000
2023-04-21,27.099515914916992,27.163471016898853,26.70280177882077,26.93263607855508,345103000
2023-04-24,27.022573471069336,27.3463401223145,26.6518396991607,26.993594974901516,339282000
2023-04-25,26.22214698791504,27.227424769103525,26.20615964157671,27.058545558051136,378527000
2023-04-26,26.93663215637207,27.310363995555466,26.685813042578094,26.98260053980685,406337000
2023-04-27,27.206439971923828,27.475247721744942,26.605871913545112,27.343342584443867,377161000
2023-04-28,27.729063034057617,27.738055439264453,27.05154877079702,27.205439357656942,292216000
2023-05-01,28.88922882080078,29.037123203586457,27.760041532838155,27.81999789084175,570329000
2023-05-02,28.189729690551758,28.8152812553003,28.06282204018928,28.659393206887817,402730000
2023-05-03,27.782026290893555,28.346620912349294,27.45226344860526,27.81999909733756,383387000
2023-05-04,27.542200088500977,27.838985705920198,27.220430905977167,27.631134947468425,321850000
2023-05-05,28.659393310546875,28.734338278376264,27.711075775424575,27.80600683039974,361494000
2023-05-08,29.130054473876953,29.199005142283028,28.329631292767775,28.501506691508787,344979000
2023-05-09,28.550472259521484,28.95218386883389,28.42956080845982,28.878237628932897,314869000
2023-05-10,28.864248275756836,29.09208511331719,28.440553105049684,28.984160996383515,369350000
2023-05-11,28.557464599609375,28.929198948454456,28.225704329900086,28.875236895887227,322149000
2023-05-12,28.31964111328125,28.75932555742639,28.0258516933964,28.50850451507824,274222000
2023-05-15,28.932199478149414,28.948188731002215,28.131776222392435,28.487519468067003,293926000
2023-05-16,29.1920108795166,29.848540343495443,28.811286001539706,28.820278407031964,449405000
2023-05-17,30.15631675720215,30.177301577321927,29.408854999535183,29.56274368041356,432535000
2023-05-18,31.65523910522461,31.805130950219393,30.298215015668987,30.388150503861503,748725000
2023-05-19,31.241540908813477,31.557313889550116,30.893791327516595,31.513344872543243,473908000
2023-05-22,31.153600692749023,31.49735339211536,30.65795677817988,30.87879675498939,372000000
2023-05-23,30.665950775146484,31.265520063724964,30.608992521832057,30.977726881446422,356253000
2023-05-24,30.51605987548828,30.585010545939976,29.784585435105665,30.188294507687342,721419000
2023-05-25,37.95271301269531,39.45163534563884,36.6086781009965,38.4953221653252,1543911000
2023-05-26,38.91801834106445,39.14185643210818,37.523021390592284,37.8627772696222,714397000
2023-05-30,40.082183837890625,41.90787096374319,39.92030147095389,40.565837285325095,923401000
2023-05-31,37.80681610107422,40.26604642153366,37.7948236861599,39.459627039739445,1002580000
2023-06-01,39.741432189941406,40.02122983571993,38.31245910707475,38.4613503365906,635873000
2023-06-02,39.29874801635742,40.470905694517505,39.02994025365944,40.06819532279912,482731000
2023-06-05,39.142860412597656,39.536574551620944,38.679193055600464,38.88104760038669,396094000
2023-06-06,38.62622833251953,39.1318653148493,38.12059135018976,38.8021043858252,388729000
2023-06-07,37.45195007324219,39.47470731820112,37.33302378077641,38.891066864084394,511998000
2023-06-08,38.4863166809082,38.84009908086617,37.481937448389274,37.70080073139002,417772000
2023-06-09,38.74615478515625,39.68657409721963,38.5432805257342,39.01298885760703,427717000
2023-06-12,39.45771789550781,39.505688712065734,38.59425082216785,39.17589363712525,388701000
2023-06-13,40.99677276611328,41.07572656375004,39.7155634535016,40.16128833058989,613208000
2023-06-14,42.970558166503906,42.97355467454548,40.5270583526463,40.79889424246381,740465000
2023-06-15,42.62677001953125,43.26238049136282,42.121080670450745,42.57580269390377,568622000
2023-06-16,42.665740966796875,43.694107345246216,42.634757991858756,43.423274132181255,655709000
2023-06-20,43.78105545043945,43.96294653447216,42.647754022226124,42.97155606415184,451153000
2023-06-21,43.018524169921875,43.58817710973732,42.05412133448667,43.47424499683379,551603000
2023-06-22,42.99854278564453,43.39929334950014,42.20802885458694,42.227014364418665,417737000
2023-06-23,42.18304443359375,42.78267395605411,41.989163484276936,42.43788869619759,358140000
2023-06-26,40.60700988769531,42.73769860364241,40.07533559160771,42.434883556150716,594322000
2023-06-27,41.850242614746094,41.91420242654618,40.42312334973698,40.77390538486543,462175000
2023-06-28,41.091712951660156,41.819265860222536,40.493082322423774,40.63499328216684,582639000
2023-06-29,40.79689025878906,41.574411613272915,40.57502668206587,41.53243762915507,380514000
2023-06-30,42.275978088378906,42.523826641002486,41.47547209665059,41.65436284733214,501148000
2023-07-03,42.38691329956055,42.87161562417635,42.17604453301068,42.49084942883537,198209000
2023-07-05,42.290977478027344,43.150445397826026,42.05911789513359,42.1090863839525,323618000
2023-07-06,42.07710266113281,42.15305612625902,41.320568329955776,41.81826310309718,303582000
2023-07-07,42.47685623168945,43.187421268653814,42.15405684971211,42.29596780250317,355881000
2023-07-10,42.154056549072266,42.78466895683642,41.62338110912279,42.630764348967396,353908000
2023-07-11,42.37892150878906,42.73170506927932,42.041131926312005,42.45487498551348,298244000
2023-07-12,43.875,43.907980649939184,42.750691892860374,43.006534967275904,481277000
2023-07-13,45.94873046875,46.12661860922119,44.46464296794234,44.49062795680781,478204000
2023-07-14,45.441036224365234,48.058424899375176,45.03228738185656,46.554349476742395,772075000
2023-07-17,46.432430267333984,46.467408593792044,45.23417001784815,46.26053895579818,510488000
2023-07-18,47.46479415893555,47.866547385437194,45.70587810713597,46.6722825276782,569164000
2023-07-19,47.04804611206055,47.788591506668375,46.713253060545895,47.434809134176305,427502000
2023-07-20,45.49200439453125,47.05804198800248,45.03428589424559,46.47839687416602,537865000
2023-07-21,44.28174591064453,45.83779129900454,44.07287482183486,45.759836344927365,963769000
2023-07-24,44.584564208984375,45.081260212918075,44.01291737812117,44.70349050837734,382516000
2023-07-25,45.65090560913086,46.154593423869336,44.89537007467214,44.91336055906323,348081000
2023-07-26,45.424041748046875,46.02467380620523,44.60254877026803,45.99269199523918,364237000
2023-07-27,45.87177276611328,47.36585226522474,45.72186349201864,46.49039155914302,455976000
2023-07-28,46.72124481201172,46.998074860661916,46.35247229657418,46.63929451694762,331194000
2023-07-31,46.700260162353516,47.10101450963543,46.4773977419444,46.72524631144109,251055000
2023-08-01,46.478397369384766,46.87115722310503,45.99869303507332,46.431425390722836,237858000
2023-08-02,44.24177932739258,45.811812441714785,43.36032171305953,45.802819104407256,530142000
2023-08-03,44.48762130737305,45.0902510844573,43.77306090168559,43.77306090168559,324176000
2023-08-04,44.652523040771484,45.613929417998236,44.36570079021175,44.95733577714755,362666000
2023-08-07,45.389068603515625,45.51199405712685,44.53559371747799,45.08325703587893,322154000
2023-08-08,44.636531829833984,45.21417545888019,44.028904059244816,44.82541476597463,353843000
2023-08-09,42.52783203125,44.28475035974044,42.10808833020014,44.24677171513359,586449000
2023-08-10,42.36193084716797,43.54720225207386,41.80926955254042,42.134070432183805,492705000
2023-08-11,40.829872131347656,41.99215885411626,40.61400537621823,41.72532096506458,533085000
2023-08-14,43.7260856628418,43.77305763737095,40.286205324746206,40.46109691889641,690286000
2023-08-15,43.91297912597656,45.2401654426178,43.683121014623126,44.53260062164396,676512000
2023-08-16,43.45925521850586,44.64752313399485,43.37930259032958,44.49261968234225,527451000
2023-08-17,43.31734085083008,44.03489771419594,42.97454951240832,43.94295524890926,452395000
2023-08-18,43.272369384765625,43.551197119018596,41.634377488176604,42.6087763040824,583768000
2023-08-21,46.93811798095703,47.036057291550875,44.194807011176046,44.46663911173163,692573000
2023-08-22,45.639915466308594,48.15736739909562,45.30512239146773,48.10539742487358,755293000
2023-08-23,47.0870246887207,47.170972662557176,45.18019716729646,45.837793441366706,779046000
2023-08-24,47.133995056152344,50.235087489831194,47.129999711888594,50.185119000074536,1156044000
2023-08-25,45.98970031738281,47.77560005540554,44.99630833714143,46.98308848527299,925341000
2023-08-28,46.80619430541992,46.951105584017796,44.860393165521366,46.453410769401096,685192000
2023-08-29,48.753997802734375,49.05081602955915,46.362467963571824,46.637300361067204,701397000
2023-08-30,49.23370361328125,49.896294082770865,48.395218879194125,49.01383768871002,735206000
2023-08-31,49.324642181396484,49.713402853587475,48.92788700933705,49.349628329292415,528570000
2023-09-01,48.47916793823242,49.76937439515169,48.11239304785446,49.73139956293517,463830000
2023-09-05,48.51814651489258,48.8209615928062,47.83056986404137,48.193345606004165,382653000
2023-09-06,47.03593444824219,48.52314084906641,46.555191652625176,48.41520047832851,468670000
2023-09-07,46.21636962890625,46.31931540374203,45.12794901221637,45.500751421884246,433330000
2023-09-08,45.547725677490234,46.58117533674091,45.24688731005027,45.917531350279944,473069000
2023-09-11,45.1539306640625,46.138402655591285,44.28839093840832,46.12341125758465,473966000
2023-09-12,44.84609603881836,45.64866967224263,44.5072759274583,44.71416638761609,349256000
2023-09-13,45.46077346801758,45.905536138090774,44.47929426365029,44.57624271955083,398355000
2023-09-14,45.556724548339844,45.962506541061096,45.10696345869066,45.92552749805252,370097000
2023-09-15,43.87661361694336,45.574705966498,43.78465976320307,45.31684399659929,506831000
2023-09-18,43.94257736206055,44.21843130315232,41.977625116232176,42.72522772825451,500271000
2023-09-19,43.49681854248047,43.942580116428104,42.97909291136134,43.80965154141969,373064000
2023-09-20,42.21649932861328,43.8796144440897,42.20050901024611,43.57677443743624,367108000
2023-09-21,40.99515151977539,42.077574867465316,40.95817247753812,41.560851943830684,450736000
2023-09-22,41.587833404541016,42.09256543967266,41.20903369546633,41.549851635477154,479236000
2023-09-25,42.19951248168945,42.51334442024315,41.15506707113052,41.56884803680247,419091000
2023-09-26,41.888675689697266,42.797191913553974,41.632811527831635,41.9786279043167,402282000
2023-09-27,42.44537353515625,42.84916144442917,41.6068236263715,42.30745037976569,444935000
2023-09-28,43.066043853759766,43.42285209664096,42.09256375504342,42.43737735420923,424663000
2023-09-29,43.475830078125,44.120486965591965,43.283931008082554,43.8036544788931,397830000
2023-10-02,44.758140563964844,45.15092890698065,43.83762986143508,44.00653853310022,433298000
2023-10-03,43.49381637573242,45.10595989104471,43.22296083149147,44.784129013876274,470850000
2023-10-04,44.017539978027344,44.11948683276417,43.26893841700572,43.718699467120906,361821000
2023-10-05,44.6641960144043,44.87608488910876,43.86462290853571,44.026535366332816,393483000
2023-10-06,45.73762512207031,45.76461116707527,44.002549771272555,44.169460632847446,434436000
2023-10-09,45.24888229370117,45.580706172342126,44.34436559905115,44.818112127505174,409675000
2023-10-10,45.77360534667969,46.23435832407975,45.06398445382541,45.28586632421444,368582000
2023-10-11,46.78106689453125,46.834040065278735,46.02546908598747,46.17139122245058,378137000
2023-10-12,46.91999053955078,47.58363826883496,46.30532030550045,46.752080770743476,481325000
2023-10-13,45.4367790222168,47.09089990753687,45.25587569463815,46.93498097351797,474115000
2023-10-16,46.07044982910156,46.200377842615175,44.88807745493638,45.03899800446754,375099000
2023-10-17,43.91460037231445,44.73016769941583,42.45737665288989,43.97656762848471,812333000
2023-10-18,42.173519134521484,43.195976752143835,41.802718402154206,42.56830915492593,627294000
2023-10-19,42.078575134277344,43.27393718803966,41.85969002338792,42.788196012329266,501233000
2023-10-20,41.364952087402344,42.447375301495796,41.05611478575877,41.86768246677246,477266000
2023-10-23,42.952110290527344,43.2249675157508,40.92319267438126,41.20704181448495,478530000
2023-10-24,43.639739990234375,43.6737222757847,42.668261441476595,43.05405360213857,401463000
2023-10-25,41.756744384765625,43.62674993181205,41.532864681698854,43.374881453196686,398379000
2023-10-26,40.30451965332031,42.23349189998,39.858758079391365,41.830706689092274,541001000
2023-10-27,40.47842788696289,41.18405312081342,39.993685609648104,41.1080933883064,416784000
2023-10-30,41.139076232910156,41.74375354185216,40.45943810774144,41.06511814770768,388028000
2023-10-31,40.758277893066406,40.85722799874781,39.20910424104983,40.42845564545798,517969000
2023-11-01,42.302459716796875,42.35842964883917,40.847233858365946,40.86222525978218,437593000
2023-11-02,43.48282241821289,43.8606193892192,42.87114895315602,43.304915845792905,409172000
2023-11-03,44.98102569580078,45.284860788211226,43.69970715705382,43.99654982171858,424610000
2023-11-06,45.726627349853516,45.91053125245122,44.875080030821906,45.26087599010576,400733000
2023-11-07,45.93052291870117,46.19337950149492,45.13394657321991,45.694648568134504,343165000
2023-11-08,46.549190521240234,46.84203370294661,45.943510541994904,46.07544019276808,346719000
2023-11-09,46.924991607666016,48.20430856187874,46.725097380403966,47.441714505916444,540496000
2023-11-10,48.30925369262695,48.44618175731755,47.257815895666226,47.474699366177006,421245000
2023-11-13,48.59409713745117,49.089835094749,48.07337478624012,48.29425772183734,384136000
2023-11-14,49.629547119140625,49.80745370389352,49.01387793852475,49.653536408739555,416954000
2023-11-15,48.86195373535156,49.933381187657,48.174320565374735,49.90839679486025,475497000
2023-11-16,49.45364761352539,49.498625630129254,48.30426236511625,48.65307551956687,339756000
2023-11-17,49.27174377441406,49.690519330165195,48.98089839763263,49.497621330678015,325205000
2023-11-20,50.38214874267578,50.52107463973848,49.154802228016756,49.28573296601089,414120000
2023-11-21,49.917396545410156,50.49008937309291,49.19578101155138,50.0992988063333,565747000
2023-11-22,48.69004821777344,50.30818524557121,47.66459379977652,49.825444647955656,899420000
2023-11-24,47.75054931640625,48.89493979924666,47.719563787416085,48.44417984650633,294645000
2023-11-27,48.21630096435547,48.50414574060009,47.626615118323514,47.774535085791925,395662000
2023-11-28,47.79552459716797,48.297259893214324,47.44771040598486,48.21030443908597,401491000
2023-11-29,48.114356994628906,48.73602732533338,47.834507360313225,48.353231914775776,382005000
2023-11-30,46.74509048461914,48.08437694536423,46.39727625845336,47.99842040086038,526247000
2023-12-01,46.740089416503906,47.17485908076749,46.16239818011134,46.50021939065631,369317000
2023-12-04,45.48575210571289,46.05245136899975,44.98601848910901,46.05245136899975,437543000
2023-12-05,46.545284271240234,46.57926572789528,45.25085844528795,45.44577138304523,371718000
2023-12-06,45.482757568359375,47.365922206036586,45.391798443811325,47.19399783098956,380590000
2023-12-07,46.57527542114258,46.60826168882766,45.583716069310206,45.67967404093923,350823000
2023-12-08,47.48487091064453,47.719766997972506,46.529294836927505,46.574276804692715,359224000
2023-12-11,46.60626220703125,47.50985949480555,45.809619589825815,47.469880182116974,509728000
2023-12-12,47.63580322265625,47.64479809072532,46.02551974926929,46.02551974926929,372387000
2023-12-13,48.06661605834961,48.57239155389096,47.58682997648847,47.60782054607612,447792000
2023-12-14,48.328487396240234,48.64834472211772,47.40090267639556,48.36847051522494,391232000
2023-12-15,48.868247985839844,49.38201924367625,48.09859010510826,48.17255849381236,479948000
2023-12-18,50.054725646972656,50.41056629319065,49.12813983302007,49.378028634178875,412587000
2023-12-19,49.581932067871094,49.67789003009956,48.87324785664231,49.40201184194275,464444000
2023-12-20,48.089595794677734,49.97675632400401,48.07660109022791,49.63290759810128,397894000
2023-12-21,48.96821212768555,49.07316496870164,48.39746313558766,48.789290888381665,300425000
2023-12-22,48.80828094482422,49.361032545869435,48.4454396410346,49.173116447816035,252507000
2023-12-26,49.257076263427734,49.577932603982376,48.93821793497618,48.946213796388726,244200000
2023-12-27,49.39501953125,49.65790303902093,49.06316647009429,49.48897949003526,233648000
2023-12-28,49.49997329711914,49.861811801128255,49.39002161209968,49.62092167584078,246587000
2023-12-29,49.49997329711914,49.97476431761222,48.72931630882886,49.79084423414316,389293000
2024-01-02,48.146575927734375,49.27307358178312,47.57383272914194,49.222097576364085,411254000
2024-01-03,47.5478401184082,48.16256441258292,47.29895033204464,47.46387785018922,320896000
2024-01-04,47.976654052734375,48.478429690770945,47.486870301849585,47.74575398330261,306535000
2024-01-05,49.075157165527344,49.52495772586613,48.28450871056519,48.4404413508827,415039000
2024-01-08,52.22975540161133,52.2517487880838,49.45699105890023,49.48997732560851,642510000
2024-01-09,53.116363525390625,54.300837828077086,51.66700770075754,52.377693807569635,773100000
2024-01-10,54.325828552246094,54.575717375049436,53.46521138550337,53.59215762234406,533796000
2024-01-11,54.797611236572266,55.32138021141778,53.536175408383876,54.974534451044995,596759000
2024-01-12,54.68566131591797,54.94554779007713,54.30583310445503,54.59570119993984,352994000
2024-01-16,56.3569221496582,56.80971977782299,54.8755828754699,54.99353042144443,449580000
2024-01-17,56.02806854248047,56.44588188035791,54.71565285080781,56.321936487561636,474394000
2024-01-18,57.08159637451172,57.574377111051696,56.08204118985457,57.234528195748254,491650000
2024-01-19,59.46453857421875,59.47353344222575,57.19954387364636,57.96320397314021,543501000
2024-01-22,59.627471923828125,60.30417282245463,59.04373198754223,60.02229672971344,452955000
2024-01-23,59.84637451171875,59.883356806497375,58.5589452949288,59.54350785801564,294654000
2024-01-24,61.3347053527832,62.82104343884221,59.91133896943749,60.2771772992484,560271000
2024-01-25,61.58959197998047,62.69110297574928,60.82293105370839,62.32226382064944,482777000
2024-01-26,61.00385284423828,61.75552108430859,60.546060183592516,60.93288527775175,390309000
2024-01-29,62.43721389770508,62.46120148307655,60.8799082837458,61.20476066386155,348733000
2024-01-30,62.74607467651367,63.46475661496494,62.23230337871972,62.872021892210576,410735000
2024-01-31,61.499629974365234,62.241300473230424,60.67299820310047,61.412666876814875,453795000
2024-02-01,62.998966217041016,63.162894734552545,61.622579800424674,62.07237659144927,369146000
2024-02-02,66.13057708740234,66.57037619899856,63.661670658163956,63.94554473750389,476578000
2024-02-05,69.30116271972656,69.4660902448963,67.17510988104948,68.19465284227928,680078000
2024-02-06,68.19265747070312,69.72297479094898,66.27051620023909,69.59902939073692,683111000
2024-02-07,70.06781005859375,70.18875841866728,67.5699213830753,68.28860324951218,495575000
2024-02-08,69.61001586914062,70.76250278254372,69.42410160910691,70.04282188718702,414422000
2024-02-09,72.1009292602539,72.1529004646833,70.18077818713913,70.50163460022237,436637000
2024-02-12,72.21586608886719,74.57781401880388,71.21830888867534,72.56770690031318,613710000
2024-02-13,72.0959243774414,73.41733510553199,69.58904403080706,70.36869595920534,602580000
2024-02-14,73.86713409423828,74.20298319220025,71.90600871778067,73.169446485829,504917000
2024-02-15,72.62567901611328,73.94209455962387,72.367798166515,73.83614652782032,420122000
2024-02-16,72.58069610595703,74.36890170975214,72.46874641870774,74.06703410620473,495327000
2024-02-20,69.42111206054688,71.92399611508012,67.7038738880447,71.91499743381983,704833000
2024-02-21,67.4419937133789,68.85736435043377,66.21853903151819,67.97575281438615,690298000
2024-02-22,78.50305938720703,78.54003786173894,74.1869797311235,74.99162188069766,865100000
2024-02-23,78.78193664550781,82.35734113444056,77.53548977298179,80.75405845544982,829388000
2024-02-26,79.05683135986328,80.6101411640251,78.47008678079447,79.66455506990452,503973000
2024-02-27,78.66598510742188,79.44464551276913,77.12767591593222,79.34568290449742,391705000
2024-02-28,77.62846374511719,78.89789559562338,77.09070099106582,77.5854836001616,393110000
2024-02-29,79.0768051147461,79.95441287342628,78.31514306702577,79.05881537966623,507289000
2024-03-01,82.24239349365234,82.26338787226389,79.3996570168458,79.96440808929653,479135000
2024-03-04,85.19908905029297,87.65599600015865,83.6817664613462,84.09257914820665,615616000
2024-03-05,85.92979431152344,86.0627446282655,83.38381061731276,85.23607018990775,520639000
2024-03-06,88.66470336914062,89.68829799563825,86.99536968964857,87.98697936730527,582520000
2024-03-07,92.63211822509766,92.73007879589166,89.5663374903336,90.12211596889982,608119000
2024-03-08,87.49317932128906,97.36125367062506,86.471582722722,95.10015250661483,1142269000
2024-03-11,85.73988342285156,88.76167594970588,84.13252133484733,86.3946216607828,678364000
2024-03-12,91.87642669677734,91.92340506535315,86.11571950288663,88.01396590040753,668075000
2024-03-13,90.8518295288086,91.46758169303533,88.39980282776601,91.01876288430473,635713000
2024-03-14,87.90900421142578,90.60993246753917,86.56553726731572,89.54135761646017,602318000
2024-03-15,87.80204010009766,89.51035957614793,86.22267471383468,86.89540339171198,642086000
2024-03-18,88.41980743408203,92.36823276107319,87.05034978296683,90.35203699153264,668976000
2024-03-19,89.36243438720703,90.5079745304904,84.97617972588029,86.66550214997781,672171000
2024-03-20,90.33604431152344,90.37403120538988,88.18789728423222,89.76126851749964,479063000
2024-03-21,91.39861297607422,92.61113535282396,90.36902406254626,92.26327425898415,480372000
2024-03-22,94.25148010253906,94.74028392361174,90.79785315480537,91.10473019409365,586719000
2024-03-25,94.96419525146484,96.72749325113482,93.47279218881877,93.90362043919335,552136000
2024-03-26,92.52416229248047,96.33664749790948,92.46518766291072,95.81285394972517,513648000
2024-03-27,90.21408081054688,93.20288866545509,89.08753045086448,93.074941256308,586067000
2024-03-28,90.3200454711914,91.26367004870988,89.15750627580795,89.96418433554203,435212000
2024-04-01,90.32704162597656,92.18830020895638,89.16850623304367,90.26307172974768,452441000
2024-04-02,89.4164047241211,90.05814752237067,87.58513306363145,88.41279885088287,433064000
2024-04-03,88.92860412597656,90.33804684293179,88.36483314028192,88.44879935629429,370067000
2024-04-04,85.87081146240234,90.59793338323315,85.8458198862947,90.3700196658157,434965000
2024-04-05,87.97298431396484,88.44579567730581,85.89181202232426,86.83143280467098,399678000
2024-04-08,87.09832763671875,88.79465089246293,86.69748624318682,88.66469774661466,283220000
2024-04-09,85.32002258300781,87.60012052713442,82.98895768982644,87.40719655433202,503547000
2024-04-10,87.00436401367188,87.36522041356919,83.67568736757892,83.89260387924026,431929000
2024-04-11,90.57994079589844,90.7028929518332,86.89141424964939,87.38521335302488,431637000
2024-04-12,88.15091705322266,90.13913187887813,87.49517977611293,89.66331567734815,426805000
2024-04-15,85.96678161621094,90.57694611860552,85.89481166661739,89.0625495126302,443077000
2024-04-16,87.38021850585938,88.08293408447673,86.02975814283229,86.39860698604153,370453000
2024-04-17,84.00155639648438,88.73966766585035,83.9165835166389,88.30483561683317,495400000
2024-04-18,84.6373062133789,86.15570660849322,82.36921187685391,84.93619083803762,447260000
2024-04-19,76.16968536376953,84.2904542682202,75.57592750797775,83.11692530020838,875198000
2024-04-22,79.48635864257812,80.041138120895,76.36960303384217,78.07291978914027,596341000
2024-04-23,82.39019775390625,82.73606074047304,80.2320603062068,80.73685660493986,438559000
2024-04-24,79.64530181884766,84.04854803404984,79.15149506612265,83.91659676863443,512208000
2024-04-25,82.59912109375,83.2898403812615,78.19187140737442,78.83661137961147,424641000
2024-04-26,87.70008850097656,88.29585200771425,83.35381911384516,83.78464736334433,551011000
2024-04-29,87.72208404541016,87.95698351937455,85.23207030725735,87.56014594501862,388971000
2024-04-30,86.36763000488281,88.7836683474579,86.26567320360412,87.2052940888717,363709000
2024-05-01,83.00794982910156,85.96577177323404,81.22265755025684,85.04314260728708,559863000
2024-05-02,85.78285217285156,86.20268321187375,83.16688916320159,84.41539269757547,377898000
2024-05-03,88.75366973876953,89.24547072408387,87.00536516764065,87.75406766785412,398341000
2024-05-06,92.10333251953125,92.18330251406795,89.01956110232028,89.35442687478945,376203000
2024-05-07,90.51795959472656,91.74446861486086,88.97557445393352,91.06174179688814,437342000
2024-05-08,90.37602996826172,91.15771651229316,89.38442026659783,89.44739873915937,325721000
2024-05-09,88.7116928100586,91.03576473617252,88.19589926476827,90.49298150601264,378013000
2024-05-10,89.84223937988281,91.36463606067683,89.19149741137822,90.26907144547987,335325000
2024-05-13,90.36302947998047,90.96179014293932,88.49377086608031,90.44199279647063,289680000
2024-05-14,91.31964874267578,91.61452952051091,88.89860785173266,89.56334413783526,296507000
2024-05-15,94.59233856201172,94.82424849333687,91.56254653968536,92.4352002212208,417735000
2024-05-16,94.32144927978516,95.78086733108053,94.06554682786754,94.87223250076393,323952000
2024-05-17,92.44219207763672,94.70229384560606,91.76946339148994,94.33144692377931,359691000
2024-05-20,94.74229431152344,95.1621254008356,93.40283103809145,93.71270527643716,318764000
2024-05-21,95.3480453491211,95.36203971719499,93.14292188496431,93.56175387420163,328946000
2024-05-22,94.91222381591797,95.98179784206016,93.21190410961067,95.42102400934887,548648000
2024-05-23,103.7577133178711,106.27770658270121,101.47961292774401,101.98741408362092,835065000
2024-05-24,106.42664337158203,106.43263768991142,102.95902173434023,104.40744275224449,429494000
2024-05-28,113.85568237304688,114.89327138994341,109.83928330076252,110.200139728129,652728000
2024-05-29,114.77930450439453,115.44603890128045,110.85687001297053,113.00501693328442,557442000
2024-05-30,110.45602416992188,115.7729076045519,109.61935928526937,114.60437411424489,487350000
2024-05-31,109.5893783569336,112.6721508136538,106.89744915530943,112.47522298026993,613263000
2024-06-03,114.9542465209961,114.9542465209961,111.95843724915099,113.57579736127923,438392000
2024-06-04,116.39067077636719,116.55360793846174,113.99962416702796,115.66996458903934,403324000
2024-06-05,122.39128875732422,122.40028023472522,117.42126678323147,118.3239073958075,528402000
2024-06-06,120.94985961914062,125.53703068197429,118.27292371185669,123.99864153970435,664696000
2024-06-07,120.83990478515625,121.64358576516749,117.97504771750542,119.72234574158271,412386000
2024-06-10,121.74153900146484,123.05101529403815,116.9634422493321,120.32210586929361,314162700
2024-06-11,120.87181854248047,122.8311986310285,118.7024980632085,121.73153992527472,222551200
2024-06-12,125.16046142578125,126.83993122223963,122.53129467011104,123.02113780287401,299595000
2024-06-13,129.56907653808594,129.75901898663975,127.11985317098477,129.34914478228376,260704500
2024-06-14,131.83836364746094,132.79805198433587,128.27949016143847,129.91897171973997,309320400
2024-06-17,130.9386444091797,133.68777621457593,129.53909250074847,132.94801960039305,288504400
2024-06-18,135.5371856689453,136.28694881895896,130.64873054101508,131.0985853802292,294335100
2024-06-20,130.73870849609375,140.71555330717922,129.47911179878915,139.75586494370089,517768400
2024-06-21,126.53002166748047,130.58874447418714,124.2607420188684,127.07985099689417,655484700
2024-06-24,118.07270050048828,124.42069359285091,118.00272291214357,123.20107765857003,476060900
2024-06-25,126.05017852783203,126.46005271537233,119.28231977395795,121.16172334527805,425787500
2024-06-26,126.3600845336914,128.07953495276965,122.56128151904039,126.09016552830566,362975900
2024-06-27,123.95083618164062,126.37007763205357,122.88117444139863,124.06080204879507,252571700
2024-06-28,123.50098419189453,127.66966538119843,122.71123277650611,124.5406566516343,315516700
2024-07-01,124.26075744628906,124.80058023875378,118.79248328515592,123.43101767415311,284885500
2024-07-02,122.63125610351562,123.37102788557134,120.99177466417784,121.09174155643306,218374000
2024-07-03,128.23948669433594,128.23948669433594,121.32167392885506,121.62158223669927,215749000
2024-07-05,125.7902603149414,128.8093107644133,125.64030616479143,127.33976619453144,214176700
2024-07-08,128.1595001220703,130.72869561210538,126.99987051805138,127.44972531770834,237677300
2024-07-09,131.33851623535156,133.77774814549483,128.60936736242857,130.30884272059,285366600
2024-07-10,134.86740112304688,135.0573435645553,132.37818193596397,133.98767413246904,248978600
2024-07-11,127.35977172851562,136.10700106603016,127.00988377533271,135.70713347781276,374782700
2024-07-12,129.19920349121094,131.87835007397342,127.17983694866928,128.2195019014201,252680500
2024-07-15,128.39944458007812,131.34850999947517,127.13984031827107,130.5187702604364,208326200
2024-07-16,126.32009887695312,128.9992452694743,124.54066218246471,128.399443888776,214769500
2024-07-17,117.9527359008789,121.81151749943197,116.68314033051901,121.31167540248971,390086200
2024-07-18,121.0517578125,122.36134931919207,116.52318954339042,121.81151995069708,320979500
2024-07-19,117.89275360107422,121.5615926473578,117.33293291065064,120.31198744410169,217223800
2024-07-22,123.50098419189453,124.03081558560177,119.82214611396347,120.31198922533628,258068900
2024-07-23,122.55128479003906,124.65062775227732,122.06144165810996,122.74122723235222,173911000
2024-07-24,114.21391296386719,119.91210950952006,113.404171251323,119.13235710085017,327776900
2024-07-25,112.2445297241211,116.59315404133473,106.2664230667701,113.00429177700639,460067000
2024-07-26,113.0242919921875,116.16329973616865,111.54476366325866,116.15330838570574,293399100
2024-07-29,111.55475616455078,116.24327750097967,111.26485445843416,113.65409908515099,248152100
2024-07-30,103.6972427368164,111.95462852357666,102.50761612898444,111.48477574142504,486833300
2024-07-31,116.9830322265625,118.3026149583043,110.84497234726514,112.86433853836043,473174200
2024-08-01,109.1755142211914,120.12206115379604,106.77627053548454,117.49288673851923,523462300
2024-08-02,107.23612213134766,108.6856688158307,101.33799137850681,103.72723603649806,482027500
2024-08-05,100.41827392578125,103.37734584261189,90.66136171396138,92.03092417423306,552842400
2024-08-06,104.21707153320312,107.67597774031395,100.51824326819028,103.80719737509351,409012100
2024-08-07,98.87876892089844,108.76564515252367,98.65883717427215,107.7759522927054,411440400
2024-08-08,104.93685150146484,105.4666829061735,97.48919964896103,101.96778821260376,391910000
2024-08-09,104.7169189453125,106.5663331721716,103.39733611905241,105.60663726461745,290844200
2024-08-12,108.9855728149414,111.03492856386595,106.22644979571741,106.28642840966148,325559900
2024-08-13,116.10331726074219,116.19329280080893,111.54475995028979,112.4044889345572,312646700
2024-08-14,118.04271697998047,118.56254942930454,114.0339810389578,118.49257183753042,339246400
2024-08-15,122.82120513916016,123.20108240094191,117.43290774825016,118.722501320516,318086700
2024-08-16,124.5406494140625,124.96051491369623,121.14172188301305,121.901483949244,302589900
2024-08-19,129.9589385986328,129.9589385986328,123.38101510677953,124.24074407997541,318333600
2024-08-20,127.2098159790039,129.83899033787588,125.85024484050366,128.3594467212338,300087400
2024-08-21,128.45941162109375,129.30914923924126,126.6199964697288,127.279784034202,257883600
2024-08-22,123.70092010498047,130.70870844472378,123.06112283059149,129.97894325377314,376189100
2024-08-23,129.32913208007812,129.5590704147264,125.18044900805843,125.8202462463596,323230300
2024-08-26,126.42005920410156,131.21853864319473,124.33072295006603,129.52908520948145,331964700
2024-08-27,128.25949096679688,129.15920068067538,123.84088083210607,125.01051718872198,303134600
2024-08-28,125.5703353881836,128.28947768481862,122.60127203673997,128.07953728703234,448101100
2024-08-29,117.5528564453125,124.3907000501477,116.67313713223366,121.32166999102746,453023300
2024-08-30,119.33230590820312,121.71155156264531,117.18298334905096,119.49225141445028,333751600
2024-09-03,107.96588897705078,116.17329499238285,107.25611414068058,115.97336121173781,477155100
2024-09-04,106.17646026611328,113.23422843032066,104.08712390381962,105.37671746498519,372470300
2024-09-05,107.17613983154297,109.61537166703076,104.7269166457022,104.9568397355808,306850700
2024-09-06,102.79751586914062,108.11583487443464,100.91810491578387,108.0058690153772,413638100
2024-09-09,106.4363784790039,106.51635504584455,103.65725761066608,104.84687662773341,273912000
2024-09-10,108.06585693359375,109.36544940156337,104.91685028196345,107.77594760990868,268283700
2024-09-11,116.87307739257812,117.15298773367408,107.38606933752642,109.35544832921772,441422400
2024-09-12,119.11256408691406,120.76218565399151,115.35342779588602,116.81309067491064,367100500
2024-09-13,119.07256317138672,119.9323656761346,117.57290870417117,119.05257113465082,238358300
2024-09-16,116.75309753417969,118.15277655804964,114.33365683196332,116.76309736633479,248772300
2024-09-17,115.5633773803711,118.77264486908852,114.80355789094266,118.14278506866847,231925900
2024-09-18,113.34388732910156,117.67288409225483,113.19392035691743,115.86330347677422,310318900
2024-09-19,117.84285736083984,119.63244604030882,117.22299740049117,117.32297284502805,293506400
2024-09-20,115.97328186035156,118.59268114487098,115.36342175070251,117.03303527099015,382462400
2024-09-23,116.23323059082031,116.96305822001592,114.83355144756428,116.52316472695202,206228500
2024-09-24,120.8421630859375,121.77194918665968,115.35342209088209,116.4931589075561,354966800
2024-09-25,123.48155975341797,124.91123075234002,121.58199576757475,121.99189738474502,284692900
2024-09-26,124.01143646240234,127.64059778478497,121.77195443476235,126.77080301373226,302582900
2024-09-27,121.3720474243164,124.00143908292871,119.23254080039722,123.94145533963831,271009200
2024-09-30,121.41203308105469,121.47201682135709,118.12278989954673,118.28274908289889,226553700
2024-10-01,116.97305297851562,122.41180249801877,115.76333257670387,121.74195101301775,302094500
2024-10-02,118.82262420654297,119.3525009132392,115.11347963203208,116.41318325903728,221845900
2024-10-03,122.82170867919922,124.33136309340041,120.31228454416183,120.89215281287986,277118000
2024-10-04,124.89122772216797,125.01120283080023,121.80194304435166,124.91122738742537,243678100
2024-10-07,127.69058990478516,130.60991565760295,124.92122350791122,124.96121521204213,346250200
2024-10-08,132.85939025878906,133.4492507002601,129.39018829854146,130.22999115642648,285722500
2024-10-09,132.6194305419922,134.4890100563581,131.349734141409,134.0791008615525,246191600
2024-10-10,134.77894592285156,134.9689045997989,130.96982594499002,131.87962000022492,242311300
2024-10-11,134.7689666748047,135.74873676795113,133.6292297588208,133.97914002159231,170209500
2024-10-14,138.03822326660156,139.5678698363904,136.26862645350758,136.43858548845338,232347700
2024-10-15,131.5697021484375,138.53809836462625,128.7103601195905,137.8382473516489,377831000
2024-10-16,135.68873596191406,136.58852253050404,131.5496902869071,133.94913130666296,264879700
2024-10-17,136.89846801757812,140.8575630403271,136.83848427190068,139.30791683746315,306435900
2024-10-18,137.9682159423828,138.86800255294065,137.24838055182667,138.63805979784692,176090200
2024-10-21,143.67691040039062,143.67691040039062,137.96821869705386,138.09819363983328,264554500
2024-10-22,143.55694580078125,144.3867565878425,141.74736485471627,142.8771096409394,226311600
2024-10-23,139.52786254882812,142.3971968224879,137.42835524686083,141.99729502838238,285930000
2024-10-24,140.37767028808594,141.31745626734755,138.4281223817854,140.78757953525755,172354900
2024-10-25,141.5074005126953,144.096815700832,140.76758067774944,140.89754036873228,205122100
2024-10-28,140.48765563964844,143.1070476166606,140.01776261632966,142.96708045579604,173586700
2024-10-29,141.21746826171875,142.22723015349655,138.86800339560858,140.25768265006158,157593600
2024-10-30,139.3079071044922,140.29768460484607,136.778490969974,139.50785799453917,179418100
2024-10-31,132.72943115234375,137.57832071125284,132.07958689426476,137.5683285053032,270039600
2024-11-01,135.3688201904297,137.27838410441936,134.5390247094388,134.66898440540822,207127800
2024-11-04,136.0186767578125,138.9280103748792,135.53879155204424,137.17841332242185,187528200
2024-11-05,139.87777709960938,140.33766260126754,137.29836954050154,137.41833701827767,160537400
2024-11-06,145.5764617919922,146.45626398045817,141.9273086103062,142.92707827709958,242043900
2024-11-07,148.84573364257812,148.8957099286715,146.1363507552026,146.35630133300918,207323300
2024-11-08,147.5959930419922,149.73549940640058,146.226298296804,148.73572979209249,175665800
2024-11-11,145.22653198242188,148.81571657335158,143.536934110279,148.64574231041613,182325600
2024-11-12,148.25582885742188,149.61551613817602,145.97635536546252,146.74618223717314,198634700
2024-11-13,146.23631286621094,149.29560559389023,145.8663877173454,149.03567097343083,191903300
2024-11-14,146.72618103027344,148.96567042657134,145.51646835701078,147.6059831601179,194463300
2024-11-15,141.94729614257812,145.20655509140138,140.04773983599173,144.83662993296312,250132900
2024-11-18,140.11770629882812,141.51739292157006,137.11839743544738,139.46786214720512,221866000
2024-11-19,146.97613525390625,147.0961179891657,140.9575327604593,141.28745858569204,227834900
2024-11-20,145.8563995361328,147.52601308862683,142.69712365290204,147.37605373716247,309871700
2024-11-21,146.63623046875,152.85479966423284,140.6676037159947,149.3156213875326,400946600
2024-11-22,141.91729736328125,147.1261039006014,141.06750232234785,145.89637625946256,236406200
2024-11-25,135.98867797851562,142.01728800977313,135.78872709087477,141.95730426900835,344941900
2024-11-26,136.8884735107422,139.2679304177918,135.6387613125482,137.66829270199315,190287700
2024-11-27,135.30882263183594,137.1883944813901,131.7696447344509,134.97889681216265,226370900
2024-11-29,138.21817016601562,139.3179230108574,136.018679731608,136.74850738939793,141863200
2024-12-02,138.5980682373047,140.41764102523763,137.7882572804853,138.79801911159885,171682800
2024-12-03,140.2277069091797,140.50764123326277,137.91824110785586,138.22816730557096,164414000
2024-12-04,145.10658264160156,145.75642688476938,140.25769319395386,141.9673061992379,231224300
2024-12-05,145.03659057617188,146.51634749056768,143.9267690762933,145.08658555940238,172621200
2024-12-06,142.41700744628906,145.67647567148725,141.2871849873485,144.57666240527564,188505600
2024-12-09,138.78758239746094,139.92739769900004,137.10786100838232,138.9475602220375,189308600
2024-12-10,135.04820251464844,141.79711283924593,133.76839511357173,138.9875536517665,210020900
2024-12-11,139.28750610351562,140.14736786765778,135.1881771980721,137.3378239802647,184905200
2024-12-12,137.3178253173828,138.41765384511186,135.77808063488797,137.05787278188586,159211400
2024-12-13,134.22833251953125,139.5774751507731,132.51860179476702,138.91757801094644,231514900
2024-12-16,131.9786834716797,134.3782897959075,130.39893679330513,134.1583241029487,237951100
2024-12-17,130.36895751953125,131.56876081657285,126.83952839876781,129.06916425760008,259410300
2024-12-18,128.88919067382812,136.6779262372523,128.25928750759206,133.83838842708505,277444500
2024-12-19,130.6588897705078,134.00835489709178,129.52908262326224,131.73871719708123,209719200
2024-12-20,134.67825317382812,135.2581613788304,128.19930347129645,129.78904314606552,306528600
2024-12-23,139.64744567871094,139.7674214203078,135.098177315152,136.25799367167244,176053500
2024-12-24,140.19737243652344,141.8770939941236,138.6276184809867,139.97740671974344,105157000
2024-12-26,139.90740966796875,140.8272746166671,137.70776777261636,139.67745105895742,116205600
2024-12-27,136.98788452148438,138.99756992182031,134.68826788900355,138.52764454755555,170582600
2024-12-30,137.46780395507812,140.24735382720857,133.9983630613892,134.80822982362736,167734700
2024-12-31,134.26832580566406,138.0477299443946,133.80840856948805,138.0077278547889,155659200
2025-01-02,138.2876739501953,138.85758927368732,134.608275235204,135.97804923146714,198247200
2025-01-03,144.44668579101562,144.87660907201655,139.70744526818353,139.9873988596089,229322500
2025-01-06,149.40586853027344,152.13543878056797,147.79614309655065,148.5660078023331,265377400
2025-01-07,140.11737060546875,153.1052785673635,139.9873867148958,153.00528861210353,351782200
2025-01-08,140.08738708496094,143.92676365371082,137.53779559953318,142.55698965149892,227349900
2025-01-10,135.88807678222656,139.89742434133598,134.1983469953677,137.42782161536184,207602500
2025-01-13,133.20849609375,133.46846390099535,129.4890951782822,129.96902870412282,204808900
2025-01-14,131.7387237548828,136.357988296776,130.02900835327767,136.02803973976037,195590500
2025-01-15,136.218017578125,136.42797514246556,131.26880425867054,133.6284239860889,185217300
2025-01-16,133.54844665527344,138.72760318445665,133.46845773799356,138.61762033023757,209235600
2025-01-17,137.68777465820312,138.47764040694682,135.43813790068955,136.6679350563591,201188800
2025-01-21,140.80726623535156,141.80710479535009,137.06786452867982,139.1375376709131,197749000
2025-01-22,147.04627990722656,147.76614971080585,143.64681928959496,144.63666506104835,237651400
2025-01-23,147.1962432861328,147.20623618008437,143.6968081059284,145.02659530516527,155915500
2025-01-24,142.5969696044922,148.9459505211395,141.8570988390214,148.34604128656673,234657600
2025-01-27,118.40087890625,128.3792633336458,116.68115538488553,124.77985371820253,818830900
2025-01-28,128.9691925048828,128.97918539907013,116.23124265613879,121.79034308969104,579666400
2025-01-29,123.6800308227539,126.86951837337095,120.03062606319732,126.47958193260648,467120600
2025-01-30,124.6298828125,124.97982479629701,118.08093694190879,123.08012993376066,392925500
2025-01-31,120.05062103271484,127.82936416140842,119.17076580619347,123.7600213429819,390372900
2025-02-03,116.64117431640625,118.55086206886682,112.99176191394916,114.73147893578255,371235700
2025-02-04,118.63085174560547,121.18043560579926,116.6811618932845,116.94112206589325,256550000
2025-02-05,124.80985260009766,124.97982332906605,120.74050985762979,121.74034844426231,262230800
2025-02-06,128.65921020507812,128.74920726442895,125.18977703531333,127.39941919373811,251483600
2025-02-07,129.81903076171875,130.34894396083934,124.97981594966575,129.19913575663247,228186300
2025-02-10,133.54844665527344,134.97820850379568,129.93902876577076,130.0689974070653,216989100
2025-02-11,132.77857971191406,134.45830137072844,130.99886808260132,132.5586139818797,178902400
2025-02-12,131.11883544921875,132.21866402899062,129.0591703419428,129.9990210816885,160278600
2025-02-13,135.26815795898438,136.477969382041,131.1488277944593,131.5387642395835,197430000
2025-02-14,138.8275909423828,139.22752026611062,135.4781256449407,136.45796316750187,195479600
2025-02-18,139.37750244140625,143.41685915221993,137.90773839766058,141.2472111010542,219176600
2025-02-19,139.20751953125,141.33718056281413,137.1978495021305,139.48747310974449,167536000
2025-02-20,140.08738708496094,140.637301367124,136.7679156045049,140.0073981660712,143903600
2025-02-21,134.40829467773438,141.4371740194045,134.00836534323213,140.0173897923713,228217600
2025-02-24,130.25897216796875,138.56762852998253,130.0590074983429,136.53795738344377,251381100
2025-02-25,126.60956573486328,130.17898941676333,124.41992427451078,129.95902369285497,271428700
2025-02-26,131.25881958007812,133.70842127410083,128.4692763992483,129.96903440656757,322553800
2025-02-27,120.130615234375,134.98821054448712,119.9906384337315,134.97821765027223,443175800
2025-02-28,124.89983367919922,125.06980440717122,116.38121232741895,118.00094594624423,389091100
2025-03-03,114.04158782958984,123.68003128569312,112.26187634904674,123.49006713958599,411381400
2025-03-04,115.97127532958984,119.29073912641502,110.09222719636827,110.63214094760745,398163300
2025-03-05,117.28106689453125,118.26090441787001,114.49151637878758,117.56102047262804,284337900
2025-03-06,110.55215454101562,115.33138186500223,110.20221255397621,113.51167590423404,321181900
2025-03-07,112.67181396484375,113.46168737204893,107.54263707893918,111.232043943795,341755500
2025-03-10,106.96273040771484,111.83193921740828,105.44297155454524,109.88225711490554,366487400
2025-03-11,108.74244689941406,112.2218809117277,104.75308544348755,106.97272832797886,354865700
2025-03-12,115.73196411132812,116.75189758318456,112.87216201952944,114.1120814413496,323857500
2025-03-13,115.57197570800781,117.75182462929007,113.7820990939805,117.02187196535417,299033100
2025-03-14,121.66155242919922,121.87153693655638,118.1418001271865,118.6017672807591,277593500
2025-03-17,119.52169799804688,122.88146527258023,118.02180216580395,122.73147416358299,255501500
2025-03-18,115.42198181152344,119.01172876569431,114.53204424682897,117.99180297800854,299686900
2025-03-19,117.51183319091797,120.44162996547794,115.67196466720779,117.26185055700965,273426200
2025-03-20,118.52176666259766,120.19164884723557,116.46191217445423,116.54190844924116,248829700
2025-03-21,117.69182586669922,117.98180664950618,115.41198537165405,116.93188412092742,266498500
2025-03-24,121.40157318115234,122.21151449504808,119.33170959432591,119.87167301321132,228452500
2025-03-25,120.68162536621094,121.28158219452679,118.9117439494844,120.5416356938994,167447200
2025-03-26,113.75210571289062,118.83174729689935,112.70217554499752,118.72176195088541,293463300
2025-03-27,111.4222640991211,114.4420510740887,110.6523209143036,111.34226782232153,236902100
2025-03-28,109.66238403320312,112.86216644188174,109.06242721559616,111.48225736963437,229872500
2025-03-31,108.37247467041016,110.95229742526604,103.642807248706,105.12270025073305,299212700
2025-04-01,110.14234924316406,110.19234119227177,106.46260459302538,108.51245759918966,222614000
2025-04-02,110.4123306274414,111.97222748899677,106.78258544027105,107.28255072037597,220601200
2025-04-03,101.79293060302734,105.62265871984647,101.59293992049946,103.50281088710224,338769400
2025-04-04,94.30345153808594,100.12304726897904,92.10360729078229,98.90313835695446,532273800
2025-04-07,97.63321685791016,101.7429319683666,86.61398571543218,87.45392370324234,611041300
2025-04-08,96.29331970214844,105.84265234199715,94.45344343361101,103.80279300527448,476243400
2025-04-09,114.32205963134766,115.0920027848049,97.52322363090776,98.88312976565122,612918300
2025-04-10,107.56253051757812,110.85230299023063,99.14311699545735,109.36240858521514,437812400
2025-04-11,110.92229461669922,111.54225429514813,107.47253732050476,108.49246311009279,313417300
2025-04-14,110.70230865478516,114.282061802319,109.06242318709587,114.10207400079875,264705000
2025-04-15,112.19220733642578,113.61211454925541,110.49232841239639,110.96229700273265,228966900
2025-04-16,104.48274230957031,106.78258565420647,100.44302192276541,104.54274333093115,397016900
2025-04-17,101.48294830322266,104.46274466720584,100.04305351417702,104.44274178425454,290833400
2025-04-21,96.90327453613281,99.43309764026857,95.03340163666236,98.76313836502491,288501100
2025-04-22,98.88313293457031,99.80306722318255,97.2732441150665,98.77313996214224,241004800
2025-04-23,102.70286560058594,104.79272441151089,102.01291108169299,104.51273745001276,247526000
2025-04-24,106.422607421875,106.53260039132012,103.10283834219908,103.47281538750215,220815000
2025-04-25,111.0022964477539,111.9122293136747,105.72266417620379,106.84258154964476,251064700
2025-04-28,108.72245025634766,110.36233572086073,106.01263179735646,109.68238265297498,207708500
2025-04-29,109.0124282836914,110.19234667117642,107.43254376799985,107.66252352883211,170444300
2025-04-30,108.91243743896484,108.91243743896484,104.07277707156662,104.46274938923446,235044600
2025-05-01,111.60224914550781,114.93201970345093,111.29227311666197,113.07214827264656,236121500
2025-05-02,114.49205017089844,115.39198920893173,113.36213137411846,114.17207269391602,190194800
2025-05-05,113.81209564208984,114.6620350893898,112.65218016349414,112.90216280263321,133163200
2025-05-06,113.53211975097656,114.73203340369881,110.81230733401684,111.47226518321953,158525600
2025-05-07,117.05187225341797,117.67183196470502,112.27220526080853,113.04215608614977,206758800
2025-05-08,117.36185455322266,118.67176116768113,115.84195580422112,118.24179071447391,198428100
2025-05-09,116.64189910888672,118.2217911942619,115.20199668891294,117.34184743589364,132972200
2025-05-12,122.99146270751953,122.99146270751953,120.27165027906005,121.96153541928634,225023300
2025-05-13,129.9209747314453,131.21089374180312,124.46136223351174,124.97132897244262,330430100
2025-05-14,135.33059692382812,135.43059608188196,131.67084745036084,133.19074615794872,281180800
2025-05-15,134.8206329345703,136.29053200968949,132.65078555171073,134.2806619130786,226632600
2025-05-16,135.39059448242188,136.34054073998118,133.45074197294815,136.21054488205627,226542500
2025-05-19,135.5605926513672,135.86055961165334,132.38080555276906,132.38080555276906,193154600
2025-05-20,134.37066650390625,134.5706495538956,132.610779045451,134.28066116234166,161514200
2025-05-21,131.7908477783203,137.39044962876582,130.58092511560693,133.0507547616815,270608700
2025-05-22,132.82078552246094,134.2406851659139,131.54087555490528,132.22082104991222,187344000
2025-05-23,131.2808837890625,132.67078673422913,129.15104195341007,129.99098000853303,198821300
2025-05-27,135.49058532714844,135.65057787204648,133.300735049259,134.14067302338051,192953600
2025-05-28,134.80064392089844,137.24047706552236,134.7806410364111,136.0205604932104,304021100
2025-05-29,139.1803436279297,143.48004828952517,137.90043367160317,142.24012884407688,369241900
2025-05-30,135.12062072753906,139.61029915281162,132.91076748843994,138.7103677567503,333170900
2025-06-02,137.37046813964844,138.11040700485356,135.39059460313518,135.48059995132564,197663100
2025-06-03,141.21018981933594,141.9901344074345,137.94041273370485,138.77035689954903,225578800
2025-06-04,141.91014099121094,142.38010956756776,139.53030141372145,142.18012651028872,167120800
2025-06-05,139.98028564453125,143.99000172763624,138.82036252431462,142.16012695808664,231397900
2025-06-06,141.7101593017578,143.26005471165655,141.50016717206393,142.50009772583994,153986200
2025-06-09,142.62010192871094,144.98993249459744,141.9301473949137,143.18006060607402,185114500
2025-06-10,143.95001220703125,144.279975869788,141.52017297716907,142.68009610535242,155881900
2025-06-11,142.8300018310547,144.99000549316406,141.8699951171875,144.61000061035156,167694000
2025-06-12,145.0,145.0,141.85000610351562,141.97000122070312,162365000
2025-06-13,141.97000122070312,143.5800018310547,140.85000610351562,142.47999572753906,180820600
2025-06-16,144.69000244140625,146.17999267578125,143.1999969482422,143.35000610351562,183133700
2025-06-17,144.1199951171875,145.22000122070312,143.77999877929688,144.49000549316406,139108000
2025-06-18,145.47999572753906,145.64999389648438,143.1199951171875,144.00999450683594,161494100
2025-06-20,143.85000610351562,146.1999969482422,142.64999389648438,145.4499969482422,242956200
2025-06-23,144.1699981689453,144.77999877929688,142.02999877929688,142.5,154308900
2025-06-24,147.89999389648438,147.9600067138672,145.5,145.55999755859375,187566100
2025-06-25,154.30999755859375,154.4499969482422,149.25999450683594,149.27000427246094,269146500
2025-06-26,155.02000427246094,156.72000122070312,154.0,155.97999572753906,198145700
2025-06-27,157.75,158.7100067138672,155.25999450683594,156.0399932861328,263234500
2025-06-30,157.99000549316406,158.66000366210938,155.9600067138672,158.39999389648438,194580300
2025-07-01,153.3000030517578,157.1999969482422,151.49000549316406,156.2899932861328,213143600
2025-07-02,157.25,157.60000610351562,152.97000122070312,152.97999572753906,171224100
2025-07-03,159.33999633789062,160.97999572753906,157.77000427246094,158.3699951171875,143716100
2025-07-07,158.24000549316406,159.30999755859375,157.33999633789062,158.1999969482422,140139000
2025-07-08,160.0,160.22000122070312,158.38999938964844,159.3300018310547,138133000
2025-07-09,162.8800048828125,164.4199981689453,161.16000366210938,161.22000122070312,183656400
2025-07-10,164.10000610351562,164.5,161.61000061035156,164.32000732421875,167704100
2025-07-11,164.9199981689453,167.88999938964844,163.47000122070312,163.72000122070312,193633300
2025-07-14,164.07000732421875,165.49000549316406,162.02000427246094,165.3699951171875,136975800
2025-07-15,170.6999969482422,172.39999389648438,169.1999969482422,171.19000244140625,230627400
2025-07-16,171.3699951171875,171.75,168.89999389648438,171.0,158195356
