Price,Close,High,Low,Open,Volume
Ticker,V,V,V,V,V
Date,,,,,
2010-01-04,19.719207763671875,19.860154516754683,19.5670740288185,19.687886262986808,20180000
2010-01-05,19.493240356445312,19.582731072991805,19.240430661077905,19.53127506313065,25833600
2010-01-06,19.231489181518555,19.48206294761407,19.21806616603109,19.466402193913986,16254000
2010-01-07,19.41046142578125,19.464155169007,19.139753265614214,19.23371774298261,27841200
2010-01-08,19.464155197143555,19.551408170096526,19.291886988385805,19.4238844629427,11907200
2010-01-11,19.408226013183594,19.674460437841265,19.27846455352746,19.57825821180565,12912000
2010-01-12,19.316495895385742,19.475342807081674,19.20687066807845,19.370191347322415,12842000
2010-01-13,19.495471954345703,19.50889496018787,19.229237625856662,19.34333829619381,13428800
2010-01-14,19.562599182128906,19.58273369993377,19.3522962260674,19.457447704098154,18379600
2010-01-15,19.27175521850586,19.584971922748316,19.222535231238567,19.57154891054586,21295200
2010-01-19,19.654325485229492,19.779613185050923,19.17331432396223,19.278465799552475,15239600
2010-01-20,19.55811882019043,19.629711043764967,19.309782921283357,19.616288035248882,12771200
2010-01-21,18.893653869628906,19.66550934261907,18.81982561089051,19.564831651241207,28140800
2010-01-22,18.50885009765625,18.88023431723211,18.264987904767306,18.79969283213977,29776400
2010-01-25,18.35223960876465,18.75047153107463,18.21353061063943,18.658744778142815,16147200
2010-01-26,18.155357360839844,18.466336229304424,18.11956039706884,18.200101858660418,12437600
2010-01-27,18.772842407226562,18.822060674894225,18.03454620259905,18.094951448809933,19335200
2010-01-28,18.490951538085938,18.9003704678853,18.213531816573735,18.873522737328503,13070800
2010-01-29,18.35223960876465,19.012232192714382,18.31644434395263,18.479763333402044,20281600
2010-02-01,18.716920852661133,18.960781410788616,18.39027934044969,18.41041557112577,16098000
2010-02-02,18.795217514038086,18.898131246082777,18.6811168017499,18.851149001468475,14441600
2010-02-03,18.68558692932129,18.902601331374676,18.367896552264654,18.84666985484105,32197600
2010-02-04,18.58043670654297,19.28069816014631,18.524505231456317,19.07263300454824,66486800
2010-02-05,18.470809936523438,18.761654292095,18.018884365183457,18.640842100098805,38687200
2010-02-08,18.58043670654297,18.877990856765155,18.470809786410054,18.546877480112347,23966800
2010-02-09,18.62965965270996,18.822064111913292,18.502135925739715,18.72362585170929,17968000
2010-02-10,18.740570068359375,18.8010678448268,18.572523348442623,18.706960382484098,14572800
2010-02-11,19.0766658782959,19.092350172391708,18.653188228249192,18.7741820867568,18044800
2010-02-12,18.996004104614258,19.03185489803188,18.742814286576984,18.933266925593333,22114800
2010-02-16,19.24247169494629,19.25591659676676,19.090109246839912,19.096832552480077,16065600
2010-02-17,19.363460540771484,19.390348627990402,19.215580334715984,19.271595900994164,14976800
2010-02-18,19.48445701599121,19.594247062162562,19.269357417397284,19.269357417397284,15289200
2010-02-19,19.45085334777832,19.48894524899682,19.155091094521623,19.269363379256767,13672000
2010-02-22,19.4732608795166,19.663713547061104,19.450853275544162,19.504629473725803,11572800
2010-02-23,19.296245574951172,19.625615714603438,19.28280067473908,19.49790027407633,19129200
2010-02-24,19.186452865600586,19.40603465725113,18.989278670036917,19.318650502782948,16210000
2010-02-25,19.096830368041992,19.143883245381723,18.762976313956823,18.989279713079995,14140800
2010-02-26,19.108036041259766,19.206624017678383,19.049779354334223,19.175255426901547,12476400
2010-03-01,19.453086853027344,19.479974941717366,19.108030740739878,19.15732471527516,13495200
2010-03-02,19.37018585205078,19.488940311293586,19.325374074213318,19.453089521455816,12901200
2010-03-03,19.448612213134766,19.54047688558691,19.32313613760936,19.40379871849711,13658000
2010-03-04,19.502389907836914,19.594254595412355,19.29849231995384,19.493427207433893,14576800
2010-03-05,19.831750869750977,19.842952956938934,19.515822266457636,19.583041627422837,19503600
2010-03-08,20.306760787963867,20.373980145707755,19.737642476632598,19.81830502214155,31258400
2010-03-09,20.199216842651367,20.539790789115326,20.134238570015146,20.221622730932204,36690800
2010-03-10,20.50617790222168,20.571156164718822,20.064776672639454,20.107347340892495,28438800
2010-03-11,20.779537200927734,20.90053104793233,20.34485750182939,20.382947682517962,55125200
2010-03-12,20.89380645751953,20.9789495038177,20.759369438826845,20.87588106583799,28641200
2010-03-15,20.70560073852539,20.871406384098112,20.416560127652723,20.808669205203564,20734000
2010-03-16,20.535316467285156,20.81763553096397,20.468097072779653,20.766100433915057,19068000
2010-03-17,20.503938674926758,20.705595058526114,20.443440905117228,20.640616795507462,14785200
2010-03-18,20.194740295410156,20.57340623841299,20.183538202862135,20.50170635015697,18766000
2010-03-19,19.905702590942383,20.33366259108642,19.87209459885604,19.905702590942383,24224000
2010-03-22,19.99532127380371,20.109593537456405,19.757815757881524,19.804868640689133,16674400
2010-03-23,20.1611328125,20.232832702549107,19.99756653017473,20.053582122696227,13516400
2010-03-24,19.885536193847656,20.152170972657245,19.849685392562876,20.075988874657238,15611600
2010-03-25,20.257471084594727,20.564435307007347,20.05133249259576,20.093904871833505,20353600
2010-03-26,20.221628189086914,20.445690551292863,20.087191113655376,20.32917887510824,13536000
2010-03-29,20.219375610351562,20.425514165767055,20.19696972874052,20.293316558181278,11134400
2010-03-30,20.389667510986328,20.577879005931777,20.241785585421013,20.270914775919383,16330800
2010-03-31,20.396392822265625,20.65854532775997,20.282120559821994,20.322451846010342,12504400
2010-04-01,20.73696517944336,20.743686774485955,20.459126714979114,20.542030375910155,17464400
2010-04-05,20.719036102294922,20.882600584113234,20.636132456105017,20.848992614876096,15363200
2010-04-06,20.703357696533203,20.911735712312204,20.571160045284714,20.620454026785513,13813600
2010-04-07,20.32469367980957,20.725765454276157,20.30676828320036,20.725765454276157,14750400
2010-04-08,20.49945640563965,20.631654032581622,20.277635239130948,20.31348602252519,10770000
2010-04-09,20.73024559020996,20.75041208841156,20.535312461200473,20.600290740690262,9567200
2010-04-12,20.880367279052734,20.94758494658009,20.725763737658212,20.84899869231468,9323200
2010-04-13,20.790739059448242,21.01480133829632,20.64958043917938,20.92965828773948,11436000
2010-04-14,21.1201114654541,21.16044274513765,20.806423924522004,20.873643293814443,17329200
2010-04-15,21.162689208984375,21.3441808829381,21.04617753399766,21.14252441713404,20639200
2010-04-16,21.028244018554688,21.265751190812107,20.792979657139607,21.07977909360341,18766400
2010-04-19,20.86467933654785,21.10218479730015,20.631654369063188,20.88260301907785,12586400
2010-04-20,21.073057174682617,21.08201816115719,20.725759972441704,20.98343192480179,9090400
2010-04-21,20.866926193237305,21.147004132792805,20.80643011045575,21.140282535757084,11365600
2010-04-22,21.317289352416992,21.33073254481963,20.71680225617455,20.79746482951009,14658400
2010-04-23,21.642183303833008,21.69371840063372,21.337460056066902,21.554799117072836,12498800
2010-04-26,21.509977340698242,21.776611981844326,21.406908904409192,21.74076119906931,18274800
2010-04-27,20.82657814025879,21.561503498128346,20.813134957006472,21.49876465421389,17868400
2010-04-28,20.9744815826416,21.075308979731766,20.68096038312361,20.99912858361217,20395200
2010-04-29,20.797462463378906,21.19629308090746,20.63613733506181,21.010320963016383,29408000
2010-04-30,20.217144012451172,20.92069956490315,20.17008942063165,20.900533067057662,25059600
2010-05-03,20.002033233642578,20.450157664824488,19.811580692282075,20.288834305544597,31020000
2010-05-04,19.800390243530273,20.37846980029358,19.744374656713127,20.01772928443436,30622800
2010-05-05,19.365703582763672,19.706277507702755,18.821232155598338,19.439644547930968,37174400
2010-05-06,18.579248428344727,19.39483519188411,17.008572689080015,19.235751138994498,63938000
2010-05-07,18.43808937072754,18.85932593640489,18.093033176832936,18.61061661294488,45519200
2010-05-10,19.267112731933594,19.538227853985408,19.25366954372817,19.325369396589316,35106800
2010-05-11,18.857080459594727,19.101307500349016,18.6285359990675,19.07441941397541,47244000
2010-05-12,19.226219177246094,19.645839655067995,19.01753115625486,19.082606099575024,37131600
2010-05-13,19.237436294555664,19.742326414325497,18.965916101361575,19.27109426627155,31835600
2010-05-14,17.336809158325195,17.92696912737398,17.036118083902778,17.653206148453023,169829200
2010-05-17,16.764604568481445,17.78111693846218,16.53123280682527,17.675650672790265,90552000
2010-05-18,15.727886199951172,17.056309403891408,15.323975162106555,16.84762143513748,189331200
2010-05-19,16.374143600463867,16.650149168968195,15.867009176770127,15.867009176770127,131631200
2010-05-20,16.340482711791992,16.923910757591354,15.956766554223929,16.156478442455224,101612800
2010-05-21,16.65015411376953,17.054066909587146,16.158728876194576,16.158728876194576,79601200
2010-05-24,16.728702545166016,17.098954134243257,16.54918527433787,16.928414610160452,41148000
2010-05-25,16.374143600463867,16.571611068662175,16.1048679125547,16.394338378255906,45448000
2010-05-26,16.470640182495117,16.872308580221144,16.461664151528836,16.636692475364153,44406000
2010-05-27,16.53571319580078,16.872306613794265,16.360684892364592,16.82967089967424,39094800
2010-05-28,16.259700775146484,16.493072344371036,16.156479031220606,16.463901540218764,26581200
2010-06-01,16.042043685913086,16.515518619190672,16.01287286928565,16.266439323978183,25082000
2010-06-02,15.988188743591309,16.127314651435498,15.712181363578605,16.03531162076366,37608800
2010-06-03,16.344972610473633,16.427999588270684,16.080187479558255,16.1407735305977,39125600
2010-06-04,16.185653686523438,16.470637051519805,15.943307744513904,15.943307744513904,42138400
2010-06-07,16.13180160522461,16.555909206374405,16.055507913251866,16.15648526133409,30615200
2010-06-08,16.459415435791016,16.49083068000256,15.952280946086608,16.181165396202033,30502800
2010-06-09,16.560392379760742,16.937376974630162,16.421266521558177,16.632198887735765,35586800
2010-06-10,17.379446029663086,17.38842206297409,16.829677257389676,16.971045930030563,36380000
2010-06-11,17.072021484375,17.2537814132629,16.908211906387464,17.168511682476602,30177200
2010-06-14,16.555908203125,17.276217921936723,16.537956143041814,17.26724189189513,37456800
2010-06-15,17.26275062561035,17.269482218539252,16.582832347755016,16.710737749410946,31226400
2010-06-16,17.316614151000977,17.33456621621568,16.96655743933006,17.094462907979292,28142000
2010-06-17,17.556705474853516,17.756417356033058,17.33679881809496,17.460215330193577,29133200
2010-06-18,17.287437438964844,17.78335151553504,17.1124091427639,17.617299248883192,29732800
2010-06-21,18.153600692749023,18.802103707983004,16.923912301397465,17.493877214994534,115862800
2010-06-22,17.673398971557617,18.176044665667174,17.644226446165582,18.176044665667174,46870800
2010-06-23,17.448997497558594,17.718271458100322,17.235820709461144,17.718271458100322,27933600
2010-06-24,17.161766052246094,17.493870384352487,17.00020104224772,17.30762173604872,26277600
2010-06-25,17.202173233032227,17.370469988947345,16.975533122372322,17.285198536935013,24130400
2010-06-28,16.879039764404297,17.343538655579884,16.863332138596537,17.276219280973585,20523600
2010-06-29,16.033065795898438,16.710741502999387,15.954527674082806,16.668105788869763,39851600
2010-06-30,15.87598705291748,16.178920739088575,15.867011024408407,16.080187849493537,24716400
2010-07-01,16.349458694458008,16.383118366856014,15.732370977835457,15.932082865527681,30360000
2010-07-02,16.4212703704834,16.558151825894303,16.286633350473394,16.43473355888362,18801200
2010-07-06,16.217073440551758,16.67708522397421,16.10936448349871,16.56713183098168,23726000
2010-07-07,16.789281845092773,16.81172106686431,16.190145892578123,16.309075308769845,20873600
2010-07-08,16.847618103027344,17.009183171011966,16.614246528383134,16.941863822017652,16231600
2010-07-09,17.363731384277344,17.41309869154141,16.968796350170024,17.107920530275003,22479600
2010-07-12,17.168506622314453,17.36148696163957,17.027136308621376,17.05181995983755,15832800
2010-07-13,17.18645477294922,17.45797490164983,16.935132846485775,17.45797490164983,19931600
2010-07-14,17.11689567565918,17.27846077763015,16.97552706743584,17.181970603508738,12814800
2010-07-15,16.892499923706055,17.197678066361952,16.663617172715384,17.141579168256126,16489200
2010-07-16,16.033065795898438,16.549176388405712,15.992674517250018,16.515516704198255,39060000
2010-07-19,15.981454849243164,16.212582042503076,15.902916731922208,16.203606013094603,20019200
2010-07-20,16.515518188476562,16.528983090571252,15.81989207101681,15.867014948341204,19106400
2010-07-21,16.237262725830078,16.607515739203926,16.140772567338736,16.603026869319358,15907600
2010-07-22,16.708499908447266,16.728696407206794,16.385369624318407,16.414542154526288,19493200
2010-07-23,16.962064743041992,17.047336177586388,16.61649698158225,16.710742734707637,12660800
2010-07-26,17.072021484375,17.166267246612954,16.908211906387464,16.984507317725054,15792800
2010-07-27,17.19094467163086,17.339044856874345,17.024892429993518,17.278458806547995,17352400
2010-07-28,16.870065689086914,17.24256159227721,16.85211362551068,17.087729751940472,25205200
2010-07-29,16.151992797851562,16.802738537575358,16.010622502558032,16.775812166663997,58866800
2010-07-30,16.459415435791016,16.5222459242141,16.015113146512103,16.064478735985663,30784800
2010-08-02,16.208093643188477,16.24399604607175,15.925354730472081,15.927599165653046,53846800
2010-08-03,16.380882263183594,16.49756724657156,16.028581165181542,16.073459609868546,34164800
2010-08-04,16.257461547851562,16.470638408331563,16.24175392335326,16.42800269383503,20499200
2010-08-05,16.044288635253906,16.246245058377962,16.003897350629096,16.185657275439294,30787600
2010-08-06,16.187898635864258,16.20136182418048,15.900672538434307,15.965747468633685,19362800
2010-08-09,16.771329879760742,16.800502409034856,16.338246220257016,16.40781003375438,28612400
2010-08-10,16.890256881713867,16.993480369305793,16.618738397924158,16.618738397924158,31068400
2010-08-11,16.522754669189453,16.71155963464522,16.408122103105697,16.63289089903865,23113600
2010-08-12,16.40363121032715,16.67560130944386,16.302484200256337,16.358676412012272,24677200
2010-08-13,16.232807159423828,16.435099474098998,16.21707340799633,16.394641011163962,14566800
2010-08-16,16.369918823242188,16.462073177281095,16.13840713875478,16.201342154166827,10700800
2010-08-17,16.489046096801758,16.58120045103696,16.282259127192983,16.509274474005622,13334000
2010-08-18,16.381149291992188,16.493533690382268,16.300232387963344,16.426104080258117,12232000
2010-08-19,16.100191116333008,16.347438207982023,16.070971784979093,16.27775870267633,18442400
2010-08-20,15.756296157836914,16.09120126664036,15.63941710951197,16.023771640054903,31538400
2010-08-23,15.76079273223877,16.02602004977136,15.643911967305614,15.85744340849684,18389600
2010-08-24,15.882168769836426,15.951846568996565,15.509051632081375,15.623684232998334,26747600
2010-08-25,15.927129745483398,16.21483375982606,15.794515158179431,15.803506122984038,22398800
2010-08-26,15.71358871459961,16.048493769533774,15.70684420966069,16.005787145837147,14099200
2010-08-27,15.983306884765625,15.987801505494808,15.643905572251644,15.821473100921883,15654000
2010-08-30,15.630436897277832,16.048507386007245,15.630436897277832,15.951856644745037,14000000
2010-08-31,15.504561424255371,15.756301526375188,15.286535289490294,15.630431475315278,23217200
2010-09-01,15.852946281433105,15.90014753285681,15.524783975213406,15.695608776687424,17290400
2010-09-02,16.178869247436523,16.23955610742119,15.882174311715046,15.954100304773254,16776800
2010-09-03,16.295747756958008,16.439599737900327,16.20134521599915,16.408132224247375,14072000
2010-09-07,16.07097053527832,16.403629141451646,16.03500670116229,16.154135615534152,14419200
2010-09-08,15.407912254333496,15.88442133224816,15.351720016666125,15.812495336627965,45012000
2010-09-09,15.010066986083984,15.502311429720995,14.8504812716066,15.459604789631756,53064000
2010-09-10,15.304512023925781,15.39217346368763,14.987588798826948,15.023550927453208,31392000
2010-09-13,14.71786880493164,15.284285696808483,14.587502427129996,15.284285696808483,60549200
2010-09-14,15.086483001708984,15.27303980895674,14.733596041944072,14.751576243287891,39616000
2010-09-15,15.493318557739258,15.621436747361008,15.194375543671702,15.221348425905383,43076400
2010-09-16,15.369693756103516,15.556252318149642,15.297767790776733,15.466344432778593,29800400
2010-09-17,15.394424438476562,15.509057079658389,15.326994784432094,15.457359468191779,41961600
2010-09-20,15.803494453430176,15.805742621684042,15.300012800109446,15.396663456826587,29386800
2010-09-21,15.72033977508545,15.983319016006366,15.625935519624637,15.834970696604286,25300000
2010-09-22,15.87317943572998,15.929371657545273,15.722582977978602,15.751804030826888,25826400
2010-09-23,15.95408821105957,16.061976261438787,15.711337525431867,15.745053184243988,26984000
2010-09-24,16.266525268554688,16.266525268554688,16.039508208353414,16.127167938706773,21028800
2010-09-27,16.408132553100586,16.51826885309328,16.160887063078842,16.356434942576964,20098400
2010-09-28,16.46881675720215,16.54299090670643,16.3069845876255,16.39239615336184,29212800
2010-09-29,16.725048065185547,16.74527643506638,16.381150343561913,16.410371386523035,27882000
2010-09-30,16.691335678100586,16.85092135961372,16.59018866428503,16.799223768350178,23144000
2010-10-01,16.480058670043945,16.805972948247398,16.446342985955432,16.79923015439988,18121600
2010-10-04,16.462078094482422,16.713819946176123,16.31373147310745,16.466574433983794,23152000
2010-10-05,16.85541534423828,16.85541534423828,16.556474081229638,16.659867544993183,20658000
2010-10-06,16.684600830078125,16.97005665773333,16.587950107671826,16.871157765545185,15120800
2010-10-07,16.54523277282715,16.810460045741948,16.529499024215674,16.695827468801234,9975200
2010-10-08,16.632898330688477,16.644137461446743,16.446339735144992,16.563220521568862,9381600
2010-10-11,16.69807243347168,16.810456820520336,16.59467900316887,16.59917362411697,10399200
2010-10-12,16.68909454345703,16.752029575103336,16.534003419149354,16.659875197292962,13899200
2010-10-13,17.293724060058594,17.30720964869485,16.700334152148567,16.792488532581412,29848000
2010-10-14,17.34541130065918,17.471283019547837,17.147615335048705,17.23078042477423,21303200
2010-10-15,17.442066192626953,17.509497548163576,17.221793632261782,17.47803003953998,14348000
2010-10-18,17.612882614135742,17.615130782205494,17.251004723146256,17.421829484601798,20168800
2010-10-19,17.43083381652832,17.882618198759854,17.36115427169995,17.4443194055946,28970400
2010-10-20,17.873626708984375,17.965782804497724,17.365650100775316,17.478034579293418,19824000
2010-10-21,17.801698684692383,18.17931055811802,17.662343044699554,17.85789091755423,19506400
2010-10-22,17.821929931640625,17.952296331866705,17.691563531414545,17.790462416393083,14815600
2010-10-25,18.12311553955078,18.141097462866774,17.902842980906936,17.983759920978315,16515600
2010-10-26,17.988252639770508,18.0556839876405,17.842152529285805,18.021968313705504,15630400
2010-10-27,17.963525772094727,18.116368656065212,17.79270268371905,18.046690862513294,20665600
2010-10-28,17.183576583862305,17.869122209931806,16.929588420111198,17.83315837355106,44460800
2010-10-29,17.567934036254883,17.62862087086541,17.158853085394128,17.17234038241331,22865200
2010-11-01,17.379125595092773,17.70728787597635,17.239768305327125,17.662334796619714,13677200
2010-11-02,17.62637710571289,17.68256933192201,17.41509550126504,17.567938425147876,15381600
2010-11-03,17.756732940673828,17.806182344757975,17.531964169272893,17.660082300377443,14124400
2010-11-04,17.97926139831543,18.00398611115832,17.77022628100307,17.916326389206397,20202000
2010-11-05,17.936555862426758,18.087150588309374,17.790455759247216,18.04219578702703,23766400
2010-11-08,17.691556930541992,17.94329867344627,17.66683221852236,17.846647994146892,12224800
2010-11-09,17.60389518737793,17.869122482760073,17.540960187600835,17.754489896108858,10806400
2010-11-10,17.821929931640625,17.826424556025575,17.53422595517684,17.644362258543232,11910800
2010-11-11,17.80619239807129,17.866879246079282,17.540965029477764,17.73651458834904,9205200
2010-11-12,17.293724060058594,17.714040911165082,17.286981265740465,17.660096841769004,13316000
2010-11-15,17.163354873657227,17.50050825376073,17.154363911072373,17.424085929214872,13310000
2010-11-16,16.85541534423828,17.14986369969446,16.691335046362514,16.983533518342043,20359200
2010-11-17,17.055866241455078,17.195501172398693,16.859924741156135,16.86893372352148,14880000
2010-11-18,17.32837677001953,17.364410971327263,17.154956913971446,17.177478504574683,17200800
2010-11-19,17.353151321411133,17.46801195086844,17.287837504783337,17.296846484830677,10312000
2010-11-22,16.99505615234375,17.33739061133782,16.954516590575707,17.26757142711704,19955600
2010-11-23,16.812625885009766,16.925235567135367,16.78109531147759,16.89145231884021,14625600
2010-11-24,17.076133728027344,17.11667328612071,16.925237152236082,17.006316268422815,17354800
2010-11-26,16.999557495117188,17.069374944591058,16.943252656951213,16.959017942906193,4349600
2010-11-29,16.709028244018555,16.94325663193478,16.42299863679036,16.94325663193478,21576400
2010-11-30,16.6324520111084,16.729296419887962,16.497320717489558,16.562634548367647,18542000
2010-12-01,16.94099998474121,16.99955749756269,16.767580120924176,16.877938840912215,22343200
2010-12-02,17.341890335083008,17.35765562120159,17.00631397725185,17.019826588699974,26758800
2010-12-03,17.420719146728516,17.463511379879478,17.166221859376208,17.28108422724652,20678400
2010-12-06,17.636930465698242,17.645939447791392,17.375676858147436,17.40946011142484,18351200
2010-12-07,17.314868927001953,17.965752933487185,17.299103635845448,17.790082055375304,25374800
2010-12-08,17.553600311279297,17.60089617834498,17.341893528738755,17.341893528738755,14308800
2010-12-09,17.819353103637695,17.835118387205934,17.40945401257647,17.600890089701373,14858400
2010-12-10,18.062597274780273,18.07160625801327,17.79909095879465,17.79909095879465,23734800
2010-12-13,18.217998504638672,18.411687340732026,17.904943652454996,18.08511987337972,40988400
2010-12-14,18.16168785095215,18.285559178068983,18.051330852976303,18.19096574723102,24787600
2010-12-15,17.32837677001953,18.10313014015163,17.28558454507233,18.060339633491648,45802000
2010-12-16,15.132491111755371,17.904941206597954,14.997358105377419,17.382432299237543,202230800
2010-12-17,15.067178726196289,15.445547400049847,14.977090619414447,15.382486240788873,167890800
2010-12-20,15.312671661376953,15.364472896799779,15.089704861705297,15.202314599479216,64190800
2010-12-21,15.326181411743164,15.506355907288423,15.287892806459444,15.468069020292424,43468400
2010-12-22,15.438794136047363,15.48834097217075,15.328435367298944,15.375731246067671,23286800
2010-12-23,15.479326248168945,15.524369429592953,15.373472881706578,15.389238167033703,16600800
2010-12-27,15.947784423828125,16.028863541527326,15.461311435920505,15.468067742680843,31037600
2010-12-28,15.92975902557373,16.170743565189426,15.877957839695997,16.071646540877204,19129600
2010-12-29,15.900489807128906,16.03111747571422,15.839681323222067,15.97030899180738,12998000
2010-12-30,15.830665588378906,15.934266265322963,15.792378717868772,15.927509960913762,11019200
2010-12-31,15.850944519042969,15.871215163368143,15.754100085304634,15.82842291735016,11102000
2011-01-03,15.882473945617676,15.97256206410036,15.808152837285807,15.85544871287443,25710000
2011-01-04,15.900489807128906,15.97931625600359,15.82391603344713,15.974812623905486,18138000
2011-01-05,16.236055374145508,16.290109232864637,15.918497116031805,15.954531303557994,38512800
2011-01-06,16.479297637939453,16.564882081351332,16.33065377658723,16.380202303133668,28358800
2011-01-07,16.43199920654297,16.564879481268058,16.328398539246994,16.540105221883493,28248400
2011-01-10,16.173004150390625,16.495067952882707,16.166247843489497,16.373449273799583,18202400
2011-01-11,16.18876838684082,16.33290865231983,16.11444729747235,16.227056987270796,20593600
2011-01-12,16.353181838989258,16.35768547123668,16.2135451832903,16.2157978585579,18545200
2011-01-13,16.022104263305664,16.50407353008284,15.972555731869031,16.470290284259022,28109600
2011-01-14,16.01759910583496,16.114443484880255,15.93201466213297,16.05138063015196,25165600
2011-01-18,16.037874221801758,16.069404802214308,15.932020822579153,16.05138683675349,19341600
2011-01-19,15.567164421081543,15.99958522542859,15.416266128092829,15.981567262342246,42852800
2011-01-20,15.920755386352539,16.112191477990418,15.204557830280947,15.470316715069455,81365200
2011-01-21,15.799139976501465,15.990576107368799,15.745087805991428,15.88021909141028,24783600
2011-01-24,16.168498992919922,16.17750797403389,15.805895664948109,15.81715732091243,22922000
2011-01-25,16.12120819091797,16.301382714888216,15.83517853520461,16.028867394231423,30279600
2011-01-26,15.990579605102539,16.24732961904538,15.979317946234492,16.193277436712123,17839600
2011-01-27,15.900489807128906,16.04012645819814,15.880220885255865,16.00409052826245,19417200
2011-01-28,15.643743515014648,15.974816396767375,15.634734530403023,15.945538485495684,25048400
2011-01-31,15.731573104858398,15.846435467993826,15.618963416608464,15.742834760998385,24602800
2011-02-01,15.923006057739258,16.154983412662062,15.812649066369183,15.812649066369183,25448800
2011-02-02,16.236055374145508,16.236055374145508,15.934262395253244,16.006332488592186,27162400
2011-02-03,16.132461547851562,16.323899371475807,15.990573974827363,16.154984857657208,33462800
2011-02-04,16.418489456176758,16.441011045458318,16.125703640655118,16.211288085527013,28833600
2011-02-07,16.65047264099121,16.697768515415824,16.423000534035587,16.43651486836255,22240400
2011-02-08,16.794607162475586,16.79685983713649,16.62569264694112,16.659475893705473,15376000
2011-02-09,16.537338256835938,16.86230834227394,16.496716996156188,16.65017490075185,18674400
2011-02-10,16.866832733154297,16.959359671693747,16.45159442237209,16.45159442237209,24752400
2011-02-11,16.909704208374023,16.954838189737686,16.76301618631559,16.835231589548062,17280400
2011-02-14,17.092491149902344,17.36330007783485,16.81265680728062,16.92323621560086,28970800
2011-02-15,17.06316566467285,17.130868372393106,16.94581453419126,17.08573265999581,15855200
2011-02-16,17.142147064208984,17.198565400408363,17.029310391810228,17.092498652873374,20147200
2011-02-17,17.18276023864746,17.31365113017463,17.027045153149615,17.094747813387855,23475600
2011-02-18,17.11280632019043,17.39489793806875,17.054130781581573,17.282061290917422,26009600
2011-02-22,16.641157150268555,16.948073132597884,16.498983518561452,16.776560855001726,31588800
2011-02-23,16.44706916809082,16.82394488037853,16.42450218287464,16.61858135488489,28714800
2011-02-24,16.67951774597168,16.75398864124888,16.390654418263974,16.397426064880975,19613200
2011-02-25,16.853286743164062,17.01577183928553,16.740450062163166,16.740450062163166,24869600
2011-02-28,16.485441207885742,16.986434668563227,16.48092677607487,16.89390947745546,24857200
2011-03-01,16.406450271606445,16.89841819595748,16.36357351003859,16.67048937413378,26993600
2011-03-02,16.693056106567383,16.749474437752617,16.363573259055713,16.379370322917545,21544000
2011-03-03,17.11280632019043,17.128603381921593,16.826200272245725,16.857794395708048,20388000
2011-03-04,16.85553550720215,17.13762706825855,16.704333121945727,17.11957279513088,19520000
2011-03-07,16.73367691040039,16.9751472923149,16.6998255682767,16.83522921502068,18637200
2011-03-08,16.738191604614258,16.90519111976637,16.544112389951735,16.801379865806524,33497600
2011-03-09,16.63438606262207,16.84877682509593,16.541860864181814,16.790101259163446,17861600
2011-03-10,16.113073348999023,16.54636565523163,16.074709302684283,16.54636565523163,28557600
2011-03-11,16.363567352294922,16.424498370410326,16.072448661854192,16.108555485468823,17335600
2011-03-14,16.21688461303711,16.413221017636495,16.164978992826665,16.225911752280265,13971600
2011-03-15,16.06794548034668,16.203350898498208,15.898690429408681,16.00024449302233,24180400
2011-03-16,16.013778686523438,16.237194792711147,15.950590431985564,16.117588207800058,24056800
2011-03-17,16.119840621948242,16.248474308016696,16.05213795696472,16.15594744732257,13790400
2011-03-18,16.117595672607422,16.28008081481683,16.004758959601066,16.27556810386728,25268400
2011-03-21,16.239456176757812,16.320698731090637,16.164983548327516,16.212374751396457,14807600
2011-03-22,16.158212661743164,16.239455211245737,16.06794297099018,16.20334836799523,15354400
2011-03-23,16.2462158203125,16.331972752138324,16.10178508663235,16.10178508663235,17580000
2011-03-24,16.39742088317871,16.44029763436447,16.144666196963374,16.298124091852966,20558800
2011-03-25,16.268789291381836,16.453843072111365,16.259763873456787,16.356803472784076,29466800
2011-03-28,16.41773223876953,16.496717547801808,16.23945012881062,16.336489714693304,23174800
2011-03-29,16.293621063232422,16.35455385390949,16.19206870777283,16.329729638707967,23558400
2011-03-30,16.75172996520996,17.002225746422045,16.625351745298158,16.68628450101918,59673200
2011-03-31,16.614072799682617,16.907447124331096,16.60955836846051,16.814921945290383,18555200
2011-04-01,16.749479293823242,16.805897641365494,16.532833045871165,16.69757365651379,17270000
2011-04-04,16.979660034179688,16.981917249459205,16.708852740164374,16.742704082353985,15529200
2011-04-05,17.065420150756836,17.133121125895514,16.880368063909348,16.966123321118783,18078800
2011-04-06,17.15117073059082,17.15117073059082,17.045104004539958,17.085725267245596,18132000
2011-04-07,17.243703842163086,17.275297977714455,17.087988658551872,17.176001139266578,22079200
2011-04-08,17.313657760620117,17.53933108550463,17.223388086316145,17.336224748758404,23977200
2011-04-11,17.537067413330078,17.54835176411994,17.309136957026414,17.331705658606136,19004400
2011-04-12,17.383615493774414,17.507736507972457,17.32493994872163,17.358791290934807,20512000
2011-04-13,17.489683151245117,17.600262601336937,17.421980463249625,17.458089022647453,18258400
2011-04-14,17.22112464904785,17.435515263280095,17.18727503994558,17.408433854248067,18609200
2011-04-15,17.25724220275879,17.37684880868907,17.164715298246016,17.25724220275879,20256000
2011-04-18,17.07895851135254,17.218876602566855,17.027052885365485,17.05639152160854,15332000
2011-04-19,17.133119583129883,17.14666115433914,16.961609084154816,17.03607997792646,14261200
2011-04-20,17.460344314575195,17.58220810649176,17.243698147307093,17.28883211983144,14838400
2011-04-21,17.550613403320312,17.598006315835157,17.388130058593923,17.458088237090735,10989600
2011-04-25,17.548358917236328,17.573183121692782,17.44454939030519,17.550614410913532,7126400
2011-04-26,17.776287078857422,17.828192701254228,17.467115725072663,17.557385399555763,15200000
2011-04-27,17.80337142944336,17.82142571166318,17.577698066948958,17.7830616532594,8982400
2011-04-28,17.52579116821289,17.792084037651072,17.50096696483292,17.792084037651072,11416000
2011-04-29,17.629602432250977,17.70407332799696,17.503224187536137,17.5348183182771,10877600
2011-05-02,17.859785079956055,17.97939165518834,17.706327164888993,17.706327164888993,13503600
2011-05-03,18.053869247436523,18.092233306367053,17.89589858022191,17.970369482336718,18944800
2011-05-04,18.001956939697266,18.087713888740087,17.839473622998746,18.02001121546949,17334400
2011-05-05,17.7604923248291,17.911694780997323,17.647655647487746,17.8507620110524,20991600
2011-05-06,17.920719146728516,18.022271451909695,17.663449978217994,17.715355599327776,29754400
2011-05-09,18.02227210998535,18.0493535291729,17.837220049914222,17.857529822991747,19093200
2011-05-10,18.132850646972656,18.21183596344345,17.99067707732523,18.04709540648305,19706400
2011-05-11,17.904924392700195,18.110287986337863,17.816911915927246,18.103518060701663,17667600
2011-05-12,18.038070678710938,18.065152100157473,17.846248678279895,17.84850417208719,25078400
2011-05-13,18.03355598449707,18.0944870238567,17.986163071744148,18.053865757033346,21474000
2011-05-16,18.040328979492188,18.347244887344903,17.855276892853148,17.862046818184282,18763200
2011-05-17,18.189268112182617,18.234403806415493,17.997446146507283,18.008730500503173,22112000
2011-05-18,18.08978843688965,18.184747539717385,17.969958846422124,18.184747539717385,20127200
2011-05-19,18.006135940551758,18.119183002822908,17.954135257885344,18.11692157858833,14941200
2011-05-20,17.687345504760742,18.051355486768532,17.687345504760742,17.938308415659126,17216000
2011-05-23,17.39115333557129,17.576550381427786,17.318803310967795,17.429588908806753,18258400
2011-05-24,17.544902801513672,17.585599810800407,17.332375508537336,17.411508102994546,14828400
2011-05-25,17.80491828918457,17.879529789339617,17.321076838116692,17.400209463298474,18002800
2011-05-26,17.9269962310791,17.942822744520907,17.553940728567266,17.76420824998589,21110800
2011-05-27,18.042306900024414,18.051349144570203,17.718992321247068,17.784559806449277,15344800
2011-05-31,18.327192306518555,18.338497704656714,18.089794470271322,18.092054169929696,15274400
2011-06-01,17.902124404907227,18.25935336715154,17.902124404907227,18.25935336715154,17732800
2011-06-02,18.245786666870117,18.272918570170912,17.895341971943996,17.904385939710927,19466400
2011-06-03,17.890832901000977,18.168929517838894,17.85239730211758,18.04457702149637,18954400
2011-06-06,17.680557250976562,17.990306777066323,17.669253581387345,17.86143321401428,17628000
2011-06-07,18.046831130981445,18.11691975052977,17.752908108749775,17.81621590620112,27764800
2011-06-08,17.343679428100586,17.791346536679267,16.814620024741536,17.791346536679267,80785200
2011-06-09,17.28037452697754,17.34820345636275,17.156022064758435,17.246460062284935,32074000
2011-06-10,16.886964797973633,17.25323604743966,16.855311769623746,17.230626987898408,29456800
2011-06-13,16.9254093170166,16.98871540717457,16.79879713670066,16.923147892379077,20820000
2011-06-14,17.167325973510742,17.244197143521397,16.918622795587613,16.981928870881372,30033600
2011-06-15,16.920881271362305,17.189933796869603,16.91409872449423,17.079148173115268,22775600
2011-06-16,16.929929733276367,17.042976810962415,16.81688265559032,16.91184351181735,21041600
2011-06-17,16.828182220458984,17.067841390096483,16.776179823765098,17.0497551749064,25859200
2011-06-20,16.74226951599121,16.807835289849045,16.649570103017783,16.794270195252412,22546800
2011-06-21,16.95479965209961,17.00001951661399,16.764881396023572,16.857579099595508,25295200
2011-06-22,16.88018035888672,17.17636297305911,16.859831000110034,16.943486408484436,17722000
2011-06-23,17.027149200439453,17.047498570101872,16.73096642782639,16.77392486658819,20405600
2011-06-24,16.58852767944336,17.036193110844636,16.579483706844364,17.027149138245637,39700800
2011-06-27,16.706096649169922,16.742272541245985,16.529743487702802,16.68348757910312,20880000
2011-06-28,17.020355224609375,17.058790788768523,16.778434725254368,16.79426123549403,23297600
2011-06-29,19.57296371459961,19.74253426834454,16.90957582643966,17.16506150642944,132109200
2011-06-30,19.05069351196289,19.751585030130084,18.976082028668063,19.473488467377308,119880400
2011-07-01,19.889497756958008,20.106547880549538,18.93764182669223,19.014512990793772,61742400
2011-07-05,19.968626022338867,20.077151923122308,19.520959053428093,19.661137982573234,33089600
2011-07-06,19.941495895385742,20.174374231914413,19.636269251826324,19.86010189377512,33615200
2011-07-07,20.38238525390625,20.536129324436164,19.896282551130696,19.94150068512604,48524000
2011-07-08,20.28742218017578,20.38238127801957,19.98671664537622,20.115590199581618,20818800
2011-07-11,19.873674392700195,20.176639699234446,19.823933408054554,20.0342010181721,25733600
2011-07-12,19.828453063964844,20.07715796878379,19.80358257348295,19.900803111286393,18421200
2011-07-13,20.06358528137207,20.339420295167454,19.900797291265896,19.927929197937157,18855600
2011-07-14,19.88271713256836,20.21055291110607,19.846541245991425,19.952805756609653,17211600
2011-07-15,20.065853118896484,20.095244733464877,19.830715027465615,20.05228802370511,15998000
2011-07-18,19.912111282348633,20.09976983670066,19.830717252146826,19.96863481860203,13515200
2011-07-19,20.169857025146484,20.18342212088814,19.941501472047875,20.007068976401392,21594800
2011-07-20,20.040977478027344,20.23315708535491,19.946018386165832,20.23315708535491,9474400
2011-07-21,19.907588958740234,20.434386973904783,19.905327534437177,20.133683090128716,21060400
2011-07-22,20.239946365356445,20.29873132390783,19.918893105122844,19.918893105122844,9035200
2011-07-25,20.14046287536621,20.4004714357893,19.979936271095525,20.040980919213805,13357200
2011-07-26,20.167598724365234,20.346213320792646,20.054551642446235,20.12690170587593,10704000
2011-07-27,19.83976173400879,20.12237942252743,19.72671465860133,19.96863533097483,24094800
2011-07-28,19.6520938873291,20.11558736743883,19.59331067787023,19.925667473529828,19224800
2011-07-29,19.340091705322266,19.498356903212766,18.901468549795325,19.407918908006216,16708400
2011-08-01,19.371749877929688,19.744805628906356,19.231570861967533,19.670194133718674,13512800
2011-08-02,18.892423629760742,19.53227038691021,18.892423629760742,19.217999706182475,17327200
2011-08-03,19.77871322631836,19.83975787618526,18.948946543204304,19.11173457613089,35308800
2011-08-04,19.215740203857422,19.627231463839564,19.190869710812233,19.618187491372097,38827200
2011-08-05,18.858510971069336,19.369482429293633,18.28649141082015,19.29487095730967,33626800
2011-08-08,17.915699005126953,18.496760870561342,17.653430702129402,18.12822804675151,58529200
2011-08-09,18.711551666259766,18.73642215986518,17.20802527766249,18.166663956310163,58702000
2011-08-10,17.92473793029785,18.45832008351733,17.865952988004615,18.379187502523102,38429600
2011-08-11,19.10947036743164,19.374001744870267,18.01969700021004,18.121440368443633,37359600
2011-08-12,18.95347023010254,19.396614492146668,18.863032238367545,19.242870423685545,16598800
2011-08-15,19.41469955444336,19.496093562430275,19.10721146315078,19.242867568141985,18328800
2011-08-16,19.405658721923828,19.527749753645775,19.129823619695863,19.218000188445952,20360000
2011-08-17,19.022890090942383,19.509843820700667,18.873407625052142,19.446426912263526,19090000
2011-08-18,18.184877395629883,18.742042437782047,18.107869917879153,18.461195397473553,32999600
2011-08-19,18.028600692749023,18.49970023007456,17.9674491631066,17.9674491631066,31170000
2011-08-22,18.071622848510742,18.458920231281855,17.949318139007204,18.397768740520178,19341200
2011-08-23,18.973060607910156,18.977591374163325,18.06936627427791,18.16902239607531,20076000
2011-08-24,19.564199447631836,19.60949847022667,18.823578140011843,18.93455772140239,29150800
2011-08-25,19.05006217956543,19.688763512854273,19.011559318249056,19.584578385067353,24273200
2011-08-26,19.44416046142578,19.466809109198262,18.723922403182137,18.9141748460293,21498800
2011-08-29,19.6094970703125,19.9152581070801,19.493986730918195,19.700093381053502,18568800
2011-08-30,19.915254592895508,20.005850887650166,19.54607672214747,19.618553412355077,16622800
2011-08-31,19.9039306640625,20.12362613111237,19.64799771361242,20.044355016192494,24092800
2011-09-01,19.869962692260742,20.1485443437216,19.711418701495532,19.86769730908352,20800800
2011-09-02,19.376218795776367,19.731808001048652,19.274297266327505,19.41472167828793,15807200
2011-09-06,19.446426391601562,19.534757329985617,18.855287509812204,18.855287509812204,15809200
2011-09-07,20.039823532104492,20.05114698829302,19.636670130625834,19.663849535843198,16552800
2011-09-08,19.808805465698242,20.18024874506568,19.804276428234076,19.876753123525756,18386400
2011-09-09,19.557401657104492,20.02397200556003,19.469070738237527,19.677441022334946,26492400
2011-09-12,19.806547164916992,19.81334331551432,19.36262703153176,19.41472048488992,19608400
2011-09-13,19.8790225982666,19.91073278172245,19.627620337855266,19.854110292949017,17469600
2011-09-14,20.28896713256836,20.42938977487522,19.831456533619033,19.98320609092296,26147200
2011-09-15,20.497343063354492,20.51999171561827,20.010389263766918,20.386363457674992,21478400
2011-09-16,20.57661247253418,20.728360330665648,20.300294445500004,20.52452074952487,50275200
2011-09-19,20.390892028808594,20.53584547354668,20.082865526744822,20.264058196658112,22088000
2011-09-20,21.027324676513672,21.459921280571404,20.442981959131533,20.47469041170339,36064000
2011-09-21,20.705707550048828,21.31949501042806,20.70117851207455,20.982025521964545,28070400
2011-09-22,19.99906349182129,20.384095719780213,19.521169553930168,20.09871789586855,35689200
2011-09-23,20.402210235595703,20.59472630149764,19.922051034256793,19.922051034256793,21526000
2011-09-26,20.447513580322266,20.72836065056849,19.969619620220154,20.608321246672173,19095600
2011-09-27,20.266319274902344,20.76912545753321,20.184782763560907,20.640026269239435,20066800
2011-09-28,19.847314834594727,20.350122828905842,19.808811955602216,20.338799367545196,17090400
2011-09-29,19.86090660095215,20.15081349452231,19.478137987545182,20.15081349452231,15552000
2011-09-30,19.414722442626953,19.84505377417385,19.30827186962529,19.52796743892974,17952400
2011-10-03,19.084049224853516,19.623094840658393,19.074989416859104,19.24485692879554,26223600
2011-10-04,19.201812744140625,19.27202405762217,18.506488845657874,18.807720816370203,31600000
2011-10-05,19.249378204345703,19.353563362284643,18.848491798189762,19.16104727200658,25114000
2011-10-06,19.73406982421875,19.768043664213536,19.120282232776418,19.22446740824082,19486000
2011-10-07,19.534751892089844,19.931109176856886,19.426035990813695,19.80201001608056,17553200
2011-10-10,20.214223861694336,20.223283665180528,19.795217886347817,19.883548810362136,13322400
2011-10-11,20.49960708618164,20.578878227833435,20.03303658620867,20.09192446057056,17626800
2011-10-12,20.649089813232422,20.911819003576245,20.544904636090276,20.606057894661927,19065200
2011-10-13,20.97296905517578,21.04771115350093,20.488280699703132,20.497340505074167,13193600
2011-10-14,21.271928787231445,21.43726715739621,21.102061379847925,21.158683848975766,15800400
2011-10-17,20.65361785888672,21.271934417757464,20.617378639621947,21.093007160595075,13842800
2011-10-18,21.26966667175293,21.403294879133693,20.51771856846047,20.635494280438152,14400000
2011-10-19,20.402210235595703,21.39876612306434,20.35691121963122,21.33761288350748,21662400
2011-10-20,20.689851760864258,20.83027611918261,20.445242257205496,20.565283354209342,17646400
2011-10-21,21.16094970703125,21.16094970703125,20.81442046465976,20.948048665373197,14128800
2011-10-24,21.337623596191406,21.382922634898552,21.106604546720714,21.129253202083465,12138400
2011-10-25,20.538108825683594,21.206253489937353,20.50866575412699,21.17681041838075,16824000
2011-10-26,20.841602325439453,21.002411694257518,20.29349711673045,20.868781738756805,26746400
2011-10-27,21.38065528869629,21.40103855825754,20.5199926400484,20.610588981166305,41568000
2011-10-28,21.53919219970703,21.686411001185967,21.120186170867793,21.120186170867793,23299600
2011-10-31,21.1224422454834,21.713580846062627,21.117911481168147,21.353461114132845,17826000
2011-11-01,20.390892028808594,20.941262733292106,20.384097606083586,20.646826804659717,30528400
2011-11-02,20.723831176757812,21.287790688880733,20.637765614709007,21.072625919768097,24565200
2011-11-03,21.10433006286621,21.244754430336663,20.447508972669624,20.85066073943017,18410800
2011-11-04,20.982025146484375,21.20624967378828,20.75780061918047,20.911813827263558,13608400
2011-11-07,21.054500579833984,21.138302463646102,20.728354575787666,21.01826309492927,9647200
2011-11-08,21.412364959716797,21.439544381983556,21.15416649611812,21.160960919689416,19602000
2011-11-09,21.093000411987305,21.312695856541485,20.902749755660302,20.902749755660302,19594800
2011-11-10,21.0726261138916,21.36932740893372,20.970704594966772,21.36932740893372,11248800
2011-11-11,21.552783966064453,21.66376355512749,21.224372509476286,21.242492119766904,13648400
2011-11-14,21.249284744262695,21.679615948369083,21.192662262879775,21.42821199279044,10432000
2011-11-15,21.659236907958984,21.702270558588538,21.256085006213105,21.294587889417716,14153200
2011-11-16,21.202939987182617,21.56615916354391,21.15072641872178,21.46400436555549,12999600
2011-11-17,20.748918533325195,21.341420602603392,20.626331719133233,21.268776757004368,17227200
2011-11-18,20.614971160888672,20.805662252466362,20.528707174201813,20.776149566836953,12906000
2011-11-21,20.705785751342773,20.85561465782135,20.226789796823798,20.35391782619026,15844400
2011-11-22,20.621782302856445,20.92825008243092,20.574109960514132,20.646753777221257,13469600
2011-11-23,20.269908905029297,20.830629021790514,20.24947691713306,20.512811762237405,21064400
2011-11-25,20.208620071411133,20.519627328729676,20.15413764240908,20.213161284140998,6933600
2011-11-28,21.218826293945312,21.282389419898294,20.687616953402703,20.81020372429715,14792400
2011-11-29,21.089435577392578,21.225642562954206,21.007711039662443,21.218832473470993,14513600
2011-11-30,22.01337242126465,22.026992598485073,21.484433600974267,21.532105953211325,21504000
2011-12-01,22.192703247070312,22.306209296385575,21.736408443872794,21.775000084968415,19042400
2011-12-02,22.065580368041992,22.383397725599234,21.974776893281575,22.335725381760437,12928000
2011-12-05,21.806787490844727,22.313025368675806,21.61155689508613,22.31075476213015,16731600
2011-12-06,21.650150299072266,21.85673046382477,21.584316564908296,21.802248030434544,14135200
2011-12-07,22.03607177734375,22.122335780412026,21.577507945505413,21.627449169198343,16055200
2011-12-08,21.747764587402344,22.21767966699488,21.70009051193817,22.00655829894807,14238000
2011-12-09,22.06331443786621,22.124606964705418,21.68193390429589,21.936186438699107,11974000
2011-12-12,22.00201988220215,22.110986489737233,21.754577439456813,21.93845674945896,13644400
2011-12-13,21.77274513244629,22.142774466302704,21.686479371351023,22.12007358831773,13564000
2011-12-14,21.874900817871094,21.96116485042537,21.577515320938943,21.727342507161218,19150800
2011-12-15,21.75230598449707,22.09282423831322,21.69555294219438,22.09282423831322,21020000
2011-12-16,22.120075225830078,22.190448472382908,21.886252874540006,21.945274815277042,17556800
2011-12-19,22.37885856628418,22.55819837585448,22.135955630681927,22.135955630681927,23541200
2011-12-20,23.00768280029297,23.04173497176748,22.55592907249631,22.594520725250238,27454400
2011-12-21,22.864665985107422,22.987252764451572,22.587710861251978,22.95320059263952,15244000
2011-12-22,22.823806762695312,23.148434277502574,22.723920840611346,22.839697547393612,13439200
2011-12-23,23.264209747314453,23.268749229001617,22.816995460627936,22.912340163748212,7803200
2011-12-27,23.134811401367188,23.484408623953694,23.134811401367188,23.266477145524973,8719200
2011-12-28,22.864665985107422,23.155241284901525,22.837423901264696,23.08486806659791,9969600
2011-12-29,23.416303634643555,23.43900450326577,22.887364909116112,22.928227165422207,8637600
2011-12-30,23.048547744750977,23.427657692484292,23.039467049168877,23.420847603789117,8586800
2012-01-03,23.379976272583008,23.473052067229293,23.121182610736398,23.473052067229293,16829200
2012-01-04,22.962278366088867,23.25966371602018,22.7012140580285,23.084865129838043,16522000
2012-01-05,23.134811401367188,23.202914014145605,22.62403401168459,22.86239575435721,12096400
2012-01-06,22.86239242553711,23.205181242096867,22.751156961819376,23.14615760071054,13089200
2012-01-09,22.67851448059082,22.96908975995058,22.424260245168387,22.930498109528017,18002400
2012-01-10,22.65582275390625,22.916885450200077,22.576367082547975,22.89872578688611,18711600
2012-01-11,22.499183654785156,22.58771829144056,22.32211438147435,22.469672686555345,19016000
2012-01-12,23.005420684814453,23.082605750776178,22.560476880693894,22.560476880693894,16708800
2012-01-13,22.869203567504883,23.107567018431528,22.7647781860601,22.864664086557397,16623200
2012-01-17,23.275554656982422,23.368630466605048,22.97135921785181,22.996330692044943,17018800
2012-01-18,23.559326171875,23.58202704580273,23.18021620818838,23.191567511135077,11752400
2012-01-19,23.239242553710938,23.65467361733553,23.212000462667575,23.64559465228694,14567600
2012-01-20,22.832883834838867,23.27328625456896,22.65581462431214,23.24377529680296,20032800
2012-01-23,22.610410690307617,22.903256583257352,22.4288020022844,22.871475019554154,16166400
2012-01-24,22.93049430847168,22.989516211581776,22.471928864524024,22.48555076921212,12140800
2012-01-25,22.828344345092773,22.921420170556353,22.655816334714483,22.83969564691801,15088400
2012-01-26,22.89645004272461,23.189295981042097,22.69667993536104,22.864668474097805,13939200
2012-01-27,22.93958854675293,23.048553456811426,22.678524112956843,22.79430084536426,11362800
2012-01-30,22.673982620239258,22.819270319847757,22.587718589836086,22.733006289444585,12476000
2012-01-31,22.846508026123047,22.878289596061972,22.662628695481324,22.812455849198297,13240400
2012-02-01,23.27101707458496,23.314148207374632,22.837423016373954,22.969090485230574,15376800
2012-02-02,24.076915740966797,24.317549874322136,23.516195274816496,23.559328151279075,33740400
2012-02-03,24.297117233276367,24.476457091987797,24.197231303876137,24.242634786315225,16533200
2012-02-06,24.372024536132812,24.578604691786904,24.244898286499527,24.276679848907847,13349600
2012-02-07,24.285768508911133,24.415165407436785,24.07691594633651,24.39473340663493,13045600
2012-02-08,24.596769332885742,24.662603072858108,24.294842718105205,24.465101852941004,22742000
2012-02-09,25.520708084106445,26.083699035456505,25.43671468851773,25.665995736332505,39601200
2012-02-10,25.856693267822266,25.879394144362745,25.289162694480975,25.37769732536495,21888800
2012-02-13,25.586538314819336,26.144987976256264,25.5070844115191,25.936137221305582,22078400
2012-02-14,26.160886764526367,26.163157371591442,25.44579795201163,25.45033916614178,17960800
2012-02-15,26.179079055786133,26.645344847862898,26.074453924963855,26.43381963644792,21701200
2012-02-16,25.883398056030273,26.32236962727359,25.837907740062136,26.26095813453614,15971600
2012-02-17,26.158615112304688,26.21320177111273,25.88340513274596,26.022147597645287,15512800
2012-02-21,25.974374771118164,26.383778931406397,25.89476888863937,26.2154691034115,10819600
2012-02-22,26.465667724609375,26.554371696808545,25.769682178037854,25.881130447032955,14381200
2012-02-23,26.49295425415039,26.565737023999233,26.30644829795785,26.465660064727786,10890800
2012-02-24,26.734039306640625,26.786350985834908,26.361027499560265,26.49521998862854,11094000
2012-02-27,26.579378128051758,26.679455068033963,26.45200873918552,26.6271416488766,15812800
2012-02-28,27.054750442504883,27.05930034257298,26.622603641071724,26.647622885610918,11937200
2012-02-29,26.467941284179688,27.148005613733886,26.386060431793663,27.070672926356632,15217600
2012-03-01,26.65216636657715,26.83639737555427,26.508875774625846,26.71357612447681,11174000
2012-03-02,26.4201717376709,26.604402746025468,26.292800587755348,26.499777621819284,12213600
2012-03-05,26.43836784362793,26.572562115848807,26.36103690409046,26.42017345126974,10153600
2012-03-06,26.119945526123047,26.27006099330415,25.824266227105735,26.206376274601293,13302000
2012-03-07,26.301898956298828,26.40652408171951,26.1472353501817,26.32009508296629,10694000
2012-03-08,26.83185577392578,26.879619316257916,26.39288409217402,26.53844966936106,9520400
2012-03-09,26.649887084960938,26.92737189577721,26.61349657311895,26.854589136815388,8457600
2012-03-12,26.50432777404785,26.73632406557306,26.39970264199309,26.615776020216018,7709200
2012-03-13,26.67263412475586,26.70447821191139,26.31099524188508,26.590755030840878,12785600
2012-03-14,26.554372787475586,26.81366159921194,26.490688059719808,26.68174224298715,14996000
2012-03-15,26.61122703552246,26.7181271140789,26.452015260190446,26.524798033953395,13293200
2012-03-16,26.538448333740234,26.72495432857961,26.44519446868131,26.70903314860351,16006400
2012-03-19,27.02973175048828,27.229885710893257,26.417902059984502,26.483861730092645,15918400
2012-03-20,26.50206184387207,26.97515091656437,26.38379044333842,26.872800699473306,10588000
2012-03-21,26.554372787475586,26.75907493760394,26.515707307806533,26.631703746813695,8427200
2012-03-22,26.674915313720703,26.724953802740597,26.383784179726888,26.417901489083945,9368000
2012-03-23,27.016084671020508,27.06612315954825,26.588486039082497,26.727228489899094,10151200
2012-03-26,27.307214736938477,27.452780296825402,26.6680908963325,27.14800294808664,16363600
2012-03-27,27.250347137451172,27.357247201554102,27.191212334767908,27.289014336470807,10662000
2012-03-28,27.145727157592773,27.36180227609043,26.954673016886602,27.22078488513233,8992000
2012-03-29,27.066116333007812,27.107056746452052,26.736319811296642,26.961491217600972,8691200
2012-03-30,26.838680267333984,27.111615304754736,26.747701343100854,27.08659605720866,12002000
2012-04-02,27.061582565307617,27.270832907435757,26.633982078469614,26.838684254585797,11777600
2012-04-03,27.37545394897461,27.42776565897609,26.922836014428878,27.029734384734095,15691600
2012-04-04,27.061582565307617,27.2207944049097,26.88417285582099,27.177579019041033,10308800
2012-04-05,27.523286819458008,27.555129173708238,26.854593909646844,26.911455504419138,13395600
2012-04-09,27.179847717285156,27.373176830980018,27.000164833765915,27.216239978124825,13295600
2012-04-10,26.552087783813477,27.241249982245442,26.51797048249666,27.1752920643851,10679200
2012-04-11,26.697654724121094,27.054745461471335,26.604402613235038,26.843220264488192,14171200
2012-04-12,27.525562286376953,27.557406378511274,26.654443901989698,26.718128615701737,17164000
2012-04-13,28.012296676635742,28.130568029374523,27.364073112751065,27.38454418906398,21497200
2012-04-16,27.48234748840332,27.987278747589666,27.302664633585227,27.98500379783094,18308400
2012-04-17,27.766653060913086,27.862180119140543,27.57787215874115,27.66430115400246,10328800
2012-04-18,27.69841957092285,27.857633076320298,27.593794445519006,27.65975410321933,8480000
2012-04-19,27.564224243164062,27.807591772944512,27.409560652771386,27.582418632703575,8522400
2012-04-20,27.523286819458008,27.782575552797407,27.42548480703854,27.707517831231222,7841200
2012-04-23,26.861419677734375,27.47779921774129,26.49295761777771,27.350429788154127,17347200
2012-04-24,27.050193786621094,27.120701598038085,26.722670495665955,26.918274490511063,9430800
2012-04-25,27.700693130493164,27.839435552611068,27.19348697066045,27.234427385962096,12150800
2012-04-26,28.019121170043945,28.089628995228765,27.637011167742255,27.723440170719716,11107600
2012-04-27,28.094181060791016,28.251119646024886,27.94406732579736,28.144219550881726,9787200
2012-04-30,27.971357345581055,28.237469201036618,27.818966947976477,28.228371137352894,9375200
2012-05-01,27.99637222290039,28.510401493457625,27.985000945822105,28.08280295214125,17178000
2012-05-02,27.791677474975586,28.019123885644923,27.445957959002286,27.65975814032055,25366800
2012-05-03,26.477027893066406,27.86445014773589,26.242756717436883,27.75072698366007,47838000
2012-05-04,26.790912628173828,27.04110333012006,26.226844772356134,26.43382183673679,23403600
2012-05-07,26.954673767089844,27.086591362320178,26.602131147521764,26.602131147521764,13476800
2012-05-08,26.870513916015625,27.084314058333117,26.41789612722676,26.861415853015085,14596800
2012-05-09,26.706756591796875,27.061574165355328,26.51342749363858,26.681737348299855,17672800
2012-05-10,26.877342224121094,27.177571420052903,26.756795902802185,26.9069113684073,13468000
2012-05-11,26.820472717285156,27.05929207481592,26.67035903119449,26.6931033187503,8139600
2012-05-14,26.54754638671875,26.92055837622822,26.34511921199514,26.57256563170962,16246400
2012-05-15,26.52252197265625,26.815928005138367,26.486129719660887,26.486129719660887,12589200
2012-05-16,26.78230094909668,26.934977651065623,26.50201407695168,26.615952225625495,17339600
2012-05-17,26.208059310913086,26.948657443061414,26.208059310913086,26.66153275733982,17814800
2012-05-18,25.667991638183594,26.26274904412437,25.636089088624654,26.171598157430882,25934800
2012-05-21,26.483787536621094,26.50657482206932,25.672548352466865,25.811551315268577,13272000
2012-05-22,26.978269577026367,27.174243294587686,26.527075567614286,26.527075567614286,18594400
2012-05-23,27.156023025512695,27.2221073727518,26.750403418407867,26.802815741583196,16558000
2012-05-24,27.292741775512695,27.573030369857797,27.064865491464285,27.281349004445122,12749600
2012-05-25,27.20159912109375,27.436311471307313,27.105889737730244,27.206155882892734,11780000
2012-05-29,27.408960342407227,27.56163704201215,27.11727896448792,27.37933705009166,18006400
2012-05-30,26.77318000793457,27.285901568179224,26.766343998633893,27.05118930988092,18346400
2012-05-31,26.251346588134766,26.971436462712443,26.141966948045773,26.832431793740902,21004000
2012-06-01,25.579111099243164,26.180704308060548,25.50847001245685,25.89585897287967,18650400
2012-06-04,26.014358520507812,26.07816360456766,25.526701652568658,25.528980902301694,16646400
2012-06-05,25.934606552124023,26.09867780049015,25.781929816556094,25.92321377788438,11374800
2012-06-06,26.511123657226562,26.54758469388906,26.167031751153306,26.19893428895403,12384000
2012-06-07,26.61823081970215,26.889404180916127,26.558984231743423,26.85066562604506,9158000
2012-06-08,26.56581687927246,26.570373639862257,26.308315572719177,26.522519830158256,10376800
2012-06-11,26.513412475585938,26.873457519060963,26.483789176524784,26.723058296384608,10942800
2012-06-12,26.697988510131836,26.697988510131836,26.369846077274783,26.52708128277849,10398800
2012-06-13,26.1829891204834,26.654693026220766,26.126020041343338,26.38807815309928,14891200
2012-06-14,26.545305252075195,26.66380188181161,26.037142161819368,26.26501842363473,13152800
2012-06-15,26.98055076599121,27.00333804532208,26.645572370297685,26.745838485623086,12551600
2012-06-18,27.367942810058594,27.454536915241672,26.76634952752365,26.891682185784333,10931600
2012-06-19,27.652788162231445,27.70975723621155,27.45909365841072,27.541129264026726,10270400
2012-06-20,27.935359954833984,27.935359954833984,27.579873417352875,27.595824691763987,12702800
2012-06-21,27.226661682128906,27.99916221687404,27.187921388980676,27.933077879807335,13061200
2012-06-22,28.473146438598633,28.473146438598633,27.192482590145932,27.402128394286873,37216000
2012-06-25,27.63455581665039,28.094866877608812,27.607211775622638,27.996880007290578,16164000
2012-06-26,28.065248489379883,28.238433241334192,27.725711519805596,27.746221292717085,13128800
2012-06-27,28.129053115844727,28.28400908088661,27.92168483294763,28.11082259323784,13768400
2012-06-28,27.6915283203125,28.122216144038703,27.247170212935508,28.028786022788108,11514800
2012-06-29,28.17234992980957,28.26578005921232,27.693809986597124,28.088036800752707,15931200
2012-07-02,28.85370635986328,28.894724175670966,28.25666964945337,28.31591799196641,17042400
2012-07-03,28.789894104003906,28.94029331321051,28.63493987181537,28.824075900510717,6364400
2012-07-05,28.942567825317383,29.04739070916911,28.637212695350957,28.653163965968435,11298000
2012-07-06,28.548341751098633,28.87876341957227,28.4344036044301,28.730643481191546,9631200
2012-07-09,28.176910400390625,28.26806128608108,27.582153000994644,28.062972227917196,17684000
2012-07-10,27.864709854125977,28.42756451589657,27.757607729684388,28.33185690031139,18204000
2012-07-11,27.51378059387207,27.857874251380657,27.2494450224081,27.78039715341021,11644000
2012-07-12,27.94674301147461,28.126765456638903,27.140060882161276,27.142340131445277,15067600
2012-07-13,28.277172088623047,28.402504761705533,27.83509320419052,27.91484956953466,12112800
2012-07-16,28.974470138549805,29.851793492723573,28.682788770377982,29.213739195929147,30607600
2012-07-17,29.2205810546875,29.222862043360426,28.72153307023849,29.19779550777641,10766800
2012-07-18,29.127145767211914,29.35046528448553,29.031438147762376,29.05422542783731,11903600
2012-07-19,28.573406219482422,29.311726608350487,28.55973419920791,29.236527019724623,13832400
2012-07-20,28.655452728271484,28.753439634180886,28.17691271233018,28.39567381280167,11816800
2012-07-23,28.36376953125,28.498215743092953,28.085760106388584,28.268061881610077,11391200
2012-07-24,27.949026107788086,28.42984519798371,27.636834978105277,28.370596878349136,13504000
2012-07-25,27.846485137939453,28.2771712363757,27.696087673331682,28.11537926053717,15305200
2012-07-26,28.88787841796875,29.211464092351548,28.302236383699913,28.47770211213089,21036000
2012-07-27,29.427947998046875,29.50998361281195,28.644052896317675,28.924341536524732,13937600
2012-07-30,29.815336227416992,30.159431688506167,29.32996204078705,29.361864585810224,12652800
2012-07-31,29.411998748779297,29.778876291652296,29.282107575343442,29.721907210766414,8961600
2012-08-01,29.045120239257812,29.48948017830838,28.94029732372019,29.28211185903972,11612000
2012-08-02,29.457571029663086,29.46212605225604,28.755711590418723,28.894716276066415,11112400
2012-08-03,29.847246170043945,29.97485638176467,29.364149375067623,29.705963932369922,12934400
2012-08-06,29.858625411987305,30.21183430263095,29.765195312937337,29.851789402507134,9227600
2012-08-07,29.71506690979004,29.949779210989263,29.47351859804064,29.813055522869583,13179200
2012-08-08,29.885976791381836,29.970293390875803,29.71506955816284,29.80166366900443,7962800
2012-08-09,29.284379959106445,29.844957146797537,29.11119523530013,29.824449115777604,14203600
2012-08-10,29.416549682617188,29.462124245567352,29.168165358989942,29.211462410783295,5984800
2012-08-13,29.2410888671875,29.396043084196833,29.031441347143247,29.314007476039997,6454000
2012-08-14,29.59885025024414,29.66493284236174,29.291215877446852,29.423384538798185,8732400
2012-08-15,29.459611892700195,29.742659167335738,29.352328041677936,29.487002328530306,7735600
2012-08-16,29.601133346557617,29.66276530927093,29.37743666358149,29.37743666358149,9121200
2012-08-17,29.375158309936523,29.68331118916942,29.283851044114293,29.671900828580686,9582400
2012-08-20,29.254175186157227,29.382001857621074,29.217652284877392,29.356892798368133,8674400
2012-08-21,29.10808563232422,29.50298123445306,28.989389684917125,29.379720795091302,7605200
2012-08-22,29.2404842376709,29.331788021184103,28.87982663015835,28.95972005299447,8866000
2012-08-23,29.023632049560547,29.331786658370238,28.932326528781537,29.201676857250238,7000000
2012-08-24,28.911781311035156,28.993954357285045,28.717756442352474,28.89580123532489,10650800
2012-08-27,29.140050888061523,29.24961613579222,28.998527223108812,29.05559296424178,8820400
2012-08-28,29.080698013305664,29.27243978261511,29.03961061570421,29.18569875350761,7862800
2012-08-29,29.222217559814453,29.22906516820288,28.925475091926085,29.114933717708542,8583600
2012-08-30,28.920913696289062,29.012219220258835,28.802217734183973,29.012219220258835,8573600
2012-08-31,29.27472496032715,29.302115401280336,28.820482152268735,29.105810855585766,13784000
2012-09-04,29.33635139465332,29.480154665513446,29.13091441876485,29.299828491602984,10200800
2012-09-05,29.128623962402344,29.445909201297276,28.977969637541907,29.413952539934293,12698800
2012-09-06,29.560049057006836,29.560049057006836,29.172002777572082,29.25874032141213,15698400
2012-09-07,29.607975006103516,29.66504071706176,29.370579698029037,29.56231965092525,10789200
2012-09-10,29.372873306274414,29.646791619371626,29.31352619604524,29.31352619604524,11633600
2012-09-11,30.014284133911133,30.23113315010782,29.402537869792894,29.41851794153048,15890400
2012-09-12,30.463964462280273,30.46852721195435,30.034829147895767,30.050805737785076,14656000
2012-09-13,30.810924530029297,31.192123145952525,30.263094976334738,30.347551132750347,15745200
2012-09-14,30.644289016723633,30.883965716809353,30.53015758649375,30.872551877183398,13289600
2012-09-17,30.557544708251953,30.781244795064424,30.500478999312655,30.692222428439695,10649200
2012-09-18,30.509620666503906,30.552991175662868,30.251682469726198,30.37950913902702,13192400
2012-09-19,30.767562866210938,30.934197334892865,30.525604685733615,30.557561360834082,11976800
2012-09-20,30.72647476196289,30.778974263378426,30.466255147403345,30.65342894867512,12779600
2012-09-21,30.815486907958984,31.032335934041637,30.792659228154527,30.88396646435743,29225600
2012-09-24,30.527881622314453,30.808644015196098,30.475378647332775,30.612337781088215,10530000
2012-09-25,30.71506690979004,30.906806982548694,30.50049914517198,30.55071728084926,15398400
2012-09-26,30.24940299987793,30.71505782209182,30.217446330539875,30.61918781407766,10637200
2012-09-27,30.566692352294922,30.642019543465757,30.24940699234176,30.292777509956743,8432800
2012-09-28,30.651142120361328,30.72875067091111,30.413750235439796,30.582662553340445,9431600
2012-10-01,31.21039390563965,31.477461153958927,30.785824655820605,30.785824655820605,14700800
2012-10-02,31.04375457763672,31.29484516227967,30.92505689371319,31.178428853483638,10041600
2012-10-03,31.618980407714844,31.637241859134697,31.041475503247884,31.192126382184167,11717600
2012-10-04,31.881481170654297,31.91572269798281,31.54593440432588,31.68289354760855,8475600
2012-10-05,32.01614761352539,32.31973763646119,31.842669093139865,32.12571629451978,11280800
2012-10-08,31.6623477935791,31.842673948646823,31.62810626941649,31.72854250080221,6803600
2012-10-09,31.212678909301758,31.815292994131298,31.208112674783294,31.76735623922849,9978000
2012-10-10,31.367883682250977,31.49571033422573,31.116796611019147,31.187557544575526,8050400
2012-10-11,31.73996353149414,31.918008351818795,31.543657257416168,31.545938633004273,14057600
2012-10-12,31.755929946899414,31.95452101592091,31.598428006405317,31.812995665454377,8116000
2012-10-15,31.93169593811035,32.01158934380559,31.637238338891542,31.810716883553795,9694400
2012-10-16,32.221588134765625,32.36082862724784,31.961368597685833,32.00245424316499,8324400
2012-10-17,32.541160583496094,32.589097328141136,32.13941910724866,32.221593895914694,10126000
2012-10-18,32.38594436645508,32.66442540889184,32.21474717559719,32.495509593359714,11241600
2012-10-19,31.949968338012695,32.495516699527194,31.90203158156267,32.48410285437085,10134400
2012-10-22,31.728557586669922,31.968234437705007,31.50714219393453,31.913450062805918,9782800
2012-10-23,31.189844131469727,31.49571559738189,31.027775931552185,31.488867988668606,11923200
2012-10-24,31.15561294555664,31.584744945779693,31.144199100850326,31.38615728335209,11478000
2012-10-25,31.397565841674805,31.660066810641023,31.16245530897893,31.461479181649466,15875600
2012-10-26,31.571041107177734,31.703434006994744,31.242341974254874,31.461475890541927,12148800
2012-10-31,31.67375373840332,31.94995333622729,31.363316104202987,31.40897146339133,14271200
2012-11-01,32.84246063232422,32.95202582728112,32.025279194946414,32.143976854574994,21310000
2012-11-02,32.732906341552734,33.419980064976215,32.732906341552734,32.88356072772031,18498000
2012-11-05,32.29921340942383,32.84476182168282,32.23530005022321,32.58454214978976,13864000
2012-11-06,32.8379020690918,33.06159874358452,32.3905052370908,32.52289814163175,9089200
2012-11-07,32.541160583496094,32.776271107148624,32.306050059843564,32.53659434995474,10431600
2012-11-08,32.42703628540039,32.69866977132439,32.38595062350421,32.447579116348486,10133200
2012-11-09,32.6256103515625,32.826482791815394,32.02071513900319,32.166803236546656,11799600
2012-11-12,32.696388244628906,32.81964871276491,32.41790714967436,32.41790714967436,8943600
2012-11-13,32.516056060791016,33.050190520144795,32.516056060791016,32.55029759260569,10149200
2012-11-14,32.019588470458984,32.77002943785347,31.950949853334045,32.62589218210669,13608000
2012-11-15,32.03102493286133,32.14084461226469,31.69469889177791,32.03102493286133,13717600
2012-11-16,32.65105056762695,32.843235849771034,32.035596839021245,32.035596839021245,16632400
2012-11-19,33.32369613647461,33.32598630058077,32.86840034063685,32.946189115962405,15120400
2012-11-20,33.481563568115234,33.71951022029216,33.21158952976103,33.29852848746463,9566400
2012-11-21,33.554779052734375,33.60968713324841,33.344289931521736,33.45410958365359,6565200
2012-11-23,33.88881301879883,33.88881301879883,33.49528883785082,33.70120460198609,4454400
2012-11-26,33.689762115478516,33.77212771768002,33.49986354676107,33.77212771768002,8623600
2012-11-27,33.582237243652344,33.82475727217416,33.47928108885968,33.6600260280642,9981600
2012-11-28,33.69890594482422,33.7126364518556,33.3785972694799,33.410628137014335,10358400
2012-11-29,33.90254211425781,33.936863155933864,33.687479645498826,33.84534386923489,12572800
2012-11-30,34.25259017944336,34.30292141089588,33.86363941585957,33.93456815480809,14048000
2012-12-03,34.00777816772461,34.48366784176544,33.96202028372319,34.31893666647812,11736800
2012-12-04,33.76754379272461,34.14734085043326,33.678314699995724,34.08556578897399,9100800
2012-12-05,33.87508773803711,33.97804387983713,33.426655456520294,33.97804387983713,11971200
2012-12-06,33.96888732910156,34.067266615394146,33.64628845297833,33.964310492893986,9124000
2012-12-07,33.98720932006836,34.15422727419106,33.81332436241815,34.117619547201016,7557200
2012-12-10,34.01234817504883,34.15191196245076,33.923119097273954,34.03293869505024,9288800
2012-12-11,34.06727600097656,34.39445180344477,33.95287950199262,33.95287950199262,14492800
2012-12-12,33.83389663696289,34.27317860508787,33.822456293246056,34.24801124535193,18319600
2012-12-13,33.678314208984375,34.11302281399709,33.6073889685035,33.88651658601719,13042800
2012-12-14,33.591392517089844,33.79044132523261,33.46097882133811,33.60511953956805,9579200
2012-12-17,34.11989974975586,34.11989974975586,33.609688867954034,33.62570605299986,13903200
2012-12-18,34.48367691040039,34.67357549549408,34.021514130908564,34.09243939342834,11869600
2012-12-19,34.126766204833984,34.51113678585177,34.12447604042756,34.501986601538896,8640400
2012-12-20,34.88176727294922,34.89320412513365,34.163357702415226,34.29148116858394,10863200
2012-12-21,34.4951057434082,34.77194319123445,34.309784057105794,34.54086362417012,13930400
2012-12-24,34.588897705078125,34.68956710693756,34.37154521893695,34.37154521893695,3272000
2012-12-26,34.26403045654297,34.614083385864554,34.13590696490936,34.611796713193705,7614400
2012-12-27,34.181663513183594,34.46765468545288,33.83847410646045,34.248015420167846,11976800
2012-12-28,34.010066986083984,34.302921651495595,33.91855121230648,33.96659926275662,6973600
2012-12-31,34.6804313659668,34.68729487430497,33.941431209032274,33.941431209032274,12868000
2013-01-02,35.54985427856445,35.677977788532,35.218101665343866,35.270726564233534,15826400
2013-01-03,35.577301025390625,36.16758721053205,35.421723506925474,35.94565778658381,14937200
2013-01-04,35.86785888671875,35.963951472327345,35.41255982269275,35.60017165014436,10376000
2013-01-07,36.124107360839844,36.32544621059391,35.87472396173227,35.906754825002025,10242400
2013-01-08,36.4604377746582,36.4604377746582,35.9227730471285,36.069200367865974,11800400
2013-01-09,37.01640701293945,37.19029187594473,36.54052078551211,36.92717790890894,17552800
2013-01-10,36.72357177734375,37.240646312798255,36.43987062518069,37.07133819633276,16313600
2013-01-11,36.87228012084961,36.89287065265123,36.49248290913408,36.5565446688085,9578000
2013-01-14,36.75558090209961,37.02098152500201,36.50391078681179,36.899721557678184,8877600
2013-01-15,36.70981216430664,36.75557003618602,36.39865374798424,36.56567504244167,6696000
2013-01-16,36.65263748168945,36.78533783910102,36.44901185366745,36.63204694979044,5464400
2013-01-17,36.57940673828125,36.856244167812164,36.5176316832288,36.835653646495444,7833600
2013-01-18,36.2110481262207,36.27053301498953,35.806083773131014,36.26824634311069,13812400
2013-01-22,36.3895263671875,36.53366357935087,36.098958287511834,36.30487058551895,6918000
2013-01-23,36.3895263671875,36.59772882943952,36.16759688388222,36.215641457568665,7108800
2013-01-24,36.50620651245117,36.64577036676897,36.35520231116889,36.446721595781064,6794000
2013-01-25,36.57027053833008,36.63890913327796,36.38494877574356,36.58857439638978,6701600
2013-01-28,35.771785736083984,36.73957911582902,35.76034538825025,36.67094051993062,13532000
2013-01-29,35.84269332885742,35.941072591281824,35.49035033952296,35.6322042987171,11664000
2013-01-30,35.46519470214844,36.398670377596545,35.405709790638305,35.91820726669906,18708000
2013-01-31,36.12869644165039,36.492476403038424,35.77177998963923,36.37807992528595,16685600
2013-02-01,36.277408599853516,36.48789768915621,36.00057109295346,36.37807805367291,12738400
2013-02-04,35.840415954589844,36.240803636455816,35.819825425958726,36.09666644493447,10532000
2013-02-05,36.499332427978516,36.51534960730908,35.87472876503822,36.06233713470811,11105200
2013-02-06,36.79448318481445,36.808210202973065,36.29113591164338,36.42841307543609,15056800
2013-02-07,35.9342155456543,36.558819241293,35.91133834825936,36.373497534210316,20182800
2013-02-08,36.10354232788086,36.36436625324182,35.943387898467066,36.01202301742674,12914000
2013-02-11,35.7672004699707,36.188178638655614,35.677971363661364,36.05319164289847,11032400
2013-02-12,35.87472915649414,36.080641380030364,35.7877867331286,35.88387933685236,9805600
2013-02-13,35.484962463378906,36.08566302434786,35.340517810014475,35.87014354106307,13917600
2013-02-14,35.76239776611328,35.916011958168035,35.37721653799995,35.445999899725074,12760000
2013-02-15,36.22323989868164,36.24387385541352,35.707369989584386,35.847228193767194,17884400
2013-02-19,36.1360969543457,36.40664025472209,35.91828601788818,36.22780571754938,13210000
2013-02-20,35.633995056152344,36.13610892238211,35.58126267476887,36.02376267655398,15688800
2013-02-21,36.09713363647461,36.292015703522935,35.48955149005418,35.56521282142577,14220800
2013-02-22,36.55338668823242,36.58778010798648,35.92517413626443,36.29430778477529,11738000
2013-02-25,35.741756439208984,36.76432667660975,35.741756439208984,36.500657760761555,11183200
2013-02-26,36.186546325683594,36.360794416096226,35.76926330859649,35.76926330859649,11354000
2013-02-27,36.65427780151367,36.70701369222344,36.06504150958225,36.09943143963911,8318000
2013-02-28,36.37226486206055,36.76203250895953,36.29660352790607,36.76203250895953,11228000
2013-03-01,36.24386215209961,36.42269671629613,35.91599645209559,36.209468736852216,13212000
2013-03-04,36.56943130493164,36.578600782862,36.12234491343591,36.17049079488483,6570000
2013-03-05,36.750579833984375,37.092201695131074,36.65199301745667,36.70472541935596,10267600
2013-03-06,36.92710876464844,37.073844933958625,36.72993170915666,36.88125436770142,7516000
2013-03-07,36.801021575927734,37.092202538060064,36.60384443992384,36.883560923521635,8687200
2013-03-08,36.83769226074219,37.00506238751884,36.65885765986493,36.99130641798464,9571600
2013-03-11,36.954620361328125,37.05091914203229,36.77808075979163,36.998183262488055,6742000
2013-03-12,36.638221740722656,36.90647362765268,36.46167864474668,36.83998178051479,8340800
2013-03-13,36.539642333984375,36.77579586446716,36.420421569980455,36.56944927421894,11021600
2013-03-14,36.83539581298828,36.92939959012211,36.523581051091696,36.54650649774439,14853600
2013-03-15,36.351619720458984,36.830804524178916,36.347033232339854,36.69094637350131,17599600
2013-03-18,36.241573333740234,36.496065733652124,35.85868024014137,36.06044376273729,15162800
2013-03-19,35.7669792175293,36.535053568061606,35.69360937576783,36.22553023313865,17652400
2013-03-20,36.53045654296875,36.677192685706444,35.93204750024076,35.9962443440344,16070400
2013-03-21,36.1796760559082,36.622176109454706,36.1796760559082,36.328703737519895,14883200
2013-03-22,36.7047233581543,36.72077432653005,36.16134140346339,36.273687686691495,18790400
2013-03-25,37.601173400878906,37.66537024632023,36.79870933439673,36.85602819628832,19336800
2013-03-26,38.39445877075195,38.46782507715668,37.724971545943994,37.807510827189844,17264800
2013-03-27,38.66958999633789,38.80027515578737,37.9473703836598,38.19957472430262,13371200
2013-03-28,38.94014358520508,39.19693448132992,38.54808450474123,38.69023417152159,12456400
2013-04-01,38.3692512512207,39.20381382093654,38.2660744910895,38.919510979079,13235200
2013-04-02,38.50682830810547,38.724639383091436,38.36009209457592,38.61458809756109,9582000
2013-04-03,37.773128509521484,38.63978938755618,37.665368773501754,38.61456894937144,16624800
2013-04-04,38.16978073120117,38.181245204834454,37.83274549748658,37.92674928342682,8903600
2013-04-05,37.86713409423828,37.92674445168453,37.50716995911537,37.649323116819076,7962400
2013-04-08,38.126220703125,38.14456316262704,37.71123261498237,37.97719303006228,6125600
2013-04-09,37.773128509521484,38.26148631325068,37.60346342550911,38.250021841627515,6004400
2013-04-10,38.286712646484375,38.35778748363968,37.823575209630114,37.823575209630114,8996400
2013-04-11,38.431156158447266,38.495353015175546,38.11017187480587,38.28900647547269,6590000
2013-04-12,38.002403259277344,38.250021148293925,37.853375626274214,38.03908816842028,7076800
2013-04-15,36.9798469543457,37.80294872715082,36.9798469543457,37.74333485313701,10774000
2013-04-16,37.763954162597656,37.78458810977979,37.25725396929066,37.29164388126089,10092000
2013-04-17,37.19536209106445,37.60805867639628,37.128873737703444,37.54157032303527,9543600
2013-04-18,37.0073356628418,37.461299883383056,36.975237253277555,37.27787890081697,21010800
2013-04-19,37.592002868652344,37.62639278543712,37.08530260440791,37.160963919800004,7620400
2013-04-22,37.493412017822266,37.68141955585239,37.25496710212596,37.50258499446378,5403600
2013-04-23,37.98177719116211,37.986360181906846,37.49341929494907,37.66308441109214,6324000
2013-04-24,38.30275344848633,38.41968615885706,37.96801327395029,37.98176924023732,7447200
2013-04-25,38.692535400390625,39.08688957369605,38.38989353393925,38.497653307951005,9322800
2013-04-26,38.34173583984375,38.88512108229411,38.321101887191034,38.69252702880402,6127200
2013-04-29,38.49534606933594,38.63291273662711,38.325684477937926,38.45636966324543,10694400
2013-04-30,38.62374496459961,38.95389868344735,38.52744619416163,38.653548395005814,12161600
2013-05-01,38.064327239990234,38.577902225542594,37.50948083683187,38.28672480015075,12252400
2013-05-02,40.21490478515625,41.191620253057295,38.976818992999924,38.976818992999924,30677200
2013-05-03,41.16410827636719,41.462167028641296,40.451061564484704,40.57258075835586,15026400
2013-05-06,41.01508331298828,41.44612225960612,40.840835238072735,41.11825656127335,13084000
2013-05-07,41.221439361572266,41.23749032535174,40.63220316355855,41.1526595124213,11876400
2013-05-08,41.099918365478516,41.154945736217016,40.7422492018431,41.14577625699357,14449200
2013-05-09,40.94401550292969,41.242074325638086,40.86376768580837,41.0930431650508,11501200
2013-05-10,40.982994079589844,41.0448994418261,40.7078641896579,40.96694311593119,13837600
2013-05-13,41.02426528930664,41.37047354812377,40.840847680239705,40.94402095995652,12480000
2013-05-14,41.34295654296875,41.61120843676491,40.95777191447714,41.035724738629966,16074800
2013-05-15,41.74951934814453,41.756409943735015,41.27175152621314,41.34525588568601,13624400
2013-05-16,41.29930114746094,41.744911512836644,41.294706250583424,41.744911512836644,9913600
2013-05-17,42.39496994018555,42.397265637211405,41.4647009320941,41.54739158847736,13248800
2013-05-20,41.71506881713867,42.470766718563226,41.529015715520394,42.24337004097688,21192000
2013-05-21,41.7012825012207,41.96313563148694,41.434834472562265,41.698983299584334,13422800
2013-05-22,41.37740707397461,42.36050495543967,41.36822078283355,41.82301754924135,19563200
2013-05-23,40.90883255004883,41.23270103692252,40.68143239532936,40.97314710807201,16906000
2013-05-24,41.448612213134766,41.59791660696994,40.633191307974215,40.85829574700935,12306400
2013-05-28,41.352142333984375,41.92867763814466,41.26945169031099,41.905710156773424,9937200
2013-05-29,40.918025970458984,41.39119894615464,40.901949080592644,41.166097953857715,7490400
2013-05-30,41.58183288574219,41.80234240910513,40.96395058592976,40.96395058592976,9628000
2013-05-31,40.918025970458984,41.66683331497062,40.908839676946954,41.47618880932642,12514400
2013-06-03,41.38888931274414,41.5014380185552,40.77330270828046,41.058126779585145,15232400
2013-06-04,41.39118957519531,41.747218827381516,41.04664581595971,41.20743220262692,13528400
2013-06-05,40.70668029785156,41.38887694237606,40.623989689276506,41.31537262147426,12176800
2013-06-06,41.19594955444336,41.21202644041229,40.518344034900146,40.58495779001797,14664800
2013-06-07,41.33148956298828,41.57496670778868,41.241908283205454,41.494571723804235,13899200
2013-06-10,41.88044357299805,42.06649664548353,41.26026549641963,41.46928605033072,13779200
2013-06-11,41.26716232299805,41.7931643419847,41.244191333223206,41.47159151442268,7856400
2013-06-12,41.15000534057617,41.49225337903615,41.04894212242756,41.49225337903615,9994800
2013-06-13,41.86206817626953,41.97921179665192,41.04894641886142,41.15000964758793,9760400
2013-06-14,41.55887222290039,41.914901523628544,41.370523431376085,41.816133981524025,7427200
2013-06-17,41.885032653808594,42.19971479418857,41.689789811965866,41.8781420598499,14779200
2013-06-18,42.26632308959961,42.54655224727196,41.7403212473404,41.7403212473404,7579200
2013-06-19,41.949363708496094,42.52360346356008,41.926392716341006,42.32146994821553,12220800
2013-06-20,40.99151611328125,41.91489075314301,40.99151611328125,41.69668043292334,15534000
2013-06-21,41.230403900146484,41.68979558705619,41.06961751070417,41.34525182187391,17923200
2013-06-24,40.9478759765625,41.22580596392882,40.35296112214534,40.91112380314674,15527600
2013-06-25,41.45319366455078,41.66221764518864,41.00069274157833,41.29929792750682,12721600
2013-06-26,41.953956604003906,42.06650886178049,41.455516899361506,41.779388973976246,10392800
2013-06-27,42.32375717163086,42.4937333668553,41.91949372676267,42.135408392218395,11102400
2013-06-28,41.976898193359375,42.42939909996539,41.85515972659522,42.32373751311852,12656400
2013-07-01,42.54426193237305,43.058781853564334,42.179046403677916,42.24106175429241,11616000
2013-07-02,42.548851013183594,42.962300646942126,42.32374660694292,42.512098844220255,8749200
2013-07-03,42.962303161621094,43.05418358940742,42.24794904565216,42.30537299868864,4533200
2013-07-05,43.82365798950195,43.8397383770552,43.067960386729816,43.38264249572739,8495600
2013-07-08,43.20579147338867,44.278470689345305,43.19660167650957,44.00972696116128,19588000
2013-07-09,42.99906539916992,43.534257187348246,42.86124998254663,43.401033164529196,23330400
2013-07-10,42.884212493896484,43.139175015700204,42.67978333712632,43.03351689236121,15523200
2013-07-11,43.63301467895508,43.65598215548442,43.072556379419794,43.490600903002544,14235200
2013-07-12,43.80759048461914,43.80988618124122,43.44696633677407,43.619238215198834,7782800
2013-07-15,43.69963455200195,44.062554408026045,43.59627212263165,43.986754358519704,14529200
2013-07-16,43.499813079833984,43.80990045912955,43.34361803661959,43.685866208387615,7515200
2013-07-17,43.55952453613281,43.6307296948713,43.214980732006616,43.28389019380802,11118000
2013-07-18,43.874210357666016,43.96379161389805,43.63073327687541,43.69045645095084,5938400
2013-07-19,43.623836517333984,44.099308621230456,43.50439369093941,43.89028455126011,9048400
2013-07-22,43.92243194580078,43.94310372700117,43.46993093127768,43.69044044538796,7930400
2013-07-23,43.316036224365234,43.97985697436477,43.30684642924225,43.809880813388595,11710800
2013-07-24,42.89569091796875,43.60774930436887,42.645323335575846,43.59396461218376,13993600
2013-07-25,44.70110321044922,45.02038025676886,43.87190116858598,43.87190116858598,21923200
2013-07-26,44.37723159790039,44.698807847921735,44.06254944694927,44.560988954358294,8709200
2013-07-29,44.09470748901367,44.44384612187309,43.929326215810796,44.29913663160054,5776400
2013-07-30,43.972965240478516,44.37722859341186,43.906351494643474,44.26238069151127,13911200
2013-07-31,40.65846252441406,44.76772127995694,39.27569598407439,44.50357244545873,90073600
2013-08-01,41.15462112426758,41.7495327673353,39.80171217868294,41.7495327673353,74287200
2013-08-02,42.2640266418457,42.28469842240156,41.538187082260265,41.7173495235038,21698400
2013-08-05,42.38806915283203,42.52588806002418,41.98840063075952,42.264034940263414,11479600
2013-08-06,42.00908660888672,42.33525439423727,41.540508474900726,42.31228690519887,19986800
2013-08-07,41.66452407836914,41.804638666843324,41.322276049504666,41.66911897607256,15556400
2013-08-08,41.5244026184082,41.933260824354065,41.32915980444194,41.89880785947975,9626800
2013-08-09,41.301605224609375,41.655338753492615,41.24418126906548,41.52900535032003,10028400
2013-08-12,41.290122985839844,41.34065635109048,40.977736502872425,41.2074323431461,13622400
2013-08-13,41.16837692260742,41.492248839182245,41.04204353264422,41.460091567635224,11407200
2013-08-14,41.04182434082031,41.76439960838401,41.04182434082031,41.30876035796196,15338800
2013-08-15,40.02467727661133,40.8439055300268,39.91422091544356,40.834698784978585,17288400
2013-08-16,39.840606689453125,40.208795935416724,39.6634136177549,39.97637640806446,12612400
2013-08-19,40.26632308959961,40.70585232973383,39.62889438173275,39.65650760767756,11982000
2013-08-20,39.86131286621094,40.333058694908225,39.78767291712729,40.18117893343272,14135200
2013-08-21,41.051025390625,41.7666973142598,39.70022478844454,39.870511004062436,30930800
2013-08-22,41.17298889160156,41.75058768997822,40.735763157225044,41.33867524620323,10586400
2013-08-23,41.214412689208984,41.557288570446694,40.87383322803445,41.51356529425904,9807200
2013-08-26,40.27092742919922,41.29726232467286,40.264024122547625,41.29726232467286,13789200
2013-08-27,40.07992935180664,40.28933902552008,39.71174010742269,39.806086472542354,12762400
2013-08-28,40.31924819946289,40.45271444946836,39.89582555570046,39.89582555570046,15672000
2013-08-29,40.35606002807617,40.79558916412036,40.222590282041246,40.2962302155827,9404800
2013-08-30,40.137451171875,40.3859807052689,39.997078107032486,40.36527078865582,9886400
2013-09-03,40.73575973510742,41.0533222952949,40.328447188316915,40.507940138832325,12550400
2013-09-04,40.54475402832031,40.93365653325594,40.3284411431127,40.70813690197641,9753200
2013-09-05,40.549373626708984,40.66212997612207,40.323853905190404,40.53096363854342,7406800
2013-09-06,40.655216217041016,40.93596231953041,40.28242370873507,40.574676489787855,6697200
2013-09-09,41.087852478027344,41.110862329649066,40.79559962279657,40.79559962279657,10801600
2013-09-10,42.47776412963867,42.49157073992558,41.7275757095045,41.97610522870522,19507200
2013-09-11,42.87356185913086,42.924188428120715,42.091156993306384,42.572105887365225,11006000
2013-09-12,42.58592224121094,43.21875098706808,42.58592224121094,42.90118489278918,14212000
2013-09-13,43.49258041381836,43.56161695801396,42.61812571381132,42.68486232736004,16403600
2013-09-16,43.58003234863281,43.9712347991915,43.46497259780115,43.94362158262228,11380800
2013-09-17,44.090904235839844,44.15993728714653,43.39133888427159,43.566231977836374,10400800
2013-09-18,44.56264114379883,44.64318437581898,43.76182624229579,43.81935611906876,10474800
2013-09-19,44.806575775146484,45.56366749304397,44.64548929311495,44.7651524333441,14966400
2013-09-20,45.7546501159668,45.7546501159668,44.613256112668076,44.94232874811932,57707200
2013-09-23,45.15866470336914,46.2218159701252,45.10343474368011,45.55447063610911,19551600
2013-09-24,44.49131774902344,45.28753302282217,44.32563137426007,45.158666622749784,15296400
2013-09-25,44.08168411254883,44.64317616844123,43.879177859907145,44.475189942324036,10594800
2013-09-26,44.54193878173828,44.7582517168897,44.10471304868223,44.286505945110946,9326400
2013-09-27,44.424583435058594,44.5764631931074,44.13923390581653,44.180657254078,7258400
2013-09-30,43.975852966308594,44.17375594476936,43.78024991955401,43.90681639031603,9561600
2013-10-01,44.46369171142578,44.55343817928324,43.73881666421899,44.019559234139855,9384800
2013-10-02,44.14152145385742,44.41306076166985,43.95282179004632,44.15992792273903,8712400
2013-10-03,43.412044525146484,44.20825958149114,43.20263843789273,44.180646363687366,19646000
2013-10-04,43.83317565917969,43.98735535305534,43.26478002806925,43.40975648393793,9365600
2013-10-07,42.878170013427734,43.25096250724561,42.87587008234256,43.25096250724561,11785200
2013-10-08,42.003700256347656,43.349900357773095,41.99909688446405,42.85744490654479,16039600
2013-10-09,42.30747604370117,42.50307553299565,41.4468277567696,42.203919448453476,13448000
2013-10-10,43.49949645996094,43.520206375883085,42.698681442194854,42.78842792253635,10865600
2013-10-11,44.22897720336914,44.22897720336914,43.14741601096347,43.44657213090862,11915200
2013-10-14,44.51432800292969,44.5948677416784,43.72731953342781,43.80785927217652,8922400
2013-10-15,44.03797149658203,44.73983673609123,44.03797149658203,44.41997074317985,10567600
2013-10-16,45.018280029296875,45.0596998548824,44.14612513623266,44.27959487091659,10382800
2013-10-17,45.62809371948242,45.73625016430056,44.981458492811136,45.02748169007857,12605200
2013-10-18,46.12744140625,46.25170787117387,45.32202335995508,45.72933575511484,14387200
2013-10-21,46.033111572265625,46.410507480163645,45.85361861066446,46.2655345566215,11526000
2013-10-22,46.019309997558594,46.64063212581239,45.91115352022655,46.03542005268486,12202800
2013-10-23,45.76847457885742,45.819101157911014,45.374968625549144,45.720147931089734,7476400
2013-10-24,46.69355392456055,46.801710382829874,45.93415878549653,45.99398859825061,8885600
2013-10-25,46.72806930541992,46.9213688600598,46.37368678858013,46.88455240537499,11014400
2013-10-28,46.73268508911133,47.05945447387646,46.58770862895957,46.845444948267826,6854400
2013-10-29,46.9996223449707,47.232041847100874,46.82472922412196,46.82472922412196,8599600
2013-10-30,46.90297317504883,47.15149922454411,46.401310678717465,47.14229598659267,11946400
2013-10-31,45.25762176513672,45.77078749511317,44.70303268084413,45.345068337645756,24035200
2013-11-01,45.83060836791992,46.24712417294842,45.68333200297042,45.782281719592426,13233600
2013-11-04,45.200077056884766,46.02390538463111,45.147150548869135,45.95026545056994,11089200
2013-11-05,45.41868591308594,45.55675902164192,44.873303805845296,44.960750342020425,11058000
2013-11-06,45.798397064208984,46.067636535394996,45.423301047542,45.73396386655828,8878800
2013-11-07,45.12644577026367,46.10675380244638,45.12644577026367,46.0170073171856,10832400
2013-11-08,45.63039779663086,45.66952120477528,45.05049913794737,45.05049913794737,11462400
2013-11-11,45.855926513671875,45.95487624077221,45.61430026913833,45.71095006468257,8385200
2013-11-12,45.625797271728516,45.8352033619834,45.2990279814354,45.750060264971474,9016400
2013-11-13,46.06621551513672,46.06621551513672,45.30989790787016,45.34448420881932,8181600
2013-11-14,46.151527404785156,46.16997460344089,45.83332290369296,46.10079848809272,10909600
2013-11-15,46.57810974121094,46.702623932008024,46.056989582033026,46.061598742787616,12391600
2013-11-18,46.09388732910156,46.741833392896076,45.94862133793161,46.578116682184984,16380800
2013-11-19,45.51511764526367,46.209176384378395,45.38368618472809,46.19764996315728,14462800
2013-11-20,45.68345260620117,46.16306934056255,45.57969016543492,45.60505463037283,10197200
2013-11-21,46.488189697265625,46.57811760536992,45.52895633185721,45.95092682940626,12776400
2013-11-22,46.60578155517578,46.65651047404408,46.080048685489295,46.5089363969118,8150800
2013-11-25,46.56196975708008,46.72799103316296,46.41900835984786,46.698017412789326,6742000
2013-11-26,46.92859649658203,46.947043693760385,46.49048348009315,46.73029352496862,11246000
2013-11-27,47.036983489990234,47.230673831737576,46.81562058624756,46.92399569808229,5939600
2013-11-29,46.91476821899414,47.28600975528932,46.91476821899414,47.1568793578637,4139200
2013-12-02,47.29984664916992,47.61344202176866,47.062344659456585,47.062344659456585,8762000
2013-12-03,46.52045440673828,46.71645277196281,46.10078864343593,46.10078864343593,17032800
2013-12-04,46.74873733520508,46.88478144629055,46.365965937983006,46.52737450354567,11739200
2013-12-05,46.511260986328125,46.7948793016891,46.46744931191367,46.62194070380769,13260000
2013-12-06,46.54814910888672,47.002401413756225,46.34754147318861,46.97011968481119,9106800
2013-12-09,46.48356628417969,46.7395154279074,46.430532791246726,46.527377937732474,12667200
2013-12-10,45.98551559448242,46.506639387982176,45.98551559448242,46.32678356214686,15647200
2013-12-11,47.42204666137695,47.94086219715513,46.34752119618339,46.34752119618339,40328000
2013-12-12,46.91014862060547,47.41973880131657,46.69339845495012,47.26294290523409,11469200
2013-12-13,47.814048767089844,47.9616228505075,47.020836749303534,47.15688089277032,17674400
2013-12-16,47.90398025512695,48.55423091784026,47.79790972545995,47.97084828233767,14779600
2013-12-17,49.17219543457031,49.301322325046534,47.92473115614132,48.104586970510894,20647200
2013-12-18,49.65642166137695,49.686395282919406,48.42279198207519,49.137606032997574,16142000
2013-12-19,49.82472610473633,50.23747103464713,49.46962381253217,49.5595516753866,13394800
2013-12-20,49.79939651489258,50.31359960251838,49.783253891018845,49.972335104396045,23263600
2013-12-23,50.27438735961914,50.458855843488934,49.93312295144842,50.03458079349899,7994800
2013-12-24,50.435794830322266,50.634097830298884,50.041496929373395,50.375844069750215,5207600
2013-12-26,50.77476119995117,50.78629114112946,50.4957556230346,50.4957556230346,4898800
2013-12-27,50.65253448486328,51.051444982328874,50.53262947023836,50.95921252088993,5242000
2013-12-30,50.938480377197266,51.10219358711505,50.659471268379924,50.86469156485263,5940000
2013-12-31,51.346595764160156,51.35582112185184,50.96613244278998,51.07912020463325,6448400
2014-01-02,50.961524963378906,51.196722350310495,50.6133433215197,51.08373457693945,10654000
2014-01-03,50.99612045288086,51.30279857033396,50.78167482135545,51.132164601079545,7809600
2014-01-06,50.68943786621094,51.26128696911988,50.634096268467424,51.000725117604,8577600
2014-01-07,51.07682800292969,51.21518026382069,50.83471682403665,50.90158485511934,8178000
2014-01-08,51.24053955078125,51.420395360701924,50.87621525112446,51.05607106104513,8487200
2014-01-09,51.16905975341797,51.77088605680034,51.111413569256605,51.54721858077875,8386400
2014-01-10,50.98919677734375,51.360438291928645,50.73093951603903,51.15290994703502,6429600
2014-01-13,50.474998474121094,51.694793726190795,50.40813044724494,51.19442525967473,13554400
2014-01-14,51.33968734741211,51.33968734741211,50.34356317017285,50.43810375135865,10851600
2014-01-15,51.59563064575195,51.85849706016316,51.15060386843152,51.38580124504468,11288000
2014-01-16,51.13676834106445,51.59562962823471,51.02608515516854,51.4641981828427,13514000
2014-01-17,53.537147521972656,53.555594717968496,51.19901908575384,51.20132718428012,38344400
2014-01-21,53.47951126098633,54.30270038238751,53.223565605042644,54.0467512080003,19752400
2014-01-22,53.72393035888672,53.91531608152725,53.4218614472982,53.587882712276894,7254400
2014-01-23,52.6309700012207,53.57175621797936,52.494925841043916,53.41726485530408,13662400
2014-01-24,51.01687240600586,52.33351278548066,51.01687240600586,52.204382378926326,16043200
2014-01-27,49.857032775878906,51.205954912570405,49.60338815444231,51.205954912570405,19470800
2014-01-28,50.95000457763672,51.27282179915731,50.12911996580295,50.17984888896245,17852400
2014-01-29,50.064552307128906,50.89927136984171,49.921590909410355,50.52111257713173,16800000
2014-01-30,50.93156051635742,52.11215330606168,49.87778652392595,52.05450711877621,20040400
2014-01-31,49.67488098144531,50.4750105061365,49.60109567621556,49.836293153622144,24457200
2014-02-03,49.22291946411133,50.23057354422485,48.90010227001926,49.923895450615625,21662400
2014-02-04,49.46963882446289,49.7786249892006,48.74099386364546,49.38201903306851,14913600
2014-02-05,49.716373443603516,49.976935312663244,49.14221620310293,49.16988876305965,13520800
2014-02-06,50.5003662109375,50.5003662109375,49.75557843324823,49.82475456382749,12721600
2014-02-07,51.139068603515625,51.189797513157245,50.373529317143394,50.77243981710444,12537200
2014-02-10,50.855464935302734,51.21978924545955,50.726338044299084,51.164447641410604,10316800
2014-02-11,51.26590347290039,51.395030358824414,50.740170569670425,50.98920250042837,9809600
2014-02-12,51.7833251953125,51.951954389491526,51.48764515971746,51.61469600113347,14650800
2014-02-13,51.75562286376953,51.91732238425846,51.388333197633564,51.47842318224777,13158800
2014-02-14,52.20607376098633,52.26151510823927,51.63088167938729,51.80644418329564,12682000
2014-02-18,52.21992111206055,52.77894134933583,52.11828042804969,52.31694080367516,13427200
2014-02-19,51.71635437011719,52.61956297043416,51.67015148485912,52.17604276528173,9322000
2014-02-20,51.61933898925781,51.968148243613946,51.41836629091179,51.78103852688034,8810000
2014-02-21,51.59623336791992,51.89884323342812,51.50845211540844,51.681702361290405,9136000
2014-02-24,52.24995040893555,52.53638848115071,51.62162940729978,51.68168820716779,10817200
2014-02-25,52.46247863769531,52.76739720292108,52.08825927703213,52.24995878319616,11339600
2014-02-26,52.231483459472656,52.64497248899298,52.03513177393737,52.49020269471285,10413600
2014-02-27,52.270748138427734,52.62186958497076,52.1136696247125,52.24995895716276,8097600
2014-02-28,52.19221878051758,52.66577019514952,50.981775697596674,52.314648682011644,14004000
2014-03-03,51.15271759033203,51.753316379852635,50.72536553690815,51.56851892140665,16422800
2014-03-04,52.090576171875,52.199146612619614,51.41605560849947,52.00972464373397,14884800
2014-03-05,51.46916961669922,52.15986169321636,51.351360747871325,52.11827981171073,11328400
2014-03-06,51.711734771728516,52.22224705940674,51.58699614260817,51.68863332847624,9120400
2014-03-07,52.10443115234375,52.14370078342066,51.63780952314933,51.96352081740418,8971200
2014-03-10,52.090576171875,52.291545337821844,51.91039619038084,52.092884906330156,7350400
2014-03-11,52.47864532470703,52.75815723255437,51.889597392301646,52.19451594880487,11062800
2014-03-12,52.22917938232422,52.5941568253887,52.04206614216933,52.23379685137579,9394800
2014-03-13,51.00025177001953,52.5502655107472,50.919400245882215,52.35853481690078,11996400
2014-03-14,50.99794006347656,51.26358901338506,50.48742782108613,50.96328790167216,13692000
2014-03-17,51.693260192871094,51.716361638746996,51.138860739707155,51.27977110006431,8800000
2014-03-18,52.300785064697266,52.38394532369914,51.57082318287915,51.88267503533251,8304800
2014-03-19,51.702484130859375,52.457852505244915,51.28206193123823,52.3469733582792,7888800
2014-03-20,51.24049377441406,51.77179170199273,51.03028263275245,51.77179170199273,11890000
2014-03-21,51.598541259765625,53.7468449785812,50.750770493399976,51.506142540051385,38092400
2014-03-24,50.993316650390625,52.25919731801095,50.61216756212499,52.06515791034062,18228400
2014-03-25,50.45046615600586,51.52230745048089,50.45046615600586,51.325959302389286,11675200
2014-03-26,49.8221549987793,50.86396885829084,49.8221549987793,50.8085275040297,10657200
2014-03-27,49.84294509887695,49.93534382635337,49.21462388263787,49.63966366868621,10489600
2014-03-28,48.992855072021484,49.97460639292945,48.63018641695074,49.54494567384656,14950000
2014-03-31,49.863739013671875,49.863739013671875,48.895846918729895,49.15456620003312,11639200
2014-04-01,49.59577941894531,50.39504226108869,49.56113077288119,50.145561435069126,9090400
2014-04-02,49.586524963378906,50.01156466702559,49.288532604185484,49.61424387129092,9344800
2014-04-03,49.66737365722656,49.960745027665745,49.29084556187237,49.847553610778846,14210400
2014-04-04,47.978790283203125,49.829106048046874,47.528340133914426,49.79676612770786,24449200
2014-04-07,46.9877815246582,47.918712642976224,46.43569083519824,47.76625156769801,40124000
2014-04-08,46.79834747314453,47.56757885471773,46.66205814925098,46.851480077199035,21745600
2014-04-09,47.94179916381836,47.99724050295159,46.805278147472684,47.25804027176555,19142800
2014-04-10,46.55810546875,48.29522849897282,46.234702973480886,48.10811531806622,20403600
2014-04-11,45.42158889770508,46.2000587598779,45.00809639792471,46.02218754671264,29939600
2014-04-14,46.43338394165039,46.65052485732969,45.74038281916037,46.1538754627929,20925600
2014-04-15,47.1356086730957,47.34119878494256,46.008326158815606,47.08709706253201,19214000
2014-04-16,48.36222839355469,48.40842775379879,47.46594600072111,47.81706748318971,15832800
2014-04-17,48.03651428222656,48.86580455820164,48.03651428222656,48.58860488814244,13364000
2014-04-21,48.30910110473633,48.39457010061038,48.13815958820284,48.27444893967373,10012400
2014-04-22,48.503135681152344,48.6440460121399,48.17049466867122,48.357604356995594,9840000
2014-04-23,48.237483978271484,48.57936343278291,48.048062041786956,48.57936343278291,8819600
2014-04-24,48.371463775634766,48.62556552797525,47.95335377615317,48.46386601502449,13547200
2014-04-25,45.952880859375,47.0778545427346,45.8674118895632,46.20005283393301,38239200
2014-04-28,46.528079986572266,46.64588887060806,45.97136841782077,46.08455983370329,24263200
2014-04-29,46.81684112548828,47.13562274060022,46.61355968689102,46.63666113210822,12760000
2014-04-30,46.80298614501953,47.04091624941516,46.63897432777512,46.72213460381147,12145600
2014-05-01,47.606849670410156,47.888670310634275,46.976219855711484,47.14716134192792,14273200
2014-05-02,47.22107696533203,47.8401595505958,47.12405727039654,47.525999027801774,10908800
2014-05-05,47.847103118896484,48.020353379569606,46.89307055552511,47.06632081619823,13792800
2014-05-06,47.4382209777832,47.82168231549759,47.40126008443571,47.747760528802615,10873200
2014-05-07,48.209774017333984,48.27907482970219,47.225713761019854,47.81938284828598,14732000
2014-05-08,48.71797561645508,48.995178874556125,48.18898633099107,48.262904614975064,14613600
2014-05-09,48.69717025756836,48.71102971091362,48.08270864417409,48.55163894787375,11795600
2014-05-12,48.902767181396484,49.082947149538164,48.74799738952017,48.75954811051083,8732800
2014-05-13,48.985923767089844,49.1314550861394,48.833462720922206,48.969755578742614,7137600
2014-05-14,48.5693359375,49.036839348435855,48.5693359375,48.879460459089366,6838000
2014-05-15,48.01156997680664,48.529989750562095,47.773190322934795,48.37029777183428,12685200
2014-05-16,48.557769775390625,48.62257181733665,48.043979634642525,48.043979634642525,12279600
2014-05-19,48.68507385253906,48.82856362236654,48.33560535154582,48.458266644743,7039600
2014-05-20,48.120361328125,48.675812024352524,48.00001314755866,48.675812024352524,8740000
2014-05-21,48.62488555908203,48.75680273255154,48.275413641359016,48.33558948491197,9096400
2014-05-22,48.45592498779297,48.666533337691,48.300862745000245,48.631819227903655,16870000
2014-05-23,49.0808219909668,49.12710866176605,48.534630800063724,48.599432845472,11117600
2014-05-27,49.64320755004883,49.6478372761545,49.25439531188393,49.29373915516636,9676800
2014-05-28,49.48120880126953,49.64321392129677,49.298371676816345,49.64321392129677,7223200
2014-05-29,49.682552337646484,49.687182063840154,49.411771624182144,49.5274900588992,5260400
2014-05-30,49.719573974609375,49.978782090820246,49.37241873406451,49.962583349279925,6136400
2014-06-02,49.41641616821289,49.91863390170463,49.25903721345447,49.84457238618362,6364000
2014-06-03,48.90724182128906,49.34928356593904,48.786893658219334,49.30299689751113,9011600
2014-06-04,48.932701110839844,48.932701110839844,48.47445704664513,48.870215691708815,12589600
2014-06-05,49.11553192138672,49.18033396126704,48.74523152368807,49.09238682223819,6597600
2014-06-06,49.296051025390625,49.38862435652179,48.97435393225742,49.18727541901608,10002400
2014-06-09,49.19883728027344,49.525164028505564,48.97897301801574,49.40944562400726,5516400
2014-06-10,49.585350036621094,49.7080112967864,49.2381947271465,49.296053945392266,6835600
2014-06-11,49.221988677978516,49.50665855256859,49.09238460407384,49.293737069518606,6758000
2014-06-12,49.011390686035156,49.335400916163785,48.88641278909508,49.15488042631403,6218000
2014-06-13,48.90028762817383,49.08081160956637,48.79845838653268,49.03452141711164,7085200
2014-06-16,48.657283782958984,48.83086141748966,48.59479484572306,48.80540322316732,7899200
2014-06-17,48.7891960144043,49.04609102878566,48.57858765826056,48.63413376701312,5722400
2014-06-18,48.89102554321289,48.89102554321289,48.377235548479824,48.70587539107969,10326000
2014-06-19,48.675811767578125,49.101654827093284,48.1435061774607,48.941962796913366,15331200
2014-06-20,48.48371124267578,49.09238781033451,48.39345100449391,48.953527806987374,18358800
2014-06-23,48.47908020019531,48.557767886433524,48.18052466792932,48.37030459156461,14765200
2014-06-24,48.09025955200195,48.73828341193831,47.99537313125967,48.43278861871367,13089600
2014-06-25,48.384193420410156,48.715149994154395,47.97917888164366,47.97917888164366,8244800
2014-06-26,48.36104965209961,48.56934142141443,48.03703591695323,48.56239859786702,8580400
2014-06-27,48.435096740722656,48.57858643708595,48.1064568846175,48.16200299197373,12961200
2014-06-30,48.76606750488281,49.00444721349032,48.25459043611198,48.291621185192874,9961600
2014-07-01,49.585350036621094,49.83993200948103,49.025273227775656,49.05304452247076,10993600
2014-07-02,49.72189712524414,49.872333212098944,49.58535021723391,49.73115657780719,5768800
2014-07-03,50.108394622802734,50.22179995854594,49.78207132540447,49.8306710896899,5571600
2014-07-07,50.1616325378418,50.349095852693516,49.90705054764399,50.089884135915746,6612400
2014-07-08,49.819091796875,50.196334967730934,49.330759934099504,50.16856367761251,12149200
2014-07-09,50.02739715576172,50.05516845148058,49.64552418239455,49.87464796641485,5177200
2014-07-10,49.8839111328125,50.19635238081388,49.22200141428907,49.48121316061623,8536800
2014-07-11,50.22179412841797,50.231050048153826,49.61311411099243,49.97878474086225,5696800
2014-07-14,51.15449142456055,51.46230288742569,50.372233668836394,50.62681564006213,13716400
2014-07-15,51.32806396484375,52.01543168723074,51.12439840815248,51.302605770257344,10900800
2014-07-16,51.53404998779297,51.64745533106625,51.16606619369829,51.59653893461266,8853200
2014-07-17,50.425472259521484,51.378991145308376,50.41389970837958,51.36510549651681,9806000
2014-07-18,50.96238708496094,51.353515876001374,50.66614823771818,50.72632053962994,11068000
2014-07-21,50.73558807373047,50.9461964611462,50.5712663514252,50.80733293436862,6168400
2014-07-22,51.20771789550781,51.515529340215465,51.05728535048691,51.12903021138753,7699200
2014-07-23,51.1938362121582,51.503960778131486,51.073488047957206,51.26095488373907,8189200
2014-07-24,51.550235748291016,51.80713074574636,51.33962740602362,51.700668260513204,11947600
2014-07-25,49.705692291259766,50.15236370793054,48.91186207493196,49.5506300285657,27530400
2014-07-28,49.57841110229492,49.74967567305853,49.32382910946343,49.62469777423336,10401600
2014-07-29,49.411766052246094,49.92324302985499,49.37242221265248,49.620057798670146,10577200
2014-07-30,49.5413703918457,49.71031829960497,49.400193775376735,49.40945322677082,10422800
2014-07-31,48.83548355102539,49.379361506575634,48.83548355102539,49.35853303971092,13874000
2014-08-01,49.0206413269043,49.30993740529965,48.55082477810595,48.57165324820331,14100000
2014-08-04,49.10165786743164,49.335407885656686,48.95353837967027,49.26134990749957,8079600
2014-08-05,48.72671890258789,49.15487854089265,48.40965150873465,48.94889986004441,11151200
2014-08-06,48.76142883300781,48.92112081910758,48.55776328187235,48.59710712126062,7528400
2014-08-07,48.37955093383789,48.937314513375334,48.27772170022073,48.87482558364217,9568000
2014-08-08,48.70819091796875,48.72901938260837,48.187458113306114,48.3425203469211,9256800
2014-08-11,48.735965728759766,48.88408515154027,48.608674772125205,48.842424687802776,9018400
2014-08-12,48.67117691040039,48.87946869127731,48.474454148447094,48.62257361142428,6442000
2014-08-13,49.02593994140625,49.18130123926342,48.80102164617777,48.91463954635517,6451200
2014-08-14,49.27870178222656,49.2949313984984,48.998127912433546,49.1789924261863,7136800
2014-08-15,48.7384147644043,49.46419369975425,48.678124247954266,49.364484366181564,8999600
2014-08-18,49.69607925415039,49.72158242959485,48.988850865732786,49.03986429297448,8352400
2014-08-19,49.85375213623047,50.013748465008426,49.65201948073281,49.79578265700229,8212400
2014-08-20,50.13200378417969,50.18765575671142,49.72157888992648,49.756362699574865,7296800
2014-08-21,50.02767562866211,50.31056705547976,50.01840206599246,50.20158411868063,5544000
2014-08-22,50.106483459472656,50.30589855081421,49.9233015158587,50.13199016434803,7145600
2014-08-25,50.09026336669922,50.391705334814034,50.05084454952529,50.363877581733256,4962400
2014-08-26,50.25489807128906,50.54938400549663,50.127364514098694,50.199249637734056,6944000
2014-08-27,50.347652435302734,50.44040218533063,49.92099438591636,50.34533139173753,8035600
2014-08-28,49.76100158691406,50.0253422664293,49.568542494381084,49.85375133692159,11083600
2014-08-29,49.27870178222656,49.85375809420514,49.18131347006559,49.75173123246223,14646000
2014-09-02,49.791133880615234,49.84678584298652,49.32274313214837,49.48505693301191,8066400
2014-09-03,49.830570220947266,50.12273870344289,49.69376307911216,49.86999258618615,7788400
2014-09-04,49.68215560913086,50.11344862754647,49.621868631266075,49.95577336012665,9492400
2014-09-05,49.670562744140625,49.707660516309936,49.41317815315769,49.70534301122925,8202800
2014-09-08,50.03229904174805,50.13664339655418,49.50593518052108,49.6241916442112,10266400
2014-09-09,49.68679428100586,49.962729537851494,49.62186875447463,49.92098967755237,7328800
2014-09-10,50.28968811035156,50.700109511367316,49.631152080236774,49.6381116734694,12646800
2014-09-11,49.8421516418457,50.25953255059306,49.72621269709232,50.24793794848256,8861200
2014-09-12,49.63114547729492,50.02765825362284,49.33202453514836,49.82592560748158,8710800
2014-09-15,49.7702751159668,49.99519697468139,49.58709312145319,49.58709312145319,7036800
2014-09-16,50.38706970214844,50.4983701063849,49.540713221994885,49.832881648107666,9211600
2014-09-17,49.976646423339844,50.431128690685924,49.55230941697101,50.317507239305364,12321200
2014-09-18,50.18765640258789,50.243304837659636,49.88853191137251,50.069396401708055,9215200
2014-09-19,50.14359664916992,50.584163250701465,49.967370716192505,50.47750139643325,20475200
2014-09-22,49.59404754638672,50.31286693032572,49.563902286464,50.31286693032572,9074000
2014-09-23,49.264774322509766,49.59867548666855,49.264774322509766,49.59867548666855,7959600
2014-09-24,49.716949462890625,49.85375659694779,49.21609226838218,49.338987292287975,8336000
2014-09-25,48.85898971557617,49.68447440334901,48.791743148909745,49.63113994339269,11729600
2014-09-26,49.14421463012695,49.209140174844464,48.82422191817862,49.030593157782896,7178800
2014-09-29,48.910011291503906,49.032909852579024,48.49031279388679,48.74306243287919,8788800
2014-09-30,49.47579574584961,49.62651853225441,48.9308847007214,48.965664977027394,11456000
2014-10-01,48.696678161621094,49.577814919227194,48.63639117931385,49.35521410903421,11686000
2014-10-02,48.62942886352539,48.694354386319766,48.18422376228869,48.462476508289676,11411600
2014-10-03,49.15579605102539,49.22767763209852,48.73609409057669,48.933191715860204,9960800
2014-10-06,49.109413146972656,49.42476719565831,49.079271429453634,49.29491615293637,8937200
2014-10-07,48.24219512939453,48.94710234953614,48.195820259599486,48.88217682418793,8949600
2014-10-08,49.24158477783203,49.283321096246034,48.16103305089076,48.23755317282528,14038800
2014-10-09,48.16335678100586,49.20680725767496,48.13321152390808,49.20680725767496,10996800
2014-10-10,47.53033447265625,48.59465680152166,47.53033447265625,48.20510006080935,11744400
2014-10-13,47.36802673339844,48.1726434925985,47.238175649177684,47.41904016479612,12188800
2014-10-14,47.006290435791016,47.74366049499263,46.941364903717016,47.39816467177945,14018000
2014-10-15,46.43355941772461,46.83238977417943,45.66836147623913,46.57500510853913,19668000
2014-10-16,47.07122039794922,47.11991632067578,45.26025430736788,45.700820964787454,15625600
2014-10-17,47.766841888427734,47.899013974501536,47.20338035476715,47.49786270630164,12731600
2014-10-20,48.19581604003906,48.27697117053128,47.567425464078404,47.65785769062288,7628000
2014-10-21,49.46186828613281,49.478101435489165,48.20740815006138,48.64333968142533,12986000
2014-10-22,48.90768814086914,49.61027792207313,48.87290786979017,49.45723765297346,11042000
2014-10-23,49.68679428100586,50.062435332818794,49.31578823953385,49.59172349637948,9729600
2014-10-24,49.50128936767578,49.6566471243768,49.12564833022482,49.53607317295779,10896000
2014-10-27,49.485069274902344,49.79114629884322,49.206816469998905,49.40391058514133,6658800
2014-10-28,50.250267028808594,50.285047302527026,49.635788400430805,49.763321967692335,10497600
2014-10-29,49.77490234375,50.642123276884895,49.56389264170394,50.15749939799476,16095200
2014-10-30,54.87390899658203,55.48374906555388,52.87280492946232,52.99106139630641,50857600
2014-10-31,55.982269287109375,56.23038029229023,55.02229510117213,55.02229510117213,24956000
2014-11-03,56.007781982421875,56.392700115160686,55.41881371977057,55.877930934793284,12716000
2014-11-04,56.33937454223633,56.34864810158642,55.44200818717836,55.56953820366619,16644400
2014-11-05,57.860496520996094,58.512072903629054,56.578211919161014,56.61531323515555,21939600
2014-11-06,57.99034881591797,58.178169367122386,57.39905940563184,57.85585919622407,13212000
2014-11-07,58.53294372558594,58.53294372558594,57.74687769040239,57.99730627747543,9507600
2014-11-10,58.01818084716797,58.52599056302544,57.62862406863336,58.428602252935924,13145200
2014-11-11,57.90685272216797,57.94163652151129,57.54280634863182,57.77931920092597,8467600
2014-11-12,58.534149169921875,58.58293886813613,57.695457696259204,57.81394544406951,10897200
2014-11-13,58.29484939575195,58.63868858223702,57.985857458069866,58.63868858223702,12473200
2014-11-14,57.811614990234375,58.35060941306075,57.78605915906606,58.34596193148749,8532800
2014-11-17,58.034645080566406,58.41333150234202,57.65363314562711,57.75120898378344,9876800
2014-11-18,58.018375396728516,58.48302422858152,57.86504397640886,58.03231429448583,7647200
2014-11-19,58.048587799072266,58.27394280142417,57.42828193677026,58.13454671203481,6642800
2014-11-20,58.46909713745117,58.52020880287509,57.502626521240714,57.5072740030947,6704000
2014-11-21,59.0615234375,59.60516181327834,58.73627061737361,59.27526151143876,11886800
2014-11-24,59.15445327758789,59.30081882279117,58.91748487915109,59.24273770739177,10724800
2014-11-25,59.767784118652344,59.939701925148306,59.200911951851865,59.32636558213241,12966400
2014-11-26,59.767784118652344,60.16041296590298,59.38212472058455,59.81889577598612,7977200
2014-11-28,59.98385238647461,60.28819685929812,59.91647630845099,60.07445523831758,5186800
2014-12-01,59.974552154541016,60.55536324860006,59.53778107741195,59.53778107741195,10925600
2014-12-02,60.40669250488281,60.46244811331163,59.99315519908072,60.21154078540122,8535200
2014-12-03,60.77608108520508,60.84113165140259,60.100016045448854,60.32072712182252,9382000
2014-12-04,60.66922378540039,60.927100579131604,60.41598383932947,60.887602294245525,7362400
2014-12-05,61.182647705078125,61.21516944255363,60.63668380834799,60.78537486532123,7838000
2014-12-08,61.12455368041992,61.712334154038324,60.98980155225096,61.21748202641122,12342000
2014-12-09,61.36617660522461,61.503247164244684,60.288187877368195,60.288187877368195,10454000
2014-12-10,60.80396270751953,61.52881394498049,60.63668879964543,61.28255056532979,8528000
2014-12-11,61.12919998168945,61.700716067130784,60.987485489315134,61.0897088008547,13383600
2014-12-12,59.65627670288086,61.43820849482315,59.65627670288086,60.52749345924545,15325600
2014-12-15,59.637699127197266,60.13719536025718,58.79900403561083,59.979216409425526,12825200
2014-12-16,58.87334442138672,60.04426172798034,58.627081051941644,58.75950415560982,12050400
2014-12-17,60.19061279296875,60.302131076556385,58.94070971641652,59.03828555581349,9714400
2014-12-18,61.37082290649414,61.43819897707648,60.66920567311961,60.83182852179342,10318000
2014-12-19,60.79234313964844,61.46840106318411,60.724967062636885,61.18496494504343,15563600
2014-12-22,61.38245391845703,61.405687786361895,60.87598821204385,60.9665981698785,5680000
2014-12-23,61.62639236450195,61.89588960567515,61.3476001591558,61.56831124588653,5537600
2014-12-24,62.17698669433594,62.46042277505471,61.6542567406317,61.67980902406744,5236800
2014-12-26,61.94233322143555,62.569611966063704,61.94233322143555,62.17698314494091,4768800
2014-12-29,61.6658821105957,62.19326319286021,61.57759767797098,61.90982705705563,5262400
2014-12-30,61.4614143371582,61.654247550613995,61.119897201377924,61.58919700522622,4781600
2014-12-31,60.91548538208008,62.088721245011214,60.910834354595565,61.67750944154403,5904800
2015-01-02,61.570621490478516,61.97254533029908,60.9828409317697,61.18961308976379,8389600
2015-01-05,60.211544036865234,61.21750600648832,60.141842432584546,61.21518049268463,12751200
2015-01-06,59.82355880737305,60.58558288450462,59.21022226858446,60.35558389807798,11070000
2015-01-07,60.625064849853516,60.669207060211974,59.81192931795654,60.04192824247121,9346800
2015-01-08,61.438201904296875,61.59385531101475,61.01536971563692,61.14779634999405,10443200
2015-01-09,60.52748107910156,61.44283986442844,60.35091225046633,61.24303717571299,10523600
2015-01-12,60.40900421142578,60.869009199755645,60.20456463992578,60.64597970085932,6425600
2015-01-13,60.58557891845703,61.75417079448026,60.1975939088915,60.87365901108109,10284000
2015-01-14,59.37283706665039,60.07910539402228,59.03828928473632,59.62375144807579,12225200
2015-01-15,58.80829620361328,59.81658358653111,58.62940536309876,59.640014714598266,10569200
2015-01-16,59.23112106323242,59.26597185963544,58.42960237582251,58.52253074291729,11137200
2015-01-20,59.670204162597656,60.33233018847448,59.07080672374869,59.52616415422714,14933200
2015-01-21,59.77242660522461,60.31839041123626,59.12656500002194,59.51222438873701,9784000
2015-01-22,59.846778869628906,60.17203167691363,58.864043907995594,59.3472791823827,11566000
2015-01-23,60.00709533691406,60.555377737703495,59.9815359558707,60.06052543276506,6166800
2015-01-26,59.59819030761719,59.77475915672998,58.963945557751366,59.693444182008065,8552400
2015-01-27,58.31111145019531,58.961617034806864,57.751208708807205,58.961617034806864,11027600
2015-01-28,57.2354621887207,58.78041864786378,57.221523286351,58.66890388391571,11430800
2015-01-29,57.616458892822266,57.80231914663572,56.9589803276385,57.50726612664396,15668400
2015-01-30,59.2218132019043,61.245356725235595,59.2218132019043,60.49727187935738,22151600
2015-02-02,59.32172393798828,59.54707893704576,58.011414187844764,59.54707893704576,13665200
2015-02-03,60.35557174682617,60.50890673690037,59.1823325479085,59.64000845981327,15075600
2015-02-04,61.540443420410156,61.96791967192536,60.19528251000225,60.30911925215023,22170800
2015-02-05,63.14579391479492,63.14579391479492,61.77508083378577,62.088720315113655,16565600
2015-02-06,62.12821578979492,63.29680764489559,61.80760687181835,63.13417767230499,11242000
2015-02-09,61.67282485961914,62.341920175108896,61.6310081748953,62.12586021405864,7834400
2015-02-10,61.4614143371582,62.23273301102598,61.24767986944593,61.97253082947485,9396800
2015-02-11,61.90829086303711,61.98044176994659,61.50331388840128,61.673221532049794,8795600
2015-02-12,63.05345153808594,63.05345153808594,62.1573747229524,62.28771239393142,11641600
2015-02-13,62.75551986694336,63.48168873545087,62.55768366937558,63.48168873545087,8476000
2015-02-17,63.044132232666016,63.30480754385122,62.81138540441214,63.18611149139302,6810400
2015-02-18,62.636810302734375,63.074375371660835,62.411045649208184,63.044117154765395,6429200
2015-02-19,62.63213348388672,62.857898049314635,62.376110713370764,62.857898049314635,5654800
2015-02-20,63.539859771728516,63.539859771728516,62.15734357330112,62.618184673732515,9034800
2015-02-23,63.542198181152344,63.61434911188469,62.89981482070406,63.53055658088946,6654800
2015-02-24,63.416526794433594,63.728406683175734,63.113958767363115,63.728406683175734,9045200
2015-02-25,63.542198181152344,63.82614952569724,63.13489133217461,63.13489133217461,6842800
2015-02-26,63.714420318603516,63.88898037427092,63.31176589983196,63.586412452260824,13459600
2015-02-27,63.146507263183594,63.81681890258881,63.146507263183594,63.649240992737504,7965200
2015-03-02,64.77108764648438,64.77108764648438,63.87501134078382,64.40334384589194,11653600
2015-03-03,64.0751724243164,64.85487539643096,63.656231148217,64.85487539643096,8807200
2015-03-04,63.714420318603516,64.04026433527596,63.365300207268696,64.04026433527596,8021200
2015-03-05,63.8028564453125,64.03793289421156,63.7144115594746,64.00534494559092,6756000
2015-03-06,62.68800735473633,63.88432903167166,62.66706100006085,63.632958569831935,11590800
2015-03-09,63.17210006713867,63.35596481006591,62.62746664528225,62.962622395871946,8902000
2015-03-10,61.72444534301758,62.809039024842164,61.72444534301758,62.75784155494346,11125600
2015-03-11,61.619712829589844,62.231838025507976,61.22404044430537,61.82453114183741,12105200
2015-03-12,62.74386978149414,62.841626548052844,61.98046067643249,62.00373677350529,9530800
2015-03-13,61.68486022949219,62.57162462582105,61.5615047573822,62.57162462582105,12578800
2015-03-16,62.61350631713867,62.85323510201671,62.057245471897836,62.117761878734996,9849600
2015-03-17,61.56150436401367,62.45990324894843,61.47771895837588,62.3900820775836,14290800
2015-03-18,62.29933166503906,62.371482596220595,60.28374376463399,61.46609424262268,50658000
2015-03-19,62.19926452636719,62.55304427627119,61.212420177413975,62.217888251556886,15407500
2015-03-20,62.7578239440918,63.02780386706162,62.171297711017445,62.608862645893346,15372000
2015-03-23,62.450618743896484,63.50263164980827,62.44130688373991,63.335053681330734,8128000
2015-03-24,62.469200134277344,63.01848592787642,62.22714162678297,62.469200134277344,6534800
2015-03-25,61.193790435791016,62.77646579984519,61.193790435791016,62.46923832591174,13054300
2015-03-26,61.063419342041016,61.72442620475204,60.53275716284861,60.746887246987676,9487200
2015-03-27,61.01689147949219,61.268254855135766,60.653807101969555,60.99826776107862,6521100
2015-03-30,61.12862014770508,61.74306797793113,60.979658793184626,61.46376898963945,11237100
2015-03-31,60.89586639404297,61.64065177286264,60.87724267542366,60.95172334416588,7400500
2015-04-01,60.68172836303711,60.99826050976476,60.00210477908276,60.93309170879927,7633000
2015-04-02,60.78413772583008,61.091365118498615,60.33726087259705,60.50483880470111,5083000
2015-04-06,60.70034408569336,61.1099806016752,59.96487067253176,60.26278620155497,8351200
2015-04-07,61.25896453857422,61.62204900168202,60.8027756671872,60.867944491261184,6660800
2015-04-08,61.910648345947266,62.22718058224886,61.258960151874206,61.34274558988277,6604200
2015-04-09,61.85478591918945,62.208558464287975,61.221714399682426,61.97581168657022,5408500
2015-04-10,61.76167678833008,62.08752793443465,61.37997579564297,62.08752793443465,4628500
2015-04-13,61.08206558227539,62.189942529278134,60.98896829074102,61.64996829436351,5059800
2015-04-14,61.00758743286133,61.389295577678716,60.4024443585404,60.998275572462084,5621800
2015-04-15,61.147212982177734,61.36134307029721,60.79344055709509,61.072732333887,5347100
2015-04-16,61.119300842285156,61.45445674626195,60.84000188801535,61.00757984000374,4121300
2015-04-17,60.067264556884766,60.979634736214145,59.908998507295294,60.607238599694696,11212900
2015-04-20,60.25346374511719,60.70964526494043,60.12312616802483,60.5141388993019,5948900
2015-04-21,60.839996337890625,61.28687320338252,60.50484046448841,60.54208079518497,9619700
2015-04-22,63.31645202636719,65.15049825287196,61.24965896102415,61.27758744522557,20912400
2015-04-23,63.046409606933594,63.511902876798295,62.860208037269544,63.493279168400086,7193400
2015-04-24,62.82302474975586,63.47471300429792,62.664751514050565,63.428160799172375,6219900
2015-04-27,62.469200134277344,63.874991904716026,62.31093411520432,63.670173713979565,7122400
2015-04-28,62.1619987487793,62.84162238277304,61.82684996404225,62.664732580185536,6297500
2015-04-29,62.692657470703125,63.73536540619799,62.17130705438905,62.24578771468154,9812400
2015-04-30,61.49169158935547,62.84161984109144,60.90516525833718,62.54370429781131,11780600
2015-05-01,61.23100662231445,62.05959151601114,60.65379927756826,60.71896807787401,10142800
2015-05-04,61.05411911010742,61.575469471332354,60.951709988743104,61.491684064506615,7426400
2015-05-05,61.40790557861328,61.80823029822391,61.07274966903844,61.231015764430005,8099800
2015-05-06,61.13790512084961,62.05027536487153,60.72827573421199,61.58478193693231,7084600
2015-05-07,61.9851188659668,62.17131343293421,61.016891491427906,61.054131825394876,6660300
2015-05-08,64.67567443847656,65.31805780508064,62.38544704376494,62.5064728087314,18359000
2015-05-11,64.2567367553711,64.8898083683591,64.04261366585887,64.51741915131711,10998500
2015-05-12,63.949485778808594,64.2380894148569,63.27917414410811,63.81914819460191,7438200
2015-05-13,64.02410888671875,64.23860664602164,63.59510625281544,64.1173690914286,5129800
2015-05-14,65.28314971923828,65.31112707352732,64.21063940793393,64.31322778385947,6491100
2015-05-15,64.8821029663086,65.92663557871408,64.6396207836384,65.37638836980437,7121000
2015-05-18,65.28314971923828,65.5069756688492,64.4717708683631,65.04066745656891,5553800
2015-05-19,65.43238067626953,65.80542160467365,65.28315861266819,65.41372436066955,4351000
2015-05-20,65.07796478271484,65.5815784424753,64.79818415971309,65.51629558557845,4870100
2015-05-21,64.695556640625,65.1618645120328,64.611617523819,64.86342775894354,6483800
2015-05-22,64.92875671386719,65.14325450256982,64.63031974871247,64.63031974871247,4511700
2015-05-26,63.92155456542969,64.81686581493653,63.70704957660451,64.63966635092014,6228100
2015-05-27,64.8074951171875,65.040649157731,63.88420710891831,64.21062134261987,7064800
2015-05-28,64.87279510498047,65.07797185331916,64.16401175746313,64.79819119991974,3893900
2015-05-29,64.05209350585938,64.91009887104083,63.902871469150426,64.65829557821739,6678100
2015-06-01,64.45310974121094,64.77019585152985,63.81893040527577,64.47175893551903,6309400
2015-06-02,64.38783264160156,64.77952979474786,63.42723895471032,64.09872385455996,4457400
2015-06-03,64.30390167236328,64.81684356830394,64.24794696200571,64.59301761157478,4906400
2015-06-04,63.61376190185547,64.49042356872818,63.44589067022661,64.00545907055671,6460000
2015-06-05,63.762977600097656,64.07073556475082,63.41790701512589,63.688366590055516,4413100
2015-06-08,63.11948013305664,63.688376723373196,63.06352542427097,63.595116503630855,4864300
2015-06-09,63.37126922607422,63.501834927492204,62.97957212182027,63.110137823238254,4439700
2015-06-10,64.93807983398438,64.97538534523541,63.520505982938595,63.62309436005427,6807800
2015-06-11,64.94740295410156,65.30179461055607,64.7422262157812,65.0033576589896,5238700
2015-06-12,64.65828704833984,65.0406560151914,64.3691711691817,64.75154725133066,4900700
2015-06-15,63.949493408203125,64.34119050979218,63.57644550013386,64.08938726314123,5995100
2015-06-16,64.3598403930664,64.5090552722186,63.688355648640666,63.83757052779288,5937400
2015-06-17,64.11738586425781,64.7329161838984,63.893559891342775,64.45312838128005,7818300
2015-06-18,64.81680297851562,65.13388895904042,64.23857857748906,64.25723487945783,7596800
2015-06-19,64.06140899658203,64.65828279481497,63.865560448595936,64.60232098446399,8728800
2015-06-22,64.43445587158203,64.76087726436178,64.25726361540464,64.64896074838322,5511700
2015-06-23,64.74222564697266,64.90076871962795,64.43446054219605,64.44378869802817,3888700
2015-06-24,64.21995544433594,64.7235690723883,64.12669524254046,64.4531095064733,4670600
2015-06-25,63.99613952636719,64.70492286288736,63.893551153789566,64.70492286288736,4705100
2015-06-26,64.11738586425781,64.54638861038637,63.80029966223646,64.07075219205495,7025600
2015-06-29,62.224151611328125,63.874879091164125,62.19617426485074,63.40857100908318,9706700
2015-06-30,62.62519836425781,62.93296351184911,62.26147850448595,62.80239065792929,6811000
2015-07-01,63.278011322021484,63.69769290491082,62.979574405772276,63.361950484718285,6260800
2015-07-02,63.6417236328125,63.71633463195506,63.063506177699,63.55779159524951,5053000
2015-07-06,63.52981948852539,63.52981948852539,62.821029168812174,62.99822852756475,5270600
2015-07-07,63.203399658203125,63.60442492731024,62.046957509151284,63.52049288078184,6500700
2015-07-08,62.233497619628906,62.78373789900229,62.158886597419354,62.494629082063646,5973500
2015-07-09,62.53192901611328,63.36195699709517,62.50394454880653,63.091497402181126,4837800
2015-07-10,63.809600830078125,63.92151733932744,63.33397167518721,63.39925452675834,5110200
2015-07-13,64.83550262451172,64.91011365986523,64.19200201166255,64.39717880123473,6832300
2015-07-14,65.37639617919922,65.56292369403303,64.78885051689132,65.25515863103011,5635400
2015-07-15,65.30179595947266,65.54427821115998,64.99403796093304,65.40438433075197,4506200
2015-07-16,65.81472778320312,65.83337697727546,65.25515946216892,65.68416207880504,6512500
2015-07-17,66.1038589477539,66.17846997992838,65.5442904370447,65.6562069853064,6287600
2015-07-20,67.80119323730469,68.08098093658745,66.43025343365008,66.48620812738794,10198500
2015-07-21,67.16703796386719,67.96908873222131,66.92456279412241,67.93178321796073,10919600
2015-07-22,67.12037658691406,67.28824775634907,66.79396240059478,67.0923992445575,6303200
2015-07-23,66.91521453857422,67.3815226538256,66.40227276567882,67.3348889961816,10755700
2015-07-24,69.75968170166016,71.73682312612964,69.38663386760882,71.60625745150601,21196100
2015-07-27,68.883056640625,69.67577925846265,68.62192515383607,69.2747538708084,10293800
2015-07-28,69.70375061035156,70.11410412012326,68.87372254943972,69.29340421587862,10054300
2015-07-29,70.88815307617188,71.2798501378105,69.63844377889625,69.89957515332199,13746900
2015-07-30,71.23323822021484,71.58763700675075,70.17005609120406,70.7762581755379,6507000
2015-07-31,70.26331329345703,71.35447984455718,70.24466409694936,71.29851802443783,8526300
2015-08-03,70.66432189941406,70.9161322421448,69.95553875500099,70.49645070935907,5810800
2015-08-04,70.19800567626953,70.95342950143383,69.97417982062247,70.440487837143,6957900
2015-08-05,69.92753601074219,71.03734397745323,69.87157422418548,70.92543463492763,6976400
2015-08-06,68.62191009521484,70.33792069771751,68.59393274424109,70.22601129382251,7767800
2015-08-07,69.2094497680664,69.30270996826786,68.37942189026832,68.71516430323128,6484600
2015-08-10,69.36801147460938,70.11410750745789,68.87372587684935,69.84364787343279,6183500
2015-08-11,68.41674041748047,69.26541765075743,68.28617468928402,68.83641495592643,6476000
2015-08-12,68.69698333740234,68.96788608167478,67.62271580031003,68.07110826975045,7625100
2015-08-13,69.06129455566406,69.52836674740345,68.54751229396832,68.59422236392467,5992000
2015-08-14,69.33219909667969,69.50034537518485,68.61290391148015,68.98656310004233,3861500
2015-08-17,69.5096664428711,69.53768962577655,68.65959188431783,69.12666393795266,3473500
2015-08-18,69.56572723388672,69.80860674768762,69.13602171067308,69.36955778591671,6325500
2015-08-19,69.50033569335938,70.02345420829904,68.81840723470852,69.31350256162717,5886900
2015-08-20,69.07996368408203,69.6217690536482,68.01503982084093,68.7156480007077,12082300
2015-08-21,66.50173950195312,68.7717105897821,66.28688316254,67.72546633721345,15752200
2015-08-24,63.85810852050781,64.79225287320459,56.04866116180633,59.9347050899637,20950600
2015-08-25,62.559669494628906,67.07158994709297,62.214033402104526,66.96883346355756,14485000
2015-08-26,66.03468322753906,66.31492232785443,63.42841897094771,64.80161265606164,12220000
2015-08-27,67.63204956054688,67.71611912762155,66.13742008792347,67.20234403260237,9122200
2015-08-28,67.68809509277344,67.88426454045187,66.88473042497296,67.35180257476601,6411400
2015-08-31,66.60450744628906,67.33313903507123,66.15611493867698,67.17433617637914,8313300
2015-09-01,64.4186019897461,65.75442887094273,63.98889638748828,64.83897127868465,11491500
2015-09-02,65.03515625,65.34341858294879,64.17573771386851,65.3340822674062,9218000
2015-09-03,65.76374816894531,66.3989664623419,65.38074565475652,65.81045109926684,9035200
2015-09-04,64.60543823242188,65.30604662034281,64.1196790923674,64.72687445395695,9469400
2015-09-08,65.88519287109375,66.33358524735486,64.96973549637008,66.0907057465903,7984900
2015-09-09,65.01642608642578,66.67920139684644,64.8576233044089,66.090693196279,9022200
2015-09-10,65.60494995117188,65.99728880260552,64.88565492992223,64.92302155295704,7244200
2015-09-11,66.1000747680664,66.14677772251109,64.88568392117992,65.25934319152637,6452100
2015-09-14,65.39947509765625,66.1374502958518,65.02581577709462,66.06271700634773,7059300
2015-09-15,65.86650848388672,66.09070109275304,64.93236429883014,65.83848529864775,6962600
2015-09-16,66.31490325927734,66.4270031433442,65.43681244509811,65.81046447140983,8207600
2015-09-17,66.28687286376953,67.55730957059228,65.85716737866106,66.60448560395261,7663300
2015-09-18,65.19393157958984,66.14675563012926,65.11919832508919,65.22195476828874,14508100
2015-09-21,66.11872863769531,66.62316738612184,65.59561014019596,65.96926926424764,12756500
2015-09-22,65.62364959716797,65.75442925396663,64.7455515069854,65.3901134776051,11394000
2015-09-23,66.27751159667969,66.46434466621987,65.296664707667,65.5395441345928,10655800
2015-09-24,65.6142807006836,65.97859633570282,65.05379565657357,65.71703712358173,8406700
2015-09-25,66.03468322753906,66.75397142466855,65.5862906892938,66.50175552168896,7756600
2015-09-28,62.774497985839844,65.65166431798777,62.615695155502316,65.56759474673467,15261200
2015-09-29,64.01693725585938,64.17574014961151,62.774523053533024,63.07344908228475,11326700
2015-09-30,65.0724868774414,65.0724868774414,63.764683602508384,64.75487415082199,9309200
2015-10-01,65.38077545166016,66.10940706472348,64.43729458190242,65.47418848182977,8679900
2015-10-02,66.0159683227539,66.07202182058994,63.85809752036331,64.2691232453728,7460400
2015-10-05,67.47325134277344,67.57600066722493,66.24951736518135,66.38029700752615,7286800
2015-10-06,67.3331298828125,67.76283545043123,67.09959378343562,67.46390952830707,5782500
2015-10-07,68.39804077148438,68.40738420921025,67.67874573264315,67.89360203860937,6208900
2015-10-08,69.03325653076172,69.06127971593155,68.03372254029529,68.19252534089404,5713100
2015-10-09,69.10798645019531,69.21073574855531,68.56618113980316,69.16403281783788,5947800
2015-10-12,70.05148315429688,70.4625089509373,68.81841289133145,68.88380271107371,5586300
2015-10-13,70.06082916259766,70.29436525980631,69.26680785747944,69.55639033739223,7439400
2015-10-14,69.31350708007812,70.3037049254203,68.86512178860173,69.91135888668381,7568300
2015-10-15,70.37844848632812,70.44384544811052,69.66850374450252,70.02347611541532,6856200
2015-10-16,70.9949722290039,71.49941104481312,69.86465839480316,70.36909721061238,9117400
2015-10-19,71.91975402832031,72.23736673613037,70.92956353864689,70.92956353864689,9952600
2015-10-20,71.25653076171875,71.82635939244469,70.92958166055367,71.59282330204736,8148800
2015-10-21,70.49052429199219,71.8730609186806,70.35040122901724,71.8730609186806,7277900
2015-10-22,71.38729858398438,71.78898087804733,70.65866724288293,70.89220329461824,9093400
2015-10-23,71.99451446533203,72.51763309115753,70.01412561091773,72.35883024074005,11971300
2015-10-26,73.03142547607422,73.15286170897303,72.01320415099524,72.93801244100146,8019400
2015-10-27,72.41483306884766,73.03137147295185,71.98512772369283,72.89124846047794,9527400
2015-10-28,73.67597198486328,73.69465173715244,72.34014519706666,72.69511750621065,10850200
2015-10-29,73.33966827392578,73.52649427622836,72.79786288951107,73.41439439867372,7648600
2015-10-30,72.47090911865234,73.61990249945853,72.45222224346176,73.53583294196501,11186500
2015-11-02,70.26631927490234,71.19111992430668,69.62175757506859,70.23829609264067,29966000
2015-11-03,72.76985168457031,73.40507017473512,69.88334172308623,70.18226765216636,18899900
2015-11-04,73.1902084350586,73.63860085915164,72.76984632812295,73.20889531316352,8640800
2015-11-05,74.040283203125,74.46064530999358,73.25559824282632,73.25559824282632,9392600
2015-11-06,73.56388092041016,74.32987914142376,73.16219849189343,74.32987914142376,8221600
2015-11-09,72.90064239501953,73.2369350071331,72.20003397427583,73.2369350071331,10157300
2015-11-10,74.37921142578125,74.42599828956106,72.62921993383094,72.66665370871229,8440300
2015-11-11,74.09848022460938,75.09981074900554,74.08911999360633,74.72548004629128,8024400
2015-11-12,73.2843017578125,74.07039684318426,73.12521355069129,73.7990072982204,8939800
2015-11-13,73.09712982177734,73.9019381148315,72.77894631208129,73.01290204518395,9913200
2015-11-16,73.8364486694336,73.84580890015708,72.6011623852047,72.79768439181338,7805000
2015-11-17,73.77094268798828,74.19206026134177,73.43404577339982,73.87388380854388,6942600
2015-11-18,75.29633331298828,75.33376709751032,73.68671627736241,73.89259852235143,7212400
2015-11-19,75.0062255859375,75.81103405201402,74.72547578995216,75.42734314015163,6082200
2015-11-20,75.04366302490234,75.8016775153311,74.84714101404171,75.4179865847716,6764300
2015-11-23,74.96881103515625,75.59581098196527,74.45410532373646,75.41800225624468,5910600
2015-11-24,74.66934204101562,75.05302588173464,74.12656281291049,74.14528327719835,6040800
2015-11-25,74.45408630371094,74.95007142268445,74.45408630371094,74.65996853568421,4268700
2015-11-27,74.71610260009766,75.00621257623379,74.5008673149698,74.52894086174625,3139500
2015-11-30,73.93940734863281,74.98752496613928,73.89261332366594,74.92201761504512,8874600
2015-12-01,74.7816390991211,74.80035242256567,73.71479402889669,74.42602169579138,6702100
2015-12-02,73.96746063232422,75.006224871912,73.90195329918642,74.70676175760153,7310000
2015-12-03,73.2656021118164,74.65061650488124,73.06908008873685,74.26693269023013,8689600
2015-12-04,75.24019622802734,75.24019622802734,73.41533647327084,73.53699807411378,9944600
2015-12-07,74.44473266601562,75.32440155103282,73.99553442321402,74.98750465387258,15262400
2015-12-08,73.99553680419922,74.5570292709457,73.33110321891007,73.91131614708108,11344000
2015-12-09,72.88191223144531,74.63190428146393,72.43272106914804,73.7709486039235,15361500
2015-12-10,73.10651397705078,74.03297698422321,72.64795544946038,72.9099919536969,8717100
2015-12-11,71.22550964355469,72.18940646919314,70.67337020163372,72.18940646919314,15625800
2015-12-14,71.93670654296875,72.36718420613255,70.72949418463983,71.30969979423536,10361000
2015-12-15,73.57440185546875,74.35112946672933,73.19071102432642,73.34044612128802,11355300
2015-12-16,74.73484802246094,74.84714938684289,73.13459106378461,74.35115704897972,10497500
2015-12-17,73.63992309570312,75.1278784192768,73.58376885384641,74.8471357690482,7555300
2015-12-18,71.42200469970703,73.17199612382787,71.38457092627661,73.03162125840431,16271200
2015-12-21,72.21746063232422,72.39526929058363,71.4968800494929,71.96479155879618,8442100
2015-12-22,72.41397094726562,72.51691203391483,71.74018447978246,72.46076494656504,5699100
2015-12-23,73.51828002929688,73.61186807603042,72.58245668008581,73.06908881994427,6335900
2015-12-24,73.23751831054688,73.65863585254756,73.16265074848694,73.32173896304154,2188800
2015-12-28,73.49018859863281,73.60248994354245,72.82575503905268,73.03163726817178,3680900
2015-12-29,74.12655639648438,74.29500486166826,73.83645348302055,73.93003437706392,4627100
2015-12-30,73.3217544555664,74.10784974376641,73.23753378527633,73.99554837694778,4230400
2015-12-31,72.57307434082031,73.74285305592211,72.57307434082031,73.21878733651789,6538300
2016-01-04,70.84178161621094,71.47814139243597,70.19606875281052,71.17867838831603,13476800
2016-01-05,71.37520599365234,71.5998086194314,70.69205930791922,71.35649267805164,8972700
2016-01-06,70.43939971923828,70.98217881632377,70.0463557412509,70.18673063046452,16092000
2016-01-07,69.05437469482422,70.2709402170309,68.64261032189397,69.02630114935394,12470800
2016-01-08,68.20281219482422,69.72820902644791,68.0811577135558,69.30708417941139,9977600
2016-01-11,69.17605590820312,69.32579106174437,67.99692370300876,68.4180413277546,13069500
2016-01-12,69.96214294433594,70.18673850842892,69.26962865042252,69.73754024047871,10236900
2016-01-13,68.40867614746094,70.55171218409176,68.30573502178872,70.439410827059,12659600
2016-01-14,69.06375885009766,69.73754559410197,67.99692091405149,68.45547230837471,10426200
2016-01-15,67.22018432617188,68.26830177434945,66.12527286058723,67.32312545265569,18470500
2016-01-19,66.80840301513672,68.33379192606174,66.12525622732726,68.25893151271144,16009600
2016-01-20,66.14398193359375,66.82713598911153,64.60923250615116,65.47018810890887,16586000
2016-01-21,66.9675064086914,67.68809427635483,65.60120538323302,66.18141834189252,11931200
2016-01-22,68.03433227539062,68.48353047690048,67.50091342721446,68.00625872650185,8652600
2016-01-25,67.13592529296875,68.23084338899163,66.9861973584919,68.09046854183369,9126200
2016-01-26,67.26695251464844,67.63192290177483,66.9581363607618,67.5477022615592,7500200
2016-01-27,66.35921478271484,67.82845666082953,66.05039146788333,67.36054514372596,9020500
2016-01-28,64.88062286376953,67.23889413881112,64.88062286376953,66.83648988531924,15295600
2016-01-29,69.70945739746094,69.71881762714864,64.34719528829802,65.91001807726944,40427800
2016-02-01,69.60652160644531,69.980852285147,68.54904404339462,69.32577895224193,12623500
2016-02-02,68.689453125,69.44746795028271,68.4367767567275,68.7830340563068,9572700
2016-02-03,69.60652160644531,69.8404773881634,67.7816693649499,69.02631583723337,9941900
2016-02-04,68.95145416259766,69.84048335315165,68.09049852588534,69.34449819591009,14735700
2016-02-05,66.94880676269531,68.88596091134093,66.02234359762983,68.83916688552547,12939400
2016-02-08,63.420738220214844,65.54506098624296,62.04508404642474,65.46083318145145,30542600
2016-02-09,63.944820404052734,65.02101883909057,61.87665136025361,62.129320559550074,14882800
2016-02-10,65.64801025390625,66.47153224192047,64.63731930968495,64.70282665941602,11369500
2016-02-11,64.07579803466797,64.63729037238488,63.10254131740285,63.439438147985484,13962100
2016-02-12,65.90066528320312,65.94745929715815,64.68409945777772,64.98356258370318,8710200
2016-02-16,66.53704833984375,67.14533503290352,65.88197475640499,66.82715847516656,8780700
2016-02-17,67.54034423828125,67.62473822740066,66.8558493949378,67.25904763353734,8494100
2016-02-18,66.79955291748047,67.74660082833122,66.59326454542898,67.40903933840121,6938100
2016-02-19,67.07149505615234,67.24965454205918,65.91816563120341,66.60266032806085,7750900
2016-02-22,68.50614166259766,68.62804329435777,67.60597966595779,67.77476048744349,7481500
2016-02-23,67.65283203125,68.56237227056376,67.50280153023625,68.40296307477463,6177000
2016-02-24,67.37153625488281,67.69034752969455,65.99316127035176,66.80893611834024,7728600
2016-02-25,68.70304107666016,68.7686776554673,67.45594607932438,67.47469632161904,6840900
2016-02-26,68.19669342041016,69.30314351437116,68.15918578880225,69.14373429157523,6714100
2016-02-29,67.8779067993164,69.29379000326732,67.8779067993164,68.3186126885751,7786100
2016-03-01,69.98764038085938,69.98764038085938,68.35609769933767,68.4404845077968,8705300
2016-03-02,69.6688461303711,69.95014268571421,69.06873822768516,69.85637716726652,5739100
2016-03-03,69.30315399169922,69.85637554539174,68.78743292143471,69.83762530367773,6588300
2016-03-04,69.29376220703125,69.62194502892304,69.02183725350692,69.59381609473931,9475300
2016-03-07,67.4559326171875,68.87180812801209,66.90270400291999,68.8155502585049,16671900
2016-03-08,66.21822357177734,67.06212041024811,66.11507935305747,67.04337016768571,12394400
2016-03-09,66.27446746826172,66.6495366250197,65.54308654720067,66.57452136289828,9291600
2016-03-10,65.84315490722656,66.94960522812681,65.24304698611293,66.70580914959606,10135100
2016-03-11,67.1652603149414,67.52157928539665,66.27447719650367,66.71518298384557,9466400
2016-03-14,67.03398132324219,67.24964842624519,66.5276390044891,67.1371255263502,7916500
2016-03-15,67.42781066894531,67.42781066894531,66.2557239071059,66.74330885233717,6442800
2016-03-16,67.8591537475586,68.29048091920832,67.05275729286733,67.21215941315823,7561800
2016-03-17,68.5811538696289,69.0781176122731,67.67161321436627,67.77475744252088,7411700
2016-03-18,69.18126678466797,69.4813207915116,68.57178007124601,68.91872042291126,15026200
2016-03-21,69.17188262939453,69.33129189690445,68.59053206102736,68.99373027159713,7397400
2016-03-22,68.41239166259766,69.05938615083743,68.38426271160519,68.67493807699836,6796800
2016-03-23,69.30315399169922,69.54694290323305,68.23420421389186,68.4029850047193,7287100
2016-03-24,69.51880645751953,69.53756385105856,68.83431182418548,69.05935046970698,6303900
2016-03-28,69.4625473022461,69.64069961448068,69.1249857632708,69.5188051741255,7283300
2016-03-29,70.68153381347656,70.8784435764214,69.31253701834707,69.40630255015154,10541500
2016-03-30,71.9942626953125,72.2005511288682,71.11285108061104,71.1691161149402,9691900
2016-03-31,71.71296691894531,72.12553663669289,71.21599607186087,71.84424007739007,7490800
2016-04-01,72.75377655029297,73.37264188373584,71.07535436041802,71.4973027940557,10183400
2016-04-04,72.97879028320312,73.4288674605485,72.69748668197644,73.11006338941617,6905800
2016-04-05,72.17241668701172,72.64125139886306,71.80672618407567,72.33181877211719,6012000
2016-04-06,73.33512115478516,73.40075772505526,72.20054206648801,72.27555733361088,6220400
2016-04-07,72.744384765625,73.11945390997407,72.37869431719312,72.86627919715266,7542100
2016-04-08,73.1663589477539,73.71958774086313,72.96007048774204,73.21324529006623,5327500
2016-04-11,72.96942138671875,73.8695830161258,72.92253506226943,73.47576364460684,5957200
2016-04-12,73.62579345703125,73.65392954647535,72.81002570938541,72.87566227705634,5962900
2016-04-13,74.74164581298828,74.94793427748559,73.99151439664084,74.10403017447459,9187300
2016-04-14,75.32299041748047,75.64179460417493,74.3665635496964,74.7885191044895,11470300
2016-04-15,75.08856201171875,75.66054087798055,74.91978124538167,75.24796408163452,7186700
2016-04-18,76.3731689453125,76.46694160738166,74.85414911214832,75.20108220794522,7761200
2016-04-19,75.716796875,76.63571594761622,75.36048511215039,76.42004885835914,8324700
2016-04-20,76.09190368652344,76.55135987328227,75.52930325218674,75.8387288410677,8521300
2016-04-21,75.75430297851562,76.57944938030103,75.65115878406132,76.420047317544,9536900
2016-04-22,74.1790542602539,74.41347169701268,72.46311690625511,73.13824026873677,18216000
2016-04-25,73.26949310302734,73.92585888203918,72.96943915350043,73.7852141821441,11184600
2016-04-26,73.63520050048828,73.79460263278915,73.24138094285601,73.56018520745772,6071800
2016-04-27,73.8508529663086,74.0758916467141,73.29762423274218,73.52267006699834,6319400
2016-04-28,72.83817291259766,74.32906410382694,72.76315762963173,73.46640981127221,8322600
2016-04-29,72.42559814453125,73.14760774511653,72.06928627071923,72.68814448879813,8092700
2016-05-02,73.56954193115234,73.57892062844262,72.35057597586484,72.96005537658361,7636800
2016-05-03,72.37873077392578,73.47580267180997,72.1349346342229,72.60376951234632,7666300
2016-05-04,72.26620483398438,72.55688015714615,71.5910814928389,71.78799127503096,8854000
2016-05-05,72.5381088256836,72.85691300308356,72.20992595075711,72.33182040320119,6002300
2016-05-06,72.87567138671875,72.95068666024817,71.99425980737375,72.41621535558902,6172600
2016-05-09,73.3445053100586,73.47577846036835,72.74439743611394,72.84754164762164,9242300
2016-05-10,74.26342010498047,74.3853217160918,73.52266750966743,73.53203905371413,6802600
2016-05-11,72.61019134521484,74.51702955965327,72.60079604124482,74.33855461680847,8432500
2016-05-12,73.16442108154297,73.44622297878979,72.3941706844576,73.0798848122809,7512800
2016-05-13,72.1687240600586,73.53074966401114,72.1687240600586,72.99533186224481,7562700
2016-05-16,73.07988739013672,73.32410806541078,72.29084634992456,72.34720386475394,8597900
2016-05-17,72.13114929199219,73.19258957867086,71.87752618671603,72.86382552231188,7169900
2016-05-18,72.73233032226562,73.15502600293934,71.76482146068625,72.0560114999717,6288500
2016-05-19,72.21571350097656,72.56326830451884,71.59575920710206,72.20632535753181,5552200
2016-05-20,72.95775604248047,73.30531070652799,72.49748637016152,72.64777543669636,6302100
2016-05-23,72.5256576538086,73.25833379819997,72.4599048502483,73.04229194358103,5934300
2016-05-24,74.56399536132812,74.67671751488179,72.94835415949719,72.94835415949719,7582300
2016-05-25,74.26342010498047,74.83641192119269,74.16009324195738,74.67672755707281,5846700
2016-05-26,74.20706176757812,74.58279515919864,74.08495146107175,74.58279515919864,4284000
2016-05-27,74.82701110839844,74.82701110839844,74.05675383577079,74.05675383577079,4374600
2016-05-31,74.15070343017578,75.02428051006311,73.98162376418087,75.0148852045861,8639600
2016-06-01,74.41373443603516,74.50766601622442,73.80316841502467,73.9158906111639,4507000
2016-06-02,75.09941864013672,75.09941864013672,74.14130534641428,74.46067405548243,5627500
2016-06-03,75.09001159667969,75.33423213629868,74.35733564479028,74.72367362073498,7628000
2016-06-06,75.65365600585938,75.9918154549262,75.3061012480627,75.41882345325857,7620100
2016-06-07,75.70997619628906,76.08570952849867,75.65361870473865,75.80390773771215,5515700
2016-06-08,76.69629669189453,76.75265419916582,75.58788699427066,75.70999731553154,8860900
2016-06-09,76.3299560546875,76.59296730200775,76.06694480736724,76.30177730197732,6670900
2016-06-10,75.31547546386719,75.85089324718658,74.99609955518402,75.85089324718658,7859900
2016-06-13,73.64344787597656,75.31545354907827,73.62465726924695,74.20704424708144,10424600
2016-06-14,73.80315399169922,73.97223366960478,73.23016214804808,73.38045838019471,7891700
2016-06-15,73.42741394042969,74.0567632309868,73.3146989430273,73.8031473203133,7424000
2016-06-16,73.59648895263672,73.75617329987872,72.45990074603317,73.16439810135486,9650800
2016-06-17,72.31900024414062,73.57770591924297,72.16871120075812,73.56831061449478,14602200
2016-06-20,72.64777374267578,73.62467773518853,72.62899029724149,73.54953678693268,9957500
2016-06-21,72.63838958740234,73.27713426498329,72.46930990314506,73.08926396774238,9201000
2016-06-22,71.88691711425781,73.0422960608215,71.88691711425781,72.87321638977605,9626700
2016-06-23,73.4837875366211,73.49317567653353,72.20629818966593,73.04230129908996,13566200
2016-06-24,70.49671936035156,71.42665405364367,69.93311562718625,70.2618868603724,18375000
2016-06-27,68.89044952392578,70.05522372765826,68.80591327518876,69.67949034472902,16318400
2016-06-28,70.60004425048828,70.91941300155958,69.97068772166837,70.48732207371778,14815200
2016-06-29,72.08416748046875,72.10295808988418,71.11665892458738,71.3702819860718,12178100
2016-06-30,69.67010498046875,72.45991625115506,69.32255746404577,72.31901531663692,24877300
2016-07-01,69.9613037109375,71.33272469325105,69.60435371335657,69.98008715824837,13821400
2016-07-05,70.13976287841797,70.42156471890397,69.35072919148678,69.74524603495237,11081000
2016-07-06,69.5667495727539,70.21488930578482,69.35070777275446,69.62311422335418,11263800
2016-07-07,69.98947143554688,70.72214759603801,69.76402710422786,69.81099646488222,8806700
2016-07-08,71.78359985351562,71.90571734514634,70.25249447003979,70.7315547965092,10975000
2016-07-11,71.87751007080078,72.50686645645649,71.75539978196593,72.14991656114067,8185900
2016-07-12,72.77930450439453,72.86384077950862,71.90572716228009,72.0278375040628,10245500
2016-07-13,72.76051330566406,73.06109867008776,72.51628545753218,72.96716708742792,6559200
2016-07-14,73.39923858642578,73.7749719836903,72.97654299357725,73.32409047366919,6607400
2016-07-15,73.54952239990234,73.97221792141782,73.31468996205658,73.87828637958297,8153400
2016-07-18,73.5589370727539,73.92527523462266,73.48379611209046,73.59651113634555,4864200
2016-07-19,73.94404602050781,74.10373037306076,72.92017277013149,73.03289493067835,9395500
2016-07-20,74.54521179199219,74.91154983227061,73.97222005380954,73.97222005380954,7922100
2016-07-21,74.00979614257812,74.89276845192724,73.64345809221363,74.6203619486915,9018000
2016-07-22,75.0618667602539,75.22155114671466,73.57772358057065,75.1276195762389,12532400
2016-07-25,74.15070343017578,75.3060751757091,73.9534450142681,75.3060751757091,7979900
2016-07-26,73.72798156738281,74.26339917646918,73.21135456437888,74.18825825168875,9673200
2016-07-27,73.76559448242188,74.00982232456971,72.8262643457981,73.69984165951902,10194400
2016-07-28,74.38555145263672,75.14640652542026,73.78438077375493,73.91588641185284,8709700
2016-07-29,73.3147201538086,74.53584503356797,73.26775078029006,74.43251814504337,7777700
2016-08-01,73.51194763183594,73.76556350896458,73.01410401510836,73.55890981903603,8908800
2016-08-02,73.5307388305664,73.70921379369975,73.03289516131862,73.3334804238749,7910000
2016-08-03,73.93464660644531,73.93464660644531,73.46498171337944,73.53073451174797,7272700
2016-08-04,74.65792846679688,74.81761279745308,73.97221462557174,74.04736272229829,5954400
2016-08-05,75.27788543701172,75.37181697851527,74.82701117118775,74.89276396689196,6662500
2016-08-08,75.09941864013672,75.46575670831159,74.95852489585255,75.3624370180092,5119700
2016-08-09,75.2027359008789,75.59725983408627,75.09940905724329,75.10880436116938,4455700
2016-08-10,74.84579467773438,75.35303360211378,74.68611034038824,75.1182011648928,5945500
2016-08-11,75.25912475585938,75.40941383441339,74.99610632698088,75.1464025720543,6577700
2016-08-12,75.16519165039062,75.2215563297754,74.81764409903096,74.95854504771296,4420400
2016-08-15,76.00118255615234,76.2266197163533,75.16517238597584,75.26849924409255,6290300
2016-08-16,75.9072494506836,76.00118817702308,75.35304823117755,75.54091135081924,6182600
2016-08-17,76.0672378540039,76.08606108285491,75.65322014574066,75.94491558230587,4655400
2016-08-18,75.5308609008789,75.83196783309377,75.19212188372327,75.28621645398626,7453900
2016-08-19,75.71907043457031,75.71907043457031,75.03216631175906,75.28622959265839,8480900
2016-08-22,76.27423095703125,76.29305418110931,75.2391761803907,75.59673846935189,7954500
2016-08-23,76.02958679199219,76.93290771967078,76.02958679199219,76.56593381714374,10007800
2016-08-24,75.54969787597656,76.19896273321294,75.45560328858384,76.0295896043233,5028000
2016-08-25,75.57794189453125,75.76613111005369,75.2768348423203,75.54971423009872,5773700
2016-08-26,75.81317138671875,76.34951847270318,75.4367858294236,75.86022227348967,7932200
2016-08-29,76.0954360961914,76.20834669915516,75.78491758013126,75.78491758013126,4766700
2016-08-30,76.37772369384766,76.39654691460883,75.95429455314003,76.21776221215413,4128700
2016-08-31,76.12364959716797,76.40593323106174,75.94486493710107,76.1706932800068,7386100
2016-09-01,76.50006103515625,76.73530106640955,76.18954247095245,76.34950396925524,6240600
2016-09-02,77.15873718261719,77.29988264984014,76.68825707784514,76.75412400535495,6408900
2016-09-06,77.65744018554688,77.65744018554688,76.97994772756444,77.15873245368653,8140400
2016-09-07,78.32552337646484,78.34434660028127,77.49748100245351,77.6103988084827,9304700
2016-09-08,78.0714340209961,78.6924637421498,77.71386471040591,78.11847770257931,7961100
2016-09-09,76.52828979492188,77.92090677982779,76.52828979492188,77.53511685606082,11563000
2016-09-12,78.0714340209961,78.22198385259716,76.38711515492326,76.53766498652435,9882700
2016-09-13,77.05523681640625,77.57276784240234,76.80118069934458,77.54454018261296,8834300
2016-09-14,76.67882537841797,77.36572931018082,76.6411861184216,76.6505977281594,10999500
2016-09-15,77.16812896728516,77.281039568887,76.39654208086834,76.61295885324175,10580300
2016-09-16,77.22461700439453,77.40340177132592,76.6129913302758,76.91409836044778,11702000
2016-09-19,77.63861083984375,78.13731848626318,77.37514319109046,77.56333231764138,8361700
2016-09-20,77.61039733886719,78.31611746053419,77.45984026701252,78.07146580824853,6473300
2016-09-21,78.30667114257812,78.33489878630105,77.41275507728449,78.02438034744263,7536200
2016-09-22,78.43843078613281,78.84304389708039,78.28787373138232,78.4948860921865,6599400
2016-09-23,77.66686248779297,78.52313261080438,77.64803926194902,78.41022197156964,8283700
2016-09-26,76.97991943359375,77.4033556536769,76.86700885140111,77.29984950069793,8486800
2016-09-27,77.3093032836914,77.51630852362408,76.68826602702083,76.96114538110722,7969500
2016-09-28,78.0714340209961,78.1090732736347,77.10224659715021,77.51626401826822,7974300
2016-09-29,77.08345031738281,78.15614426608855,76.96112808777809,77.83622127529655,5885400
2016-09-30,77.8173599243164,78.1372899373064,76.85758424325115,77.30924803248635,9776800
2016-10-03,77.96795654296875,78.2031965742524,77.44102117015932,77.5539317906436,8155400
2016-10-04,77.84563446044922,78.59839825462723,77.70448900561708,78.36315822289234,5772000
2016-10-05,78.42903137207031,78.52312595644439,78.00560215290865,78.06205746774178,6163400
2016-10-06,78.43843078613281,78.55134857719568,77.98676680083683,78.21260238296257,7687100
2016-10-07,77.98676300048828,78.75834992109586,77.76093460832281,78.56074918058168,8238100
2016-10-10,78.21261596679688,78.60781753572161,78.04324284026389,78.2220204001355,7371500
2016-10-11,77.19636535644531,77.90208541216481,76.75411297289484,77.79857922967616,6227400
2016-10-12,77.39398193359375,77.66686127240285,76.98936873176743,77.0081847783597,3923600
2016-10-13,77.03641510009766,77.28105958623937,76.32128332924822,76.82940270493413,6810900
2016-10-14,77.58214569091797,78.27846122891337,77.19635584106814,77.19635584106814,6698100
2016-10-17,77.29988861083984,77.80800802465221,77.19638240549155,77.70450181930393,8473700
2016-10-18,76.76351928710938,77.50687855598393,76.5470953262147,76.68824076341078,11680400
2016-10-19,77.9208984375,77.97736092146094,76.82938852664508,76.82938852664508,8440900
2016-10-20,77.62919616699219,78.19377070332483,77.31867765937508,78.1467270130207,6945200
2016-10-21,77.48806762695312,77.66685235435783,76.76353146355287,77.17754905165746,8043200
2016-10-24,78.2596435546875,78.6548450422301,77.82680280467106,78.35373812139451,16267000
2016-10-25,77.18695068359375,78.25964455141725,76.87643214844606,78.25964455141725,15085900
2016-10-26,76.9234848022461,77.4033764423126,76.6035618281721,76.80116257903349,8748400
2016-10-27,77.08345031738281,77.41278491936161,76.7917549811953,77.1210895831741,7039200
2016-10-28,77.36572265625,78.43841634754645,77.26221649490085,77.64800631351244,10919600
2016-10-31,77.63861083984375,78.00558466188654,77.49746540545306,77.57274392765542,10024000
2016-11-01,76.80116271972656,77.80798969726784,76.52828344071652,77.76093882266228,10881500
2016-11-02,75.82257080078125,76.57533461530208,75.76610830994892,76.1142661507494,9170900
2016-11-03,75.88842010498047,76.34007685303882,75.78491393793489,75.98251466257975,7563100
2016-11-04,75.61553955078125,76.44358169382515,75.58731190188666,75.88841878835304,7588100
2016-11-07,77.63861083984375,77.65742688091684,76.64118836804987,76.81997306354174,7277900
2016-11-08,77.98676300048828,78.25023783346234,77.29986621378973,77.5256946059552,7152000
2016-11-09,78.32552337646484,78.38198586895766,76.42478697152384,76.97995003184865,12158500
2016-11-10,77.03641510009766,79.00301849623773,76.61297869754772,78.38198848970386,17171600
2016-11-11,77.0457992553711,77.75151922825637,76.70705309406978,76.77292000438088,7368000
2016-11-14,73.75245666503906,77.36574750600585,72.73622512194648,77.17755116176167,21773500
2016-11-15,73.93125915527344,74.84399190196146,73.20672279803347,73.61133606164904,18523400
2016-11-16,75.51065826416016,75.6143822689951,74.26597740020426,74.29426445714773,9997700
2016-11-17,76.44416046142578,76.56674009553502,75.60494427283611,75.73695532312689,8081800
2016-11-18,76.20845031738281,76.84965014005631,75.93499671126536,76.51962240648871,7920800
2016-11-21,77.0287857055664,77.1136468687257,76.2838620991189,76.59503408549496,8942100
2016-11-22,75.36921691894531,77.02879382720127,74.73744865749485,77.02879382720127,18133900
2016-11-23,75.0297622680664,75.42579548271829,74.44513666972517,75.4163712590817,12802600
2016-11-25,75.55780029296875,75.78411113464212,75.19005416782859,75.42578923235757,6495700
2016-11-28,74.56771087646484,75.44464552828144,74.53942382222279,75.11461790535317,11793100
2016-11-29,74.63370513916016,75.03916964159286,74.44511281589988,74.6054180891865,8575200
2016-11-30,72.90814208984375,74.91660229439765,72.87042361539338,74.91660229439765,15353900
2016-12-01,71.1259994506836,73.19104136788174,70.95626987948835,73.14389146708007,21053000
2016-12-02,71.39942932128906,71.89918644982474,70.8808093610752,71.09768876099983,13629600
2016-12-05,72.89868927001953,73.17214273395253,72.18206004805164,72.25748978074316,12119200
2016-12-06,72.71011352539062,73.52104260742428,72.33293603703926,73.49275555475882,13896600
2016-12-07,74.78459167480469,74.9543212138072,72.84213699049188,72.8609926307973,13919800
2016-12-08,74.75630950927734,75.31264805454973,74.46400030400265,75.1334870866387,13320100
2016-12-09,74.62430572509766,75.36922953477777,74.33199649127222,74.63373714382047,10728300
2016-12-12,74.02081298828125,74.52057019243858,73.47390589185628,74.4828517174372,11942300
2016-12-13,74.68087005615234,74.96375502822394,73.7850796346984,74.31312390889747,12995100
2016-12-14,74.6148681640625,75.41637322603478,74.60544394018012,74.75631065700254,20146200
2016-12-15,74.96376037597656,75.80297674050954,74.61486984474098,74.84118071616827,14070900
2016-12-16,73.8793716430664,74.92603595976425,73.70964209997855,74.69973230033499,19141700
2016-12-19,73.64364624023438,74.11511645584928,73.5682092791605,73.58707211646126,8699100
2016-12-20,73.88877868652344,74.09622663676186,73.25701061556919,73.93592856396353,6917400
2016-12-21,73.68135070800781,74.0679596644375,73.53048400861654,74.00195413456697,9343600
2016-12-22,73.45503997802734,73.60590666286932,72.78555332702932,73.5681881931432,12074000
2016-12-23,73.69078826904297,74.00196030469027,73.45505318641267,73.62478273366904,6192900
2016-12-27,73.8793716430664,74.35084179674783,73.76622341038357,73.8039346919021,3776000
2016-12-28,73.83221435546875,74.16224195902215,73.52104238894889,73.92650692876083,7587100
2016-12-29,73.86051940917969,74.34141380839056,73.83223234970423,74.0113861244035,6241100
2016-12-30,73.56819915771484,74.05853214317094,73.4927694010831,73.95480813448074,7127300
2017-01-03,74.96376037597656,75.35036938578335,74.01138857572995,74.26598650756961,13785200
2017-01-04,75.57666778564453,75.6803917959563,74.83174407252535,74.90718102440003,8033100
2017-01-05,76.46304321289062,76.87793934324478,75.6426895657734,75.75583782382253,7805100
2017-01-06,77.51912689208984,77.78314904442732,76.32159578854082,76.66105489699304,8898300
2017-01-09,77.08536529541016,77.74542059156822,76.9910727093966,77.58512247593886,7305300
2017-01-10,76.67046356201172,77.22680200787849,76.50073404222928,77.03820965586321,6017500
2017-01-11,77.13251495361328,77.13251495361328,76.29329871070766,76.61389494100277,7499200
2017-01-12,76.72704315185547,76.82133572872688,75.91611404144889,76.42530258942948,6884000
2017-01-13,76.53846740722656,77.17966714073245,76.18015265976247,76.39702491420567,7291200
2017-01-17,76.62335205078125,76.84022435127488,76.15188176997617,76.15188176997617,6326500
2017-01-18,76.93450927734375,77.1608201692327,76.35932221080434,76.63276861555667,8512300
2017-01-19,77.06652069091797,77.17966893271056,76.76478005603072,77.12309481181427,6479400
2017-01-20,77.17020416259766,77.58510005402918,76.95333199684835,77.40593915653628,9048500
2017-01-23,77.46256256103516,77.60400507310845,76.84964980476087,77.03823502481526,7414200
2017-01-24,78.48092651367188,78.72608581875377,77.17966425933732,77.69828431636395,8397500
2017-01-25,79.1126937866211,79.4615770986145,78.68836632886568,79.0089697765518,9360900
2017-01-26,78.49034881591797,79.13154850979025,78.33948210833464,79.13154850979025,8428200
2017-01-27,78.99012756347656,79.01842182329796,78.18862952611043,78.5658071890079,5445900
2017-01-30,78.92412567138672,78.96184415883187,77.94347377407661,78.70725336115952,8792800
2017-01-31,77.99059295654297,78.52806865085397,77.41539878616723,77.44368584469984,7479400
2017-02-01,77.7359848022461,78.3488901171698,77.36823873566702,78.16973638861981,7534400
2017-02-02,77.60398864746094,77.98115900773792,76.91563907123485,77.45311474809937,11142300
2017-02-03,81.1683120727539,81.86608596055542,80.25365872565582,80.84770859301955,28079600
2017-02-06,80.93254089355469,81.18713152491814,80.63080038516854,81.15884447632901,9665300
2017-02-07,80.88540649414062,81.42288210236505,80.78168250009183,81.05513601221479,8600300
2017-02-08,80.23478698730469,80.94199221506754,80.22536276399364,80.90428093369616,7587700
2017-02-09,80.69683837890625,80.8759921567714,80.03677580520406,80.49882176501482,6554700
2017-02-10,80.99857330322266,81.22487696114864,80.36680502806153,80.90428071192547,10432000
2017-02-13,81.50778198242188,81.7529413412983,81.09288584576126,81.28147107475317,6046300
2017-02-14,81.89435577392578,82.00751118895282,81.33802450335098,81.58318377814858,5952000
2017-02-15,82.70211029052734,82.70211029052734,81.90852907028115,82.21084400948048,8049700
2017-02-16,82.57930755615234,82.8343828895558,81.99356913548402,82.71156990795527,8680600
2017-02-17,82.62654113769531,82.83438403848488,82.17307227029778,82.44703914014838,5887200
2017-02-21,83.06110382080078,83.1744746215312,82.35255253368753,82.67376619854554,9301300
2017-02-22,82.94775390625,83.27840978654474,82.67377983178933,82.76825191076531,8389900
2017-02-23,83.30677795410156,83.59964365710347,83.01391225109967,83.35401761292896,6040500
2017-02-24,83.54291534423828,83.54291534423828,82.47536740173314,82.53204919457676,5151300
2017-02-27,83.1366958618164,83.49569263551794,83.05167315531766,83.43901083118544,6131600
2017-02-28,83.08001708984375,83.49569568304976,82.90996446288203,83.2878599903256,8521900
2017-03-01,84.07196044921875,84.21367213203415,83.5334618207247,83.83577671377827,11131400
2017-03-02,83.63739776611328,84.20423738806143,83.23116138229501,84.08142441909567,10544200
2017-03-03,83.88302612304688,83.99639692406707,83.30673716476794,83.4295501267225,5700600
2017-03-06,84.02478790283203,84.33654517787737,83.39180956289707,83.63744284096495,7347600
2017-03-07,84.13812255859375,84.36486421761174,83.93972901277169,84.07199137665306,5688400
2017-03-08,84.04363250732422,84.36484618506282,83.95860980918432,84.24202601074069,5866800
2017-03-09,84.18534851074219,84.55379463700915,83.80745301494716,84.1003186005037,5953900
2017-03-10,84.77106475830078,84.89387769907445,84.1758771652891,84.55377256242639,12246700
2017-03-13,85.13008880615234,85.31903296162338,84.65772120971725,84.837223202845,8944100
2017-03-14,84.60102081298828,85.05448956956897,84.30814806628416,84.96001751259432,6009400
2017-03-15,84.9505844116211,85.12063702984095,84.46877466646264,84.78998116323494,6350700
2017-03-16,85.06394958496094,85.33792362990962,84.52545086427057,85.3190248914956,9174400
2017-03-17,85.2529067993164,85.62135296957986,85.18677562023727,85.26235616997283,8613400
2017-03-20,84.25147247314453,86.96286467514109,84.05307897657255,85.30012896056529,9438000
2017-03-21,83.1933822631836,84.75219683827989,83.13670045571901,84.54435393389933,11092100
2017-03-22,83.62796020507812,84.11922656582126,82.99498932465703,82.99498932465703,7828600
2017-03-23,83.94915771484375,84.44986614165289,83.53347198341437,83.58071161935187,7710700
2017-03-24,84.26093292236328,84.65771996768561,84.05309002973995,84.13811273612727,7597600
2017-03-27,84.0342025756836,84.07199285285014,83.20283810129467,83.42957255653559,5230000
2017-03-28,84.19482421875,84.47824052343896,83.59963628416045,84.19482421875,7045500
2017-03-29,84.25147247314453,84.4498659697165,83.6657341443917,84.07197050625521,4738000
2017-03-30,84.09087371826172,84.17589641799252,83.70352886546982,84.15700488730462,6227100
2017-03-31,83.9586181640625,84.4120870147809,83.9586181640625,84.06253961063493,6429800
2017-04-03,84.42151641845703,84.51598847270024,83.5145717237619,84.21367357446853,9125800
2017-04-04,83.87358856201172,84.39319579680866,83.76022495278872,84.09088082595156,4859900
2017-04-05,84.1097640991211,85.21510242705195,84.03418356188905,84.20423616678278,7251600
2017-04-06,84.16644287109375,84.32705330887462,83.87357730954851,84.08142017558312,8473900
2017-04-07,83.8357925415039,84.30816010156519,83.62794966183583,84.05308479054516,5439500
2017-04-10,83.94915771484375,84.31760381033563,83.62794404753292,83.72242331940794,5999400
2017-04-11,83.93971252441406,83.93971252441406,83.25950209649098,83.70352874848282,7058500
2017-04-12,83.77912902832031,84.27983759804022,83.6657581943662,83.7980205634334,5912500
2017-04-13,83.9586181640625,84.81832343108474,83.54293237777277,83.58072264995889,7242700
2017-04-17,84.84666442871094,84.93169434316466,83.84524744180389,84.16645394411088,6122800
2017-04-18,84.77106475830078,84.95055948593073,84.30813947312387,84.68603487026117,6823500
2017-04-19,84.78997802734375,85.61190018630106,84.64826631610876,85.11118451223649,7301300
2017-04-20,86.11260986328125,86.44326572230695,84.93169093264864,85.1584253491581,12178300
2017-04-21,86.11260986328125,87.67142429326772,85.98978968153088,87.64307618441653,19442600
2017-04-24,86.77391052246094,87.3879897296802,85.98033656193601,87.05733391279482,11705400
2017-04-25,87.0195541381836,87.2462885531326,86.51884566828252,86.90618332683054,7769200
2017-04-26,86.74557495117188,87.3691035650887,86.67944378373433,86.93451908449151,11295200
2017-04-27,86.53772735595703,86.91562280972448,86.23541243449432,86.86838317509495,5856800
2017-04-28,86.17874145507812,86.49050578414624,85.95200703746367,86.33934470056515,6888500
2017-05-01,86.21653747558594,86.6038751645182,86.10316665533965,86.2448783787081,9042100
2017-05-02,87.42578125,87.62417474297787,86.47159684379149,86.55662674521419,11627700
2017-05-03,87.3313217163086,87.43524316198025,86.89674440157137,87.29353144445004,4909000
2017-05-04,87.50140380859375,87.71868893527109,87.1518490819809,87.57697717000859,5257000
2017-05-05,87.00067138671875,87.84149244519209,86.68891421178286,87.76591189040101,8844500
2017-05-08,86.8400650024414,87.06680665869126,86.46216944978315,86.96288520151629,5223600
2017-05-09,86.91559600830078,87.04785829517135,86.75499283249424,86.82112397592952,3969500
2017-05-10,87.15180969238281,87.30297076241251,86.6133109939759,86.63220252385135,6747600
2017-05-11,87.01010131835938,87.20849482454237,86.55663250644307,87.02900005671403,7052200
2017-05-12,87.60528564453125,87.65251807307108,86.89673434662508,87.09512784510802,5898800
2017-05-15,88.07767486572266,88.2571696707853,87.5958578463265,87.605307217464,7040100
2017-05-16,88.00209045410156,88.54058926119815,87.83203781987326,88.19103462201834,5497400
2017-05-17,86.84272003173828,87.78913151833359,86.79539656918988,87.52413745737437,8240200
2017-05-18,86.79541778564453,87.52415885196402,86.46417512847584,86.46417512847584,8239800
2017-05-19,87.52413940429688,87.83644971420505,86.79539849990196,87.05093365047304,9361300
2017-05-22,88.30965423583984,88.58411443569372,87.4768147201274,87.57145442546229,9186200
2017-05-23,88.8301773071289,89.0289228407613,88.46107742744788,88.54625099019911,7616100
2017-05-24,89.72927856445312,89.89963293572946,88.98161255832632,88.98161255832632,6825300
2017-05-25,89.94693756103516,90.26871396129435,89.80497441128433,89.99425379725494,7262400
2017-05-26,89.59678649902344,90.02267606114371,89.33179240021845,89.90910406713544,4133900
2017-05-30,89.64408874511719,89.79551081406477,89.28444779284304,89.5873063718301,6292700
2017-05-31,90.12676239013672,90.41068148282145,89.39802155576581,89.98479923352131,9866000
2017-06-01,90.28765869140625,90.33497493415541,89.53999273872088,90.28765869140625,8911900
2017-06-02,90.99745178222656,91.03530910229082,90.29710941240148,90.29710941240148,8570200
2017-06-05,91.37602233886719,91.41387244028166,90.95959901784937,91.15834454273173,14510500
2017-06-06,90.65678405761719,91.42337527856714,90.43910617409317,91.11105766242132,7030300
2017-06-07,90.940673828125,91.0637119392135,90.62836353358797,90.8838914510358,6720300
2017-06-08,90.940673828125,90.96907223721603,90.18354899159876,90.73246937194912,7720300
2017-06-09,89.4926986694336,91.09213694295575,88.68825007300822,90.94070758710909,16887100
2017-06-12,88.48946380615234,89.00052681652502,87.82697873004652,88.66928427847212,15610000
2017-06-13,89.98481750488281,90.2308793243964,88.9343000413864,88.96269123436508,8700100
2017-06-14,90.21192932128906,90.85548932617127,89.86175452344804,90.21192932128906,6347000
2017-06-15,89.12356567382812,89.46427437790736,88.51786291558646,89.37910081216077,12793900
2017-06-16,89.12356567382812,89.37910081216077,88.71660845620828,89.25606270090934,14705100
2017-06-19,89.71035766601562,89.76714005222247,89.19929452851123,89.67250033502853,5984300
2017-06-20,89.32234191894531,89.87126248871367,89.2750256618922,89.71037421774501,5626700
2017-06-21,89.4737548828125,89.69142551059588,89.02894026880176,89.5400034069919,5611400
2017-06-22,88.91536712646484,89.44536253359759,88.83965968591517,89.42643025804954,5846500
2017-06-23,90.45802307128906,90.52427159491417,88.8585851459218,89.11412032315259,11637300
2017-06-26,90.1173095703125,91.11103737236539,90.0037375841291,90.66623000604484,6970800
2017-06-27,89.81446075439453,90.23087694132987,89.5589255832402,90.05106365036472,6283600
2017-06-28,91.07318115234375,91.23406937322946,89.58731539709177,90.05105500692862,5571300
2017-06-29,89.36017608642578,90.65676249870684,88.97215110878726,90.65676249870684,8872500
2017-06-30,88.75448608398438,89.549475648874,88.75448608398438,89.32233164716376,9036600
2017-07-03,88.3475112915039,89.35071238251206,88.3475112915039,89.32231397250655,6197700
2017-07-05,88.9721450805664,89.3412449793926,88.6976848854437,88.72607607450009,9339600
2017-07-06,88.25286102294922,88.93427837058532,88.19607865082814,88.44214041038335,8215700
2017-07-07,88.88697814941406,89.35072504478366,88.4894869995667,88.4894869995667,6175800
2017-07-10,89.9942855834961,90.25928692621822,89.10466349056223,89.10466349056223,8851800
2017-07-11,90.29713439941406,90.50533888656356,89.84285365347992,89.98481683786856,5554100
2017-07-12,91.02587127685547,91.28139924107843,90.50534198976531,90.83659183821236,5974800
2017-07-13,90.79872131347656,91.47067260973829,90.63782587140523,91.25299478843395,6721700
2017-07-14,91.73568725585938,92.15211071845688,90.96909608203063,90.98802113917219,6195800
2017-07-17,91.64102935791016,92.07637779132567,91.41388539396102,91.90602342863727,5914900
2017-07-18,92.350830078125,92.51171829004615,91.43280982573944,91.65994654966025,7435000
2017-07-19,92.98493194580078,93.06064660041818,92.32244676926574,92.40762034030016,6390400
2017-07-20,92.85245513916016,93.82725806295059,92.68210073943135,93.79886686642054,8572900
2017-07-21,94.2625961303711,95.10490189651532,93.77992418127855,94.2625961303711,17400200
2017-07-24,94.99134063720703,95.03865688774059,93.82725112175301,94.215283367087,9186000
2017-07-25,94.63168334960938,95.44559781283539,94.45187007555714,95.25631840208145,6774900
2017-07-26,95.44561767578125,95.57811473499198,94.50867212263448,94.65063532051688,7205400
2017-07-27,94.23419952392578,95.75792272583917,93.26886290173987,95.55917716305227,10543900
2017-07-28,93.83670806884766,94.2531242472758,93.23100524518199,93.80831687719883,6558800
2017-07-31,94.22474670410156,94.64117016339596,93.82725552234689,94.16796431257897,7576600
2017-08-01,95.46453857421875,95.65381800180198,94.60330057145619,94.98186664716998,6018100
2017-08-02,95.85255432128906,95.85255432128906,94.86828550759164,95.61595144935833,5955600
2017-08-03,95.19953918457031,95.6822111213422,94.9534773678648,95.53078902033478,5697500
2017-08-04,95.48346710205078,95.90934943987855,95.21847300557594,95.5497156261695,4618000
2017-08-07,96.05131530761719,96.0986387778293,95.19954338763381,95.51186096171901,7047100
2017-08-08,95.85255432128906,96.26897768646207,95.52131174469537,96.06076600387556,6283700
2017-08-09,95.55916595458984,95.87148346828526,95.20899111615441,95.3604204151145,6902100
2017-08-10,94.15849304199219,95.47400465792164,94.10171065356434,95.15222816276669,8560800
2017-08-11,94.72632598876953,94.92507876292747,94.19633784580678,94.21527011979654,5268200
2017-08-14,96.41095733642578,96.63809411055819,95.35097368956147,95.56865154599309,5657600
2017-08-15,97.13023376464844,97.27219696900958,96.50560577422726,96.87470577323715,5386000
2017-08-16,97.94071197509766,98.51895330552296,97.29611543784529,97.40987032048105,13408300
2017-08-17,96.84111022949219,98.13977745151215,96.84111022949219,97.95019321290599,7381600
2017-08-18,97.1728744506836,97.72267156867748,96.63255148094574,96.76526187827263,5670900
2017-08-21,97.8459243774414,97.96915341519363,97.00226218071937,97.27716440232858,5395000
2017-08-22,98.65166473388672,98.77489376721162,97.77008427287346,98.0544678663004,5481000
2017-08-23,97.80799865722656,98.5568686732817,97.62788857311173,98.36727720785164,5057200
2017-08-24,97.8459243774414,98.1113452170157,97.29611993422299,97.9407165012643,4082300
2017-08-25,97.96912384033203,98.47152845388567,97.7890210290905,98.25350735812664,4467400
2017-08-28,98.37674713134766,98.42414680022831,97.88382384298953,98.25351811730164,3919900
2017-08-29,98.36725616455078,98.6516396857714,97.29609173467671,97.56151249732349,7135300
2017-08-30,98.329345703125,98.58528508802415,98.13027289776927,98.30090156509317,8712700
2017-08-31,98.13028717041016,98.76540949970877,97.66580076542714,98.64217324683355,13766000
2017-09-01,98.49050903320312,98.66113772831896,98.05445953061255,98.62321943694049,4466800
2017-09-05,97.6468505859375,98.07341872357351,96.93589886842759,98.01654490046867,6337500
2017-09-06,97.80799865722656,98.3483216773961,97.73216207105453,97.95966459739569,6372200
2017-09-07,99.11614990234375,99.95033790842858,98.21561392178411,98.31040604097326,6508600
2017-09-08,98.992919921875,99.3152145704643,98.64218112884396,98.89812780359432,5787200
2017-09-11,100.62337493896484,100.62337493896484,99.67543924897399,99.98825976239306,6956000
2017-09-12,100.68022918701172,101.08784174372731,100.2536611023397,101.08784174372731,5212400
2017-09-13,100.32003784179688,100.72765048604575,99.76075201262958,100.72765048604575,6215700
2017-09-14,100.55702209472656,101.27744802889542,100.00721764588016,100.00721764588016,8154000
2017-09-15,99.81761932373047,100.61388173834484,99.48583608546662,100.23470606045368,12622900
2017-09-18,99.37208557128906,100.02615618376007,99.17301997339143,99.86500887577259,7330300
2017-09-19,99.9218978881836,100.41482123194169,99.372093488941,99.65646983766398,9754400
2017-09-20,99.5047836303711,100.26312763800978,99.02133453418654,100.0071882530729,8198600
2017-09-21,99.82706451416016,100.11144799812719,99.20143097447408,99.53320688432066,4777600
2017-09-22,100.0640869140625,100.17784179793549,99.5901190795212,99.73231087631864,4959400
2017-09-25,97.65632629394531,100.14940165173695,97.40038685371299,100.00720985953012,9395300
2017-09-26,97.58049774169922,98.60426274322167,97.52361668504379,97.74164506584373,6263600
2017-09-27,98.48103332519531,98.69906170513715,97.54257906408696,97.70372638759724,8337400
2017-09-28,99.13510131835938,99.51427698389018,98.33883169752724,98.34831307801343,5947800
2017-09-29,99.76072692871094,99.94083698247067,99.23936675904,99.29624057299625,7676300
2017-10-02,99.95032501220703,100.47168521656575,99.62802316993918,100.04511711916551,4885600
2017-10-03,100.09253692626953,100.38640194002289,99.80816052763305,100.14941799173775,4411100
2017-10-04,99.82706451416016,100.23467698402094,99.43841480038914,100.20624008205871,4146800
2017-10-05,100.70867156982422,100.71815295040484,99.67542528394141,100.1019933918028,4396100
2017-10-06,101.17316436767578,101.39118549401599,100.3579392166335,100.75607041165202,4587000
2017-10-09,101.43856811523438,102.04524618629837,100.9930373247589,101.04991113386707,4787000
2017-10-10,101.72296905517578,101.99787125280237,101.25848262644286,101.97891572256167,4015600
2017-10-11,102.79415893554688,102.93634351768857,101.99788911467282,102.09268124682599,6473100
2017-10-12,102.48133087158203,103.05009085494808,102.28226523901269,102.85102522237874,6496100
2017-10-13,103.002685546875,103.57144545922212,102.75622026639387,102.85101237975594,5154600
2017-10-16,102.66142272949219,103.37237439041063,101.5807767834701,103.1259091229501,5552200
2017-10-17,101.94098663330078,102.77516728686511,101.71348413363307,102.61401998427439,5979400
2017-10-18,102.18748474121094,102.37706901317961,101.86518280025254,102.01685600356859,4817300
2017-10-19,101.44805145263672,102.1684844393576,101.33430382411545,101.685035321621,10840200
2017-10-20,101.95045471191406,102.09263923554661,101.40065044662444,102.09263923554661,7848900
2017-10-23,101.93150329589844,102.59506248610144,101.52389074105945,102.42443380658341,6316700
2017-10-24,102.76568603515625,102.98370713954965,101.5997222446301,101.9599351135521,10511200
2017-10-25,103.78947448730469,104.85116504132883,102.37705236395912,103.71364513015492,13261300
2017-10-26,104.08330535888672,104.97435967887856,103.96006913356949,104.63310237090795,7380100
2017-10-27,103.99800109863281,104.39613226625562,103.0311100869526,104.33925845150202,7862700
2017-10-30,104.31082916259766,104.50041338040539,103.24913873922114,103.9600904042616,5148600
2017-10-31,104.25395202636719,104.92698537999556,103.00267742499805,104.82271189386697,8002500
2017-11-01,105.28718566894531,105.60000608987636,104.67102620618897,104.7468627746886,6167300
2017-11-02,105.20191192626953,105.57160628741617,104.46251597180047,105.2398229916698,5506600
2017-11-03,105.56210327148438,105.61897709010505,104.75635950160301,105.16397207679114,3757600
2017-11-06,106.09293365478516,106.31096199008498,105.4104189747535,105.56209211794877,4094700
2017-11-07,106.25408935546875,106.6143094829827,105.75168468517201,106.40576251066916,3697900
2017-11-08,106.61431884765625,107.03141282891957,105.99815925683764,106.17826933641494,4417800
2017-11-09,106.3014907836914,106.37732736254664,105.1544896491594,105.97919617181802,4334700
2017-11-10,106.05503845214844,106.14983780336559,105.48627850572112,105.89389112655947,4198900
2017-11-13,105.60001373291016,106.03606318508322,105.54313268633193,105.7422055010951,7185600
2017-11-14,106.14981842041016,106.2066922350152,105.04072841039533,105.29667504046559,5679600
2017-11-15,104.50989532470703,106.04555353306101,104.405621834698,105.54314161202915,6895100
2017-11-16,105.42628479003906,105.82512871228855,104.99896081368772,105.16989185322618,5655100
2017-11-17,104.2867202758789,105.32180440583473,104.17276386630037,105.1128879441012,8812400
2017-11-20,104.4101791381836,105.10340136087079,104.1632844243396,104.4101791381836,6873200
2017-11-21,105.8346176147461,105.87260309446793,104.7425658639485,104.88500235666856,6456500
2017-11-22,105.2363510131836,106.03403150945792,105.12239458657622,105.88208960731475,4067600
2017-11-24,106.32839965820312,106.50882883839093,105.54021741789512,105.70165023964844,3045600
2017-11-27,106.71773529052734,106.86967717409937,106.27142230875701,106.35688418452544,6620500
2017-11-28,107.64836120605469,107.89526314434497,106.88866627823279,106.92665174912267,6671300
2017-11-29,104.3247299194336,107.89528521871853,101.51386970339712,107.89528521871853,14505400
2017-11-30,106.91714477539062,106.91714477539062,104.48613279831055,104.93245298831853,18533300
2017-12-01,105.15089416503906,106.77473528580643,104.22976626288113,106.71775344727826,13101800
2017-12-04,102.01716613769531,105.83461623770174,101.580343994062,105.72066704500831,18909100
2017-12-05,103.10920715332031,103.73594933889746,101.22896610661272,103.40358550980442,12081500
2017-12-06,104.21077728271484,104.61911213697465,102.80535074595288,103.02375819998166,7532100
2017-12-07,105.78712463378906,105.79662281347957,103.93537082350753,104.23924736870919,7384900
2017-12-08,106.92664337158203,106.93614154980727,106.18594485973156,106.48032317982926,7594900
2017-12-11,106.7082748413086,107.63889378659226,106.50885649589067,106.83172222323688,7538600
2017-12-12,107.74332427978516,107.99972440422926,106.35688715590143,106.70824733773713,8754400
2017-12-13,107.60089111328125,108.60748810621878,107.48694193124247,108.01872410072659,8088900
2017-12-14,107.23054504394531,108.34159307255685,107.23054504394531,107.82880724780453,9815600
2017-12-15,108.085205078125,108.44605625695937,106.72725501081592,108.22764881147698,16388000
2017-12-18,107.82879638671875,108.96833159692663,107.54390896167268,108.91135700991269,8961800
2017-12-19,106.48983001708984,107.57239058320354,106.43285543308,107.57239058320354,7899400
2017-12-20,106.47085571289062,107.40147452443219,106.34740110371455,107.04062336720018,6201900
2017-12-21,106.74625396728516,107.40148356464829,106.66078482720076,106.92667593859326,8866400
2017-12-22,107.01213073730469,107.41096735094283,106.5942977639761,106.72724330185548,6190100
2017-12-26,107.29701232910156,107.72434348785647,106.42336814163028,106.42336814163028,3948900
2017-12-27,108.27513122558594,108.32261488766413,106.97416292652302,107.01214840718767,7073100
2017-12-28,108.58848571777344,109.12976603737539,108.24662370065765,108.54100930955576,6937100
2017-12-29,108.27513122558594,109.10129912881501,108.27513122558594,108.96835356898363,5249000
2018-01-02,108.74044036865234,109.28172075175324,108.20865092131542,108.79741496319271,6080900
2018-01-03,109.822998046875,109.95594359372382,108.88288103844727,109.158263067642,6946100
2018-01-04,110.2313232421875,111.44682941865736,110.18383958889265,110.39275607140871,7805300
2018-01-05,112.87125396728516,113.00419950475049,110.55419075148053,111.09547108115753,8590500
2018-01-08,113.32707977294922,114.40964781680113,112.12107160052842,112.63386470183005,6660700
2018-01-09,113.10868072509766,113.92535047542248,112.68135673143486,113.92535047542248,6562400
2018-01-10,112.98522186279297,113.05169463827538,111.54180267376178,112.70983258008322,7490300
2018-01-11,113.80186462402344,113.93481739700766,112.70031492848427,112.81427134319021,5982100
2018-01-12,114.03926849365234,114.28617043658424,113.67841738089643,114.06776303109626,5585800
2018-01-16,114.32416534423828,115.7960716991815,113.86835413734478,115.07436216911353,8803800
2018-01-17,115.83407592773438,116.00500696924071,114.64705681865973,115.09336991788047,7991500
2018-01-18,116.90711212158203,116.99257400048829,115.88152610477871,116.34683546157376,8661000
2018-01-19,116.51776885986328,117.41990754401974,115.77707024749554,116.85013993796672,8250700
2018-01-22,118.06563568115234,118.06563568115234,116.2328784259483,116.67919863889767,9355000
2018-01-23,118.36954498291016,119.18621469559528,117.95171194526023,118.32206132136282,5683300
2018-01-24,118.27458190917969,119.12922983546892,117.4769013343232,118.74938953266899,6425200
2018-01-25,118.9107894897461,119.1481932358141,118.35051288163214,118.70187303400826,7166400
2018-01-26,119.95539855957031,120.01237315639663,118.4740010821704,119.4331072720309,5604900
2018-01-29,118.54996490478516,120.4871808935371,118.40752841258896,120.35423533749437,6257900
2018-01-30,117.32496643066406,118.02767968344442,116.65073323104919,117.58135935904697,8154400
2018-01-31,117.97068786621094,118.20809164283176,116.8406435710996,117.5433567213005,7338200
2018-02-01,119.38562774658203,119.89842083963002,117.84724846743808,118.45500163438622,11169700
2018-02-02,114.81800079345703,117.48641773283505,114.61857518507794,117.48641773283505,13937700
2018-02-05,110.4117431640625,115.02687307427156,109.21523336881434,112.71930811916702,16623900
2018-02-06,113.92534637451172,114.23872115591199,107.5439305295844,109.39567742878668,19053300
2018-02-07,113.6214599609375,116.2898763505941,113.20362695515905,114.03928572172696,9294000
2018-02-08,108.12317657470703,113.78288173842668,107.81930003051363,113.507492488222,12673400
2018-02-09,110.45922088623047,111.3043776901138,105.4262582888461,108.7784054574366,17695500
2018-02-12,112.50090789794922,112.85226086640118,110.99101604315229,111.85516930661889,11526300
2018-02-13,112.3869400024414,112.81427112301375,111.22840847931639,111.91213247624184,7803900
2018-02-14,114.74200439453125,114.85595357979156,111.57978409375764,111.69374052400684,9206400
2018-02-15,116.32109832763672,116.34963521830679,114.12367065481867,115.76936091600906,6921300
2018-02-16,115.91206359863281,116.99650909235514,115.64570958369787,115.70278337044033,6371400
2018-02-20,116.06428527832031,117.05360550482686,115.12252412780904,115.4364445113128,6182800
2018-02-21,114.56126403808594,116.844309855584,114.5422418617146,116.10232159785771,7676100
2018-02-22,114.51367950439453,115.46494783897778,113.79072079558429,114.78954819233584,4994000
2018-02-23,116.93941497802734,116.96795186643801,115.31274702020765,115.64568948100093,5036900
2018-02-26,118.51853942871094,118.52805414587962,117.31043162198633,117.557763465153,6270500
2018-02-27,117.35798645019531,119.19393477329743,117.33895701772266,118.6231679207501,7287200
2018-02-28,116.94896697998047,118.88955584423435,116.89188592735877,117.6243668322408,6780900
2018-03-01,114.53272247314453,117.95728743090852,113.79073424568261,117.2533508122398,8819600
2018-03-02,114.88468170166016,115.0844544527446,112.11649442614339,113.28655049619827,7581900
2018-03-05,115.94059753417969,116.34964326313798,113.61950742210222,114.58028334323487,5810200
2018-03-06,115.1605453491211,117.2343106644044,114.78955126929715,116.84429441072353,7464400
2018-03-07,115.91206359863281,116.283057727664,113.86683490166438,114.18075524395309,7254100
2018-03-08,116.2640151977539,116.83477473806741,115.26518055900429,116.01668340249758,6948900
2018-03-09,118.44242095947266,118.70877492876528,116.88234148995753,117.24382084005447,6397700
2018-03-12,118.18557739257812,118.88952119479207,117.46261867437143,118.67072628164956,8636000
2018-03-13,117.1962661743164,118.90855222946148,116.91089000352694,118.19510091608471,9479500
2018-03-14,116.60648345947266,117.99533446739683,115.95962065025847,117.99533446739683,7855000
2018-03-15,117.3960189819336,118.35679469522826,116.72061213333916,117.12965777381143,5861900
2018-03-16,118.46145629882812,118.95611994615145,117.31993708710102,117.8145934768222,9447100
2018-03-19,117.20580291748047,118.25219692223145,116.32112283232847,117.90023218635172,17387800
2018-03-20,118.82293701171875,119.07026156542486,117.29139433696128,117.36749029170066,7779700
2018-03-21,117.21532440185547,119.32714196945268,117.07263265260627,118.81345602671792,7359500
2018-03-22,114.14270782470703,116.70162246912417,113.8668390826514,116.24501038561073,10501500
2018-03-23,111.29840087890625,114.4661263380534,111.07009849897547,114.04756592684545,10024300
2018-03-26,114.76102447509766,114.85614986795362,112.05942557845658,113.28655548422233,8735400
2018-03-27,111.67893981933594,115.67426520543263,111.05109903310728,115.59816197238605,9008600
2018-03-28,111.28887939453125,112.31625092813943,110.37566267274666,111.23180561742014,9420400
2018-03-29,113.79072570800781,114.71344993600299,111.336451557006,111.94526273681396,12918100
2018-04-02,112.62068939208984,113.99051850361566,111.07012418106244,113.4578031504648,9877100
2018-04-03,113.39119720458984,114.14270015675237,111.76452901355542,113.09630630526618,7084800
2018-04-04,113.97146606445312,114.26636420720062,111.02253544019233,111.20327876081801,8425700
2018-04-05,115.28421783447266,116.06425761942127,114.50417804952404,115.10347451899372,6816000
2018-04-06,111.96428680419922,114.68491498517021,111.41255665277018,114.32343560904748,8383800
2018-04-09,113.00116729736328,114.78954916885714,112.84896087888644,112.84896087888644,7024800
2018-04-10,114.83712005615234,115.25568046600847,113.80974846337918,114.6849136316222,8947200
2018-04-11,113.94292449951172,115.73131368471886,113.79072533386103,114.14268998682921,5874900
2018-04-12,115.17005920410156,116.03571688895549,114.52319643377606,114.53271114943423,5666000
2018-04-13,114.86566925048828,116.50185220144249,114.77054385376822,115.797915556591,9174300
2018-04-16,115.94059753417969,116.88235853702007,115.58863284811021,116.15939247378164,6903200
2018-04-17,117.76704406738281,118.20462670968209,116.54941428205986,116.92041567677727,5979600
2018-04-18,118.41390228271484,118.78489640523047,117.36750116012976,118.01436400972669,5171000
2018-04-19,117.91922760009766,118.64219360155471,117.1487025341669,118.25217008182072,7294100
2018-04-20,118.14753723144531,118.73732627641546,117.30090890126692,118.01436023058145,7479400
2018-04-23,118.39484405517578,118.87999288878481,117.86213616421729,118.24264491101651,8004300
2018-04-24,115.36032104492188,118.94660714412815,114.67541386142362,118.78489325042449,9434400
2018-04-25,115.30323791503906,115.4364149058362,113.5529076030757,115.23664941964049,8001200
2018-04-26,120.88719940185547,121.3723410980579,117.74801053502708,119.04173624010524,14345800
2018-04-27,119.86932373046875,120.86815111770032,119.27953475591201,120.27836940074492,6842700
2018-04-30,120.69694519042969,121.667243128893,120.48767221590884,120.56376818046064,8449200
2018-05-01,121.2962417602539,121.35331554466525,119.39370486545154,120.67791581792268,6407300
2018-05-02,120.22130584716797,121.85749602378893,119.85982644364623,121.64820854292566,8515300
2018-05-03,120.98230743408203,121.24866140732293,119.2129477460087,119.67906719918027,6778600
2018-05-04,121.91455841064453,122.10480918258355,119.9264037331537,120.17373554275581,5798400
2018-05-07,122.96096801757812,123.20830713125558,122.0001920038795,122.14287648084249,5737300
2018-05-08,123.56977081298828,123.6363665744618,122.05725740037639,122.8468119874191,5044700
2018-05-09,124.4639663696289,124.6161728124384,123.27488075118961,123.67441177716059,6119400
2018-05-10,124.61617279052734,125.32962416146547,124.3498187732602,124.89203426726642,6585800
2018-05-11,125.3962173461914,125.6530493835028,123.88368943933261,124.61617022936568,5437100
2018-05-14,124.81591796875,126.04304766879882,124.30222496671871,125.97645192160132,5017000
2018-05-15,124.71131134033203,124.99668029003051,123.56977748071417,124.1976182004628,5532300
2018-05-16,124.51155090332031,124.99669268110641,124.17860107539171,124.70180172704775,5124200
2018-05-17,123.79692840576172,124.62587182374374,123.49204087364848,124.4162552848086,4911700
2018-05-18,123.79692840576172,124.18757873182547,122.9775368026001,123.50156361140701,6082700
2018-05-21,124.49247741699219,125.30234626037152,123.8541050797883,124.76878218978501,5591800
2018-05-22,124.54008483886719,125.55956992616609,124.33999109991571,124.81638953324871,6645500
2018-05-23,125.65486145019531,125.683444194483,123.67304212792904,123.92076409126466,6569100
2018-05-24,125.6644287109375,125.96933080940866,124.3400411150844,125.59774046347958,6035200
2018-05-25,125.0832290649414,125.86452983370985,124.74974419270453,125.6549132634809,7509600
2018-05-29,123.56824493408203,124.86404943224564,122.96797817331753,124.23519992463791,10401900
2018-05-30,124.473388671875,124.91168165070519,123.73973097489993,124.05415570217497,10631300
2018-05-31,124.54961395263672,125.3690198814775,123.84453900132301,124.48291119006115,11086000
2018-06-01,124.67352294921875,126.25515529651163,124.20664707418895,125.61678289914349,8323400
2018-06-04,126.78868865966797,127.26508710289775,125.22608780888864,125.7120235256401,7178000
2018-06-05,127.25556945800781,127.31273495384865,126.43616342772161,127.08407297048531,6198200
2018-06-06,129.84715270996094,129.87573545219286,127.30318688163848,127.67477706917937,8065800
2018-06-07,127.5223388671875,130.1330077147501,126.76963568208953,129.92339122502105,8309200
2018-06-08,128.37986755371094,128.5513640279233,126.94113484024386,127.14122859868614,5261000
2018-06-11,127.58905792236328,128.80863699730938,127.49377240085556,128.53231770805462,7988700
2018-06-12,128.4942169189453,128.7514762055953,127.23651777401633,127.71291632190824,5743300
2018-06-13,128.05592346191406,129.3612653653014,127.97017521280588,128.79910403124472,4881600
2018-06-14,128.62759399414062,129.29454898121938,128.38939474600332,128.58948851139112,6464100
2018-06-15,128.722900390625,129.32315270710646,127.67481771338642,128.722900390625,10044500
2018-06-18,129.77093505859375,129.8757432992853,127.78911575912542,128.02731498446738,8713300
2018-06-19,128.73243713378906,128.85630542872016,127.26513576454933,128.2083957381562,6557600
2018-06-20,129.1040496826172,130.23788093219466,129.1040496826172,129.12310970169958,7192000
2018-06-21,128.17979431152344,129.69473823032365,127.92253502050053,128.88486940825914,8689800
2018-06-22,128.94203186035156,129.43749041765568,127.92253199614211,129.1992911452923,6031900
2018-06-25,124.74971008300781,128.5418527886223,123.4158000358509,128.5418527886223,10086200
2018-06-26,126.29326629638672,127.474725468543,125.39763464102255,125.87403322038384,7733900
2018-06-27,124.83549499511719,127.35087905744881,124.825957718321,126.73155214549745,7282100
2018-06-28,126.47428131103516,126.83633429141182,124.48292449558433,124.81640926705282,6576500
2018-06-29,126.19792938232422,127.85580099735327,126.19792938232422,126.98875244669598,7259000
2018-07-02,126.24559783935547,126.76963907771497,124.95931612143012,125.73109387530207,7554400
2018-07-03,125.24516296386719,127.1126514841235,125.21658021689889,126.73152396033217,3621600
2018-07-05,126.99832153320312,127.03644155952165,125.6072458817121,125.89308792498007,4729300
2018-07-06,127.76057434082031,127.94160813680202,126.24563026686552,127.27465299781547,4839800
2018-07-09,129.12310791015625,129.55186383308478,128.42755533938055,128.5704836727131,8960700
2018-07-10,130.23785400390625,130.8476436416477,128.95157194469408,129.17072577249166,6561900
2018-07-11,131.62892150878906,132.2577711220609,130.15209754531398,130.1806802969599,10648700
2018-07-12,133.29632568359375,133.34396845245058,132.11486643172256,132.44833673665673,11816100
2018-07-13,132.83895874023438,133.420165503785,131.0476956908923,133.1914889851896,7865700
2018-07-16,131.92428588867188,132.96283118352116,131.63844386607715,132.83896291473997,4969900
2018-07-17,133.04861450195312,133.30587384395795,130.93340333109794,131.65752404583287,5412600
2018-07-18,134.2490997314453,134.50635900803658,132.791321394977,133.30583994815953,7008600
2018-07-19,133.51544189453125,134.33484785699218,133.32487087279748,134.29672783723433,7937000
2018-07-20,134.3348846435547,134.79222323619334,133.31538464450225,133.391610166364,7153600
2018-07-23,133.42015075683594,134.3157821825127,133.0485605417708,134.02041746522082,7723600
2018-07-24,133.42015075683594,134.79218063970015,132.92469229057338,134.33484219158777,8336700
2018-07-25,135.90701293945312,136.0308812468437,133.29634297585912,133.71557613453461,8376000
2018-07-26,135.7736358642578,136.04994072625414,132.94382629053047,134.9256467200505,10520800
2018-07-27,134.0680389404297,136.38332809640335,132.63884379569782,136.32616261677805,7014900
2018-07-30,130.03775024414062,133.79177332060462,128.92297932941153,133.5154685455818,12812400
2018-07-31,130.2855224609375,131.50510197688533,129.2279167592993,130.65711286753825,7683300
2018-08-01,131.7241668701172,132.19104256884282,130.92382099103878,131.23824570178954,7087700
2018-08-02,132.362548828125,132.61980807206734,130.53318045253755,130.96193616675646,12300000
2018-08-03,133.22007751464844,133.25818299597861,131.4288145830464,132.71508175196098,4617500
2018-08-06,133.1153106689453,133.6393375274874,132.48646099245602,133.0581306213744,5143000
2018-08-07,133.6583709716797,134.04902125715753,133.26772068620187,133.37252894478056,10034500
2018-08-08,134.03948974609375,134.33486906099398,133.22962093000294,133.37253468033364,5389500
2018-08-09,133.40115356445312,134.57310478872884,133.29634527297807,134.08716882892,5679300
2018-08-10,133.13430786132812,134.09664204290118,132.67696941635376,133.27723612061996,6523500
2018-08-13,133.5916748046875,134.57305455922855,133.22960728954587,133.89656228702106,4817500
2018-08-14,134.11573791503906,134.3348917539408,133.277286207244,133.67745931430056,5888700
2018-08-15,133.3153533935547,134.04901114827913,132.2863308974359,133.72506366020332,5288400
2018-08-16,134.2123260498047,135.01388961319998,133.99285741906124,134.61311511169308,5931700
2018-08-17,134.86122131347656,135.2238330868949,134.13601232702266,134.33639231520863,7699600
2018-08-20,134.4890594482422,135.11885418509405,134.26003920928295,135.0615882050682,4662200
2018-08-21,133.63026428222656,134.98528269646442,133.40125856970016,134.54633081348288,6854300
2018-08-22,134.67991638183594,135.05206520863175,133.44896705024456,133.44896705024456,4191700
2018-08-23,135.59597778320312,135.92994927347382,134.32685117525676,134.5558568690693,4426800
2018-08-24,137.59983825683594,137.77160707241165,135.8058973853739,135.8058973853739,5714000
2018-08-27,138.74490356445312,138.93576103034835,138.08649772448393,138.3536807042808,7194900
2018-08-28,138.5540771484375,139.4796806387412,138.23917976469048,138.96440327648924,4925700
2018-08-29,140.30035400390625,140.55800003072625,138.7640440164601,138.8022213480409,5192900
2018-08-30,140.0236053466797,140.9492088837455,139.6609935724609,140.0999454339038,7804600
2018-08-31,140.16676330566406,140.88243539304958,139.794614402639,140.0236347123413,5786600
2018-09-04,141.03509521484375,141.09234664389794,139.95681143304375,140.20490581240654,7638100
2018-09-05,136.13987731933594,141.05416640317077,136.02537447541297,140.27169147534534,11363400
2018-09-06,137.8861541748047,138.07699715085877,136.01585806454904,136.7315301450411,9589200
2018-09-07,136.64566040039062,137.8289102127126,136.21626004088546,137.39950985320743,13626200
2018-09-10,137.48533630371094,137.82885937668925,136.65516161083883,137.53305067280982,5362700
2018-09-11,138.83079528808594,138.85942099590235,136.6933168887174,136.89371140381272,9895900
2018-09-12,139.86138916015625,140.08085781231617,138.43004527493582,139.1743429304198,6964100
2018-09-13,140.8728485107422,141.2927116498228,140.35755663627756,140.4148080533557,5803400
2018-09-14,141.07325744628906,141.5789978148635,140.60569440386197,141.14006048685505,4928300
2018-09-17,139.4892578125,141.13053367604863,139.15528623213226,141.06374518412957,7708600
2018-09-18,140.8728485107422,141.31178574859499,139.26973603065096,139.50829330873032,5692100
2018-09-19,140.67245483398438,142.0083843354667,140.51023763116353,141.49309245791267,7432300
2018-09-20,142.4091339111328,142.64769114891993,140.46249869697812,141.21634772219724,7172700
2018-09-21,143.18206787109375,143.38244781219228,142.51411046679968,143.08663914460342,15628100
2018-09-24,142.28512573242188,142.80040312694652,140.52934738615187,142.33284010756265,6706700
2018-09-25,142.73358154296875,143.09619323747123,142.27555568069903,142.85763597748374,4230700
2018-09-26,142.4378204345703,143.5351783728022,142.21833719861633,143.13440378943793,5852400
2018-09-27,143.15345764160156,143.74507504073927,142.71450583682198,143.03894024535677,5868500
2018-09-28,143.22024536132812,143.48742835053608,142.70496804225016,142.95306237212014,6035900
2018-10-01,143.88824462890625,144.6230053428412,143.71649032611853,143.98367339293395,9802100
2018-10-02,142.81948852539062,143.93593498833368,142.34237390565175,143.93593498833368,8047500
2018-10-03,142.53318786621094,143.81186585306233,142.36143362700417,143.81186585306233,7521100
2018-10-04,140.0426483154297,142.44730956707065,139.41286821650672,142.3518808391595,9208900
2018-10-05,138.70672607421875,140.66289840881927,137.79065984051852,139.92813801223315,7085700
2018-10-08,135.3955841064453,138.3727746281029,133.7638457256861,138.3727746281029,11637300
2018-10-09,135.7963409423828,136.73148138382777,134.6608059832951,134.98525494330627,10798000
2018-10-10,129.31715393066406,136.1589760061117,129.02134518849343,136.0444731537574,15450100
2018-10-11,127.60909271240234,130.95844720214336,126.20637433916441,127.95261587646847,15657200
2018-10-12,133.6493682861328,134.5272575924817,131.13974028881483,132.1416840772776,12993300
2018-10-15,130.9488525390625,133.64932258203933,130.93931549000175,133.49664243478588,7953000
2018-10-16,135.25242614746094,135.63411193021122,132.332473123942,132.36111339000863,11059500
2018-10-17,135.929931640625,136.32116906397982,134.2886564327574,135.82496585778298,9170600
2018-10-18,132.91464233398438,135.93956315565254,131.635978089858,135.93956315565254,10222600
2018-10-19,133.66845703125,135.681881661704,133.00049935866969,133.49668816665206,8696900
2018-10-22,134.20278930664062,135.06158973177804,133.1245056898766,134.5176866786261,6099500
2018-10-23,132.7523651123047,133.6302542519902,129.38393711314848,130.62443801762805,10736100
2018-10-24,128.1148223876953,133.76385817632178,127.86672800792556,133.3058321827531,13849600
2018-10-25,134.08828735351562,134.45088453788958,126.43536531561814,129.25033846151217,14985900
2018-10-26,131.43548583984375,133.46798337071715,129.83237381509505,131.66449144311028,12034900
2018-10-29,128.181640625,135.03300091914062,126.21593033582619,133.2199708327184,12768200
2018-10-30,126.68347930908203,128.6873667056725,123.84941706323342,126.98883968053289,15107600
2018-10-31,131.5404815673828,132.7523419884715,128.8113858770558,128.8113858770558,13205300
2018-11-01,134.38412475585938,134.42228752432626,131.1970021348311,132.6378832507082,16024000
2018-11-02,133.3821563720703,134.97571738835734,131.54050100559357,134.65128295494412,17063100
2018-11-05,133.4012908935547,133.79252849443102,131.7504778874305,133.4012908935547,6280000
2018-11-06,134.34591674804688,134.4604341480661,133.3248991203868,133.40123920027244,4732700
2018-11-07,138.1533203125,138.26782317201454,135.8059243301482,135.82499843314463,20502100
2018-11-08,138.5827178955078,138.80220111914556,137.07503384628274,137.9815633343872,5927400
2018-11-09,137.34226989746094,137.9529908663839,135.84413688169099,137.59991598617665,8339800
2018-11-12,133.3248748779297,137.06545074988944,132.80004602438382,136.85551920847107,11335100
2018-11-13,133.3248748779297,135.4050870751385,132.64736589237432,133.9260437974803,6287000
2018-11-14,133.10546875,136.07312286679561,132.07489921589502,135.51966804882892,6613900
2018-11-15,135.5908966064453,135.65781959082855,131.8531574921764,132.73263753149692,8565000
2018-11-16,134.00399780273438,135.59086567769802,133.75545803141804,134.23342922846564,8628000
2018-11-19,128.82278442382812,134.3768216691726,128.33525908181625,134.28122160061065,16253000
2018-11-20,127.49404907226562,128.60294589490576,123.8327874746604,124.56886729840734,12720200
2018-11-21,128.49778747558594,129.7978698426157,127.74259932820144,128.4404332601548,7416300
2018-11-23,127.01606750488281,128.33527274153377,126.65281929603364,126.74840478824697,3676000
2018-11-26,129.95082092285156,130.50526930249464,128.3352758244393,128.66986152153365,9144600
2018-11-27,129.9221954345703,130.3045667375752,128.21104957527749,129.31994677513393,7877900
2018-11-28,135.15113830566406,135.30407800065396,130.83982883797017,131.03102898312298,11265100
2018-11-29,132.97158813476562,134.50108715912978,132.5987711977588,134.49153298667628,8751500
2018-11-30,135.46661376953125,135.99237045853127,132.5223092131184,132.88555743268805,11362800
2018-12-03,138.6116485595703,139.29992825727075,137.51232062974174,138.6116485595703,11285600
2018-12-04,132.5318603515625,137.99029814541922,132.3980289923597,136.8240471924274,13988900
2018-12-06,134.83570861816406,134.89306284115816,127.59921602885741,129.09048417281065,16391900
2018-12-07,131.06930541992188,135.86814190353005,129.9986542534862,134.61585928853228,14007700
2018-12-10,131.8053436279297,132.17816058286803,128.91839347712397,130.24715283821433,15744300
2018-12-11,130.78253173828125,133.87979165205658,129.93174323231773,133.77463736091372,12466300
2018-12-12,131.72886657714844,134.67317094053794,131.68106653950272,133.16278018737896,10387200
2018-12-13,131.4803466796875,133.0003065907023,130.15158696937306,132.20687243468328,8780900
2018-12-14,129.1382293701172,130.6964198367492,128.62202699589756,129.71180052949057,9351200
2018-12-17,125.61084747314453,128.50735228432364,124.93213641900772,128.29705833918095,11796200
2018-12-18,126.8153076171875,128.25877522308622,125.99319666481269,126.46159905126183,12761900
2018-12-19,125.47699737548828,129.88389253542948,123.81366689240895,127.07341947385207,13819000
2018-12-20,123.08718872070312,126.19400279656927,121.54812753446221,124.42551738222465,18091700
2018-12-21,118.78540802001953,124.58797826012464,117.53311848124316,121.5767581564505,25448600
2018-12-24,116.36687469482422,119.69355025218586,116.2425975117899,116.70145308518215,8617700
2018-12-26,124.49240112304688,124.50196988445529,117.58094018655255,117.60005582957957,13499500
2018-12-27,126.19397735595703,126.19397735595703,120.94585452485647,122.3510913135682,10883000
2018-12-28,125.1711196899414,127.73303871952515,123.94751439424086,127.21683616117755,7381300
2018-12-31,126.12705993652344,126.60503120226043,124.49239178963171,125.87850554296392,7976000
2019-01-02,127.06387329101562,127.84775312984772,123.89015182742705,124.27252298662215,8788000
2019-01-03,122.48493194580078,125.4961453488866,122.24593899875198,125.42923695082058,9428300
2019-01-04,127.76166534423828,128.66025331899516,124.3967594039622,124.6930991431863,11065800
2019-01-07,130.06552124023438,131.12661789283558,128.1345134986534,128.52645338531772,12928000
2019-01-08,130.77297973632812,132.10173966294326,129.96999127417143,131.89143107715987,9243000
2019-01-09,132.31198120117188,133.3348319077736,131.55677859313175,132.20682696156587,9987600
2019-01-10,132.56056213378906,132.70396227953677,130.35233700262697,130.78250826681634,12514900
2019-01-11,131.9774627685547,132.49368005735974,131.35610577311763,131.68112282960686,5860100
2019-01-14,131.0597381591797,132.04435788426562,130.6295523138383,130.9545838882226,8666700
2019-01-15,131.2891082763672,131.65237100780323,129.29119242651194,130.92586013145265,7594900
2019-01-16,131.2891082763672,132.75169878717236,131.03101436494615,132.30240475192932,7258000
2019-01-17,131.23179626464844,131.83404475796246,130.5721935503571,130.93545639858158,5864900
2019-01-18,132.3980255126953,132.49362558955227,130.6199720234321,132.21639411858138,10263500
2019-01-22,131.96791076660156,133.3731478954107,130.9450449356666,131.82451059000124,8102300
2019-01-23,130.97366333007812,132.85687103013638,130.1515522803749,132.65613129404198,5465800
2019-01-24,131.63327026367188,132.22596449167452,130.50526519291904,131.06926772829544,4924800
2019-01-25,132.56056213378906,133.73636747898053,131.63329662008934,132.87602495060176,9756300
2019-01-28,129.99864196777344,131.45166424589382,128.8706220927169,131.45166424589382,9857200
2019-01-29,129.05224609375,130.66779136017516,128.20145779555594,130.57219126919904,7457700
2019-01-30,131.53768920898438,131.82446027967987,129.5397583684842,130.10377550940908,8078100
2019-01-31,129.06179809570312,129.75007789687254,127.42714450782007,128.4691183839006,20095700
2019-02-01,133.975341796875,134.1665419750238,129.30078333703983,129.4250605355314,13248300
2019-02-04,135.26583862304688,135.2849615537216,133.04804543349167,133.63117083363142,11882700
2019-02-05,136.25047302246094,136.6519670916216,135.58131624052646,135.743824702816,8455700
2019-02-06,135.25634765625,136.14536743001284,134.83573050398536,135.7056419246664,6146900
2019-02-07,133.99444580078125,134.84523396184863,133.07674925603536,133.75546019838566,10675300
2019-02-08,134.1951904296875,134.21429877420167,132.41713709286202,132.57964554036747,5950700
2019-02-11,134.59674072265625,136.0210860700192,134.26215492901161,135.03646621464384,7600100
2019-02-12,135.7342987060547,136.50860989920858,135.02689591172148,135.54309851164842,6090000
2019-02-13,137.16819763183594,138.32487991414928,136.57550334979555,136.59462628444854,6885600
2019-02-14,137.0915985107422,137.39802644199628,136.36380477654237,136.9192209271742,6314000
2019-02-15,138.76742553710938,138.76742553710938,137.7236329635708,138.42268496276807,6536000
2019-02-19,138.3173370361328,138.7386882197109,137.91514216416766,138.29818072451988,8406700
2019-02-20,138.59503173828125,138.70036952956818,137.43633064610887,138.23114950545863,5283100
2019-02-21,137.89596557617188,138.88230360543173,137.11071764733384,138.23113522618465,8573400
2019-02-22,139.6866912841797,140.07931524312644,138.29815846144675,138.29815846144675,9680800
2019-02-25,139.86865234375,140.9603282369997,139.6292496074059,140.68262749211326,9731200
2019-02-26,140.80709838867188,141.15183889245517,138.87273491764907,139.04509786354947,7332500
2019-02-27,140.97947692871094,141.23803596134533,139.73457984459944,140.28999591634096,9731200
2019-02-28,141.84132385253906,142.5116631816735,140.98905072387868,141.01777788232926,6250200
2019-03-01,143.13409423828125,143.5745870444781,142.09030192361706,143.12452339014024,7016800
2019-03-04,141.6881103515625,143.82357849423497,140.7209140239442,143.70866986599606,6979700
2019-03-05,141.6785430908203,142.96173831093103,141.5636344478206,141.72642656273158,9678600
2019-03-06,141.5444793701172,142.22438960842013,141.17101166512944,141.72642779777505,8186400
2019-03-07,140.6060333251953,141.544488070183,139.84951240706386,141.01779906616463,8761700
2019-03-08,141.10397338867188,141.22845287078414,138.37477645124176,139.27493304427438,5168100
2019-03-11,144.28321838378906,144.57050454797977,141.7455555927307,141.83173705839354,9361500
2019-03-12,145.29827880859375,146.64851350830463,144.47473295756237,144.59922703415413,9465100
2019-03-13,146.00692749023438,147.51036892672798,145.59514722644235,145.84413539914792,8308900
2019-03-14,147.66358947753906,148.1328240522233,145.84413471558813,146.09310827514483,9364900
2019-03-15,148.87020874023438,150.17256025191628,146.85921984608396,147.20396038188164,20162000
2019-03-18,148.39141845703125,149.7799515919409,147.87430029435694,149.31071690536388,9689400
2019-03-19,148.0370635986328,149.33941499017268,147.6061416216343,149.33941499017268,9236100
2019-03-20,147.232666015625,148.3051854759697,146.23675717558802,147.79765290191503,6391400
2019-03-21,149.19578552246094,150.03847320305218,146.8113290511447,146.82091451209504,7027100
2019-03-22,146.58154296875,149.08089399541802,146.3708673507802,148.42015458849775,8119800
2019-03-25,146.543212890625,147.52955107003825,145.11636721373355,145.9016152621124,7568000
2019-03-26,148.7169647216797,149.0042508928834,147.2518213217206,147.2518213217206,15594400
2019-03-27,147.68276977539062,149.2532512328938,146.85922372987162,148.87978352690172,12253800
2019-03-28,148.1136932373047,148.50631725847722,147.09862790411475,148.36266683971476,16902200
2019-03-29,149.5692596435547,149.66501197330123,148.362660470481,149.1287521683724,12164400
2019-04-01,150.59385681152344,151.04393501961297,149.91396138192775,150.85241579769786,6420100
2019-04-02,151.09185791015625,151.44616929376667,150.10551977849707,150.97694926941423,6215100
2019-04-03,151.74302673339844,152.3654679616692,151.15888351112085,151.82920820586995,8209300
2019-04-04,150.957763671875,151.9632579192469,149.89481511527856,151.81003668666088,5100200
2019-04-05,150.9673309326172,151.90580000092393,150.5651361656203,151.30250054443826,4178300
2019-04-08,151.0631103515625,151.15887728057177,149.69373386101753,150.87159110552582,5604700
2019-04-09,150.81417846679688,151.2929840201859,149.83741104652717,149.9235925392606,6364100
2019-04-10,151.83880615234375,152.0494817528607,150.84289708697872,151.2929754506299,3918600
2019-04-11,151.16847229003906,152.54743446107452,150.76627742548442,152.3654860340651,5771400
2019-04-12,152.87301635742188,152.87301635742188,151.16846998092467,151.9824451592225,6745100
2019-04-15,153.63912963867188,153.67742765400058,152.44211574484277,153.05498627400382,8142800
2019-04-16,153.43804931640625,154.2711810553715,152.78688066819174,154.2137121052452,6021400
2019-04-17,153.63912963867188,154.2424293169973,153.51463551787813,154.05089540439582,4609100
2019-04-18,153.37094116210938,154.27109760464612,152.26010918570316,154.10829091867208,7859400
2019-04-22,153.60076904296875,153.6773796616872,152.32715951622114,152.45163898615485,4602600
2019-04-23,154.8074188232422,155.0180944408563,153.09328671738072,154.1753919703999,6522900
2019-04-24,154.64462280273438,155.16172637081587,153.84021836840577,154.89359643003496,7376500
2019-04-25,154.19454956054688,154.74996577412765,151.82924888029183,153.7157439914586,8862500
2019-04-26,156.02357482910156,156.11934178716118,153.600819832453,154.42436599101245,7525400
2019-04-29,157.19186401367188,157.5270337600837,156.1863839984095,156.2917218091115,10003600
2019-04-30,157.45997619628906,158.6761463076944,156.97159982650496,157.98666519036107,6432700
2019-05-01,155.88949584960938,158.71446012671933,155.85119783701805,158.52292622780783,5248100
2019-05-02,154.29025268554688,156.16717634687137,153.62949887308068,155.22872182219996,6054900
2019-05-03,155.17124938964844,155.84158864695289,154.3477035076854,155.4202375521837,4317500
2019-05-06,155.40109252929688,155.75540387927194,151.4940383831496,151.50362384362398,10442400
2019-05-07,153.41885375976562,154.92229532393915,151.953695591595,154.1274764973827,6413600
2019-05-08,153.94554138183594,154.84569807309768,152.75811307590294,152.99751582945194,5445900
2019-05-09,153.03578186035156,153.0740944756244,150.50768989565725,152.126054509371,6813700
2019-05-10,153.89767456054688,154.5584138950329,150.60349029013238,152.126088316009,5192500
2019-05-13,150.66094970703125,151.99202849492517,149.78952013622694,150.52688474321405,9730000
2019-05-14,153.41885375976562,154.67332174207144,151.2450728539779,151.39829410988875,9756700
2019-05-15,155.88949584960938,156.24382187300768,152.35592336165772,152.5665989608724,7547000
2019-05-16,158.12416076660156,158.82430256306054,156.1964073611805,156.76226336013295,9745500
2019-05-17,157.37608337402344,158.440667154257,156.52249923559904,156.60881327966828,4582500
2019-05-20,156.78143310546875,157.9994736535793,155.68807813688872,156.66634773018382,4747400
2019-05-21,157.15548706054688,158.11457095213217,156.51290260931978,157.846028633245,9095700
2019-05-22,157.51992797851562,158.8530538700434,156.7622435841146,156.90611493423933,5416400
2019-05-23,154.90159606933594,157.52949055614985,154.23984063939403,156.81017781388434,6138000
2019-05-24,155.98541259765625,156.72391133469833,155.10305712230843,156.09091241723368,4105600
2019-05-28,157.01165771484375,158.98736853457788,156.64720108945,156.71432936365017,10202300
2019-05-29,156.07174682617188,156.81024565872764,154.87289173703786,156.6184317713585,6456000
2019-05-30,156.10049438476562,156.8102217577627,155.31405317608284,156.1388659370678,4750600
2019-05-31,154.7289581298828,155.496227932736,153.99045966412191,154.3261447761371,5079000
2019-06-03,152.11070251464844,156.1676230505151,150.33639156110104,154.93039670457225,8034600
2019-06-04,155.6880645751953,155.7264214854632,152.1586288178367,153.73152555903553,6684800
2019-06-05,158.62286376953125,158.6324493388047,156.03334052338766,156.81019603378505,7769300
2019-06-06,160.09022521972656,160.5505812284084,158.19124387876704,159.0927847618403,13738500
2019-06-07,163.09222412109375,164.58839270026803,160.9342852931787,161.1260991509904,10528800
2019-06-10,163.83070373535156,164.98160138247349,163.53337546078706,164.8089586864535,7565900
2019-06-11,163.341552734375,165.1350346815638,161.52888501434884,164.91444951453286,6082900
2019-06-12,164.5692138671875,164.59798521535012,162.75654576064227,163.40873046606833,6772000
2019-06-13,162.42086791992188,165.15424831485007,161.8166403664983,165.09670562108766,6901400
2019-06-14,162.71817016601562,163.65806824519552,161.93171438127249,162.82366997532364,4999900
2019-06-17,162.6222686767578,163.44708144116257,162.11395536509133,162.78531118856975,6410200
2019-06-18,162.35372924804688,163.6868553479363,160.69451811870755,163.6676695713629,6969300
2019-06-19,163.70603942871094,164.19516696781898,162.2865993006343,162.4592273846279,6323900
2019-06-20,166.63124084472656,166.82305469644228,164.72265862917692,165.45155711948019,11474100
2019-06-21,166.343505859375,167.65744605538129,166.07496355120523,166.1804633604475,11728200
2019-06-24,166.7367401123047,167.58072398398173,165.65297063369474,167.45605302972714,5554900
2019-06-25,164.27186584472656,167.78211593147466,163.61009570638558,167.65743035919104,9899900
2019-06-26,164.06089782714844,165.33648123430848,163.83072704564924,164.37739728616947,7129900
2019-06-27,164.22390747070312,165.34603370928286,163.35115237477893,165.07749142831284,5873400
2019-06-28,166.4490203857422,166.4490203857422,163.5429972240281,164.92408043641885,8442700
2019-07-01,166.8230438232422,168.3575691714094,165.67214615350233,168.15616976229532,6103200
2019-07-02,168.10821533203125,168.1465868811623,166.20923341487168,166.97650341845332,5238100
2019-07-03,169.6331329345703,169.74823293244202,168.5301925099549,168.79873478089527,4066600
2019-07-05,169.43177795410156,169.7866343406061,167.36973863425462,168.66450784984363,5840400
2019-07-08,168.98097229003906,169.38378571852527,168.22328791414645,169.08647209043716,6720300
2019-07-09,170.4579620361328,170.611418958527,168.12739539440852,168.25206633870343,4894300
2019-07-10,171.9733123779297,172.88443905331067,171.27318530751575,171.27318530751575,5110600
2019-07-11,173.3448028564453,173.53661668023236,172.1171768228603,172.75016097791183,6986600
2019-07-12,172.95162963867188,173.92989947380337,171.5993176069403,173.92989947380337,7196700
2019-07-15,173.1817626953125,173.66130457843477,172.57753523955225,173.17216249159765,4490400
2019-07-16,171.9733123779297,173.47908095569838,171.4170420225127,172.98993885579418,6800200
2019-07-17,171.81985473632812,172.83649584437416,171.68558359140994,172.213082601609,3994200
2019-07-18,173.1434326171875,173.22974666455204,171.27322175198688,171.32117887867622,4736300
2019-07-19,171.9061737060547,174.3997826331352,171.81025947889697,174.3997826331352,5327100
2019-07-22,173.1817626953125,173.5749759172855,171.81026529966525,172.2898071827875,4862100
2019-07-23,173.49826049804688,173.85313146965618,171.7335497478106,173.48867492806855,7193000
2019-07-24,175.828857421875,175.92475703353333,171.91579325851674,173.39277606129673,8169300
2019-07-25,174.16001892089844,176.46182875801628,173.88189106573924,176.34672875376336,6085800
2019-07-26,176.17410278320312,176.29878835826176,174.75466287925224,174.94647670933364,5056300
2019-07-29,175.71377563476562,176.5385884111173,175.25340480531847,176.36594569145973,4621800
2019-07-30,174.1024932861328,175.87680429468534,173.85313674900272,175.071162723845,5236600
2019-07-31,170.71694946289062,174.6012425320563,168.8563241890286,174.35187132970765,7981200
2019-08-01,171.83905029296875,174.936887006386,170.8799664505336,171.8582360674657,8417300
2019-08-02,170.16062927246094,170.9758562759125,167.54233485411228,170.71689957778167,8264600
2019-08-05,161.95089721679688,166.40104563277936,160.14781492115003,164.97200544798923,16858300
2019-08-06,165.42276000976562,165.8735305400449,163.16892199282577,164.76098988512342,10281300
2019-08-07,168.14662170410156,168.53983504015102,163.37037262574148,164.4829136296177,8292800
2019-08-08,172.53916931152344,172.58712642828854,169.34543314426242,170.19901713863467,7602800
2019-08-09,171.72393798828125,172.73097879182393,170.5730404847135,172.31856519432583,5373700
2019-08-12,169.1248321533203,171.34031336850168,168.41511951419807,170.17983017695775,7394400
2019-08-13,171.3019561767578,171.59926980990076,167.0819933580024,167.2546214155213,6667700
2019-08-14,166.41062927246094,169.99760804776932,166.07495871425425,169.02893865254507,7293500
2019-08-15,169.30165100097656,170.02200179903102,166.6603647414435,167.3711014826229,6698000
2019-08-16,171.18417358398438,171.6836209484866,170.19489291264335,170.9632700913601,8312200
2019-08-19,172.63446044921875,173.28757141564398,171.07849289257211,173.28757141564398,5285000
2019-08-20,172.1542205810547,173.48926997962323,171.4338698698363,172.33669711721558,3793600
2019-08-21,173.7869873046875,174.5073379110755,173.1146630031728,173.5468704358915,3695900
2019-08-22,172.97061157226562,175.1220643345327,171.54912358668943,174.75708194618724,6659900
2019-08-23,168.3027801513672,173.36444991162824,167.35192634305525,172.45200836952446,7051900
2019-08-26,170.56944274902344,170.64628191802672,168.41800463922334,169.43609798126417,7754400
2019-08-27,171.32823181152344,172.1062082981632,169.94515598835318,171.27060609482032,4022100
2019-08-28,171.6067657470703,171.91412245209824,169.0711315528872,169.99318701239667,4401900
2019-08-29,174.00794982910156,174.2192539178655,172.22147913219104,173.26838551842783,4679200
2019-08-30,173.6717987060547,174.97802087535393,172.56725191679007,174.79554429975542,4061200
2019-09-03,172.1157989501953,174.0847605523852,172.01976097909653,173.38362327551403,4644000
2019-09-04,174.584228515625,174.99722261698463,172.93222279903668,173.74861160018068,4154800
2019-09-05,177.4271697998047,178.33961105863344,176.1305473758603,176.4667022314435,6386800
2019-09-06,178.3972625732422,179.32891734522673,177.25430375056592,177.43679494485178,7990900
2019-09-09,174.37290954589844,179.65548176501886,172.41354727932162,179.5306162773288,7290500
2019-09-10,169.3784942626953,172.59605244491922,166.93889796066452,172.3175232447408,15255200
2019-09-11,168.06260681152344,170.89598313632118,167.55356018544936,170.38693651024712,9113600
2019-09-12,170.9440460205078,172.31752252373852,169.69543501454572,169.85872742893156,7748800
2019-09-13,170.26211547851562,171.70281704709708,169.0615308380311,171.5875509558201,6103200
2019-09-16,169.14794921875,170.1948553829154,168.57166279789564,169.20557492972094,4253600
2019-09-17,169.4745330810547,171.21297737930254,168.12027002403318,169.83951551912216,5924700
2019-09-18,168.36038208007812,170.17566550503048,165.99763966947958,170.0892269265981,9542500
2019-09-19,169.00393676757812,170.39661228021546,168.6677671430622,169.23443968214727,6964500
2019-09-20,167.17897033691406,170.60784633903637,167.0733183259239,170.38692826251182,12820400
2019-09-23,167.99542236328125,168.3219778900666,165.95922071060315,166.06487275227784,8803500
2019-09-24,167.5823974609375,170.19487073480153,166.54509060317613,169.1479644762033,10039900
2019-09-25,168.3507843017578,168.72536613415042,165.57503311926533,166.92929615005957,7797300
2019-09-26,168.7061767578125,169.47455399064168,167.70729661403828,168.7061767578125,10419000
2019-09-27,167.1214141845703,169.83954009348287,165.54624741870893,169.7146745770086,9212600
2019-09-30,165.21005249023438,168.51406389690106,165.21005249023438,167.2846663486867,16464000
2019-10-01,167.39988708496094,167.90894838249264,165.9880132337932,166.1801038175487,8146200
2019-10-02,163.11627197265625,166.1033278516162,161.9252864513127,165.81518453856464,10596200
2019-10-03,166.0360565185547,166.29538691659272,161.96368260707527,163.19308016400205,7242800
2019-10-04,169.02310180664062,169.54176257195908,167.54398799653137,167.77449086505155,6027600
2019-10-07,167.98577880859375,168.74455642617724,166.92927323293844,167.75527596219683,5248300
2019-10-08,165.60382080078125,167.7360600319324,165.08517474846695,166.70836732723785,5336500
2019-10-09,167.9665985107422,169.0327182594838,166.7756132693993,167.2270342674162,6277300
2019-10-10,167.9665985107422,168.94626502698912,166.7275869525854,167.01573019789447,4762400
2019-10-11,170.0604248046875,172.1158252921124,169.85873477561066,169.87793357942482,8754400
2019-10-14,170.34860229492188,171.35709660963101,170.1084852988282,170.36781575817133,7240900
2019-10-15,171.68359375,172.3367047223178,170.5310354923035,171.08810849223104,4400200
2019-10-16,170.83840942382812,171.2129912939176,169.30166967845577,170.8864357467783,6509000
2019-10-17,170.90560913085938,172.1061936452039,170.4830010369185,171.81805043064665,4887900
2019-10-18,168.76377868652344,171.15533377609765,167.64963268556986,170.86719054749608,6311900
2019-10-21,169.45530700683594,169.7434502440917,167.7072634371457,169.04231293604263,4898200
2019-10-22,164.10552978515625,170.76156464061577,164.02869060207001,170.00280152294965,10094700
2019-10-23,164.54737854003906,165.36376751566,163.45243099230382,164.2304223534175,7122300
2019-10-24,169.19598388671875,169.87790770765326,166.5450838065417,166.5642972630052,7872600
2019-10-25,170.81922912597656,172.06782572449933,166.64118772144977,168.0146498420559,10130100
2019-10-28,172.73049926757812,173.05705475239174,171.2994118436001,171.8564701856594,10086500
2019-10-29,170.60787963867188,172.88418336317,170.3581486609134,172.69209275721457,7572800
2019-10-30,172.16383361816406,172.32711136697128,169.41689543557877,170.7615443407993,5374800
2019-10-31,171.78924560546875,172.59603491948621,170.9728422353206,172.1638274052321,6830800
2019-11-01,173.77743530273438,174.15203182116466,172.4615990816567,173.00907277267711,7000200
2019-11-04,171.87567138671875,175.18928162350886,171.74120651105565,174.8819396172385,7154800
2019-11-05,169.39767456054688,172.46156870567987,168.25471571337079,171.9909489372473,7447500
2019-11-06,169.78184509277344,171.1457071922521,169.17674587437608,169.39764929713579,6992500
2019-11-07,171.37623596191406,173.5084753199365,169.85870996998477,170.3389437955651,7227200
2019-11-08,171.89491271972656,172.3559331316861,170.77116722181444,171.32824027007058,3894100
2019-11-11,172.44235229492188,173.22994278826667,171.15532918467713,171.44347240554896,3617300
2019-11-12,172.63446044921875,173.90227012457436,171.80845768513356,172.8265510478395,6118700
2019-11-13,172.3175048828125,173.72939350304415,170.8671893493976,172.30789082673004,6138300
2019-11-14,172.93324279785156,172.95248843738693,171.30733123997302,172.21168545655314,9811000
2019-11-15,172.95252990722656,173.82800853436143,172.2886946452409,173.20266456067577,7808800
2019-11-18,172.84664916992188,173.4816231157648,172.19242958568714,172.76006581733986,7173700
2019-11-19,175.8386993408203,176.04072715430428,173.36615606444474,173.54895292053416,8549900
2019-11-20,174.7707977294922,176.27163452501824,173.51048002761124,175.39614150092123,6040500
2019-11-21,173.0679168701172,174.91510173098348,172.5195409752308,174.29937344402805,5112200
2019-11-22,172.66387939453125,173.62595594337017,171.58635835747106,173.29885343999447,6865600
2019-11-25,174.1070098876953,174.4726037067975,173.27962339402282,173.558619159042,5457800
2019-11-26,175.62709045410156,175.9830541069504,174.337911302589,174.57843045832453,7079000
2019-11-27,177.3780517578125,177.5416030124011,175.34806961655318,176.0600115601655,11452700
2019-11-29,177.5126953125,177.8398124159688,176.4063134240636,176.95468928907624,3139100
2019-12-02,174.8958740234375,177.37803306347965,173.04868897319906,177.25297310557661,6883200
2019-12-03,175.00172424316406,175.23262790748987,172.84668209661757,173.07757108081975,4543300
2019-12-04,173.7510528564453,175.73292845218705,173.62597819143005,175.73292845218705,10650400
2019-12-05,174.9921112060547,175.12680134209486,173.2411394375324,174.37638277271049,4638600
2019-12-06,175.26145935058594,176.32936476204583,174.46293416182573,175.80984995544532,14526700
2019-12-09,175.9830322265625,176.31013471446354,174.42447298881547,175.0017100827369,10233100
2019-12-10,175.3480682373047,176.20431578701798,175.00172008909914,175.6270786600909,8625700
2019-12-11,175.10752868652344,176.136957530407,174.31863363430938,176.12734205078883,7138800
2019-12-12,175.713623046875,176.37745807368103,173.9722672114099,174.77079233929834,11192100
2019-12-13,178.1188507080078,178.4844444922421,175.1364075505791,175.57896921992182,8558100
2019-12-16,179.17713928222656,179.73514543451185,178.72496213606647,179.26372264720456,8249900
2019-12-17,178.4844207763672,179.69663177547721,177.1182740274943,179.42725155345278,10208700
2019-12-18,177.88790893554688,179.36951471619605,177.88790893554688,178.4844062472913,8968500
2019-12-19,179.4657440185547,179.5042352994592,177.50311441597339,177.50311441597339,5854200
2019-12-20,180.870361328125,181.03391255281787,179.23483440107566,180.48553664415599,11259500
2019-12-23,179.9852752685547,181.26483878858414,179.9083073861331,181.0146895006833,5831700
2019-12-24,180.45669555664062,180.88962704418913,179.82172154550426,180.0045184287213,2420900
2019-12-26,181.98638916015625,182.0056201199289,180.58175105028982,180.7645479289836,5237000
2019-12-27,182.2076416015625,182.68867978253502,181.32253311018752,182.54437420029137,5448600
2019-12-30,180.7068328857422,182.29425325739658,180.02375210344013,182.13070201208427,4833600
2019-12-31,180.7742156982422,180.87042924542322,179.46579072926176,179.96607475037592,5273000
2020-01-02,183.87203979492188,183.89128543366184,181.56306227024498,181.83244249211992,8733000
2020-01-03,182.40969848632812,183.71812302899406,180.7934024370954,181.26482517648026,4899700
2020-01-06,182.01527404785156,182.0345196902593,180.06225972699727,180.8704005466355,10109500
2020-01-07,181.5341796875,182.89071079590826,181.4475963435895,182.4000424868435,4392300
2020-01-08,184.64170837402344,185.19971447014544,181.64003458258773,182.30386967418326,5712000
2020-01-09,185.9212646484375,186.56585407603103,185.21895298555512,185.68074554798673,6748000
2020-01-10,186.42156982421875,187.1912339697753,185.78659580312538,186.16180505556736,6586400
2020-01-13,187.92236328125,188.18212798969853,186.91218024183385,187.06611597129367,11290500
2020-01-14,188.61509704589844,189.4809600067947,187.73960392491355,189.27893216664256,6236500
2020-01-15,192.22283935546875,192.559557237822,188.87481808682458,189.52902289604938,10831100
2020-01-16,193.32925415039062,193.8583991187489,192.20362649776726,193.37736090753614,9983700
2020-01-17,196.9370574951172,196.98516425635688,192.3960552203899,194.1085502236422,12518900
2020-01-21,199.4288330078125,200.48712303931816,196.07119538808746,196.38868239753916,14861700
2020-01-22,200.01565551757812,202.16109622145765,199.42878839142352,199.64044635037234,8065000
2020-01-23,198.68807983398438,200.4967740078051,197.51434511133337,200.01573566836208,8520800
2020-01-24,197.22567749023438,200.10229143700903,196.46564353379398,199.55390079948006,7812900
2020-01-27,194.04116821289062,195.61897273261766,191.5493941587086,192.41525694290402,7198900
2020-01-28,195.1572265625,196.10967291523016,194.12779764698135,194.71466490720167,7215700
2020-01-29,197.0909881591797,198.11078687853498,194.83010256051688,196.5522276795295,7041700
2020-01-30,200.31394958496094,200.5929453038277,195.60939620316958,196.2636011605796,8571900
2020-01-31,191.42433166503906,196.24432887181797,190.7412510003867,193.8487681664682,16699600
2020-02-03,193.194580078125,194.58958807043612,192.27099485678517,192.35757821876282,10885900
2020-02-04,195.84027099609375,197.14869549639096,194.56070761358743,195.78254876051196,10205900
2020-02-05,195.1187286376953,197.80293023883277,192.3671893165945,197.7067167187456,8672400
2020-02-06,195.34002685546875,196.86973980989254,194.80126630704547,195.34965701677027,7001200
2020-02-07,195.05137634277344,196.1000361048021,193.46394146068693,194.32018887704112,5691100
2020-02-10,198.17811584472656,198.31280594871248,194.20473575696076,194.31056474438688,6239500
2020-02-11,196.2058868408203,199.7944281317548,195.9172609502621,199.63087688580043,10231900
2020-02-12,199.57315063476562,200.25621672590552,197.22568163622705,197.22568163622705,7355800
2020-02-13,199.82366943359375,200.8545893764021,198.52299377190758,199.07216401980565,9495300
2020-02-14,202.60806274414062,203.08016825022085,200.41135272235755,200.68112309686546,6548800
2020-02-18,203.48483276367188,203.77387666375532,201.71205173852255,202.3286718647216,7651500
2020-02-19,205.5177459716797,206.34633060904613,203.98583247861077,204.75661127871163,5927500
2020-02-20,203.72569274902344,205.8838704621599,200.67149515005352,204.3808598785793,8531900
2020-02-21,201.18214416503906,202.54064023007598,199.84292161407333,202.2323228104717,9231500
2020-02-24,191.52816772460938,196.3262582305382,186.92278295251552,190.66105072788574,13316800
2020-02-25,181.51773071289062,192.5880056097345,180.8625782107254,191.52818279577943,18539000
2020-02-26,180.37118530273438,186.44103320006025,180.19775309634613,183.05925954000307,14214700
2020-02-27,173.43418884277344,179.53295428049222,173.42455943752444,175.46711065534637,17536600
2020-02-28,175.12025451660156,175.66943932464665,166.66099138195125,167.44139951853614,22659000
2020-03-02,185.30413818359375,185.41012044380696,176.41131653618234,179.51369029727994,17434500
2020-03-03,178.9452667236328,186.95169952287077,177.76020282121237,186.14238830665118,15226400
2020-03-04,187.19252014160156,187.3852258412622,179.36915094067055,183.4060913056393,10789100
2020-03-05,180.13035583496094,184.90915875353892,178.85856839124213,184.25400621687314,10106900
2020-03-06,177.6252899169922,179.1957503689186,173.40528755980122,176.83523763766803,15183200
2020-03-09,164.8785858154297,173.01027299542343,162.1615940177333,164.95566516090142,20486400
2020-03-10,175.92959594726562,175.939225353019,165.6011982458803,172.91393069020094,16119400
2020-03-11,166.63211059570312,172.20096525213344,163.98256846084368,171.16041603136807,14598200
2020-03-12,154.23223876953125,165.71679638257658,151.2551207814549,152.70995480603713,27467700
2020-03-13,169.4069061279297,169.87901164870635,156.28445142593165,162.556634880565,19948900
2020-03-16,146.45703125,159.2711818517145,142.57424933771986,145.61881727282926,23692000
2020-03-17,152.12228393554688,157.7200425123398,143.79790338303658,150.06045863924925,22298000
2020-03-18,143.0559844970703,145.1756150087714,134.69307411593175,143.03672568704715,22787500
2020-03-19,146.68826293945312,151.50561147605256,136.3020606706552,141.55296763527238,19362800
2020-03-20,141.46627807617188,152.47873126772862,140.34864953577207,149.1644073742063,18692100
2020-03-23,130.78138732910156,138.11339261215136,129.03749475682153,136.1671796279736,30344100
2020-03-24,148.88499450683594,149.57869397383976,138.3350026064456,139.5489693230107,24488300
2020-03-25,155.87014770507812,162.03634872797167,147.9696980503136,153.5000201593402,20619600
2020-03-26,162.7107696533203,163.3370190855152,155.87975822276505,156.15917267199498,17062900
2020-03-27,155.658203125,160.99583489295625,152.3727670596701,155.19574166433236,14950700
2020-03-30,159.52171325683594,159.81074245641074,154.81997559197262,155.15718122527105,15714500
2020-03-31,155.23423767089844,162.04597569574454,154.6754234652127,160.35025956776542,20613100
2020-04-01,147.51686096191406,152.29567761571164,145.88859465546506,150.60960547375976,12595200
2020-04-02,151.64051818847656,152.5654557075043,145.76334625838496,146.95805415767427,14051100
2020-04-03,146.30288696289062,151.9584496733535,145.09854977913744,149.8773514914964,11994700
2020-04-06,163.2503204345703,164.49318997119258,152.46909133930453,154.1744369512401,16479100
2020-04-07,162.43138122558594,172.26841502877858,161.95929040000064,171.26639813508638,15379000
2020-04-08,168.54940795898438,169.5706835874604,161.79547530039457,164.762964027341,11146500
2020-04-09,167.34507751464844,170.71722192750175,166.53576638389555,169.83083144600343,12231800
2020-04-13,162.8167724609375,166.0251287707624,160.0805069606578,165.96730823158885,14043700
2020-04-14,168.24107360839844,169.02148170992507,164.58952992922417,166.76696614965238,9980500
2020-04-15,159.89743041992188,163.17322136652373,158.92431665944278,162.53732786586258,12118700
2020-04-16,156.48678588867188,161.86294991797064,153.9624993503466,161.00546225943677,20308200
2020-04-17,163.3466339111328,164.74367662983144,158.92431185645697,163.45261615804,15375800
2020-04-20,158.22103881835938,161.31376917303734,157.23829533773403,161.21743099737444,10505200
2020-04-21,154.66580200195312,156.63128857823455,153.33620900631465,156.08210374912053,10562100
2020-04-22,160.5044403076172,161.57389243933002,156.96850768869936,158.64495053611995,14502500
2020-04-23,160.3021240234375,164.18490648030883,160.13833590730405,161.74732884960946,11411300
2020-04-24,161.2078094482422,162.58556450859805,158.01871135967994,162.2868911571299,8391400
2020-04-27,165.4855499267578,166.05400822125208,162.3928204309924,162.48915857990028,9903300
2020-04-28,164.99420166015625,168.61684278075168,164.15598764667544,168.60721337534216,8614400
2020-04-29,175.14915466308594,175.59235720474823,169.66702428250676,170.38962657553043,12862800
2020-04-30,172.1913604736328,175.18775277730649,171.17008462053124,175.13957633677828,11331600
2020-05-01,169.1564178466797,173.07773270532255,167.90390403309297,168.07732155888695,10109600
2020-05-04,169.71517944335938,170.47632872867808,165.4470157876467,166.63207938598285,9386200
2020-05-05,171.92153930664062,174.48437229192547,171.74810711220374,172.54778874451657,13513000
2020-05-06,172.24913024902344,173.9159288922598,171.38201330665095,173.15479421630016,8540500
2020-05-07,176.04522705078125,178.2226638033614,175.07212771251446,175.11066004116333,9262200
2020-05-08,178.32861328125,178.9645068473704,176.9123115664281,178.27080744821754,6470100
2020-05-11,176.85447692871094,177.8757523496314,174.80228198201425,177.15315015165416,8683100
2020-05-12,172.9139404296875,177.26882840090397,172.81758756119532,176.85452870804806,8219700
2020-05-13,170.9065704345703,174.76690301052176,168.92814704419519,172.26734120183323,13377100
2020-05-14,174.58349609375,174.7282673688043,167.7507219102957,169.79669300895733,9695100
2020-05-15,177.0830841064453,177.71038216298228,172.624390654544,173.6956333683517,10785900
2020-05-18,184.69760131835938,186.09696881457853,180.92412300760373,181.435615852939,11802200
2020-05-19,182.74810791015625,187.70863368164942,182.62264241439954,184.46595438222215,7446800
2020-05-20,187.0910186767578,188.1815673405847,185.6916510647145,186.26104658480108,9545600
2020-05-21,183.96412658691406,186.85937574176506,183.3850855915431,186.74357048789062,11338100
2020-05-22,184.19573974609375,184.6879267687946,182.62264976275907,184.33085077542324,5807600
2020-05-26,186.47335815429688,189.41686456071955,186.02941344791859,188.96327432468067,9662200
2020-05-27,186.0873260498047,187.52529041046853,181.9374658718505,187.52529041046853,7650300
2020-05-28,187.47703552246094,191.36631919211084,185.98116851567195,186.78217452046897,8352200
2020-05-29,188.4228515625,189.87047638011785,186.53128198803884,187.70868468444812,10211900
2020-06-01,187.5639190673828,189.0404951322191,186.7628982730598,187.91134959593253,6011300
2020-06-02,189.5037384033203,190.623238453473,188.11401623430334,189.09840522502387,8462100
2020-06-03,189.99591064453125,191.22157034003249,188.74131435927788,191.0864592911898,8879400
2020-06-04,186.87867736816406,189.6002185816511,186.3768300692093,189.13696812446284,7829800
2020-06-05,192.64022827148438,192.79464509378172,188.65443056117624,189.34929153551565,8561200
2020-06-08,192.6305694580078,192.97799992121776,190.24681330992803,192.61126367505236,7628100
2020-06-09,192.1287384033203,194.62830000815913,191.31807216272375,191.43387741823787,6892300
2020-06-10,193.4798583984375,195.12049674557056,192.00328241341776,192.92010842569806,8405300
2020-06-11,182.28489685058594,189.50371416522566,182.15943133787457,188.3263116296241,11974600
2020-06-12,185.54685974121094,188.1911925689235,181.2908547317957,187.428783447699,11706300
2020-06-15,185.06431579589844,185.7591767528166,179.70811678148547,180.47052589271598,6752700
2020-06-16,186.14520263671875,191.45315881975586,185.1029112918391,189.9862286240737,11057200
2020-06-17,186.8014678955078,188.54826581396844,186.31892638318175,186.89798208837234,5968900
2020-06-18,187.13925170898438,187.46737640113545,185.40209932995182,185.87499531052126,5803200
2020-06-19,185.4889678955078,190.2178838961411,184.6879471596169,190.01520996677135,11483300
2020-06-22,188.15260314941406,189.50371356665684,184.61073529835795,185.28630523297844,6674500
2020-06-23,191.0574951171875,193.1613691255745,188.98257242260408,189.3975510711212,9866800
2020-06-24,184.72657775878906,190.58462509078333,184.03171668079952,190.1406950679572,9453100
2020-06-25,187.20681762695312,187.45774866028995,183.26927676950967,184.42738828275745,9936600
2020-06-26,182.66128540039062,187.3515899309256,182.4779172522792,186.35755550000562,11836000
2020-06-29,184.69760131835938,184.76514947525328,180.7600606540055,183.27892803759957,8020400
2020-06-30,186.42507934570312,186.98482924682625,183.5201848481826,184.80374699155152,9040100
2020-07-01,187.01376342773438,188.52895065118804,185.93287529064406,187.08132629930074,6394100
2020-07-02,188.83782958984375,191.00926680839115,188.19122560744088,189.15630881568416,6299300
2020-07-06,190.85482788085938,192.22524411090143,188.84745327282613,191.79095966263446,7292200
2020-07-07,187.41912841796875,191.9550158816613,187.04274661137723,189.93799580854255,7660100
2020-07-08,188.25877380371094,188.69305826831692,186.3768499137517,188.26841933367996,8368000
2020-07-09,185.49864196777344,188.66411357675824,183.31754458619213,188.19121752367192,8548200
2020-07-10,185.8267364501953,186.08731298607591,182.82532770119414,184.958152905926,7674200
2020-07-13,182.4200439453125,188.37460595822577,182.11121023021713,186.84977262344702,8564100
2020-07-14,186.5795135498047,186.71462459191133,180.64424377455015,182.88324358774514,8003900
2020-07-15,189.68704223632812,190.86444452321055,187.7086193951899,188.41312577144052,7681100
2020-07-16,186.7435760498047,188.87641613684156,185.79779875433093,188.50967985398475,5064000
2020-07-17,188.27809143066406,188.74134200254414,186.3768762124954,188.02717508206388,6395000
2020-07-20,191.54005432128906,192.51478300327477,186.9076522473169,187.94029828825245,6985300
2020-07-21,189.61953735351562,193.18069661139282,188.84746787135788,193.01663423940937,7218700
2020-07-22,191.91641235351562,192.05152338897045,189.39754505068066,189.61951002478534,6823400
2020-07-23,190.5363311767578,193.93342748776575,189.5712481688804,191.51107443935274,6106700
2020-07-24,188.33596801757812,190.58461349059405,187.25507961805116,188.8378153713585,7160300
2020-07-27,190.03453063964844,190.90309960270852,187.4191487681222,188.3456350912534,5604700
2020-07-28,189.8704376220703,192.40859593716797,189.84148630970785,190.78726354087738,6897300
2020-07-29,191.6461639404297,191.9453372831006,186.30925668453617,186.34785352107588,9471300
2020-07-30,187.28402709960938,189.69673488915603,185.41176349876125,188.38422126260267,10499400
2020-07-31,183.7517852783203,187.89199932379566,182.82531390554053,187.63142280757768,14180800
2020-08-03,184.03167724609375,186.58914127261912,183.56844153536414,185.10291995127938,11405200
2020-08-04,185.57583618164062,186.20314907740894,183.44301062362976,184.45635089679354,8204000
2020-08-05,189.25279235839844,191.26015214736984,186.35754320284516,186.8014731601374,8876800
2020-08-06,191.82955932617188,191.974315891276,187.98851823742635,189.13696940724734,7480300
2020-08-07,189.5037384033203,191.0671684804639,188.48075256390533,190.69078662018856,5654000
2020-08-10,189.91867065429688,191.38560088786264,188.5096577686066,189.50369204683935,5525400
2020-08-11,190.864501953125,195.8057230530555,189.48442536757383,190.91275905664787,11549600
2020-08-12,191.8006591796875,193.23862386332164,191.31811753261513,192.05157553480427,5432500
2020-08-13,190.96937561035156,193.2504153857447,190.43777454544323,190.53443464752144,7014800
2020-08-14,190.0608367919922,191.44299965563755,189.2199498895774,190.4184526473618,5014400
2020-08-17,192.75747680664062,193.7530287012829,190.12849596011168,190.6987522384732,6256200
2020-08-18,192.3515167236328,193.40505870471398,190.23480214743466,193.28906363673326,6519900
2020-08-19,194.26527404785156,196.0533678267188,192.24519014071433,192.2645251094468,9467600
2020-08-20,197.31954956054688,197.59985500832323,192.92179512186775,193.21174593231095,8849200
2020-08-21,197.3002166748047,198.27641875324724,196.53664026095257,197.65783248357135,9998300
2020-08-24,199.50392150878906,199.54257669640575,197.82213325640706,198.1507539700564,6159600
2020-08-25,201.13739013671875,201.23403548489745,198.66303030153068,200.2578334032101,5828300
2020-08-26,203.2251434326172,203.747084443098,200.36418697997152,201.13742363548153,7035200
2020-08-27,203.96937561035156,205.08089311202653,202.0556264060042,204.14336085525323,8619600
2020-08-28,208.49278259277344,208.92772354579895,204.15300367668277,204.90690526146315,7349800
2020-08-31,204.89724731445312,208.73442029845646,204.48162657841013,208.32845967320117,9326900
2020-09-01,206.2117462158203,206.7336724182702,204.05634688881926,205.10988890108317,5642900
2020-09-02,209.2370147705078,210.07791636641238,206.61769412515915,206.96564984629805,9863800
2020-09-03,201.96864318847656,207.7388859423117,200.16119943728293,207.7388859423117,11310200
2020-09-04,197.8125,203.45710204689652,193.45338590443106,201.51435783078716,13243600
2020-09-08,193.42440795898438,195.48314743260116,192.5448658219845,194.06232930971953,14186900
2020-09-09,197.23257446289062,199.38795917153487,195.19317008438958,197.51287992508566,7532600
2020-09-10,194.79689025878906,200.07421666587803,193.74336289902027,198.00581714148493,7243000
2020-09-11,193.96563720703125,195.63776544893543,192.25486852347356,194.8355338368204,7439000
2020-09-14,198.12179565429688,199.50395852727084,196.34336172875044,196.54634205911464,11730500
2020-09-15,198.51803588867188,201.2436910659404,197.91878464328317,199.8325334337164,6328600
2020-09-16,198.2667999267578,200.7991356911198,198.0928146671705,199.8229334094089,6135000
2020-09-17,198.40206909179688,198.70169473489264,195.2414728035339,196.0630393557239,7474900
2020-09-18,195.8311004638672,198.8370470614377,194.97087856286532,198.59541153027692,9084100
2020-09-21,190.8437042236328,194.51656656684506,188.18571387302998,193.22140389922453,9656000
2020-09-22,193.84967041015625,193.994660566031,190.21547762611814,191.46231037637833,7543100
2020-09-23,188.8332977294922,194.36191891246457,188.06007596123132,194.08162823370898,6310600
2020-09-24,188.97828674316406,191.0563460424043,186.6682520658756,188.62065619180726,9865300
2020-09-25,190.65040588378906,191.51062765754216,187.0355335629813,188.49502139418482,5496100
2020-09-28,193.61770629882812,194.97085923991676,193.14409539531664,193.91733196805055,5565300
2020-09-29,192.7671356201172,195.60877141237776,192.6994706020823,193.8689928917835,5513500
2020-09-30,193.2794189453125,195.76342439647055,192.2355517397723,194.12998068647744,9157600
2020-10-01,196.5463409423828,198.3344349694015,194.89354747048878,195.4444835438741,7234600
2020-10-02,194.71957397460938,196.04373190509594,192.72848490077286,193.3084160482222,6019700
2020-10-05,196.72999572753906,196.83631596099838,194.32331505382214,195.92777866847592,6090500
2020-10-06,193.74334716796875,198.23777646116048,193.0281155039022,197.2808945410784,5841100
2020-10-07,195.6957550048828,196.0050407680195,193.29873503459788,195.2414790964313,6713400
2020-10-08,196.18869018554688,197.46453269921716,195.46378368866888,197.17456715081389,3955600
2020-10-09,199.7262420654297,200.15152291319032,196.86527120211508,197.1745717271267,5562900
2020-10-12,199.49424743652344,201.0117253380583,198.84666611651318,200.01618833509008,6622700
2020-10-13,197.48385620117188,198.3440779375854,196.2370088399177,196.57530441812082,5621700
2020-10-14,195.4347686767578,198.1120938616865,194.40057651578195,197.86079827777158,5320000
2020-10-15,192.87347412109375,197.8511599107539,190.98872002346815,194.28461729233686,8885500
2020-10-16,193.5596923828125,195.8697271343598,192.73814054546904,193.29873666591178,6385900
2020-10-19,190.3798065185547,194.3426351923363,189.92553053283905,194.1299947416497,7449600
2020-10-20,191.08535766601562,192.9797865467867,190.12849048876961,190.94038225984534,7427000
2020-10-21,191.79087829589844,193.71430174716676,191.21096207694444,191.21096207694444,6067200
2020-10-22,191.3656768798828,193.08612064873392,189.2102773647139,192.67049987404988,4908200
2020-10-23,191.38499450683594,193.19243824938724,189.4615851808417,193.06678305786573,5877200
2020-10-26,186.6102752685547,189.84818219333027,184.33889561752784,189.44223631387757,12608700
2020-10-27,183.70098876953125,187.21920141600233,182.88909694686762,186.54262489711599,8690400
2020-10-28,174.8184814453125,178.52033980829822,173.3396730722788,177.8244282506043,17809500
2020-10-29,178.68460083007812,180.74333984832828,173.33962516843482,176.87717215103783,16820900
2020-10-30,175.63034057617188,178.0563555109139,173.23330597120744,176.54855245995012,10252900
2020-11-02,178.55899047851562,180.66604514920775,177.73742380518377,178.33667517973626,8057100
2020-11-03,182.03848266601562,183.1886697904425,178.96488676050376,180.57900982857706,6467900
2020-11-04,187.4801483154297,190.29278900593496,185.12178353362842,186.43628121127534,8102700
2020-11-05,191.02737426757812,194.2652961038017,190.6890786435208,191.72328573835895,7132100
2020-11-06,191.82960510253906,192.99911274388265,188.89130896159122,190.74708270759064,6180500
2020-11-09,205.56414794921875,210.3678629267619,205.1775370438806,207.50690683143384,17916900
2020-11-10,206.173095703125,206.8980022876599,203.50544478141106,204.84893772815187,7943600
2020-11-11,205.58349609375,207.11063433974533,204.58795893785774,205.07122997463114,5337200
2020-11-12,201.59532165527344,205.7383532184871,200.51116828037098,204.6638745092599,7302500
2020-11-13,203.7443084716797,204.5187101814109,200.66608050786522,203.19255703894189,6377500
2020-11-16,205.89328002929688,208.20679587632566,205.05112605253498,207.70344728610377,12083200
2020-11-17,203.9669189453125,205.3027464941711,202.7956345569741,203.8217103446775,7268800
2020-11-18,201.17910766601562,204.39285464814935,201.0242243783148,203.00862403684198,6977900
2020-11-19,200.92739868164062,202.05026539723485,198.9526740308907,200.60795749488753,5657200
2020-11-20,197.3555145263672,201.450143539804,197.28774754990596,200.50150926272872,9653500
2020-11-23,201.49855041503906,202.31166552582494,198.14926945325433,198.14926945325433,6101900
2020-11-24,202.96986389160156,206.97739078522326,202.6988255660157,204.10243483052653,10110800
2020-11-25,204.1411590576172,205.1672348830989,202.1857983734929,202.96019996061474,6772900
2020-11-27,204.2476348876953,205.24467192375502,202.12771631397254,205.21563315730523,3512900
2020-11-30,203.61851501464844,203.80242234468813,199.98852020053292,202.83442372759066,7725500
2020-12-01,204.44125366210938,206.83221082784854,204.2863703773327,205.34149983070122,8047900
2020-12-02,203.45388793945312,204.6348471186925,201.80829368377815,204.24765368340996,9728900
2020-12-03,201.39205932617188,204.35413190881414,200.96613768962519,203.06669233306442,9203300
2020-12-04,205.8738555908203,205.9125837913248,201.83730476134872,203.02795321393012,5720100
2020-12-07,205.84483337402344,207.6356361440648,205.02204367816594,205.18660161733746,10624500
2020-12-08,205.9610137939453,206.3094937919976,203.17317380952724,203.2312513474555,8646200
2020-12-09,202.8731231689453,206.66767543730322,202.26327940011623,206.40631171202153,6251100
2020-12-10,200.9661407470703,202.60206034393008,200.61766074554703,201.8373333656371,10492000
2020-12-11,199.6399688720703,200.26916184048048,197.95564656194497,198.78812566642327,9227600
2020-12-14,200.61766052246094,204.53805684261766,200.3466221627423,201.19846544784815,11967700
2020-12-15,201.692138671875,202.737578672052,199.56254523617352,201.8663712866631,9796100
2020-12-16,201.60504150390625,202.43752076249643,200.5111985278385,201.80831290712334,7504400
2020-12-17,204.421875,205.00267989130623,202.16645194693353,202.31164578451913,6517200
2020-12-18,204.54774475097656,205.19630192303865,203.1538246561932,204.26703170683894,13298200
2020-12-21,202.32135009765625,203.08607714228594,198.23639546952487,201.60504069995932,7576700
2020-12-22,199.25279235839844,201.73086596438108,199.02048218938992,201.7211912975003,7396200
2020-12-23,198.7300567626953,200.69509215792698,198.54613471980963,200.69509215792698,6523100
2020-12-24,202.02125549316406,202.13742534070366,199.9884677922566,200.02718122778126,3367900
2020-12-28,205.82546997070312,206.6289102803035,202.26322877597474,203.13443605203244,5816200
2020-12-29,207.50979614257812,208.35196472900802,206.7063557606069,207.7421210578833,6093400
2020-12-30,211.37213134765625,213.33716691925252,208.74884918299497,209.08765453140126,8875100
2020-12-31,211.7302703857422,212.78539979001496,209.28123579478745,211.4108291646852,5922200
2021-01-04,210.79129028320312,213.20161120511995,207.38394713160648,213.20161120511995,10318300
2021-01-05,207.6453399658203,211.4689456187122,206.80318604990455,209.3877401112357,6869700
2021-01-06,205.8157958984375,209.25219285224568,205.28340864444522,206.95804158462616,7206200
2021-01-07,206.96774291992188,208.33262425750118,205.40926484953678,205.40926484953678,10967900
2021-01-08,208.5552215576172,209.20377861747713,205.9416292172988,207.31618497005172,6513000
2021-01-11,206.07716369628906,207.984121586301,205.68028083643264,207.11292899828274,7353100
2021-01-12,202.1761474609375,205.98037410278965,200.83063026879475,205.54477777463242,9331600
2021-01-13,202.6504364013672,204.2476275808927,201.95347649054273,202.70851393218908,6688500
2021-01-14,195.40016174316406,204.4509528825793,195.27431722195058,203.83143448430968,12887500
2021-01-15,195.1387939453125,196.75534950113806,194.01591225619953,195.09039107120734,8755000
2021-01-19,195.20657348632812,197.63624430974986,193.66745947591934,196.55209075834006,9772000
2021-01-20,199.4173126220703,200.559558228882,195.75828044702175,196.53268199512578,12675700
2021-01-21,198.57518005371094,200.54021551391884,198.19766128969272,199.4560620932476,6513500
2021-01-22,195.55503845214844,198.75911075270307,195.34207762517957,197.46199645788042,7316200
2021-01-25,194.54830932617188,195.18719179876646,189.4856819592413,193.92879095681792,19282400
2021-01-26,195.54534912109375,196.97799737065745,194.53863729618178,195.3033495239965,9605300
2021-01-27,188.7306365966797,193.3092645864672,187.75296359549566,191.3151903792208,13772400
2021-01-28,191.87664794921875,195.53568079432534,191.82824507413332,193.5996839547776,11041300
2021-01-29,187.06570434570312,196.55209230672313,186.63978265558416,191.48946444386615,21503000
2021-02-01,192.01211547851562,192.83491982215088,188.7790051712181,188.89516022378598,12970700
2021-02-02,196.1261444091797,197.81046683944982,193.5996681490157,194.42247264684204,11305100
2021-02-03,194.9161376953125,196.99732812588942,194.54829361585948,196.57142128236922,13458600
2021-02-04,202.5536651611328,202.9698973832209,196.6004809104685,196.73600009562315,14534800
2021-02-05,202.0890350341797,203.40551348111768,201.9825546167625,203.26030485528491,10284000
2021-02-08,200.2692108154297,203.90887988970036,199.32057641291752,203.27968676742378,8637100
2021-02-09,199.91099548339844,200.9854740927917,197.1812334274608,199.17530738694288,7619400
2021-02-10,199.83358764648438,201.31462398414095,199.34958845717222,201.31462398414095,8467600
2021-02-11,204.2351531982422,205.13678233196268,200.8709824083987,201.00671200250983,8411100
2021-02-12,203.55650329589844,204.69081806308014,201.34602668026932,202.9747965875619,6911000
2021-02-16,201.55931091308594,204.61324883202093,201.02609704191772,204.2351439232098,9652700
2021-02-17,201.18118286132812,201.9277029058692,198.8059079487852,198.9998052244882,8373200
2021-02-18,202.96507263183594,203.30438915989603,198.7089631549003,199.6009024419181,7328600
2021-02-19,198.4859619140625,203.13957028997686,197.5455446358572,202.95536270859864,15011500
2021-02-22,201.9664764404297,204.22540098732458,196.91536919563646,197.34195204697872,8337700
2021-02-23,205.64089965820312,207.3860047729354,200.25047536535237,201.07454250743825,10571700
2021-02-24,212.73760986328125,213.8040669434795,204.84587185005066,205.88324508200822,12039000
2021-02-25,207.2308807373047,213.72653579471512,206.09656611268915,212.60191085643476,11404300
2021-02-26,205.912353515625,208.64635392397702,204.31268249774337,207.52172901302026,11730000
2021-03-01,210.02301025390625,211.1573246697065,208.23911713787268,208.41363501367894,6982000
2021-03-02,209.1892547607422,211.28336587644603,208.26823168203464,210.34296342715578,6155200
2021-03-03,208.29734802246094,210.5659773811683,206.36803522283046,208.58818656069397,6484600
2021-03-04,205.0494842529297,210.40113450892062,202.30579434327194,209.38315538728023,10658900
2021-03-05,208.8402557373047,209.50921392807044,203.2365400197974,207.211486038908,7582000
2021-03-08,213.552001953125,219.23327873849786,209.22802073009566,210.3623351914996,14750400
2021-03-09,213.6392822265625,218.13776714392736,213.4744687999301,215.28743128630046,9228600
2021-03-10,216.36358642578125,217.35248181660435,212.70856266845405,213.98831138521507,7822900
2021-03-11,219.25270080566406,221.26926517200323,216.98407144106315,217.68211352146574,10053400
2021-03-12,217.51727294921875,219.63077830041874,216.60593952497175,218.40921220881432,8172400
2021-03-15,216.4605255126953,220.16401220644832,214.97718993934066,217.391238330707,9306100
2021-03-16,217.8468780517578,218.70004369036332,215.52008150172125,216.88708150173827,8949300
2021-03-17,216.2181396484375,219.33993437657122,214.9965587936122,218.18622569964188,8675600
2021-03-18,213.9301300048828,215.73340275834013,212.88306697448047,214.67663524853083,9321800
2021-03-19,200.58981323242188,213.45509963710944,200.57043385766391,212.43712031251385,32209700
2021-03-22,201.65623474121094,205.8153880736466,199.94021360149782,200.25046106347648,11371600
2021-03-23,201.80162048339844,203.55642966117446,201.17145077183892,202.67418023026252,8820700
2021-03-24,201.72413635253906,204.70049755890437,201.5883919730584,202.38339011530883,10101600
2021-03-25,201.62713623046875,202.45121804719383,199.50392654634763,201.33628295436506,8390800
2021-03-26,207.01756286621094,207.1823762733573,201.36536983726822,201.8985983859255,7399900
2021-03-29,207.96771240234375,208.72392221056236,204.681103684035,205.9705421502066,7792300
2021-03-30,205.43728637695312,207.61866394968658,204.96224028445357,206.51343323790485,5498000
2021-03-31,205.27249145507812,207.57990911827432,205.09798833437327,206.06748956517305,13180000
2021-04-01,210.24600219726562,211.0991678709937,205.82507969415158,207.25993713262966,6138400
2021-04-05,212.35952758789062,213.7846954766348,210.68229472316278,211.93295950393684,10440500
2021-04-06,211.98141479492188,212.7085406377493,208.77236844218965,210.98282982091195,7828100
2021-04-07,212.58253479003906,214.298541283154,211.97174429289487,212.43710073226381,5614300
2021-04-08,213.96890258789062,216.0242551021411,211.45789813937185,213.2611708847859,11042000
2021-04-09,215.73338317871094,215.81094503985844,212.81517547750965,214.25973740373342,5724900
2021-04-12,214.7154083251953,215.14199117321036,212.53403086518324,213.52292612254425,6315200
2021-04-13,214.2791290283203,214.86082078991527,213.50352521944814,214.25973486491014,4764000
2021-04-14,215.20986938476562,216.2957207739122,213.3581333602749,214.25976236349973,4972600
2021-04-15,219.37872314453125,220.68755563889346,217.03253209282838,217.06161594439965,8698100
2021-04-16,219.50477600097656,220.85238211259352,218.8745913283955,220.24159160667725,6829400
2021-04-19,218.90367126464844,220.63908671143454,218.21533369121943,218.86489772542734,6541600
2021-04-20,216.47018432617188,218.5061423645068,215.0547211359029,217.92443584115068,5799100
2021-04-21,220.51303100585938,220.92021970884323,216.07271401606368,216.49929688397444,9490600
2021-04-22,220.62936401367188,223.8868733837636,219.97009559823982,220.36759458449941,7303000
2021-04-23,222.9852294921875,224.74972840900654,220.76507871634448,221.6376236969929,5345200
2021-04-26,223.3148956298828,225.84529427172177,222.5199123641883,223.7317888249653,5650000
2021-04-27,222.8980255126953,224.1099020185143,222.00608617962226,223.98386212801654,6642100
2021-04-28,226.33004760742188,229.06404803700943,223.63483550936246,223.9062946564034,10111400
2021-04-29,229.6360626220703,230.25654281940498,226.03920653882048,228.05577087851177,7411400
2021-04-30,226.4366912841797,228.73440432710336,225.20542065402532,228.14302281407274,10260200
2021-05-03,225.51565551757812,228.55019874903223,224.33286297083814,226.9117394936262,8174400
2021-05-04,224.95335388183594,225.30237489258516,223.2082488280898,224.53647548218717,5884500
2021-05-05,222.21939086914062,226.717876135048,221.68616221612479,226.717876135048,6523200
2021-05-06,224.26499938964844,224.5170643475885,221.6861229381044,222.62654017950646,6124100
2021-05-07,225.0406036376953,226.10706082685442,223.6736182504814,225.25389507552714,4528700
2021-05-10,219.0781707763672,224.92426138669487,218.2928772307132,224.53646685339342,9627400
2021-05-11,218.60313415527344,219.51446768240956,215.26804754252632,216.91621147547366,7633300
2021-05-12,213.90103149414062,218.13774654877363,213.59078404265537,216.80953478145761,7721300
2021-05-13,217.23129272460938,218.35753646382537,214.46419477636766,215.0661539141299,6650100
2021-05-14,220.3381805419922,220.89159119356992,218.37693941529392,219.25076676001373,4777200
2021-05-17,219.85272216796875,220.55177810609436,218.765308404174,219.60027624787253,5534200
2021-05-18,219.008056640625,222.5130256111249,218.87211509228146,221.7460136470458,6900000
2021-05-19,218.0565643310547,218.30901028639195,215.33801472716135,216.27979814152692,9311900
2021-05-20,219.85272216796875,220.97898060327128,218.6876338760599,218.88181278889445,7478600
2021-05-21,220.17311096191406,222.6392141197123,219.95950972601415,220.279911579864,5603900
2021-05-24,222.64894104003906,223.41595291413833,221.00810185498622,221.3187851457311,4040100
2021-05-25,222.35769653320312,223.493658863748,221.77514491066069,223.2120868140547,4689100
2021-05-26,220.46438598632812,222.67805804654677,219.79445618641188,221.41587296995533,4295600
2021-05-27,220.26051330566406,221.77512964211382,219.78476235284498,221.1343258644152,5969600
2021-05-28,220.6876983642578,222.75572520699592,220.5420530727207,220.969255557388,5779700
2021-06-01,220.03721618652344,223.38685086854954,219.6973919487501,222.76546940526035,5091500
2021-06-02,222.9790496826172,226.32868404933427,222.1246446954332,222.5518471890252,9081100
2021-06-03,221.4741973876953,223.6878701698556,221.14409166743928,222.3383063700745,6382400
2021-06-04,223.4451141357422,223.9888210911935,222.07612817047143,222.67810214106692,5085700
2021-06-07,224.59075927734375,227.85300049027305,223.386826342881,226.07624940641014,5421300
2021-06-08,225.2995147705078,226.0762452036281,223.46449671489773,225.39659681533485,4170600
2021-06-09,225.55194091796875,228.01805887791946,225.36746577747238,225.73641605846512,4659000
2021-06-10,227.14425659179688,227.44523614260075,225.37720914534424,226.31899247102854,4452500
2021-06-11,228.12490844726562,228.59094087095923,226.911271541363,227.57148290702028,5378300
2021-06-14,227.27047729492188,228.3773134337404,224.83350000034739,227.87243639053662,5805800
2021-06-15,226.20248413085938,227.969546477088,225.85295612912748,227.6200184753561,7093800
2021-06-16,222.92080688476562,227.36755895388595,221.3673458998585,226.82385205363903,8905400
2021-06-17,225.39663696289062,226.55202165090486,222.54217544620673,222.54217544620673,6876700
2021-06-18,223.70726013183594,225.42575926997515,222.55187546326235,223.7460899930496,8840000
2021-06-21,227.50347900390625,228.1733939902792,223.697501431886,224.71695918100212,7298400
2021-06-22,229.066650390625,229.22199945207305,226.45491651767648,227.48407812369146,8858400
2021-06-23,227.8529815673828,229.05691440186052,227.1345181853508,228.60058585737542,6814700
2021-06-24,229.36761474609375,231.31913707493595,228.5617582620216,230.10550046908634,4611500
2021-06-25,230.4162139892578,231.54245757562077,229.44530463952705,229.52296435039264,7825200
2021-06-28,227.2801971435547,231.43568854237836,225.11507314631737,231.07645677471604,9301700
2021-06-29,229.08609008789062,229.63951560565138,227.33845005141322,227.7462450723438,11897700
2021-06-30,227.01803588867188,229.52296902488013,227.01803588867188,228.270502456776,7797100
2021-07-01,228.3093719482422,229.3773783660669,227.24138034532132,227.3870108500684,5329600
2021-07-02,231.68812561035156,231.8337561011464,228.95987244017724,228.96957620126275,4383700
2021-07-06,232.62986755371094,233.6104805853054,230.30939498566283,232.5327707005274,8048700
2021-07-07,233.01824951171875,234.0279887410463,231.36770654065768,233.27068061532532,4366100
2021-07-08,229.72686767578125,230.1734925065743,227.72679673484575,230.07639564317105,6388000
2021-07-09,231.53280639648438,232.48429362713057,230.51334838476842,231.8143636532914,5615900
2021-07-12,230.9501953125,231.57157668498613,230.36765860917578,230.66863812812838,7010700
2021-07-13,235.29989624023438,235.4261043866124,231.31916182123263,231.31916182123263,8079200
2021-07-14,238.833984375,239.63012229836738,235.75620366747566,236.14456146205973,8693400
2021-07-15,241.31951904296875,241.56224637758953,238.17376745291904,238.17376745291904,10135100
2021-07-16,240.90206909179688,243.17400866310265,240.31953225971893,242.7176799964445,8674500
2021-07-19,233.41635131835938,237.33881909355708,231.9502685240566,236.8922090297227,11474600
2021-07-20,235.63973999023438,237.10582286221097,232.54253621885778,233.63966872863043,7072300
2021-07-21,236.57177734375,239.71751417705235,235.2513400264067,236.2125308077375,11241400
2021-07-22,237.03782653808594,238.21263346144391,236.0766208735203,236.6882985523259,10293600
2021-07-23,241.77586364746094,242.73705447475157,239.58159891546845,239.58159891546845,6766000
2021-07-26,242.97007751464844,243.07687814131688,240.49425557999035,241.96033825652097,4879000
2021-07-27,243.6302947998047,245.31968253194626,240.9991385555262,241.94092188256522,7038300
2021-07-28,239.75637817382812,244.1837228256504,238.75634264128504,242.7759071083239,9036500
2021-07-29,240.7078399658203,243.09628344262634,239.91170201681877,240.89231510940257,7495300
2021-07-30,239.22235107421875,241.2321405139977,238.84369702518947,240.01850384212176,5804700
2021-08-02,232.8046417236328,240.6204649193932,231.43565599063794,239.07672261532713,9989500
2021-08-03,230.19290161132812,234.36781491307298,227.22192127552177,233.62992911679538,9839000
2021-08-04,229.78514099121094,230.63954606001766,228.21227240081922,230.10554289201346,8171800
2021-08-05,233.22213745117188,233.26096730594435,229.55208654189414,229.726857925622,5337500
2021-08-06,234.37753295898438,235.54263613924897,232.88233893950158,233.01826566854547,4509700
2021-08-09,233.01824951171875,235.13482483363092,231.1249791974163,234.71734091440837,5226900
2021-08-10,231.1444091796875,234.31927226758543,228.70741709138753,233.51341568357685,7185700
2021-08-11,228.22195434570312,231.42595823254575,227.75592199585913,231.154104793895,7375700
2021-08-12,225.35386657714844,227.60945411821453,224.60525789481122,227.3955616846618,9867000
2021-08-13,226.18997192382812,226.79276639283214,224.97468083282303,225.55802649054402,5445400
2021-08-16,228.8247833251953,228.9414465501244,223.808056961848,225.76225499000878,7575900
2021-08-17,228.01779174804688,229.12613671361513,226.744168961791,228.47474241969408,6850500
2021-08-18,225.19833374023438,227.8428086776832,225.04277290036134,227.4247407749117,4996500
2021-08-19,225.13999938964844,225.9761055148031,222.54412426559216,222.68023629004733,5761300
2021-08-20,224.93585205078125,225.71364150278524,223.9052873317934,225.4316855943226,5522200
2021-08-23,227.6386260986328,228.13445957072906,225.55804814449698,226.23860825377548,6342000
2021-08-24,227.73583984375,229.63169103178987,227.453883995087,228.5136142956969,5081800
2021-08-25,226.1316680908203,228.47475316239868,225.63583460544362,228.47475316239868,5277100
2021-08-26,224.1191864013672,226.17059890932225,223.7594500536014,225.6844823418931,5889100
2021-08-27,226.22889709472656,226.5789015649606,223.83719740894423,224.60526977964307,6369000
2021-08-30,224.8094024658203,227.18165304318063,223.5357797792284,226.22886898402808,6448000
2021-08-31,222.73858642578125,225.40249535361156,222.31080153179727,224.49832578368037,9405100
2021-09-01,223.73025512695312,224.37193247286675,222.41774946678257,222.7385881397394,8177600
2021-09-02,217.95516967773438,224.1483034885327,215.796826235771,224.03162544984218,19708800
2021-09-03,218.85935974121094,220.98855227312114,217.1482350916184,217.78018057442486,11532000
2021-09-07,219.98715209960938,221.66911093666116,219.5885330326771,220.44410276948835,9662600
2021-09-08,222.7288360595703,223.8274640062889,220.735755606755,221.0663260741949,10652600
2021-09-09,221.17327880859375,223.61357816884473,220.79410855205916,222.9427350607226,5853000
2021-09-10,218.66490173339844,223.65244634575674,218.57740433416856,223.46773455908138,6715400
2021-09-13,218.3927001953125,220.8913312528265,217.2065747666551,219.26770394788358,6808100
2021-09-14,216.8371124267578,219.53991882568158,216.107937718377,218.7524125142459,6575700
2021-09-15,217.59544372558594,218.59684242923072,215.213476079393,216.3412698077045,6535800
2021-09-16,218.1009979248047,218.94683576058023,216.56486823522548,217.64404729660282,5928500
2021-09-17,215.59268188476562,217.48853339204248,213.21071384561785,216.2732420623651,13787400
2021-09-20,213.93988037109375,214.37738226584102,210.30372351266118,210.9356838807172,8822600
2021-09-21,214.0565185546875,216.00098437959463,212.89955901525227,214.6204154241222,7033600
2021-09-22,216.56491088867188,217.87743143415796,214.9607322976102,215.2523903431858,6005900
2021-09-23,221.97048950195312,222.34965973694693,218.1301725403294,218.75240099865505,7952700
2021-09-24,225.15945434570312,225.50945884621106,222.27192092528753,222.57331080501115,6461200
2021-09-27,223.2246856689453,226.85111032788467,222.41773056042368,225.28581472414456,6881100
2021-09-28,219.296875,222.5149638841723,217.78019388051928,222.5149638841723,6951400
2021-09-29,220.38577270507812,222.66080923470562,219.8121587866889,220.50245075473754,6432700
2021-09-30,216.56491088867188,222.43719195614452,216.44824767044165,221.26079827872567,7128500
2021-10-01,224.060791015625,225.13023825852724,217.26487799655425,217.94543803023677,7925400
2021-10-04,218.48988342285156,223.93439329685967,214.67873244508425,223.61355467732852,10283400
2021-10-05,218.05242919921875,221.0663576149629,217.70242470471362,219.21910590253614,5814000
2021-10-06,220.220458984375,220.32740519199345,215.10651949983827,215.8745769290282,5420900
2021-10-07,224.14830017089844,224.74136283888208,222.1455027516708,222.55383879330097,6561900
2021-10-08,223.87608337402344,226.2677681001192,223.78857113470002,224.58580926679687,3735200
2021-10-11,218.85935974121094,223.9246999329072,218.62601849281754,223.6232952572375,5620200
2021-10-12,217.8288116455078,219.9385555239986,216.73018358291498,219.29687816876213,5448200
2021-10-13,216.282958984375,219.5885452392846,212.55930482661196,216.9343533119855,9076000
2021-10-14,218.9274139404297,219.38436462496733,216.86628478300736,217.89684936171852,5590500
2021-10-15,224.5760955810547,224.67330997548098,220.4343736989383,220.91077318744908,6355100
2021-10-18,224.24551391601562,226.2969259418219,221.80521466170734,223.7885632632225,5580200
2021-10-19,227.0358428955078,227.15250610240903,224.27469003969986,225.50943004142857,4409700
2021-10-20,224.994140625,227.30805972243587,224.88719441036815,226.97750408997277,5401800
2021-10-21,223.84693908691406,224.42055301654554,220.01633855937047,224.294157974895,5982200
2021-10-22,224.8094024658203,226.35526400440924,222.3593863137137,223.89550119404086,3788000
2021-10-25,227.38584899902344,228.33863314418173,225.839987320893,226.9677811127688,4938700
2021-10-26,225.38304138183594,230.380317969441,224.90664191305038,228.9900171873223,7814500
2021-10-27,209.78843688964844,218.50936814201293,209.67177367613667,218.50936814201293,22958100
2021-10-28,204.0133514404297,213.88152443440944,203.20639634030428,213.16206673626104,23199400
2021-10-29,205.88975524902344,207.7369917340287,202.74943245538012,203.4008415211905,14329800
2021-11-01,206.5605926513672,209.27311570730905,205.5786280030645,207.56199127491274,13210300
2021-11-02,203.33277893066406,207.42588578227353,202.04943927486636,207.2411591659998,14688700
2021-11-03,202.32171630859375,204.314782317822,200.98974685881737,203.86756339447223,11486700
2021-11-04,202.98280334472656,206.4633992442165,202.09806775957028,203.35225662975844,11368200
2021-11-05,210.65371704101562,211.58706722502572,205.4911623142449,206.0647762094199,14273600
2021-11-08,214.3676300048828,215.45652606777475,212.09259382334616,212.30648624071367,13500100
2021-11-09,207.46481323242188,214.28989350536162,207.00786250487567,213.58988451146527,11535000
2021-11-10,209.94346618652344,211.29724839641895,207.77157419393131,207.98584316481086,10063600
2021-11-11,204.93743896484375,211.13172775983648,204.68421869662046,210.8298072850889,13546900
2021-11-12,206.56387329101562,208.0150558607136,205.92106639212554,205.9892496364985,7660500
2021-11-15,206.76841735839844,210.76158083443173,206.2911792102023,208.0540163521394,9596900
2021-11-16,209.57334899902344,210.0311040562271,206.14507540879939,206.63204760912564,8719600
2021-11-17,199.71707153320312,201.90844681994722,194.2629908473689,200.5838816077333,38379600
2021-11-18,198.0321807861328,202.45388325557118,196.02585704999578,201.11958375092445,18292200
2021-11-19,195.62649536132812,198.19770827969728,194.64281675380988,196.77574275261398,18032600
2021-11-22,190.4840545654297,196.44458975782382,189.52959317934335,194.7888871889602,21185800
2021-11-23,193.31826782226562,193.73705686432223,189.3153549462872,191.8378678781752,14742700
2021-11-24,197.95420837402344,198.63596651303212,192.4903794451185,193.0065688118831,12026800
2021-11-26,192.50013732910156,194.0000202814922,187.53302896429585,188.28297044049117,10987600
2021-11-29,191.17556762695312,196.0063390946296,190.26980633619684,195.76285295910833,14633500
2021-11-30,188.7212371826172,192.5098808388449,187.54275775336973,190.18215398879056,16023000
2021-12-01,185.20526123046875,191.6819852158544,185.14682694724118,190.92230981147333,13204900
2021-12-02,193.1234588623047,194.24350401490722,186.85126842483132,186.9973541632856,13976300
2021-12-03,191.2047882080078,193.2987629038568,188.98418111245314,193.10397697932422,10660500
2021-12-06,197.3990478515625,198.8989305801806,192.58777490165934,193.59093646505409,10722100
2021-12-07,201.9668731689453,202.52202868645787,200.5254394204151,200.63257391355535,11897200
2021-12-08,203.544677734375,204.02190105476058,200.3501407854635,202.24932969393,11749200
2021-12-09,205.88214111328125,206.67103383356752,201.77209385784062,203.0869249657942,10176800
2021-12-10,207.8397674560547,208.66762629365434,205.36595476144956,206.37885058585408,8882700
2021-12-13,205.52178955078125,207.76186505831083,204.50887886471915,206.91452316759802,8844300
2021-12-14,204.50885009765625,207.8105211668772,203.018716287906,205.2393084303265,9832300
2021-12-15,206.77813720703125,206.95345493027065,202.44408751499756,203.94395538122933,10892500
2021-12-16,208.7845001220703,210.63500378744692,206.09641836354626,209.68052737491166,8548400
2021-12-17,206.35939025878906,207.65473838307912,202.37594547970758,207.25541752331438,11578400
2021-12-20,203.30117797851562,204.304339613262,201.47015758365578,203.6420496329285,9434400
2021-12-21,209.76815795898438,210.52783343225957,204.8789527156596,205.1224388253302,6993700
2021-12-22,212.2809295654297,213.23539092349546,208.27801745676345,208.27801745676345,6003400
2021-12-23,210.97584533691406,212.8263487378805,210.97584533691406,212.74843139730382,4798200
2021-12-27,211.95956420898438,212.4367875431506,209.28121660756528,212.00824954912915,4818400
2021-12-28,212.3685760498047,214.00479548267063,209.9629322307698,210.3817211827967,4279800
2021-12-29,212.48545837402344,213.23539975990144,211.6673486046363,212.08613758377035,3223100
2021-12-30,212.19329833984375,213.43994619837005,211.49205706177088,212.29069874115962,3812800
2021-12-31,211.06350708007812,212.30040582436487,209.87529366904,211.1608926077882,4723300
2022-01-03,215.66050720214844,216.27409694636214,211.3556746208503,211.85239578948523,7694500
2022-01-04,216.6636962890625,220.88086282379047,216.03062345820345,216.2156752878205,10629300
2022-01-05,214.26776123046875,219.40045221744697,214.189843897585,216.8389737707859,9594600
2022-01-06,214.02430725097656,216.12803097085157,211.8816322894212,212.12511841826188,7877500
2022-01-07,211.3070068359375,214.46257752831107,210.0213929529603,211.64787849675326,10702100
2022-01-10,206.44700622558594,208.61889818763268,201.11952889595818,208.4046292197666,11978600
2022-01-11,208.7942352294922,209.34937588943072,203.30118861863795,205.91135285231385,8803100
2022-01-12,210.08953857421875,211.91080972102785,208.23903542511042,208.89157634476283,6923300
2022-01-13,209.3980712890625,214.73528308449963,209.06693371976183,211.19987459115163,8867700
2022-01-14,209.07666015625,212.56338318496643,208.14168177586026,208.58968791527644,8838100
2022-01-18,210.08953857421875,211.25826880137544,208.7454906393224,210.2551073274549,9099300
2022-01-19,209.08641052246094,212.5439166746845,206.58338073689808,207.450190798839,9399800
2022-01-20,208.76499938964844,213.87820776654186,208.36567859733327,209.12535408157467,8532700
2022-01-21,200.5643768310547,209.98243289894853,200.45725720651603,209.84608126810195,16200200
2022-01-24,196.5906982421875,197.43802517993092,190.55223060763473,196.91208684110077,16054000
2022-01-25,196.73680114746094,200.0287385163091,191.8573442512171,194.4188083387487,12125500
2022-01-26,200.5059356689453,205.36592373972033,198.36326088855768,198.95736758714455,10817600
2022-01-27,200.7786407470703,205.46332599588504,200.48646930347945,204.0413605718208,12009800
2022-01-28,222.05934143066406,222.17621001267085,210.46940806363668,214.8911094637169,26425300
2022-01-31,220.27700805664062,220.48154292411635,216.26436179511433,219.67316727081823,12380600
2022-02-01,226.3057861328125,228.4971616598452,220.52055236365155,220.98804164827794,12247200
2022-02-02,229.2860107421875,229.70481460197837,224.01696746874603,225.27336418690507,10590500
2022-02-03,225.50711059570312,227.40631432371976,224.5429150193649,226.96802739496871,9968000
2022-02-04,222.43917846679688,224.2214986427257,219.08880708873704,222.54631295369578,10848100
2022-02-07,221.24124145507812,223.9293229890521,220.12119633667845,222.0593512878684,5984500
2022-02-08,222.00091552734375,222.54632207893331,218.89403014109524,220.36468101136103,7542000
2022-02-09,224.8545684814453,227.07516081695775,224.12411008525794,224.13385904171747,7772800
2022-02-10,220.06961059570312,224.32291815407527,219.3672284385119,222.4499040300297,6794600
2022-02-11,219.19161987304688,223.49370646275128,218.0697525586391,221.6889718052297,7535200
2022-02-14,219.8257293701172,221.69874350314672,217.35764187565172,217.8258916875608,8280800
2022-02-15,222.2450408935547,223.67905493848275,219.40624771431692,221.70849692551093,9461700
2022-02-16,223.22059631347656,224.25465487280903,220.0793911320737,221.93289063819105,9561300
2022-02-17,219.11358642578125,223.21080556921183,218.68435125054134,222.81083507542985,8131200
2022-02-18,217.2405548095703,220.2159212286761,216.41134920763565,219.10381876707163,8121200
2022-02-22,215.9041290283203,218.85021648582136,214.53837922126294,215.611467292137,9928800
2022-02-23,210.66549682617188,218.79165565507265,210.14846761693042,217.38689143170268,8669900
2022-02-24,211.98248291015625,212.5287768412523,196.52034024666037,198.39335438987248,13463400
2022-02-25,213.9042510986328,215.27973569567428,209.00709127973477,211.97269293315154,8463600
2022-02-28,210.83132934570312,213.29941660247422,208.0218158594315,210.71427062534772,8409400
2022-03-01,203.8563232421875,209.88508611336079,202.2076766328039,209.23148338329267,9317800
2022-03-02,203.3782958984375,205.38788339655542,201.14434088262286,201.83695818498,8865700
2022-03-03,202.1588897705078,206.3244031654459,201.50528706445778,205.39765350419265,8610000
2022-03-04,195.3887176513672,201.31993638874377,192.0426599703074,199.98346627985774,10912300
2022-03-07,186.03341674804688,195.28142946002208,185.3993287178243,194.9497531022255,13412400
2022-03-08,187.01869201660156,191.61342578369587,182.10201697193057,185.36028062315896,11070900
2022-03-09,194.87168884277344,195.59358573990656,190.46230800143147,191.69146931616777,8457600
2022-03-10,193.12551879882812,195.04731253240732,191.49638680518277,192.08169539965604,7061600
2022-03-11,191.89633178710938,195.9252567635684,191.65244951722283,195.83746271890342,5432100
2022-03-14,195.427734375,199.42739450787855,193.31083814438685,193.564470336053,7994700
2022-03-15,201.09555053710938,201.35894753904333,196.47153764771855,197.14465504966566,8277700
2022-03-16,206.6853485107422,208.4413038920938,201.93452649139599,204.861113831851,9232300
2022-03-17,208.22666931152344,208.31446335208153,203.61242114902748,204.7928029442421,6668500
2022-03-18,213.7481689453125,213.8944923474265,205.14399565160417,206.5194951730433,14620800
2022-03-21,211.7288055419922,212.72384928018087,209.29974788237269,211.04593822574154,6101500
2022-03-22,213.1238250732422,214.19691294377472,211.86538430821847,212.50923703053797,6259900
2022-03-23,209.42657470703125,211.97270618857408,208.95832491887177,210.03141285568768,6008000
2022-03-24,211.99220275878906,212.33364385996663,208.7632041786234,209.7289832389382,5487000
2022-03-25,213.0847930908203,213.5725575925733,210.4118531478644,213.07504315952613,5051400
2022-03-28,215.36753845214844,215.5723912034323,212.18730443047343,213.15308348555607,4316800
2022-03-29,222.53768920898438,223.2108066565813,218.303896569661,219.33795501392598,8032500
2022-03-30,218.46969604492188,220.62562148191748,217.27954958591994,220.31344508626262,7084000
2022-03-31,216.34304809570312,220.39148707233295,215.04559287380698,218.4306793441144,10759500
2022-04-01,220.82078552246094,221.08418256866378,216.79184525043766,217.62105100662737,6559600
2022-04-04,222.16696166992188,223.63025505038544,219.45499246229392,220.23540369022916,8521200
2022-04-05,220.557373046875,223.3864163988997,219.79646153142528,221.27926994747295,4658000
2022-04-06,213.65060424804688,217.41614684192012,213.2701485275562,217.32835280305108,7430000
2022-04-07,210.86061096191406,213.3286984169196,208.45105287178725,212.96775740990552,6995100
2022-04-08,211.67030334472656,214.04084683614812,207.86574574786854,209.55340695002423,5438600
2022-04-11,209.494873046875,211.98247521496415,208.18766763272052,209.982637594132,6942700
2022-04-12,206.2268524169922,211.68007157423696,205.54398500211337,211.2020569411252,7446600
2022-04-13,208.0510711669922,208.61687976554026,202.10033839380634,205.28055753179277,8052900
2022-04-14,207.5828094482422,210.66548466204017,207.32917726687575,209.02660308633466,8191600
2022-04-18,207.95352172851562,210.5484325231763,206.34390478170425,206.49022818218103,4744400
2022-04-19,210.42161560058594,211.21179175878368,207.24139621865402,207.8852489717752,5028800
2022-04-20,212.46046447753906,215.4163311828538,212.07025881311444,213.30918487002015,7178300
2022-04-21,211.1532440185547,218.4404466649525,210.08017107547553,214.13836030543746,8850300
2022-04-22,203.0758514404297,211.26053840120287,202.8612338893647,210.94837689035646,6201100
2022-04-25,204.81231689453125,205.3781255182421,200.30537753874805,201.30042131737,6839400
2022-04-26,196.1788787841797,203.4563164519014,196.1788787841797,201.9149789169154,8155300
2022-04-27,208.87051391601562,216.37233427645273,207.83645556198238,212.0507330840375,15955800
2022-04-28,215.26022338867188,219.425721320765,213.9042387328209,215.00657633300798,10799100
2022-04-29,207.9145050048828,215.78701646379122,207.15359355934942,213.27014980341474,7965000
2022-05-02,206.35366821289062,206.9487415560786,201.89550799047626,206.58780055436205,8803700
2022-05-03,203.45632934570312,208.3827538572233,201.2223744469839,208.3827538572233,6616900
2022-05-04,209.2705078125,209.54365477112077,200.30539295417398,204.22702412493337,7191100
2022-05-05,200.2175750732422,209.32901225856085,198.10067895323076,207.07554267549676,7749600
2022-05-06,197.85678100585938,200.6858088954887,195.32039988141318,198.7640157487068,8825300
2022-05-09,188.27711486816406,195.83746533566807,187.3796298892365,195.15459794793978,10314100
2022-05-10,188.84291076660156,192.91086502151626,186.2967794116099,191.8963213833648,11016500
2022-05-11,191.90606689453125,193.46691925538724,186.71624544726768,188.75511237891624,9427300
2022-05-12,189.5847625732422,191.62750865255524,185.65564182909807,190.13209980848194,9308600
2022-05-13,194.72584533691406,196.00622674261018,192.05756878613698,192.54626488991852,6684500
2022-05-16,193.33795166015625,195.41980185049923,191.4515918438678,192.85903901965898,5161300
2022-05-17,199.3880157470703,200.1699325170781,195.62504968043262,198.26402064343668,7265600
2022-05-18,195.46864318847656,200.81497894267355,194.62808542144143,198.23466450425713,8748200
2022-05-19,192.9079132080078,195.88896270159125,188.9397028617852,191.9109838013586,9012400
2022-05-20,194.53036499023438,197.10091120395836,189.6336355223586,195.15589539080426,6966600
2022-05-23,202.8675079345703,203.25847373451174,196.2310219399057,196.33853567066205,12187400
2022-05-24,198.04901123046875,200.04288500779535,194.5303929012768,199.3000722111096,7458500
2022-05-25,199.23162841796875,200.31653438891814,195.93782137803473,196.05510367311405,5457200
2022-05-26,203.83517456054688,204.99827382605645,200.04288752621113,200.47294254006243,9212300
2022-05-27,208.06724548339844,208.40932378730844,204.90048955117817,205.25235132142487,4897200
2022-05-31,207.37330627441406,209.50402907687328,204.38248845665674,205.62378075639626,9586400
2022-06-01,205.1839599609375,209.2694675615969,204.09906881685038,207.25604179429877,5246100
2022-06-02,210.18821716308594,210.3836926403821,206.3079685377742,207.09965391480858,5337200
2022-06-03,207.84243774414062,209.36718204784742,206.49364669899123,208.13565837615428,4352500
2022-06-06,208.1259002685547,212.66099954132685,207.29511092179192,210.57914935475256,3965100
2022-06-07,209.65065002441406,210.11002560218878,205.95610829401275,206.34705925160597,4493300
2022-06-08,208.67324829101562,210.69645743542273,208.01839726402335,208.92736491059068,3646300
2022-06-09,201.45033264160156,208.87852027489262,201.36237091169568,207.78383072982263,5138600
2022-06-10,194.99951171875,198.82111878567682,194.67697050430596,197.09113042232113,5162500
2022-06-13,187.91342163085938,191.46136013889762,186.76010597736536,188.62692868478868,7119200
2022-06-14,189.1449432373047,189.94639708831005,187.41495486270205,188.36302649240136,6441200
2022-06-15,191.7252655029297,194.33490099577537,187.88410624203365,191.54932714442734,6490000
2022-06-16,184.77601623535156,187.53225475031599,183.29037577202317,187.0826626466419,9887200
2022-06-17,185.7143096923828,186.98492269346104,181.70701012138002,182.70393955164255,15089300
2022-06-21,189.99526977539062,192.28236395146394,189.350187341989,191.2854346421939,6241600
2022-06-22,189.4381561279297,191.95004623081266,186.71122364233213,186.92625111122587,5138500
2022-06-23,192.1944122314453,192.99588103836598,189.07652855495041,191.70571610444165,4752800
2022-06-24,200.86386108398438,200.99092683951685,193.0447236618459,193.25975113406037,7754800
2022-06-27,198.9579620361328,202.40815545105846,198.02944239067347,201.09845342846015,6121200
2022-06-28,193.64093017578125,202.11491842246906,193.03495180834986,199.38800085520694,4354200
2022-06-29,194.98974609375,196.10397261773286,192.85903823241256,192.85903823241256,4324600
2022-06-30,192.43875122070312,194.35444651030667,188.4900932627901,190.95311088879558,7045200
2022-07-01,194.67698669433594,195.28298004784918,190.30805693416718,192.3410197474176,4131800
2022-07-05,196.00621032714844,196.0355458116343,189.75090668815344,191.79365265156363,4110200
2022-07-06,196.57313537597656,197.9317100817619,194.17852721433195,195.47846076809856,4111200
2022-07-07,198.2151336669922,198.83088058837046,195.51752175188813,197.96100215973115,4650700
2022-07-08,198.9677276611328,199.48574430889923,195.92803747002887,197.74598747039684,3621800
2022-07-11,200.4240264892578,202.0660530121747,197.43320897710305,197.43320897710305,5353600
2022-07-12,200.18946838378906,203.4148505648456,198.1760280164969,198.6549555415134,6779500
2022-07-13,199.53460693359375,200.92251694884985,194.9897392768791,195.89870684269363,7597300
2022-07-14,201.25482177734375,201.42097665367362,193.50409424987612,195.47843057454887,5605500
2022-07-15,205.29144287109375,206.92370090362303,202.49610069494236,204.63659191308403,7245700
2022-07-18,202.52545166015625,208.09658441919498,201.9683309273414,206.718457787958,4648900
2022-07-19,208.82962036132812,209.26944386715275,203.1998317625445,203.5126044241753,4927100
2022-07-20,208.54615783691406,209.2889854142057,206.43500213183313,207.20713536663717,4460300
2022-07-21,211.30242919921875,211.99636933277952,207.9206455115855,208.3311484597106,4801300
2022-07-22,208.86871337890625,213.13992750018565,207.3244318894281,213.00307827280628,5071500
2022-07-25,209.4258575439453,209.94387428281817,206.83575893575775,209.7288467783249,4357200
2022-07-26,207.68609619140625,210.2859483873618,206.96282051696338,209.01535032233022,6141000
2022-07-27,205.7117462158203,211.94751348762532,196.65131596326196,206.00496687096947,17432200
2022-07-28,206.5718536376953,207.91087621947563,203.21939053585294,205.8778985927784,7477100
2022-07-29,207.31466674804688,209.31832380469066,205.08621365410625,207.2071530060663,6059700
2022-08-01,206.58160400390625,209.15215011320117,202.86751087661176,203.7373892875937,8028400
2022-08-02,201.59690856933594,204.1185822195629,199.31958296761363,203.10210089986478,9939400
2022-08-03,203.76670837402344,205.5748897914765,202.2028899044347,203.28779577214246,9520100
2022-08-04,208.64389038085938,210.02201680532875,203.83512309381493,205.77035525369166,6789700
2022-08-05,210.98965454101562,211.06784770856405,205.74106307258452,205.9463220016269,5553700
2022-08-08,208.49732971191406,211.73249579397242,207.25603733220598,210.3641376445978,4063400
2022-08-09,205.50645446777344,208.62433760581197,205.00798987329023,207.207122065018,4596800
2022-08-10,207.304931640625,209.9829772412266,206.53278330169186,209.97320868631485,5746400
2022-08-11,206.67335510253906,209.04283177763517,206.19357929046592,208.837209303822,6639600
2022-08-12,206.9181671142578,208.76870989646892,205.71384941541913,208.5533015353448,6443700
2022-08-15,211.90188598632812,212.2152126479357,205.9781863849182,205.9781863849182,5290600
2022-08-16,212.6068572998047,213.06704649913064,207.70145437919265,210.07093124580848,6564400
2022-08-17,210.04156494140625,211.66689850039288,208.30851226596212,210.51154001025552,4902500
2022-08-18,210.7563018798828,211.49064439514373,207.99516685118815,209.40510687092697,4516400
2022-08-19,208.3770294189453,210.73670523482357,207.95599862790775,209.640091911586,4178800
2022-08-22,204.25491333007812,206.83979825863577,203.8534691892213,205.55714911904366,5139500
2022-08-23,202.48272705078125,204.93053561053384,202.21835954306138,203.65767217141493,3525500
2022-08-24,202.3554229736328,204.0003579869923,201.38608546896188,202.31626461294567,4230800
2022-08-25,205.4396514892578,205.52776899781833,202.18895506460586,203.06037417647588,4495000
2022-08-26,198.6543426513672,205.87047720582058,198.46830681809172,205.39071630972822,5060200
2022-08-29,198.1060333251953,199.70200919981778,196.43172578811266,197.04857829233842,4476200
2022-08-30,197.1758575439453,200.142599986983,196.0302850606152,199.66282418514956,3918200
2022-08-31,194.56163024902344,198.92851253515923,194.4930844351783,196.80381640953664,6559000
2022-09-01,195.95196533203125,196.24569039161074,192.55440603401655,194.57139779105967,5608300
2022-09-02,193.63140869140625,198.25287163020255,192.74041788779525,198.2137132738757,4508100
2022-09-06,194.49307250976562,195.86383930023487,192.2998307047773,193.76851581181043,4547800
2022-09-07,196.23590087890625,196.94087088923172,193.10270913314685,194.56160830956082,4098300
2022-09-08,196.5198516845703,196.91149504355792,192.84813916817478,193.27894088696655,4377600
2022-09-09,200.91610717773438,202.09105220235244,197.14649126790817,197.85146127072633,4885600
2022-09-12,202.31625366210938,202.8645603234719,200.6713187377858,202.18896285135165,3812300
2022-09-13,195.50157165527344,199.22224364268388,194.71826993051792,197.83189017785574,5217900
2022-09-14,195.24700927734375,196.6863219332056,193.9251866537194,195.82468852282895,4632800
2022-09-15,191.29129028320312,196.12816116735274,190.46883040029286,193.95450651949415,6099300
2022-09-16,189.2645263671875,189.77367463817785,184.29057848658883,186.24882497783705,9398200
2022-09-19,189.09808349609375,189.94013011293936,186.72860695572246,187.5902252811621,8133600
2022-09-20,188.06024169921875,189.00019181212954,186.31738827356455,187.11049079039498,5292500
2022-09-21,183.1156768798828,189.05894861726,183.096090227073,188.5106418604941,6705900
2022-09-22,181.91131591796875,183.3016841864175,180.80491672044482,182.45963752958613,6604700
2022-09-23,180.11953735351562,180.72658904732725,178.42564320749833,179.6397615353582,10755800
2022-09-26,176.81988525390625,180.64826120438227,176.14428774026496,179.21873451491436,9914600
2022-09-27,174.15663146972656,180.99092187491658,173.32438574891145,178.69976232881476,9799600
2022-09-28,175.43930053710938,176.34010709389122,171.18012327214228,173.55938564950358,9751000
2022-09-29,176.3009490966797,178.43544578175252,174.99871324032875,175.09663155202665,9105200
2022-09-30,173.94126892089844,179.10125350780785,173.89232470227603,176.30095993972046,9472300
2022-10-03,177.8577423095703,179.53204973418792,174.43081074337255,175.59596986631755,8842300
2022-10-04,181.7742156982422,182.32253723881539,179.248090995286,181.18675074369386,7081400
2022-10-05,183.7520751953125,184.8780759990471,178.55293265684838,179.51246934558293,6119900
2022-10-06,181.71551513671875,184.12416536610021,181.38261675370512,182.75338358978365,5163000
2022-10-07,179.9922637939453,180.75597888203623,178.13192029353462,179.62019210581556,5610300
2022-10-10,178.37669372558594,180.92242054003825,177.12341696961363,180.28599630654386,4743800
2022-10-11,175.40016174316406,177.847970193828,174.4699975199592,176.6044793176243,6294500
2022-10-12,174.5189666748047,176.81989778610148,174.49938002281093,175.35121263156557,4884300
2022-10-13,180.80491638183594,181.50008557452213,170.95493814447366,171.34658149751633,8426400
2022-10-14,178.8074951171875,183.22335083237343,178.2689892457868,182.89043755048402,6449400
2022-10-17,181.38259887695312,184.6332955396107,179.03270883520867,182.11694138252784,13952100
2022-10-18,183.2625274658203,186.2194843571123,181.86238815618194,185.5341009558824,5209200
2022-10-19,182.5183868408203,183.72270437529372,180.90282435288123,181.61759515371335,4927000
2022-10-20,183.3114776611328,186.9929761364657,182.5379618359522,182.56734928193146,5706700
2022-10-21,186.39572143554688,186.96361481426356,181.18679258908276,181.92113515704156,7582500
2022-10-24,186.72862243652344,189.098099173337,185.1522332303505,187.41400580002542,7299200
2022-10-25,190.322021484375,191.15426745488568,186.73842606244452,186.88528860422926,11907200
2022-10-26,199.08517456054688,202.0617032999481,192.39775954781214,192.47609121730142,15450000
2022-10-27,200.0251007080078,202.01273483474688,197.3814706760315,199.07536481249844,7946700
2022-10-28,204.9696807861328,207.10417748182823,199.06556811509643,200.72028898546327,8455600
2022-10-31,202.835205078125,205.24384025123044,201.8952400499276,204.55845686621007,8674100
2022-11-01,202.6099853515625,205.58652866841408,201.04339697343116,204.5486603195959,5919500
2022-11-02,196.75482177734375,202.6785206590491,196.39255094158224,201.46440240318637,6985600
2022-11-03,190.6842803955078,194.69869227466606,190.12617289132902,194.14058477048727,8236200
2022-11-04,192.86773681640625,197.24441991978117,191.26197492422259,192.88732346906076,9680100
2022-11-07,195.92259216308594,196.25549052297418,193.05375292225926,194.1797537610393,7821300
2022-11-08,197.56752014160156,199.85866533148305,195.57011496227253,197.4500301134756,6943700
2022-11-09,190.30580139160156,197.5675181233393,189.71702326111298,196.94928686137717,7320200
2022-11-10,201.72830200195312,201.91473869206354,196.28201775888758,199.29463761807673,8048900
2022-11-11,201.1688995361328,202.5721680870189,198.37215518727672,202.15021124118712,9601000
2022-11-14,202.99415588378906,205.26098370510198,199.41237386787645,199.69694769634407,5796100
2022-11-15,206.065673828125,209.73577044032868,203.63200974111922,206.065673828125,7316100
2022-11-16,206.21287536621094,206.9488592672953,204.32875837627066,204.6820312477364,6125300
2022-11-17,207.04701232910156,207.33158620429037,203.44559929364848,204.07363833848112,5385600
2022-11-18,206.86053466796875,210.16755071008276,205.82034653446286,209.18623889000096,8028500
2022-11-21,202.4642791748047,206.61522433516853,202.0423072698919,206.36989635922404,10450900
2022-11-22,206.3993377685547,206.5465285669866,201.51240860340442,203.66146912866833,5273100
2022-11-23,207.77313232421875,208.85258123705634,205.99696045515515,206.07546719187323,3807300
2022-11-25,209.79466247558594,210.00074456098272,207.43951992790588,207.75354692019982,1993500
2022-11-28,207.31195068359375,210.46196853298693,206.71334981386744,208.2932626029069,10229400
2022-11-29,205.1530303955078,206.2226566006626,203.47499570184826,205.43761918593214,8986900
2022-11-30,212.94468688964844,212.94468688964844,204.12268732799848,204.32876941983798,13918100
2022-12-01,212.94468688964844,214.56384557009403,211.27645961841898,212.94468688964844,11261500
2022-12-02,213.5923614501953,214.39702945845943,210.23627639657948,211.69842161087402,5132800
2022-12-05,209.6867218017578,212.85637005298395,209.0685054803494,211.61990746290425,9006300
2022-12-06,205.1726531982422,208.1656568949685,203.75956194643516,208.0380815816828,5986000
2022-12-07,203.92640686035156,205.1138007506107,201.29649837084284,204.89791095238175,7923800
2022-12-08,205.19232177734375,206.3698930482582,203.8675447390455,205.594648271478,4896500
2022-12-09,204.79978942871094,206.58578426440397,203.6418485803105,204.0245596202974,4928400
2022-12-12,210.5797119140625,210.80542442659632,205.55539989962412,206.07549399610477,5941700
2022-12-13,209.05865478515625,215.86896092639537,208.6465056348603,215.4371813479055,14585000
2022-12-14,209.33346557617188,212.23814046878806,207.67504603864546,208.8722477767309,7001700
2022-12-15,204.0245361328125,207.86146879304144,202.95490988439968,205.68295543971414,10831800
2022-12-16,203.0236053466797,204.50538082996025,201.46332311960785,203.61239843829904,12472900
2022-12-19,200.9923095703125,203.59278010324488,200.13855803938483,202.76848170491513,4893600
2022-12-20,201.5221710205078,202.6703039110177,199.74599924184818,200.06983389921686,5024900
2022-12-21,202.9451141357422,204.07363181878114,201.73810467653476,202.7096088599738,4086900
2022-12-22,201.22781372070312,202.78809603176788,198.35257707101644,201.90492132042624,5690300
2022-12-23,201.98341369628906,202.38575513613807,199.71658578799497,200.31518659710713,3246000
2022-12-27,202.434814453125,203.0137998231685,200.77641000852964,202.07173386107453,2904900
2022-12-28,201.1591339111328,204.63297148568446,200.97268225236863,202.81753846192214,3139200
2022-12-29,204.1717529296875,204.63297072376645,201.6595968441016,202.1011842074281,3675500
2022-12-30,203.87734985351562,204.15211598075186,201.8558497858643,202.4544506288356,4159400
2023-01-03,203.51426696777344,208.36194997390004,202.30725756712584,205.36894579262443,4202800
2023-01-04,208.63670349121094,209.2156738625764,205.7025758033152,205.7025758033152,6606200
2023-01-05,207.1647491455078,210.15775333897878,206.52690242047353,209.8044804673948,5246000
2023-01-06,213.68064880371094,214.06335981456343,209.10773212886733,210.00072947873315,6829700
2023-01-09,214.5147705078125,218.0573067879621,214.2694425520504,214.9759882625356,6294500
2023-01-10,216.958251953125,218.23396046239674,214.10263063074026,214.89750587534618,10857000
2023-01-11,217.94937133789062,218.02786311034308,215.59421387628643,217.1544961489096,5408200
2023-01-12,219.4409637451172,219.62741540313758,216.48722029699016,217.94938042821678,4264400
2023-01-13,218.89141845703125,219.5783337560242,216.02598965721035,217.7629158210879,4283200
2023-01-17,218.83255004882812,220.20638069645355,218.21431877058114,218.22414147254128,6101100
2023-01-18,215.3587188720703,220.7853725494587,215.33908844120657,219.89237511555137,6558000
2023-01-19,216.29095458984375,217.38021137319873,213.43533343163867,214.024126547799,4853100
2023-01-20,220.11805725097656,220.23580988065157,216.29094705023502,217.00730050347528,5211000
2023-01-23,219.990478515625,221.97273260171988,218.97972853020713,220.40264266037053,5501500
2023-01-24,219.70591735839844,225.70173357536757,212.58159846300487,217.8708689248041,5274900
2023-01-25,220.69703674316406,220.76573576239352,217.0367476081122,217.47833496122806,4729600
2023-01-26,220.51060485839844,222.8363092827142,219.49003209151385,221.77649062801007,7043400
2023-01-27,227.11483764648438,228.48866837216724,223.0031382246903,223.73912217922722,11382600
2023-01-30,224.8185577392578,226.11388163481058,223.67040966264904,225.89799182327994,5677400
2023-01-31,225.90780639648438,226.4867767912878,224.18068796638536,224.53396082948467,11294200
2023-02-01,226.5848846435547,228.3120029642873,223.54282710126066,225.08347881386385,5792700
2023-02-02,225.2699432373047,229.9213667420337,224.1021797537761,229.58772431063423,7190000
2023-02-03,225.82931518554688,226.54566868896106,223.38584313323526,224.41622363595133,5243600
2023-02-06,225.15220642089844,225.95687439864687,223.77836076641293,224.4260302189433,3402400
2023-02-07,226.9970703125,227.79193053616993,223.69003910876498,223.75873812741838,4042600
2023-02-08,225.89801025390625,227.52699170158638,225.69194312748863,226.03539332939542,4978600
2023-02-09,225.50469970703125,228.58221159483543,225.2883870500024,228.5133930237582,5238400
2023-02-10,223.3907470703125,226.0553176359286,222.36819037903646,225.12124839810778,4509700
2023-02-13,225.04258728027344,225.97665651559282,222.47634611623056,223.07611941519718,4946700
2023-02-14,225.5440216064453,227.53998520449682,223.3612411686718,224.83609200484534,4829400
2023-02-15,225.08189392089844,225.2293880019944,222.99744293410672,223.7741910838963,4407300
2023-02-16,222.04368591308594,224.53126617149178,221.88636490787718,222.27966742089907,3865900
2023-02-17,219.81175231933594,221.00147185323243,218.02227455283824,220.42135249211594,4520200
2023-02-21,216.92103576660156,218.71052848081646,216.30160867572167,216.4687566210675,7276100
2023-02-22,216.33111572265625,218.03210608110794,215.77066522713847,216.71457632376288,4621800
2023-02-23,217.42251586914062,218.36641200610575,215.2593892990985,217.84529924231157,5533800
2023-02-24,215.8689727783203,216.54740646618407,213.81401784186085,214.8169054645707,4414400
2023-02-27,216.65557861328125,217.72729987822694,215.66250285146916,217.02919726351703,4255300
2023-02-28,216.25247192382812,218.05179180742292,215.81984659623694,216.31146355887074,5385400
2023-03-01,214.698974609375,216.57695513057305,212.80132520755245,215.78053799932152,4792700
2023-03-02,215.38722229003906,215.9181770138585,213.45025024783982,214.2368403923758,5539300
2023-03-03,220.0182342529297,220.26404270586363,216.21310919950147,216.50808234361367,6055400
2023-03-06,222.94830322265625,223.6070681837528,219.9396096678428,220.1755762193044,5737600
2023-03-07,219.42828369140625,223.5677045595009,219.33979625078305,222.9482624692245,4386800
2023-03-08,218.46473693847656,219.19232040358952,217.47166112350715,218.23859734820834,4194900
2023-03-09,216.3212890625,220.60818954835602,215.97716619271387,217.6879836094402,5066700
2023-03-10,212.5161590576172,215.4461916652468,211.86722113020198,215.35770422140587,6638900
2023-03-13,210.8741455078125,214.19748041441255,208.93717380220963,211.03146650997314,6810800
2023-03-14,214.99392700195312,216.18363161280664,212.41784399599334,214.3449890307829,7985600
2023-03-15,212.7423095703125,213.27326426655938,210.0875810979532,210.81517956938256,8372200
2023-03-16,213.80421447753906,213.93203968902705,205.2599092493583,211.56244232367078,13674600
2023-03-17,213.7451934814453,214.99390459833927,211.2674401243289,211.2674401243289,18801200
2023-03-20,214.49246215820312,216.85223244158485,213.20442819246603,213.36174921194979,9817400
2023-03-21,218.228759765625,218.77936834577375,215.01358073152096,217.62898649018612,8971400
2023-03-22,216.35076904296875,221.12928613841135,216.23278578230233,218.7695309073356,6700600
2023-03-23,218.8580322265625,221.473438025487,216.56709541799708,216.74408532317423,6427700
2023-03-24,217.33401489257812,217.6191611255471,214.5907989098774,216.97022315012674,4791500
2023-03-27,218.0911102294922,220.32305539632767,217.67815378944064,218.85803147572486,7210900
2023-03-28,216.63592529296875,219.5856269698981,214.98408455234988,219.08418308588517,6418400
2023-03-29,219.55612182617188,219.8019302888069,217.21602046094017,218.5630460352334,4483000
2023-03-30,218.6318817138672,220.48036617164885,217.50116877602895,220.165724135023,5383900
2023-03-31,221.679931640625,222.05355033737493,219.54630077929937,219.8511159044597,9509000
2023-04-03,225.1605682373047,225.31788926560424,220.36238189488162,221.45377214890132,6421500
2023-04-04,223.843017578125,226.1929458342222,223.0269316979965,225.16054731102554,5254700
2023-04-05,224.34445190429688,224.63942504167838,222.75161796657662,222.97775753728772,4813600
2023-04-06,222.2010040283203,222.92858741277334,220.91295519325254,222.36815196807186,4285200
2023-04-10,222.63363647460938,222.682801168368,220.5590274258022,221.77822781445036,4952200
2023-04-11,224.61978149414062,225.29821528573402,222.4075052187493,223.19409533948016,4513300
2023-04-12,223.99049377441406,227.70711640781548,223.51854574239923,226.0749446685239,4373000
2023-04-13,228.7886962890625,228.93617537139488,224.96391705667145,225.61285502485097,7615500
2023-04-14,230.0963897705078,231.0501278052141,228.34623471780012,229.08366010527666,9781300
2023-04-17,229.56544494628906,230.12589546625404,227.06803746144348,230.0963996497252,4865000
2023-04-18,229.68344116210938,230.4011976961589,227.80546084411608,229.83092024343514,4796200
2023-04-19,228.67071533203125,230.13572424118647,227.962785723771,230.0767326076579,3833900
2023-04-20,230.6666717529297,230.7354903222466,227.61864075673185,228.56255187261863,4925700
2023-04-21,230.1259002685547,231.62042001669062,229.46713534739925,231.05996948503005,6771500
2023-04-24,228.85751342773438,231.20744181026265,227.62847107279367,230.3028684373813,9124100
2023-04-25,225.7406768798828,231.07964498025706,225.583355848636,229.11317709854973,6076500
2023-04-26,224.32479858398438,228.86734920757584,222.9187813692009,227.3433337278827,8400400
2023-04-27,225.17039489746094,225.78001013062928,222.81063948771725,224.83609896495642,7128200
2023-04-28,228.8280029296875,229.65393074146397,224.23630278659073,224.8164071401928,11627900
2023-05-01,228.6116943359375,230.65682251990157,227.62846049766387,228.9656591178343,4571100
2023-05-02,223.1744384765625,228.47406888371847,222.41735913479698,228.06111242376653,5244000
2023-05-03,222.19117736816406,224.8360787792603,222.13218573866058,223.17441120110942,4093300
2023-05-04,221.8175506591797,222.26982980425544,219.7330848070139,221.07028337138254,5648700
2023-05-05,227.8939208984375,228.44452940647793,223.47919589161316,224.51159434566728,6237500
2023-05-08,228.3363800048828,229.53592643498186,227.3728150866409,227.3728150866409,2938400
2023-05-09,229.34913635253906,230.1652222978632,226.95005821559724,227.2056936310284,4352100
2023-05-10,227.3925323486328,230.87317412214426,225.062257556702,230.37173018107575,5245000
2023-05-11,227.57969665527344,228.0821332186782,224.8803928969721,227.3235628411323,3818000
2023-05-12,227.9441680908203,229.27411248332422,226.40733544230577,228.55495669927961,3432700
2023-05-15,229.3529510498047,229.37265827445412,227.1265156950742,227.75701159398423,2843200
2023-05-16,227.04769897460938,229.63865030784922,226.22017593623127,229.10666047445773,4289700
2023-05-17,229.1953125,230.41690482307527,227.12650497568777,229.27412636267007,4990100
2023-05-18,230.1312255859375,230.67304648296744,227.6979019846218,228.94903263770695,6621900
2023-05-19,229.84552001953125,230.86022409361414,228.49586829680513,230.5252764449709,5399400
2023-05-22,227.8456573486328,230.3971941060347,227.7471362637372,229.84551210791614,3987800
2023-05-23,221.2451629638672,226.08225687926299,220.33882605427945,225.86552250607812,8537200
2023-05-24,218.94973754882812,219.7871216355757,216.76270184745115,219.24528575781,6730800
2023-05-25,220.06295776367188,221.35350271445458,217.21587297667458,219.14675983927577,6827600
2023-05-26,221.6687774658203,222.8509704588902,220.02357742352166,220.49646063363295,5067300
2023-05-30,218.34881591796875,222.12194516845324,216.4868815651811,221.66876920037973,6916000
2023-05-31,217.74786376953125,218.24043913254104,212.93047732058378,216.693760309438,20460600
2023-06-01,223.13665771484375,223.34354599841993,219.12708671616338,219.42263496461146,7003600
2023-06-02,225.39263916015625,226.8506731301006,224.04298740893987,225.41234638467114,5897100
2023-06-05,223.4026336669922,224.9394663897415,221.96430699722006,224.5257048899403,4858900
2023-06-06,224.83111572265625,225.84581983931403,222.80170748934069,223.32383620831186,6020100
2023-06-07,221.92494201660156,224.17108481101192,217.73805079414748,223.6292488228407,8517200
2023-06-08,219.73789978027344,221.7968614460573,219.10740383847616,221.74760089718694,6248200
2023-06-09,220.24029541015625,221.8362347869174,219.45217181750866,220.31910927264173,6385000
2023-06-12,222.81155395507812,223.08739497566327,220.30927754485342,221.07769396394175,8621100
2023-06-13,220.08267211914062,223.77698744141048,219.32411686282396,222.269707992501,6868700
2023-06-14,220.1221160888672,222.1219711822891,219.27488572671237,220.41766436072763,9160700
2023-06-15,222.81155395507812,223.73759810941746,218.08282712300564,218.72318416038473,12534000
2023-06-16,225.5108642578125,226.38764783361813,222.72288580094101,223.08738677212307,13628900
2023-06-20,223.10708618164062,226.16105944597,222.82138405298542,223.62921486398878,12312300
2023-06-21,223.87550354003906,225.2350163586413,221.63920717244727,222.7622784040991,7032100
2023-06-22,224.9985809326172,225.53055572756318,222.15149584437012,222.99872609721567,6275500
2023-06-23,226.141357421875,226.5649650284526,223.02827744754634,223.8459543730179,5424400
2023-06-26,222.93963623046875,226.68321239754374,222.8411151344107,226.03300924086156,5165400
2023-06-27,223.9641876220703,225.21533339377837,223.1563717526729,224.10210813792887,4628500
2023-06-28,224.57498168945312,224.67348774956113,222.6637867433012,224.1218057098901,5324500
2023-06-29,230.84054565429688,231.21489274123243,225.20548180290598,225.39264783026954,7118900
2023-06-30,233.95359802246094,234.7417216360491,232.4463185638696,232.76157402218792,6879400
2023-07-03,234.43634033203125,234.85994796645002,231.91435665418504,233.48074284019302,3087400
2023-07-05,235.8943634033203,236.43619936664396,230.51544828576607,230.92920983079264,7601200
2023-07-06,235.33282470703125,236.04213447594094,233.17534207928156,234.73188212593297,6441800
2023-07-07,232.93890380859375,234.8993593134935,232.62366336913223,233.21474483020066,5729500
2023-07-10,234.6234893798828,235.54953342353863,232.9881356445845,233.49055707941193,4858900
2023-07-11,236.97799682617188,237.12576341388367,234.5840728797969,235.2638292476837,3856500
2023-07-12,238.6133575439453,240.3275101404909,237.64789903523078,237.96315447453514,6116000
2023-07-13,239.69703674316406,240.64278811744572,239.5394090087491,240.16990491420083,5819600
2023-07-14,239.5492706298828,241.10581068796313,238.36709268375583,241.09594955941182,4941200
2023-07-17,240.366943359375,241.7264412089845,239.39163867908758,239.5000058657862,4328100
2023-07-18,237.1947479248047,239.5689497841874,234.1506207131369,239.49015095331458,7674000
2023-07-19,237.83509826660156,238.98772286934107,236.55439925282172,237.66762443873768,4835500
2023-07-20,236.06182861328125,238.02228410630906,235.52000770196835,237.57896925514024,4695000
2023-07-21,235.6973114013672,236.78098321379656,235.18502881438175,236.18004066912337,5427400
2023-07-24,237.1652069091797,237.69718172231015,234.65306938492282,236.12093444334675,6010000
2023-07-25,235.1456298828125,237.22429852204903,235.0175554777511,236.45588215609496,4997500
2023-07-26,233.57925415039062,235.30326800210145,224.29912064598142,227.9835899463754,7551400
2023-07-27,230.95875549316406,235.11609306338875,229.5007365211115,233.8945006622479,8160100
2023-07-28,232.24929809570312,232.37737250835303,230.23959710387155,231.09667347847807,6794800
2023-07-31,234.1998748779297,234.87963127530082,232.49556835283573,232.49556835283573,4799600
2023-08-01,236.21945190429688,237.15534213520425,233.48073394915767,233.6186544565313,4627300
2023-08-02,234.03240966796875,235.24414088094903,233.27383938176465,235.08652818549197,4868200
2023-08-03,235.214599609375,235.50030175942737,231.75672571277929,232.49558881282005,5033800
2023-08-04,235.44119262695312,238.31783112882835,234.30826019954569,234.46588793361755,5169700
2023-08-07,237.9237518310547,238.58380102860826,235.65791713553338,235.66776323142253,5649800
2023-08-08,235.7366943359375,237.77596341343295,233.86491409864146,236.84991938977063,5080600
2023-08-09,236.19976806640625,238.37695811145252,235.93378815369834,236.92878512453868,4055000
2023-08-10,237.0386962890625,240.7794318561438,236.96959883482177,237.49270933517002,4778000
2023-08-11,236.92025756835938,237.59142762132169,235.32131709527732,236.88078406429085,3607100
2023-08-14,239.7430877685547,240.16750700523363,237.1373997435021,237.59142787338251,4351100
2023-08-15,236.71299743652344,239.51608312521225,236.2392400810841,238.8646573486864,3770100
2023-08-16,236.17999267578125,237.93687225400592,232.95250300647686,233.4558692243244,3218600
2023-08-17,234.28497314453125,237.25586277511022,233.41642046444204,236.8807966943254,4177600
2023-08-18,235.07455444335938,235.9431220938843,232.24186002922542,232.51821972521537,4344800
2023-08-21,236.34779357910156,237.40387917469596,234.6698760858916,236.26883151561736,3573600
2023-08-22,237.443359375,238.29216764149803,235.56804431935646,236.88076034016498,3848400
2023-08-23,239.15087890625,239.38775003607594,237.59141203951003,238.1836199850222,4947700
2023-08-24,236.357666015625,240.3945056344019,236.24909505729846,239.10153380554212,4570700
2023-08-25,239.41738891601562,240.2464680430488,237.0880606111549,238.24285262248137,3541500
2023-08-28,240.66099548339844,242.04279395884635,239.4469857470782,239.85164561886907,3741500
2023-08-29,242.1513671875,242.63500418868284,240.2365785246412,240.3352848711598,3975600
2023-08-30,243.02981567382812,245.0038222521554,242.85216231080668,243.21734870844523,4573300
2023-08-31,242.48696899414062,244.7965682142888,242.25996244694431,242.39814230964757,5532600
2023-09-01,244.88536071777344,245.63547771625076,243.56278006500813,244.253679282089,4112900
2023-09-05,242.1513671875,245.45783400971172,242.01318733865833,245.12225652830682,4459600
2023-09-06,242.96072387695312,243.45422550244558,241.03607054962748,242.23033604945354,4520300
2023-09-07,243.92799377441406,244.1846092093962,241.92437828998698,242.30930897269772,4007900
2023-09-08,244.07603454589844,244.9149933582991,243.23709079397264,244.5695361860224,3309100
2023-09-11,244.00692749023438,245.13211051359553,243.06927748084564,244.11549844250928,2995800
2023-09-12,244.08592224121094,244.53993533118378,242.81267953397005,243.73060044622227,3499600
2023-09-13,244.60902404785156,246.81003713954357,243.404878844573,243.93785398776564,5657000
2023-09-14,238.36129760742188,242.34878432381066,235.6470385249357,241.81580916694972,12000000
2023-09-15,237.9368896484375,240.92750840349004,236.91039779599524,238.75608912350637,13077900
2023-09-18,241.48020935058594,242.04279334971898,237.64076746010323,237.80855619880867,4771600
2023-09-19,240.39451599121094,241.93423869528675,238.32181814359922,241.81580312127318,4709000
2023-09-20,238.71661376953125,241.35191071839841,238.5290807367603,240.46361379108583,5756600
2023-09-21,233.5348358154297,237.65063749423953,233.1992583303601,237.64077288366954,6881500
2023-09-22,232.0247344970703,234.69950497076513,231.82733685178076,233.67302817897442,5935500
2023-09-25,230.3270721435547,232.40964954127617,229.19202446414337,232.3208228659429,5921600
2023-09-26,226.66531372070312,229.64606806012532,226.615975601493,228.915680158009,6193200
2023-09-27,226.51727294921875,227.6819296943953,224.9578058205683,227.26739008710487,6006700
2023-09-28,228.64918518066406,229.51773783247992,226.6850432169064,227.6720465043369,4203900
2023-09-29,227.02059936523438,230.00135322982035,226.66527761276404,229.81382021317302,6045200
2023-10-02,228.2642364501953,228.36292773484902,225.79672842674586,226.26062113999225,5175200
2023-10-03,225.8362274169922,228.73801958974857,224.81961520143136,227.47465654399383,5585700
2023-10-04,228.21487426757812,228.68863157244357,225.90529046332682,226.49748332929033,5430900
2023-10-05,230.44552612304688,231.14630509221797,227.22790078882883,227.41543382538765,6126200
2023-10-06,231.98524475097656,233.51510285001527,229.72501386203635,230.13955343317704,6401300
2023-10-09,231.39306640625,232.11357463052775,228.6886718215773,229.7743815243047,5372200
2023-10-10,233.5249786376953,235.12391910842746,231.2351238327447,231.8470610379929,4644000
2023-10-11,232.61692810058594,235.41014921785145,231.83720212828797,234.46263449355203,4760900
2023-10-12,233.70263671875,234.6402868278114,231.8372011117105,233.63355432021703,4472800
2023-10-13,234.58106994628906,235.54832895281075,233.15978280010822,233.31770694090054,4966800
2023-10-16,236.9498748779297,237.58155634863647,235.23248381984834,235.89377418289496,6227300
2023-10-17,238.06517028808594,238.3415299809431,235.19298734395562,236.5155830860278,4527600
2023-10-18,234.38365173339844,237.6999830966544,233.90989441306863,236.84129512971782,9528300
2023-10-19,230.771240234375,234.82782441862136,230.37644493673275,234.38367594365502,5927400
2023-10-20,230.34683227539062,232.70576953234232,229.6164444201743,231.08708474172033,5748300
2023-10-23,228.5208740234375,231.41280153880828,228.27412319716413,228.35308526882864,5071700
2023-10-24,231.60032653808594,233.4558976272744,229.86320609022323,229.86320609022323,6844100
2023-10-25,233.77174377441406,235.38054895458205,228.28399263135685,229.2315224508739,10365300
2023-10-26,228.2741241455078,232.54785028157406,227.36608290830654,231.52137346662164,6414500
2023-10-27,226.29025268554688,228.3826948795566,225.06636316162076,228.16555294691688,5540900
2023-10-30,230.05072021484375,230.34682420309395,227.04035727850336,229.17228792133537,5170300
2023-10-31,232.0444793701172,232.65641659021423,229.9619018269925,230.5343655421212,4828400
2023-11-01,235.47923278808594,235.93324584072886,232.6169143803353,233.07094249345232,4996200
2023-11-02,240.08853149414062,240.08853149414062,236.09116547052986,236.79194437816955,6286700
2023-11-03,240.43399047851562,242.1316372221936,239.1113947174126,241.9342245297633,5029800
2023-11-06,240.325439453125,241.59866708624097,239.456871727914,240.8288057154313,5254100
2023-11-07,241.58880615234375,241.88491015957968,240.21687214394356,240.2464810386196,4219700
2023-11-08,241.2525177001953,242.08336198018554,240.1546109400157,240.8370955602002,5117500
2023-11-09,239.0072021484375,241.81625520482532,238.3445039684645,241.6678955721957,4866600
2023-11-10,242.57789611816406,242.59768243550127,239.33363433161165,241.321729086667,4094400
2023-11-13,242.0041961669922,243.00318627852656,241.45030006188256,242.33060246304686,4088500
2023-11-14,244.24949645996094,245.22870037125818,242.9043135775625,243.48788167919966,14092000
2023-11-15,245.40672302246094,245.53531143965273,242.6668992765797,244.12088412815493,13258900
2023-11-16,245.86172485351562,246.73212659322914,244.57588592201847,245.88149607785758,7051600
2023-11-17,246.84092712402344,247.51352606080465,245.95073907310393,246.7321250206855,7238200
2023-11-20,247.24647521972656,248.19600717296106,242.92409299715715,246.89039696412905,8604200
2023-11-21,249.48184204101562,250.5797487199512,247.30581500050076,247.30581500050076,7213700
2023-11-22,250.9556121826172,251.76667008020007,249.9071637554174,250.2434556863045,5701400
2023-11-24,251.52928161621094,251.92491738587748,250.7379949843407,251.42047951567207,1640900
2023-11-27,251.37103271484375,252.20187692448945,249.7686881544502,251.52929306692994,5478900
2023-11-28,250.18409729003906,251.3809052958724,248.86858648002553,251.08418601676468,5234900
2023-11-29,251.46006774902344,253.2800317522323,250.75781190826692,251.15344772622504,4955100
2023-11-30,253.88331604003906,253.97233181589655,250.41156494877487,251.4797995366721,6874700
2023-12-01,253.6558837890625,254.1108634479407,251.13364897739916,253.00305604591995,3939400
2023-12-04,251.66778564453125,254.5856563906568,251.57876984962584,253.1217706648085,5247500
2023-12-05,251.83590698242188,252.0436255760842,249.3928175665611,251.42048488763479,4199100
2023-12-06,251.51937866210938,254.03169747134854,250.7676646694518,253.01293612819637,3874000
2023-12-07,253.03273010253906,253.3492507990507,250.73800033044205,252.11285503427237,3589300
2023-12-08,252.95358276367188,253.2503171233816,251.1039471405853,252.22164002205943,3732300
2023-12-11,253.72509765625,254.82301944347836,252.2216695514337,252.2216695514337,6479300
2023-12-12,256.7319641113281,256.89022445508186,253.60639023860844,254.4965782602834,5946600
2023-12-13,259.52130126953125,259.6202177785498,255.87150243783594,256.32648215722446,4859900
2023-12-14,255.9110565185547,260.38179866219474,253.6064257843964,260.32245479810365,8168700
2023-12-15,255.21864318847656,255.55493510978806,251.67764712500897,251.73699098258894,13374000
2023-12-18,255.55496215820312,256.7616710318412,255.13955511117587,255.88138359451705,6041100
2023-12-19,257.15728759765625,257.50348023430956,254.39770757951015,255.7923184608996,8731200
2023-12-20,254.3086395263672,257.978238897193,254.2789675992345,257.6617182177287,7240900
2023-12-21,256.7121887207031,257.15726763177884,254.2394274867037,254.70430780609854,6246700
2023-12-22,255.61427307128906,258.3639824210105,255.40656957455013,257.1671744073204,5111500
2023-12-26,256.3363342285156,256.91000157585125,255.71319354351712,255.71319354351712,2085100
2023-12-27,256.10882568359375,256.93966985677173,255.49558571184863,256.42534637387325,4034700
2023-12-28,257.5627746582031,258.1265713995335,255.72305499921387,255.72305499921387,3020500
2023-12-29,257.5133972167969,258.61128887049665,256.8408133108324,257.7310014434416,4074900
2024-01-02,256.0495300292969,257.25623897621364,254.8626224949218,256.78145785141555,5471000
2024-01-03,255.16920471191406,256.03959136739655,254.06138225161015,255.73297136925572,4148300
2024-01-04,256.7814025878906,258.19584495160314,255.18895884517272,255.25820340400574,3843000
2024-01-05,256.86053466796875,258.6112386617075,255.93077407873204,257.93865488632366,3748400
2024-01-08,259.67950439453125,259.75861947325495,257.11772735668217,258.0969311543918,4659000
2024-01-09,260.46087646484375,260.74772522360416,258.2947653654641,259.1453807523807,7055800
2024-01-10,261.6775207519531,262.4786930943478,259.9960307924385,262.0830572759556,4355800
2024-01-11,261.1532287597656,263.2896978469935,259.54098378757027,262.5676407815422,5599000
2024-01-12,261.2917785644531,262.6567175731877,260.8367687097977,262.24131053990067,4656100
2024-01-16,262.35009765625,262.7655348747693,259.4916010234986,260.6488365160215,6196400
2024-01-17,263.7249755859375,264.18985597518616,261.50939084657955,261.53906277844317,5118700
2024-01-18,265.2185363769531,265.8515476591877,263.51727516489734,264.96135950772236,6694300
2024-01-19,267.94842529296875,268.19570143852985,264.1403666143129,265.25805962186115,7226500
2024-01-22,268.24517822265625,269.3826424698257,267.41430380003635,269.27382526814205,5984300
2024-01-23,268.30450439453125,268.90784366883236,266.9692072423771,268.5913229748999,5883000
2024-01-24,268.69024658203125,269.8870546428883,268.12644974073163,269.60023605492233,5021700
2024-01-25,269.6398010253906,269.80796209537795,267.84952404442726,268.9870185268185,6894900
2024-01-26,265.02069091796875,267.91876017319294,262.7061897588934,263.04248170319556,8586500
2024-01-29,270.6783447265625,272.072985712497,263.804056285233,264.06123311790975,6574500
2024-01-30,274.1302795410156,275.60406562887454,271.2025389568948,271.5981746814942,6549000
2024-01-31,270.28271484375,276.9393690446311,270.2035695773226,274.1006438593138,6139300
2024-02-01,274.03143310546875,274.1699222462651,270.3816345068965,270.4113366242774,7065000
2024-02-02,274.1600341796875,275.465659631336,272.6763771260178,274.5853419573203,4848700
2024-02-05,272.577392578125,274.9710386419799,272.13231368417246,274.37756993163737,4899100
2024-02-06,273.7445983886719,273.8632861109006,271.04433196765996,271.80593164201247,4400000
2024-02-07,276.345947265625,276.49430691784875,274.041316655801,276.33604656045117,4785900
2024-02-08,273.28387451171875,277.1287609146227,272.78840008333134,277.00985189042717,5833400
2024-02-09,273.9280090332031,274.67122074039247,271.60919213573584,272.5109593027556,4618300
2024-02-12,272.580322265625,274.1658465602065,271.7578177401901,273.9279982591349,3676200
2024-02-13,273.3136291503906,275.48380978346137,270.2912469309659,271.272276720225,5493800
2024-02-14,275.04779052734375,275.12708337919395,272.22357994708557,273.9676597914425,4218400
2024-02-15,278.43682861328125,278.5755457316836,275.04777012015046,275.13695189084336,4834800
2024-02-16,276.0387268066406,278.5755536048017,275.35496963731055,278.4169981497465,6630700
2024-02-20,272.65960693359375,274.33431313607326,270.86599169163736,272.08486982900126,6157200
2024-02-21,274.2550354003906,274.46312620800046,271.05425947127696,272.1443093419783,4770100
2024-02-22,281.1817626953125,281.48895444846363,276.45494712209126,276.6531187659581,5100200
2024-02-23,281.0331115722656,283.36184751468926,280.93401063488074,282.1429694917117,5107700
2024-02-26,281.5780944824219,282.76724513478683,280.1015904528439,280.478155834138,3856900
2024-02-27,280.6070556640625,281.59800471360114,278.9918038746961,281.59800471360114,4145200
2024-02-28,283.04473876953125,283.5402132188729,279.52685203438926,279.5466903668336,4358800
2024-02-29,280.0818176269531,283.0744724823343,279.6259593493835,282.9159170259658,6633700
2024-03-01,280.5970764160156,282.3312368813968,279.55656199197176,280.6367228370904,3955700
2024-03-04,277.9908752441406,280.43852007423084,275.61260409036936,280.2502373764271,5920300
2024-03-05,276.8513488769531,278.44676232266187,275.1667234048428,277.7332778010035,6227900
2024-03-06,277.8918151855469,279.44761234197364,276.7819571666365,277.46571438210145,4535200
2024-03-07,275.7414245605469,278.6250892162849,273.6604260187263,278.33770559483366,5668500
2024-03-08,277.50537109375,279.12062282952814,276.30630100980625,276.47477564883906,3928800
2024-03-11,278.0205993652344,278.22869015048684,275.4738536321649,276.9206606875418,4614000
2024-03-12,281.3502197265625,281.90514868086393,277.7530704482932,278.7638274204793,7988700
2024-03-13,282.5592041015625,283.51050664612336,281.2511442019397,282.0835377086008,5783800
2024-03-14,283.81768798828125,286.42388852490194,281.97450724441376,286.34459567497134,5484500
2024-03-15,280.4782409667969,283.0447954998346,280.08186737615097,280.9836044422896,9845000
2024-03-18,282.4700012207031,283.6393440277296,280.6863051117722,281.3006886550403,4095600
2024-03-19,284.7491760253906,285.45274128561107,282.66817726108593,284.0654188565282,6595200
2024-03-20,286.6617431640625,287.2463994811042,284.12491598714416,285.0366024294892,6105000
2024-03-21,287.7418212890625,288.3264774989784,285.29417634715145,287.345447785552,5057600
2024-03-22,280.6961975097656,287.86073876402594,280.32955125222423,287.37518347607767,8744100
2024-03-25,278.6647644042969,280.9340461191908,277.5053709903974,280.4484907784435,8519200
2024-03-26,278.0602722167969,281.55832068488616,275.8900916688028,281.55832068488616,8752400
2024-03-27,276.4945373535156,278.7043641768112,274.47302347246494,277.7134153264048,5190700
2024-03-28,276.55401611328125,277.26750055778604,274.61176466377,275.9693598692423,5844400
2024-04-01,275.7612609863281,278.3476533624449,274.2847567902273,277.8224214093505,5084000
2024-04-02,275.9197998046875,276.80172855437473,274.4730229534106,275.48377989202453,6912300
2024-04-03,274.4532165527344,277.94137625986195,274.0568430154778,277.94137625986195,4536600
2024-04-04,271.5200500488281,276.5540581084958,271.08403003090024,275.8405735556471,4018600
2024-04-05,274.6316223144531,275.44417751675263,272.5407041841845,273.6010268795965,4392100
2024-04-08,275.2459716796875,275.46398164380815,272.65957936710373,273.74962918770683,5542400
2024-04-09,274.21539306640625,275.4838065054098,270.8461727041808,275.11716023465,7313900
2024-04-10,271.99566650390625,274.31448331411457,271.63890917237234,272.92716089450624,5276000
2024-04-11,273.1847839355469,273.97756119584034,269.7164628053337,271.519997050971,8102300
2024-04-12,273.4622497558594,274.4928450786091,271.57945289565004,273.0559570782238,9038400
2024-04-15,268.8246154785156,275.394611502044,267.89312109633863,275.3748034110003,10267500
2024-04-16,268.89398193359375,271.6488185826503,267.724669524873,268.0913157681702,8237100
2024-04-17,270.2218933105469,271.5200341200599,269.0426615459718,270.8263577027694,5940900
2024-04-18,268.913818359375,270.6777063242513,267.4174757307111,270.10296922526675,8231800
2024-04-19,267.33819580078125,269.53810359121695,265.8616916017266,269.0129018784326,7905400
2024-04-22,269.8651123046875,271.2821922764218,266.92199273471897,268.4976281662754,6463700
2024-04-23,271.6289978027344,272.40196700301794,270.2416753433053,271.52992710241637,6438000
2024-04-24,272.5307922363281,280.4385764085197,272.0055904583625,280.0124755821515,8807200
2024-04-25,272.6695251464844,273.7199286466715,268.0417801006175,270.499344459537,8064600
2024-04-26,272.0352783203125,274.2649133221929,271.3515211670937,272.5208638404025,6840600
2024-04-29,269.3795471191406,271.98574758190307,268.6363354392514,269.8552134811595,4128600
2024-04-30,266.1788024902344,269.6173968088988,266.14907522920583,268.08143792015187,6376400
2024-05-01,264.90045166015625,268.45795437341974,264.2959571411238,265.72292589269045,6119900
2024-05-02,265.1878356933594,267.0310164776814,264.2365331628434,266.9121074415372,5061700
2024-05-03,266.0598449707031,267.01117763301363,264.08786645191793,266.56523855747065,3862000
2024-05-06,270.2020568847656,270.31104675074243,267.130109166733,267.2093717745924,3958700
2024-05-07,273.9577331542969,275.3648939433255,270.3605836940795,271.24254275903036,6377100
2024-05-08,274.6811218261719,276.02879778397744,272.4316787607053,275.28558612571,9029700
2024-05-09,276.0189208984375,276.26665812866554,273.8982756918323,274.2946492119249,8948800
2024-05-10,278.1990051269531,278.48638879683295,276.7125816667897,277.0197734292478,8986400
2024-05-13,276.8612365722656,279.59623505991584,276.5738529144616,278.9124778776629,10528400
2024-05-14,275.22613525390625,277.45577025820904,271.78754139317147,276.9107604648124,18526100
2024-05-15,278.9521484375,279.18007759842527,274.56225154772534,274.64151416292833,21288400
2024-05-16,277.82037353515625,280.3420506791219,277.24457276235444,279.7066550565384,10341500
2024-05-17,278.0784912109375,278.88264292129145,276.09292544762815,278.02883388845726,6177800
2024-05-20,276.5297546386719,278.24724964792466,276.1723370436931,277.2048397324513,5460900
2024-05-21,273.9584655761719,276.4205478875432,272.8961805544981,275.99365849288847,6578200
2024-05-22,273.5910949707031,276.07305219094343,273.1344233254311,273.54146794523007,4202500
2024-05-23,272.2508544921875,275.4376789882169,271.05950294174903,273.25354457818923,6115900
2024-05-24,272.5089416503906,273.25352875195773,271.3771850106185,273.02520809776627,4339700
2024-05-28,269.0242919921875,272.4791567194583,268.27970489788584,272.2508360674947,6212100
2024-05-29,266.9195861816406,269.18316019622705,266.32394070130584,267.05859032527115,5469700
2024-05-30,269.3420104980469,269.67958337307834,266.37359908141735,266.76079898654234,4901900
2024-05-31,270.4936218261719,270.79147487608424,267.0685389821536,269.48099417006154,8910000
2024-06-03,268.4286193847656,271.15877209568094,266.12535600819865,271.11905230027065,4838800
2024-06-04,270.4538879394531,271.01975107649525,267.36631785684756,267.6840156056843,4188500
2024-06-05,272.5188903808594,272.9457797319552,270.05677802338585,271.55588981133627,5368700
2024-06-06,275.04058837890625,275.149779957284,272.10192912441863,272.81673403803313,4862400
2024-06-07,276.6588134765625,278.3068063657869,274.8618486228509,275.7057201149928,4515600
2024-06-10,273.05499267578125,276.549577261609,271.40696957471664,276.13262544771334,5213800
2024-06-11,272.68768310546875,272.8762839764459,270.2553529651011,272.55861648533016,6244600
2024-06-12,268.36907958984375,275.59653785737703,267.952097442898,274.7725110875862,7536600
2024-06-13,269.2327880859375,269.8979356402257,267.376288972493,268.3690718393471,7361200
2024-06-14,268.70660400390625,269.59016496668204,267.32662132954107,268.1506480437192,8537300
2024-06-17,269.21295166015625,269.8681617108909,267.0585994416421,267.0585994416421,9258200
2024-06-18,271.645263671875,271.9232416836695,269.3419999756741,269.3419999756741,6707500
2024-06-20,274.8221435546875,276.03333978957625,271.1289903054634,271.2183371223002,10164400
2024-06-21,273.23370361328125,275.53696715079536,272.598308031624,275.1696423352312,14594700
2024-06-24,274.305908203125,278.36641700056,273.283343009185,273.3330003334974,24149600
2024-06-25,271.555908203125,275.92414694834616,271.555908203125,274.8519547362027,18325800
2024-06-26,271.6253967285156,272.4791754459419,269.78874237687984,270.9403741308929,12172000
2024-06-27,264.6659851074219,268.6371166388837,264.5766382836435,266.5721415733484,10529100
2024-06-28,260.57574462890625,266.6615090190796,259.3645482062508,265.27161893504825,13957300
2024-07-01,261.34014892578125,263.85188833579565,259.4141477642477,261.88619767415815,7955800
2024-07-02,266.29412841796875,266.29412841796875,260.5061880085679,261.34012188438714,8697800
2024-07-03,267.04864501953125,267.80316966907276,266.21471107403534,267.1280846128134,5017800
2024-07-05,268.40875244140625,268.59738360364116,266.3040576810251,267.0585823299646,7986400
2024-07-08,264.47735595703125,269.4809902081632,264.0504665854958,268.2995761447386,8561100
2024-07-09,263.5242614746094,265.61901858121956,262.0152425679138,265.0730001754439,6431300
2024-07-10,261.1018981933594,261.5784448841728,256.6443127444432,257.2498957602725,9635500
2024-07-11,260.6551208496094,261.7273432764291,258.87806139149455,260.2381690259899,8803600
2024-07-12,263.82208251953125,265.4701055466319,261.757107697248,262.4321927067131,6627800
2024-07-15,266.5125732421875,267.29684989444485,263.3356559431688,263.75263807887984,6845200
2024-07-16,267.3067626953125,268.25982567793864,265.4403262270637,266.58202036109753,7869900
2024-07-17,270.7319030761719,270.94037899739726,266.3040696241438,266.5026383187683,5324700
2024-07-18,267.20751953125,271.64526043993123,266.62178123827084,270.32487247394954,5550800
2024-07-19,263.54412841796875,268.99452689850546,262.402434193262,268.3690688517776,6839900
2024-07-22,265.77789306640625,266.4629156690027,263.1073047281282,265.30137668013305,5313600
2024-07-23,262.8789978027344,265.7679997348742,261.9556866613998,265.5992133076921,8109200
2024-07-24,252.3356170654297,255.34376306033627,251.30312955907266,254.2219135838221,13065900
2024-07-25,251.90872192382812,256.356384781544,250.87621929251486,253.5468075415755,8573300
2024-07-26,257.5874328613281,259.31489564319077,253.74536803340726,253.74536803340726,7062200
2024-07-29,259.7120056152344,260.8139800614573,256.7137819487267,258.4412447497904,6068100
2024-07-30,261.201171875,262.39249310739245,259.1262593702215,261.3302384920746,5941800
2024-07-31,263.7526550292969,264.43764737923266,262.3428899342081,262.63080546790883,7642500
2024-08-01,264.0107421875,265.07302713313777,262.2733721594738,264.4078492772973,7269700
2024-08-02,264.6560363769531,266.02608154486745,260.98275804428835,261.9258835646777,7017900
2024-08-05,254.5892333984375,261.02247709566325,252.67315464380783,259.56308511192196,9631300
2024-08-06,256.3961181640625,258.610004612406,253.92408332121616,254.6488105873044,21586800
2024-08-07,254.66864013671875,260.1388832142552,254.4601642260862,257.78599275941957,12908600
2024-08-08,257.95477294921875,258.57032380979723,256.0585842323724,256.26706016246254,8223700
2024-08-09,258.40240478515625,260.1531857097398,257.6563245714862,257.8154919933723,7228100
2024-08-12,258.53173828125,260.2327927212425,257.885111122757,259.1385356354265,26769400
2024-08-13,258.7704772949219,260.3123643262488,257.91495616025315,258.7704772949219,12005700
2024-08-14,259.77520751953125,260.1333114643902,257.38772645480674,259.5065992028042,8552300
2024-08-15,265.4056091308594,265.9925523248027,261.4663138071146,261.4663138071146,7397800
2024-08-16,265.9825744628906,267.0370320678365,264.0029846804495,265.4553456604177,5111100
2024-08-19,265.07733154296875,266.9077113870883,263.84382195103825,266.0223786387749,6555900
2024-08-20,266.6391296386719,266.6391296386719,264.39093154260235,265.6045565734786,6803600
2024-08-21,266.7983093261719,267.8626940764961,265.9925450854741,267.15641327400067,6639700
2024-08-22,266.5396728515625,268.09151742545265,265.17683771303837,267.5344465711375,4425200
2024-08-23,266.0422668457031,267.8030052737265,263.9233941182023,267.2956913567504,3697400
2024-08-26,266.8082275390625,268.9569422287679,266.2710716351977,266.32079817360227,4612200
2024-08-27,269.3051452636719,269.5339541503667,266.4899489667536,267.1166309155451,6594100
2024-08-28,267.78314208984375,270.558569289371,266.27109695320576,269.74284754701625,5455100
2024-08-29,272.8863220214844,274.54757705948333,269.0365527535715,269.56378158740307,5565100
2024-08-30,274.92559814453125,275.54235297121636,272.82664024351686,273.56276305496897,6296100
2024-09-03,277.0842590332031,280.6156933227695,274.9255868702456,274.9255868702456,7278300
2024-09-04,279.0240478515625,280.17798891396524,277.2434248983602,277.25335199123873,6107500
2024-09-05,277.1638488769531,280.0288020464807,275.96018117659077,279.5314151867178,6447400
2024-09-06,277.9099426269531,278.8151903985367,275.98007908895505,276.318298527005,7187700
2024-09-09,284.1173095703125,285.4702176251115,280.1780141120206,280.61571698050693,10933900
2024-09-10,283.8487243652344,284.90318206026006,282.087985842352,284.43563720619517,5314400
2024-09-11,282.47589111328125,283.679588976636,276.8454691303601,283.5303486564279,6281800
2024-09-12,283.8785705566406,284.50528285518857,279.9989591347777,282.5157354226348,4160800
2024-09-13,285.84820556640625,287.23092511097724,284.05759483688655,284.9926844676389,4987600
2024-09-16,288.96185302734375,289.37964094860723,286.23615265598494,286.54453005056376,4458900
2024-09-17,290.0362243652344,291.5383424021523,288.563948325695,289.3796700648216,5135700
2024-09-18,286.9723205566406,290.49379750664843,286.6241436989393,290.31474553117346,5890000
2024-09-19,283.7492370605469,289.95664551738287,281.39162827719707,289.56866920716897,10382100
2024-09-20,283.28167724609375,285.5000333821187,281.7696322490771,284.0078729289021,27810900
2024-09-23,287.1215515136719,287.37024495047365,283.1324990727841,283.41103450767866,6505600
2024-09-24,271.3543701171875,279.5314111890701,271.28472867187634,278.7156894647846,13690200
2024-09-25,268.2208251953125,272.8166746196706,266.8281481512771,272.756990629075,11671300
2024-09-26,270.27008056640625,271.8119677242635,268.5889105126985,269.0862973840183,9552500
2024-09-27,273.73187255859375,276.52718402446664,271.354349015931,271.7323678518424,6509600
2024-09-30,273.5130310058594,274.249153802487,271.7721770942042,273.56275754581634,5969900
2024-10-01,276.149169921875,277.60153094330275,272.9260826685993,275.52245766823575,5781600
2024-10-02,275.5523376464844,276.189007438921,273.93085152433935,275.1245922061147,4741600
2024-10-03,275.41302490234375,276.23870405256196,274.39836668344003,275.22404583365824,3036700
2024-10-04,276.4774475097656,276.98479181200344,273.6622512927109,275.90049212058244,4259300
2024-10-07,272.3591003417969,276.1690702624935,271.81195659090474,276.1491857173659,4339300
2024-10-08,273.52294921875,274.6570057305467,272.57793248366806,273.2742558108734,4370900
2024-10-09,275.482666015625,276.0397368439345,272.98580473955013,273.56276011241243,4115800
2024-10-10,276.0198669433594,276.2188338317759,273.91095150171776,275.33347064383275,4063900
2024-10-11,276.387939453125,277.3429137680504,273.93084703722025,274.5973588178791,4746300
2024-10-14,279.2131042480469,279.89950060201255,276.5371602844618,277.6214600887339,3996600
2024-10-15,277.8303527832031,281.1628507211518,277.37273502731927,279.5314072953061,5807000
2024-10-16,286.017333984375,286.09693288387695,276.8952758149847,277.16385379511195,9442700
2024-10-17,288.8723449707031,289.4095009028046,286.1068449825311,287.0618495779899,8815800
2024-10-18,289.10113525390625,289.51895357618287,286.5744014908166,288.4048118608918,5350900
2024-10-21,285.350830078125,288.92206386999334,284.8335283464127,288.0864576396307,6313100
2024-10-22,283.3016052246094,285.0325017156491,282.04818067146556,283.56022573827516,5736500
2024-10-23,282.2769775390625,284.5649447657066,282.0481686731652,284.54506022183466,5249300
2024-10-24,281.73980712890625,282.13771053531303,280.25760403785534,280.9141583195643,4679900
2024-10-25,280.25762939453125,283.6000547404592,279.31258215548735,282.5157549577116,4464600
2024-10-28,282.7047424316406,283.1524027433579,280.0586407260787,280.56598503161376,4306200
2024-10-29,280.40679931640625,284.20684191820317,279.87957049999545,282.78429253672135,7534800
2024-10-30,288.6435546875,294.2341783002582,286.8231017260833,290.81215417464006,9606800
2024-10-31,288.33514404296875,294.7912152165456,288.10633517811505,290.56342726975157,7950200
2024-11-01,289.2204895019531,291.14042577313325,285.68905508737294,286.9822487258741,5470700
2024-11-04,290.32470703125,291.6179006829369,289.2404073538637,290.02625670987965,4281600
2024-11-05,291.7572021484375,293.2394053239445,290.05611717513835,290.1854426201584,3753700
2024-11-06,305.7934265136719,307.3850704907423,301.2373763668676,304.71908428504753,10320500
2024-11-07,304.2017822265625,306.0222350795967,302.82902003529824,305.892909642617,6237300
2024-11-08,306.2609558105469,309.5238121367131,304.09235656042955,305.2860970721342,6240600
2024-11-11,309.2950744628906,310.8071196670045,307.6835154519006,308.46939523182897,4674100
2024-11-12,308.816650390625,309.51429762771903,307.08243264125105,308.0093541894239,4616400
2024-11-13,308.4478759765625,309.91297465212403,306.8133308785809,308.4578219431989,4046400
2024-11-14,307.22198486328125,310.2518549660298,306.80337218221786,308.2684709422369,4415800
2024-11-15,308.6073303222656,309.6837150176649,305.6372580082402,306.5342503237061,5106300
2024-11-18,311.1189270019531,311.3680932334947,307.67047487384184,308.4478722996195,4585600
2024-11-19,310.8099670410156,311.18870458403546,307.48110979753585,308.9661308223031,4885500
2024-11-20,306.3648376464844,311.2484895643325,305.19872633267994,310.8199005421144,6349900
2024-11-21,308.866455078125,309.8830727707116,305.6272940623968,306.27512018238247,5757100
2024-11-22,308.88641357421875,310.5508270018746,306.87313091635906,306.94290476239985,5919200
2024-11-25,312.1454772949219,312.61391100679623,308.8265662000379,310.819895967027,14189300
2024-11-26,310.7800598144531,313.4511144758546,310.50099485603505,313.1521271689064,7071500
2024-11-27,313.65045166015625,315.3148649862373,308.4578057068795,309.73353554379736,5204300
2024-11-29,314.0291748046875,315.1952861633268,312.6538027416105,313.24183140424054,3853300
2024-12-02,315.59393310546875,316.3613845411844,312.66373587916974,315.8430993293663,5597500
2024-12-03,311.9660949707031,316.26171832375354,311.72687470821114,316.04245082568553,5009900
2024-12-04,308.866455078125,311.8066287817982,307.77011757425703,311.37807016258614,5981800
2024-12-05,308.0491943359375,310.0525006508334,307.80002809441515,308.94621713805867,5200100
2024-12-06,309.9727783203125,311.5175968388906,307.77012686375826,307.8399007106104,4302700
2024-12-09,307.27178955078125,311.96610332848223,306.61401745475456,310.79001558053704,5785300
2024-12-10,311.33819580078125,311.93620084213495,305.61734883378404,306.3349183844486,4539500
2024-12-11,312.7434997558594,314.4976093659271,310.1720871801395,311.9960010515362,4321800
2024-12-12,313.1820373535156,314.4976119680011,312.3846871461604,313.7700660225524,3218500
2024-12-13,313.6903076171875,315.89295899277863,313.2916477318017,314.7766687315788,4682200
2024-12-16,314.8365173339844,316.50093082937775,313.0524784908811,313.69032826632593,6562500
2024-12-17,317.2384338378906,317.77664141445365,314.0889994370545,314.76672428706735,8843900
2024-12-18,308.7468566894531,320.54736565369643,308.5275891911395,317.43777598001196,10479200
2024-12-19,313.8298645019531,315.81321802053094,310.1920435155334,310.7900181532349,8317100
2024-12-20,316.6504211425781,318.93279245500867,311.2385376203995,312.5242439564081,24387000
2024-12-23,316.16204833984375,316.90954703268284,312.30495995132213,314.5972771097087,7984600
2024-12-24,319.5805969238281,320.4676432922445,316.2218410476972,317.10888741611353,2684100
2024-12-26,319.8397521972656,320.37795978575224,318.3945758559628,318.70353955666053,2856000
2024-12-27,317.59722900390625,320.4277535659147,316.5008915710655,318.20517997096465,3489200
2024-12-30,314.2584228515625,316.0524075946733,312.1853731391722,313.6305190667336,3478500
2024-12-31,314.9859924316406,316.600584748832,314.1388211594921,315.06571224294646,3963800
2025-01-02,313.3514709472656,318.6138609479384,311.3681173238002,316.7202035248717,5369500
2025-01-03,313.8597717285156,314.8664130888923,310.9694493767961,313.1321953452195,4271300
2025-01-06,311.9960021972656,314.33817089590605,311.02923598615877,313.95943335113014,6567300
2025-01-07,310.6305847167969,314.1388344630213,310.2817458939862,311.84651719735325,4958600
2025-01-08,311.55743408203125,312.992633880357,309.1753905223805,309.9627642599141,5161600
2025-01-10,306.6837463378906,310.8099536029606,304.9694815017812,310.1621275043411,6660100
2025-01-13,305.89642333984375,305.89642333984375,302.8266782258431,303.9828132309783,9568400
2025-01-14,308.05914306640625,309.12558178418755,306.494371910312,307.72028065824924,5107600
2025-01-15,315.22515869140625,316.13212735811084,312.0856704856119,312.63382398879276,5222000
2025-01-16,316.19195556640625,318.11551162120253,314.69695814056035,314.69695814056035,4606700
2025-01-17,318.5540466308594,319.5208128495328,315.6537479748392,316.44112180220424,5805800
2025-01-21,322.5506591796875,323.49747256385655,318.9327608077469,319.2417244865155,5653000
2025-01-22,322.48089599609375,324.65361820111093,321.30483870153944,323.68685202133,5026500
2025-01-23,327.1153869628906,327.4144046902773,322.4908775208145,322.68024629008613,5297100
2025-01-24,329.0987548828125,329.9857708080198,326.71671122480285,326.9260023327599,4327500
2025-01-27,333.4242858886719,334.37109929909445,326.95590997143967,328.89941870282144,6636500
2025-01-28,333.364501953125,336.7033051882362,331.7798083395211,333.55387072605254,5999600
2025-01-29,334.75982666015625,335.9857050766395,333.3844241692528,333.3844241692528,5087300
2025-01-30,341.9058837890625,343.2912626077919,337.8694030866479,338.37771192169237,8081300
2025-01-31,340.6600646972656,350.0785605568592,340.5703685024638,345.31450335509464,8624100
2025-02-03,344.66668701171875,344.8460794064154,338.108614480332,338.86608959011915,8004500
2025-02-04,343.9989013671875,344.8560490402987,341.3976204475905,343.45074781107485,5532600
2025-02-05,348.27459716796875,348.3144722817754,344.09856865887366,344.8460673597981,4939100
2025-02-06,346.3211364746094,349.4805472301639,345.4440664807017,348.61345361848674,4294500
2025-02-07,346.85931396484375,349.58022014186525,346.05201781417355,346.8393916161628,4261200
2025-02-10,350.05865478515625,350.7264032944585,346.540428593141,347.53709358142635,6067000
2025-02-11,350.13848876953125,351.53616140153247,345.67589904904924,347.7224878530176,5154800
2025-02-12,350.9072265625,351.2466591929742,346.91385848588976,348.581103063346,6760100
2025-02-13,355.0403747558594,355.4896103812655,350.1485049883393,352.5345265552217,4279200
2025-02-14,353.2233581542969,354.8406672168871,352.6343400677349,353.84232528027803,5720300
2025-02-18,356.1385498046875,356.14851250706215,351.8157119174497,353.103581617994,5822000
2025-02-19,354.6410217285156,356.5578212102613,353.59274440123676,355.42968993248405,4152300
2025-02-20,349.90887451171875,355.53953796246293,348.4812527773348,354.6410362643811,5697000
2025-02-21,347.9521179199219,352.73418438162554,346.90387106130675,349.90885960726007,6924100
2025-02-24,349.2799072265625,350.2183511163294,346.78405229994394,348.1817554324336,5055900
2025-02-25,351.5062255859375,352.00539657807303,345.4263265577647,350.78741813858323,6191900
2025-02-26,350.04864501953125,351.2466370869292,348.41134958701514,349.41968471233247,5960600
2025-02-27,355.1501770019531,359.7126073011927,351.0969108774106,351.31654733836035,7298100
2025-02-28,362.1086120605469,363.39648174914834,353.1235342151009,354.1218761979282,15857300
2025-03-03,361.2200927734375,365.9322680106276,358.94387433910714,362.3981289659904,9099600
2025-03-04,351.64599609375,359.6726434372863,349.81901326334133,359.51290506921384,8955800
2025-03-05,352.0952453613281,353.5228670934942,348.3614560719771,350.24830658831956,8244200
2025-03-06,343.5893859863281,348.29156827024036,339.82564761870987,345.3863893974979,8611100
2025-03-07,344.7474670410156,345.81570029398614,338.5777207879198,340.30483295050016,6358700
2025-03-10,340.913818359375,344.4379642066768,337.08018894647,339.376363233264,8204300
2025-03-11,331.5893249511719,339.0469104079439,329.03354141352014,337.84891829374266,9776100
2025-03-12,332.28814697265625,335.60264971823483,328.5643203518424,335.4129623012482,6295400
2025-03-13,328.0052490234375,335.6425896297355,327.1566827044975,330.4412059193348,7915300
2025-03-14,331.2498474121094,332.21824032401014,325.83885109499755,326.6674615095002,7810600
2025-03-17,333.99530029296875,335.55271135872925,329.21326410102773,329.4828054699933,6149400
2025-03-18,334.2149353027344,335.2432263284587,331.7490293814564,334.73409263372736,7778300
2025-03-19,339.3064880371094,340.4645684041768,333.9453964133517,336.24157080877416,5614900
2025-03-20,338.9371032714844,341.67255055581785,337.10015767856896,338.4379322799211,5432700
2025-03-21,335.1034851074219,338.8672235436815,334.96370260088077,336.8106414258655,17279700
2025-03-24,343.29986572265625,344.6476335437589,337.09017713632164,338.088519156845,5675100
2025-03-25,344.0486145019531,344.95710937623915,340.1051818897441,343.988716419427,3931200
2025-03-26,343.6093444824219,346.8040510899891,342.4313082268363,345.4163410768144,6187100
2025-03-27,349.2799072265625,350.25829332590945,342.7507726747532,343.42963790271847,7254800
2025-03-28,342.28155517578125,351.03700340397177,341.0435903985527,348.61103969586253,5687600
2025-03-31,349.87890625,351.2765788665658,333.9353843184046,338.78734196867043,9950800
2025-04-01,345.7757568359375,349.8689651179993,342.00202530506624,349.8589719485934,7473300
2025-04-02,345.7557678222656,347.62269293491624,342.48120731534505,342.870575315405,5682500
2025-04-03,338.8273010253906,344.1684062733239,330.45119714431945,333.34638280838135,8792900
2025-04-04,312.61083984375,334.0951490255224,311.6025046597724,329.45286475195905,13201700
2025-04-07,311.80218505859375,321.64582269040073,298.5042621228516,301.5691794172585,12163400
2025-04-08,307.7588806152344,325.73902997415354,303.42607994561035,321.7057197208937,9569300
2025-04-09,331.8788146972656,333.47616794710024,305.1332551828687,305.1332551828687,11361800
2025-04-10,324.07177734375,329.6125936443987,312.7505828823051,327.4761271709176,8709800
2025-04-11,332.8471984863281,336.42127971218935,322.0052195839756,323.8920700178586,6804500
2025-04-14,334.624267578125,339.04691537006426,332.5876718140822,335.85223921845864,5011800
2025-04-15,335.2532043457031,338.8272855514691,334.4445498118744,336.1616991669011,4386200
2025-04-16,330.7806396484375,336.6608886204812,328.3147337032224,334.4445681739033,5850600
2025-04-17,329.0634765625,333.7656890981879,327.895433538791,330.5210777503629,5655900
2025-04-21,319.56927490234375,328.6042576631339,316.1249828736561,328.45451245905605,6362300
2025-04-22,330.85052490234375,332.008605251064,321.8554844120695,323.3230178691518,5435500
2025-04-23,333.81561279296875,340.6842106920409,332.6475697035336,336.6808494850978,8906000
2025-04-24,335.15338134765625,336.21162142100985,330.7007845974904,332.72741762102373,8055200
2025-04-25,334.6142883300781,335.8122804025761,331.6192624483649,334.2049644702065,4452800
2025-04-28,336.9504089355469,338.77736134000935,334.4645167061246,336.22160832740633,5422900
2025-04-29,340.9537353515625,341.702491821871,335.90212746923953,337.93875359923265,5519500
2025-04-30,344.9271545410156,345.94545239383456,332.687472100778,333.88549466513626,9526700
2025-05-01,341.8822326660156,345.1468000625313,339.55607872695794,345.00701755732644,5849900
2025-05-02,347.023681640625,349.50954344502526,345.546124528065,346.6443068099015,6113700
2025-05-05,348.06195068359375,350.4679279625543,345.5461094807642,346.4246552679759,3865300
2025-05-06,347.1235046386719,349.070253141002,345.1867188381941,345.825641836807,3438500
2025-05-07,349.26995849609375,350.5677909230604,346.6343209640023,348.1218712773186,5454000
2025-05-08,350.68756103515625,354.7408268596287,350.3681147704079,351.41636161684875,4156400
2025-05-09,351.9554748535156,353.2133649760644,350.088580306823,351.24663014231794,3086600
2025-05-12,355.260009765625,361.2900040268284,350.5478342675221,358.5445635038591,7985400
2025-05-13,356.1400146484375,358.8699951171875,354.5799865722656,355.5199890136719,5406200
2025-05-14,356.4599914550781,358.4100036621094,355.2099914550781,356.6700134277344,6207600
2025-05-15,362.29998779296875,363.7300109863281,356.67999267578125,356.8900146484375,5826100
2025-05-16,365.1199951171875,366.19000244140625,360.8900146484375,362.95001220703125,5838100
2025-05-19,367.8999938964844,369.1499938964844,362.32000732421875,363.0199890136719,5081500
2025-05-20,366.8399963378906,368.25,364.69000244140625,367.7799987792969,5281400
2025-05-21,358.29998779296875,365.989990234375,358.0799865722656,363.7200012207031,6125500
2025-05-22,357.9700012207031,360.0,356.55999755859375,357.760009765625,4936600
2025-05-23,353.5400085449219,356.0,352.2200012207031,353.75,5345900
2025-05-27,359.29998779296875,360.0,354.4800109863281,355.4100036621094,6316000
2025-05-28,359.7300109863281,360.9100036621094,358.0400085449219,359.3399963378906,3299000
2025-05-29,362.3999938964844,363.0400085449219,358.7200012207031,360.3500061035156,4590400
2025-05-30,365.19000244140625,367.0400085449219,361.3500061035156,361.3500061035156,8726900
2025-06-02,365.32000732421875,365.4599914550781,359.9599914550781,362.7699890136719,3845700
2025-06-03,365.8599853515625,366.8800048828125,361.5,364.5799865722656,5221300
2025-06-04,368.0,369.6600036621094,366.30999755859375,366.7099914550781,4202300
2025-06-05,366.7699890136719,371.0,365.92999267578125,370.0,6881900
2025-06-06,370.2200012207031,371.0,367.54998779296875,369.010009765625,5008500
2025-06-09,366.6600036621094,369.7900085449219,362.04998779296875,369.7900085449219,4999900
2025-06-10,370.70001220703125,371.44000244140625,366.67999267578125,367.0,4109300
2025-06-11,373.30999755859375,375.510009765625,369.3800048828125,370.0,5562700
2025-06-12,371.3999938964844,374.1700134277344,369.54998779296875,372.2300109863281,4874000
2025-06-13,352.8500061035156,363.010009765625,345.0,361.510009765625,14181700
2025-06-16,355.4800109863281,360.2200012207031,354.3299865722656,356.489990234375,7234700
2025-06-17,357.8399963378906,359.6000061035156,353.32000732421875,353.489990234375,5559600
2025-06-18,340.3800048828125,358.4800109863281,338.0400085449219,357.8500061035156,15008600
2025-06-20,338.57000732421875,340.0,334.9200134277344,338.95001220703125,19332100
2025-06-23,343.75,344.29998779296875,335.6300048828125,337.5,7553300
2025-06-24,351.6300048828125,354.55999755859375,347.9200134277344,351.5199890136719,10172000
2025-06-25,345.260009765625,351.2900085449219,345.260009765625,350.45001220703125,6836300
2025-06-26,346.0299987792969,346.9100036621094,342.0299987792969,343.7799987792969,8829500
2025-06-27,348.6099853515625,352.010009765625,345.6600036621094,346.5899963378906,6601900
2025-06-30,355.04998779296875,355.6099853515625,349.05999755859375,349.3500061035156,7080100
2025-07-01,355.4700012207031,357.0,351.4200134277344,353.82000732421875,6653400
2025-07-02,354.2200012207031,356.3599853515625,350.0,354.6000061035156,5131400
2025-07-03,358.8599853515625,359.0,353.6099853515625,354.5899963378906,3702800
2025-07-07,356.6400146484375,359.6600036621094,354.489990234375,358.9200134277344,5138000
2025-07-08,354.54998779296875,358.2799987792969,353.25,356.67999267578125,6966800
2025-07-09,357.760009765625,357.760009765625,353.75,355.07000732421875,7297100
2025-07-10,355.8800048828125,357.6199951171875,353.45001220703125,356.8299865722656,6121300
2025-07-11,347.92999267578125,353.80999755859375,344.3900146484375,352.510009765625,7580200
2025-07-14,350.5,351.9700012207031,345.010009765625,347.3900146484375,5598900
2025-07-15,347.0199890136719,350.2099914550781,346.760009765625,348.1199951171875,4891700
2025-07-16,349.8999938964844,350.6700134277344,345.79998779296875,347.2900085449219,5544200
2025-07-17,349.80999755859375,351.3699951171875,348.4800109863281,350.0,4747100
2025-07-18,349.04998779296875,349.5,347.1600036621094,349.5,4927600
2025-07-21,350.94000244140625,353.6499938964844,348.3999938964844,349.05999755859375,5216300
2025-07-22,351.8599853515625,354.4800109863281,350.20001220703125,351.1000061035156,3806656
